date,open,high,low,close,volume,change_rate,turnover,MA5,MA10,MA20,MA30,MA60,MA100,MA200,RSI14,DIF,DEA,VOL_MA5,VOL_MA10,RSI6,K,D,J,BOLL_UPPER,BOLL_MIDDLE,BOLL_LOWER,MA120,MA250,updown_ratio_20,up_days_ratio_20,turnover_ma20,vol_ratio,ma_bull,dif_above_zero,bias60,macd_gold,macd_gold3,dif_below0,kdj_gold,kdj_gold3,boll_pos,boll_width,rsi6,is_yang,above_ma5,break_high5,break_high10,break_close40
2024-08-14,2.94,2.96,2.92,2.92,109909.28,-0.34129692832765013,0.423217289484391,,,,,,,,,,,,,,,,,,,,,,,,,,0,0,,0,0,0,0,0,,,,False,False,False,False,False
2024-08-15,2.91,2.97,2.89,2.95,176758.0,1.0273972602739878,0.6806253453273645,,,,,,,,,,,,,,,,,,,,,,,,,,0,0,,0,0,0,0,0,,,,True,False,False,False,False
2024-08-16,2.96,2.97,2.88,2.89,145824.0,-2.033898305084747,0.5615107115775105,,,,,,,,,,,,,,,,,,,,,,,,,,0,0,,0,0,0,0,0,,,,False,False,False,False,False
2024-08-19,2.87,2.93,2.86,2.92,126517.31,1.038062283737018,0.4871682628714923,,,,,,,,,,,,,,,,,,,,,,,,,,0,0,,0,0,0,0,0,,,,True,False,False,False,False
2024-08-20,2.91,2.92,2.81,2.83,197763.0,-3.082191780821908,0.7615073160364769,,,,,,,,,,,,,,,,,,,,,,,,,,0,0,,0,0,0,0,0,,,,False,False,False,False,False
2024-08-21,2.81,2.84,2.77,2.79,141667.0,-1.4134275618374548,0.5455037440822579,,,,,,,,,,,,,,,,,,,,,,,,,,0,0,,0,0,0,0,0,,,,False,False,False,False,False
2024-08-22,2.77,2.79,2.72,2.74,162134.99,-1.7921146953404965,0.6243179010760406,,,,,,,,,,,,,,,,,,,,,,,,,,0,0,,0,0,0,0,0,,,,False,False,False,False,False
2024-08-23,2.73,2.76,2.71,2.72,146300.89,-0.7299270072992692,0.563347026883936,,,,,,,,,,,,,,,,,,,,,,,,,,0,0,,0,0,0,0,0,,,,False,False,False,False,False
2024-08-26,2.72,2.79,2.72,2.78,126325.0,2.2058823529411686,0.4864277529078136,,,,,,,,,,,,,,,,,,,,,,,,,,0,0,,0,0,0,0,0,,,,True,False,False,False,False
2024-08-27,2.77,2.79,2.71,2.73,130425.0,-1.7985611510791255,0.502215235883646,,,,,,,,,,,,,,,,,,,,,,,,,,0,0,,0,0,0,0,0,,,,False,False,False,False,False
2024-08-28,2.72,2.77,2.7,2.76,132488.0,1.098901098901095,0.5101590352444124,,,,,,,,,,,,,,,,,,,,,,,,,,0,0,,0,0,0,0,0,,,,True,False,False,False,False
2024-08-29,2.75,2.82,2.73,2.81,148569.0,1.8115942028985588,0.5720806239601105,,,,,,,,,,,,,,,,,,,,,,,,,,0,0,,0,0,0,0,0,,,,True,False,True,False,False
2024-08-30,2.81,2.93,2.8,2.89,248621.0,2.8469750889679846,0.957341415837669,,,,,,,,,,,,,,,,,,,,,,,,,,0,0,,0,0,0,0,0,,,,True,False,True,False,False
2024-09-02,2.89,2.9,2.82,2.83,157385.0,-2.076124567474047,0.6060275629637542,,,,,,,,,,,,,,,,,,,,,,,,,,0,0,,0,0,0,0,0,,,,False,False,False,False,False
2024-09-03,2.83,2.87,2.82,2.86,169079.09,1.0600706713780772,0.6510568914498158,,,,,,,,,,,,,,,,,,,,,,,,,,0,0,,0,0,0,0,0,,,,True,False,False,False,False
2024-09-04,2.84,2.88,2.81,2.82,123549.09,-1.3986013986013957,0.47573881830599823,,,,,,,,,,,,,,,,,,,,,,,,,,0,0,,0,0,0,0,0,,,,False,False,False,False,False
2024-09-05,2.82,2.86,2.82,2.84,100314.0,0.7092198581560183,0.3862696505457701,,,,,,,,,,,,,,,,,,,,,,,,,,0,0,,0,0,0,0,0,,,,True,False,False,False,False
2024-09-06,2.85,2.86,2.79,2.79,141056.32,-1.7605633802816878,0.5431522562520917,,,,,,,,,,,,,,,,,,,,,,,,,,0,0,,0,0,0,0,0,,,,False,False,False,False,False
2024-09-09,2.77,2.86,2.76,2.79,136829.17,0.0,0.5268751687737282,,,,,,,,,,,,,,,,,,,,,,,,,,0,0,,0,0,0,0,0,,,,True,False,False,False,False
2024-09-10,2.81,2.83,2.76,2.82,153145.27,1.0752688172043001,0.5897020348668941,,,,,,,,,,,,,,,,,,,,,,1.0,0.45,0.5727122022165587,,0,0,,0,0,0,0,0,,,,True,False,False,False,False
2024-09-11,2.8,2.82,2.77,2.79,123940.0,-1.0638297872340385,0.47724405854260377,,,,,,,,,,,,,,,,,,,,,,1.0,0.45,0.5754135406694693,,0,0,,0,0,0,0,0,,,,False,False,False,False,False
2024-09-12,2.78,2.84,2.78,2.82,138652.0,1.0752688172043001,0.5338941681866153,,,,,,,,,,,,,,,,,,,,,,1.0,0.45,0.5680769818124318,,0,0,,0,0,0,0,0,,,,True,False,False,False,False
2024-09-13,2.82,3.1,2.79,3.1,882760.11,9.929078014184412,3.399161026431461,,,,,,,,,,,,,,,,,,,,,,1.2222222222222223,0.5,0.7099594975551294,,0,0,,0,0,0,0,0,,,,True,False,True,True,False
2024-09-18,3.02,3.08,2.96,3.03,832375.02,-2.2580645161290436,3.2051479165263914,,,,,,,,,,,,,,,,,,,,,,1.2222222222222223,0.45,0.8458584802378744,,0,0,,0,0,0,0,0,,,,True,False,False,False,False
2024-09-19,3.04,3.21,2.99,3.16,976187.57,4.290429042904309,3.758913327462014,,,,,,,,,,,,,,,,,,,,,,1.5,0.5,0.9957287808091511,,0,0,,0,0,0,0,0,,,,True,False,True,True,False
2024-09-20,3.16,3.29,3.13,3.23,989928.03,2.215189873417711,3.8118224197376502,,,,,,,,,,,,,,,,,,,,,,1.8571428571428572,0.55,1.159044714591921,,0,0,,0,0,0,0,0,,,,True,False,True,True,False
2024-09-23,3.19,3.55,3.15,3.42,1536513.53,5.882352941176472,5.916507609027132,,,,,,,,,,,,,,,,,,,,,,2.3333333333333335,0.6,1.4236541999894754,,0,0,,0,0,0,0,0,,,,True,False,True,True,False
2024-09-24,3.32,3.37,3.21,3.36,1175067.15,-1.7543859649122862,4.524720152703651,,,,,,,,,,,,,,,,,,,,,,3.0,0.6,1.621722856280461,,0,0,,0,0,0,0,0,,,,True,False,False,False,False
2024-09-25,3.35,3.47,3.31,3.31,963593.52,-1.4880952380952328,3.7104186079567016,,,,,,,,,,,,,,,,,,,,,,2.3333333333333335,0.55,1.7829223990329055,,0,0,,0,0,0,0,0,,,,False,False,False,False,False
2024-09-26,3.29,3.38,3.27,3.38,787693.35,2.114803625377637,3.033096427634498,,,,,,,,,,,,,,,,,,,,,,3.0,0.6,1.909466458620448,,0,0,,0,0,0,0,0,,,,True,False,False,False,False
2024-09-27,3.48,3.62,3.44,3.56,1098827.31,5.3254437869822535,4.2311505975621415,,,,,,,,,,,,,,,,,,,,,,3.0,0.6,2.0955160367363344,,0,0,,0,0,0,0,0,,,,True,False,True,True,False
2024-09-30,3.85,3.92,3.7,3.92,1533760.96,10.1123595505618,5.90590854756011,,,,,,,,,,,,,,,,,,,,,,3.0,0.6,2.3622074329163345,,0,0,,0,0,0,0,0,,,,True,False,True,True,False
2024-10-08,4.31,4.31,3.94,4.28,1658284.32,9.183673469387754,6.385398895387784,,,,,,,,,,,,,,,,,,,,,,2.3333333333333335,0.6,2.63361030689384,,0,0,,0,0,0,0,0,,,,False,False,True,True,False
2024-10-09,4.19,4.19,3.85,3.85,1113312.06,-10.046728971962615,4.2869256570826755,,,,,,,,,,,,,,,,,,,,,,2.3333333333333335,0.6,2.8176552115997864,,0,0,,0,0,0,0,0,,,,False,False,False,False,False
2024-10-10,3.88,4.0,3.79,3.86,732196.91,0.2597402597402487,2.81940152477613,,,,,,,,,,,,,,,,,,,,,,1.8571428571428572,0.6,2.926072443266102,,0,0,,0,0,0,0,0,,,,False,False,False,False,False
2024-10-11,3.86,3.86,3.61,3.65,673216.09,-5.440414507772018,2.592289648763779,,,,,,,,,,,,,,,,,,,,,,1.8571428571428572,0.6,3.0318999847889914,,0,0,,0,0,0,0,0,,,,False,False,False,False,False
2024-10-14,3.65,3.7,3.54,3.68,586253.26,0.8219178082191858,2.2574300882381175,,,,,,,,,,,,,,,,,,,,,,1.8571428571428572,0.6,3.1254580066736084,,0,0,,0,0,0,0,0,,,,True,False,False,False,False
2024-10-15,3.7,3.73,3.6,3.61,507611.47,-1.9021739130434812,1.9546115709664122,,,,,,,,,,,,,,,,,,,,,,1.8571428571428572,0.6,3.1960309724093245,,0,0,,0,0,0,0,0,,,,False,False,False,False,False
2024-10-16,3.56,3.68,3.55,3.64,407054.0,0.8310249307479367,1.5674044134742702,,,,,,,,,,,,,,,,,,,,,,1.8571428571428572,0.65,3.248057434644352,,0,0,,0,0,0,0,0,,,,True,False,False,False,False
2024-10-17,3.64,3.9,3.62,3.75,908201.25,3.0219780219780112,3.4971248226840883,,,,,,,,,,,,,,,,,,,,,,1.8571428571428572,0.65,3.3934285740352115,,0,0,,0,0,0,0,0,,,,True,False,False,False,False
2024-10-18,3.71,3.94,3.64,3.89,960468.47,3.733333333333344,3.6983852729143543,,,,,,,,,,,,,,,,,,,,,,2.3333333333333335,0.7,3.5544856347537985,,0,0,,0,0,0,0,0,,,,True,False,False,False,False
2024-10-21,3.98,4.23,3.95,4.14,1151475.95,6.426735218508983,4.433879745781832,,,,,,,,,,,,,,,,,,,,,,2.3333333333333335,0.7,3.7494849136335597,,0,0,,0,0,0,0,0,,,,True,False,True,False,False
2024-10-22,4.18,4.18,4.0,4.04,705361.9,-2.415458937198056,2.7160704848904484,,,,,,,,,,,,,,,,,,,,,,1.8571428571428572,0.65,3.7153303865565093,,0,0,,0,0,0,0,0,,,,False,False,False,False,False
2024-10-23,4.04,4.45,4.03,4.42,1949017.49,9.405940594059414,7.504897669018224,,,,,,,,,,,,,,,,,,,,,,1.8571428571428572,0.7,3.930317874181101,,0,0,,0,0,0,0,0,,,,True,False,True,True,True
2024-10-24,4.36,4.61,4.28,4.37,1583960.23,-1.1312217194570096,6.099206137931871,,,,,,,,,,,,,,,,,,,,,,1.8571428571428572,0.65,4.0473325147045935,,0,0,,0,0,0,0,0,,,,True,False,False,False,False
2024-10-25,4.52,4.81,4.44,4.81,1387620.0,10.068649885583515,5.3431773480304,,,,,,,,,,,,,,,,,,,,,,1.8571428571428572,0.65,4.123900261119231,,0,0,,0,0,0,0,0,,,,True,False,True,True,True
2024-10-28,5.29,5.29,5.29,5.29,221741.66,9.97920997920998,0.8538396786055682,,,,,,,,,,,,,,,,,,,,,,1.7142857142857142,0.65,3.870766864598153,,0,0,,0,0,0,0,0,,,,False,False,True,True,True
2024-10-29,5.82,5.82,5.44,5.75,4410581.53,8.695652173913038,16.983409955706364,,,,,,,,,,,,,,,,,,,,,,1.375,0.7,4.493701354748288,,0,0,,0,0,0,0,0,,,,False,False,True,True,True
2024-10-30,5.55,6.08,5.21,5.9,3953238.21,2.60869565217392,15.222361204825708,,,,,,,,,,,,,,,,,,,,,,1.7142857142857142,0.75,5.069298484591739,,0,0,,0,0,0,0,0,,,,True,False,True,True,True
2024-10-31,5.79,6.49,5.72,6.24,3270006.6,5.762711864406778,12.59150573862434,,,,,,,,,,,,,,,,,,,,,,1.7142857142857142,0.75,5.547218950141231,,0,0,,0,0,0,0,0,,,,True,False,True,True,True
2024-11-01,6.39,6.49,5.62,5.62,3257685.56,-9.935897435897434,12.544062272954937,,,,,,,,,,,,,,,,,,,,,,1.375,0.7,5.96286453391087,,0,0,,0,0,0,0,0,,,,False,False,False,False,False
2024-11-04,5.15,5.98,5.15,5.65,2203258.17,0.5338078291815096,8.483878256155801,,,,,,,,,,,,,,,,,,,,,,1.375,0.7,6.091763019340656,,0,0,,0,0,0,0,0,,,,True,False,False,False,False
2024-11-05,5.68,5.92,5.55,5.72,1882332.68,1.2389380530973382,7.248120765939779,,,,,,,,,,,,,,,,,,,,,,1.7142857142857142,0.7,6.134899112868256,,0,0,,0,0,0,0,0,,,,True,False,False,False,False
2024-11-06,5.73,5.98,5.58,5.63,2082821.28,-1.5734265734265729,8.020123292610142,,,,,,,,,,,,,,,,,,,,,,1.7142857142857142,0.7,6.3215589946446284,,0,0,,0,0,0,0,0,,,,False,False,False,False,False
2024-11-07,5.49,5.67,5.4,5.58,1564086.63,-0.8880994671403131,6.022680742402967,,,,,,,,,,,,,,,,,,,,,,2.1666666666666665,0.65,6.48172295552597,,0,0,,0,0,0,0,0,,,,True,False,False,False,False
2024-11-08,5.79,5.84,5.6,5.65,1489541.26,1.2544802867383575,5.735635922939033,,,,,,,,,,,,,,,,,,,,,,2.1666666666666665,0.7,6.638890269234733,,0,0,,0,0,0,0,0,,,,False,False,False,False,False
2024-11-11,5.63,5.77,5.46,5.54,1379769.45,-1.9469026548672663,5.312947976207004,,,,,,,,,,,,,,,,,,,,,,1.7142857142857142,0.65,6.7916661636331765,,0,0,,0,0,0,0,0,,,,False,False,False,False,False
2024-11-12,5.65,5.73,5.39,5.49,1318470.02,-0.9025270758122761,5.076908047535484,,,,,,,,,,,,,,,,,,,,,,1.7142857142857142,0.65,6.94778098746163,,0,0,,0,0,0,0,0,,,,False,False,False,False,False
2024-11-13,5.45,5.48,5.27,5.38,945431.5,-2.0036429872495543,3.6404838319672552,,,,,,,,,,,,,,,,,,,,,,1.375,0.6,7.051434958386279,,0,0,,0,0,0,0,0,,,,False,False,False,False,False
2024-11-14,5.33,5.35,5.11,5.11,824965.93,-5.018587360594784,3.1766184330528766,,,,,,,,,,,,,,,,,,,,,,1.1111111111111112,0.55,7.035409638904719,,0,0,,0,0,0,0,0,,,,False,False,False,False,False
2024-11-15,5.11,5.19,4.88,4.91,940848.92,-3.9138943248532287,3.6228381237391116,,,,,,,,,,,,,,,,,,,,,,0.9,0.5,7.031632281445956,,0,0,,0,0,0,0,0,,,,False,False,False,False,False
2024-11-18,5.04,5.09,4.83,4.89,886283.88,-0.40733197556008793,3.4127296749401808,,,,,,,,,,,,,,,,,,,,,,0.7272727272727273,0.45,6.980574777903875,,0,0,,0,0,0,0,0,,,,False,False,False,False,False
2024-11-19,4.88,4.96,4.74,4.95,786179.02,1.22699386503069,3.0272653400504024,,,,,,,,,,,,,,,,,,,,,,0.9,0.5,6.996134520661873,,0,0,,0,0,0,0,0,,,,True,False,False,False,False
2024-11-20,4.91,5.2,4.87,5.13,1058090.71,3.6363636363636376,4.074290017319874,,,,,,,,,,,,,,,,,,,,,,0.9,0.5,6.824604138076955,,0,0,,0,0,0,0,0,,,,True,False,False,False,False
2024-11-21,5.15,5.18,5.02,5.07,630835.14,-1.1695906432748426,2.429097325196802,,,,,,,,,,,,,,,,,,,,,,0.7272727272727273,0.5,6.641098697440202,,0,0,,0,0,0,0,0,,,,False,False,False,False,False
2024-11-22,5.09,5.34,5.05,5.05,1302126.19,-0.39447731755425375,5.013974404148923,,,,,,,,,,,,,,,,,,,,,,0.5833333333333334,0.45,6.624638550246128,,0,0,,0,0,0,0,0,,,,False,False,False,False,False
2024-11-25,5.06,5.13,4.89,4.98,727959.35,-1.3861386138613763,2.8030843524934306,,,,,,,,,,,,,,,,,,,,,,0.5384615384615384,0.4,6.722100783940521,,0,0,,0,0,0,0,0,,,,False,False,False,False,False
2024-11-26,4.97,5.01,4.84,4.87,652373.69,-2.208835341365467,2.512033786525855,,,,,,,,,,,,,,,,,,,,,,0.5384615384615384,0.35,5.998531975481495,,0,0,,0,0,0,0,0,,,,False,False,False,False,False
2024-11-27,4.82,4.98,4.7,4.97,638519.41,2.053388090349073,2.4586864183203874,,,,,,,,,,,,,,,,,,,,,,0.5384615384615384,0.35,5.360348236156229,,0,0,,0,0,0,0,0,,,,True,False,False,False,False
2024-11-28,5.15,5.32,5.1,5.1,1400623.75,2.6156941649899457,5.393249660651615,,,,,,,,,,,,,,,,,,,,,,0.42857142857142855,0.35,5.000435432257593,,0,0,,0,0,0,0,0,,,,False,False,False,False,False
2024-11-29,5.09,5.18,5.0,5.1,912653.35,0.0,3.5142681038930403,,,,,,,,,,,,,,,,,,,,,,0.5384615384615384,0.35,4.548945723804499,,0,0,,0,0,0,0,0,,,,True,False,False,False,False
2024-12-02,5.11,5.58,5.1,5.47,1578634.83,7.25490196078431,6.0787001228490665,,,,,,,,,,,,,,,,,,,,,,0.5384615384615384,0.35,4.428686817139162,,0,0,,0,0,0,0,0,,,,True,False,True,True,False
2024-12-03,5.47,5.56,5.35,5.46,1160298.08,-0.1828153564899404,4.467850288997828,,,,,,,,,,,,,,,,,,,,,,0.42857142857142855,0.3,4.289673293292064,,0,0,,0,0,0,0,0,,,,False,False,False,False,False
2024-12-04,5.44,5.45,5.23,5.26,826314.22,-3.663003663003661,3.181810166082507,,,,,,,,,,,,,,,,,,,,,,0.42857142857142855,0.3,4.047757636965683,,0,0,,0,0,0,0,0,,,,False,False,False,False,False
2024-12-05,5.22,5.43,5.2,5.38,675887.2,2.281368821292773,2.60257503989831,,,,,,,,,,,,,,,,,,,,,,0.42857142857142855,0.35,3.876752351840449,,0,0,,0,0,0,0,0,,,,True,False,False,False,False
2024-12-06,5.4,5.42,5.24,5.38,706541.02,0.0,2.720610810970074,,,,,,,,,,,,,,,,,,,,,,0.42857142857142855,0.3,3.726001096242002,,0,0,,0,0,0,0,0,,,,False,False,False,False,False
2024-12-09,5.41,5.42,5.23,5.28,587929.36,-1.8587360594795488,2.2638840882907503,,,,,,,,,,,,,,,,,,,,,,0.42857142857142855,0.3,3.573547901846188,,0,0,,0,0,0,0,0,,,,False,False,False,False,False
2024-12-10,5.43,5.48,5.29,5.3,760528.0,0.37878787878786735,2.928493378693637,,,,,,,,,,,,,,,,,,,,,,0.42857142857142855,0.35,3.466127168404096,,0,0,,0,0,0,0,0,,,,False,False,False,False,False
2024-12-11,5.27,5.47,5.24,5.44,922969.63,2.6415094339622858,3.5539920294720453,,,,,,,,,,,,,,,,,,,,,,0.5384615384615384,0.4,3.461802578279335,,0,0,,0,0,0,0,0,,,,True,False,False,False,False
2024-12-12,5.45,5.52,5.33,5.49,824624.33,0.9191176470588092,3.1753030661785973,,,,,,,,,,,,,,,,,,,,,,0.6666666666666666,0.45,3.461736809935622,,0,0,,0,0,0,0,0,,,,True,False,True,False,False
2024-12-13,5.47,5.58,5.24,5.25,858347.74,-4.371584699453557,3.3051586177059193,,,,,,,,,,,,,,,,,,,,,,0.6666666666666666,0.45,3.445852834633962,,0,0,,0,0,0,0,0,,,,False,False,False,False,False
2024-12-16,5.23,5.3,5.09,5.13,571451.26,-2.285714285714291,2.2004334240897587,,,,,,,,,,,,,,,,,,,,,,0.6666666666666666,0.45,3.3852380220914413,,0,0,,0,0,0,0,0,,,,False,False,False,False,False
2024-12-17,5.12,5.12,4.96,4.99,506012.03,-2.729044834307981,1.948452758339372,,,,,,,,,,,,,,,,,,,,,,0.5384615384615384,0.4,3.3312973930058893,,0,0,,0,0,0,0,0,,,,False,False,False,False,False
2024-12-18,4.99,5.05,4.96,4.99,353331.0,0.0,1.3605383286180146,,,,,,,,,,,,,,,,,,,,,,0.46153846153846156,0.35,3.1956098085707967,,0,0,,0,0,0,0,0,,,,False,False,False,False,False
2024-12-19,4.95,5.03,4.89,4.99,358191.0,0.0,1.3792522718527818,,,,,,,,,,,,,,,,,,,,,,0.5833333333333334,0.35,3.1431175559035958,,0,0,,0,0,0,0,0,,,,True,False,False,False,False
2024-12-20,5.02,5.03,4.95,4.96,404081.02,-0.6012024048096198,1.5559566400261016,,,,,,,,,,,,,,,,,,,,,,0.5833333333333334,0.35,2.9702166676974544,,0,0,,0,0,0,0,0,,,,False,False,False,False,False
2024-12-23,4.96,4.97,4.75,4.78,466479.13,-3.629032258064513,1.7962271520624726,,,,,,,,,,,,,,,,,,,,,,0.5833333333333334,0.35,2.9198738076759065,,0,0,,0,0,0,0,0,,,,False,False,False,False,False
2024-12-24,4.78,4.82,4.71,4.77,291534.02,-0.20920502092051096,1.1225825311282929,,,,,,,,,,,,,,,,,,,,,,0.5833333333333334,0.35,2.8504012449060285,,0,0,,0,0,0,0,0,,,,False,False,False,False,False
2024-12-25,4.78,4.81,4.56,4.61,453502.83,-3.354297693920316,1.7462605385650836,,,,,,,,,,,,,,,,,,,,,,0.46153846153846156,0.3,2.814779950918264,,0,0,,0,0,0,0,0,,,,False,False,False,False,False
2024-12-26,4.59,4.65,4.55,4.58,379581.09,-0.6507592190889477,1.4616170722738853,,,,,,,,,,,,,,,,,,,,,,0.46153846153846156,0.25,2.618198321499377,,0,0,,0,0,0,0,0,,,,False,False,False,False,False
2024-12-27,4.58,4.74,4.55,4.65,414380.68,1.5283842794759916,1.5956165685399708,,,,,,,,,,,,,,,,,,,,,,0.46153846153846156,0.3,2.5222657447317234,,0,0,,0,0,0,0,0,,,,True,False,False,False,False
2024-12-30,4.65,4.67,4.53,4.63,378024.68,-0.43010752688172893,1.455623951205979,,,,,,,,,,,,,,,,,,,,,,0.35714285714285715,0.25,2.2911119361495693,,0,0,,0,0,0,0,0,,,,False,False,False,False,False
2024-12-31,4.63,4.68,4.46,4.48,349638.38,-3.239740820734327,1.3463195053530832,,,,,,,,,,,,,,,,,,,,,,0.35714285714285715,0.25,2.1350353969673317,,0,0,,0,0,0,0,0,,,,False,False,False,False,False
2025-01-02,4.47,4.54,4.29,4.35,413885.0,-2.9017857142857317,1.5937079003542485,,,,,,,,,,,,,,,,,,,,,,0.35714285714285715,0.25,2.0556302836809186,,0,0,,0,0,0,0,0,,,,False,False,False,False,False
2025-01-03,4.35,4.39,4.12,4.15,473064.77,-4.597701149425271,1.8215858543514878,,,,,,,,,,,,,,,,,,,,,,0.26666666666666666,0.2,2.0165808244035777,,0,0,,0,0,0,0,0,,,,False,False,False,False,False
2025-01-06,4.13,4.17,4.02,4.12,327878.0,-0.7228915662650715,1.2625288641829258,,,,,,,,,,,,,,,,,,,,,,0.26666666666666666,0.2,1.9436767270642203,,0,0,,0,0,0,0,0,,,,False,False,False,False,False
2025-01-07,4.11,4.21,4.09,4.21,293466.89,2.1844660194174637,1.1300252511818287,,,,,,,,,,,,,,,,,,,,,,0.35714285714285715,0.25,1.886983785208774,,0,0,,0,0,0,0,0,,,,True,False,False,False,False
2025-01-08,4.24,4.24,4.06,4.19,406553.0,-0.47505938242279333,1.5654752600667354,,,,,,,,,,,,,,,,,,,,,,0.35714285714285715,0.2,1.8188328792774293,,0,0,,0,0,0,0,0,,,,False,False,False,False,False
2025-01-09,4.15,4.23,4.14,4.19,260227.6,0.0,1.0020338548394485,,,,,,,,,,,,,,,,,,,,,,0.35714285714285715,0.15,1.6912349705457994,,0,0,,0,0,0,0,0,,,,True,False,False,False,False
2025-01-10,4.19,4.25,4.07,4.08,263620.23,-2.6252983293556187,1.0150975349292777,,,,,,,,,,,,,,,,,,,,,,0.26666666666666666,0.1,1.5832246939833334,,0,0,,0,0,0,0,0,,,,False,False,False,False,False
2025-01-13,4.05,4.13,3.98,4.1,275490.02,0.4901960784313708,1.0608034148199377,,,,,,,,,,,,,,,,,,,,,,0.35714285714285715,0.15,1.4710069338390344,,0,0,,0,0,0,0,0,,,,True,False,False,False,False
2025-01-14,4.12,4.29,4.11,4.29,404329.26,4.634146341463419,1.5569125143612041,,,,,,,,,,,,,,,,,,,,,,0.46153846153846156,0.2,1.4388308883526066,,0,0,,0,0,0,0,0,,,,True,False,True,False,False
2025-01-15,4.29,4.31,4.19,4.27,380765.0,-0.4662004662004726,1.466175842754353,,,,,,,,,,,,,,,,,,,,,,0.46153846153846156,0.2,1.4147170425733555,,0,0,,0,0,0,0,0,,,,False,False,False,False,False
2025-01-16,4.35,4.4,4.24,4.28,390485.0,0.23419203747074846,1.5036037292238875,,,,,,,,,,,,,,,,,,,,,,0.42857142857142855,0.25,1.4218703126036494,,0,0,,0,0,0,0,0,,,,False,False,False,False,False
2025-01-17,4.28,4.3,4.22,4.28,249742.63,0.0,0.9616603706011282,,,,,,,,,,,,,,,,,,,,,,0.35714285714285715,0.25,1.4009907175410665,,0,0,,0,0,0,0,0,,,,False,False,False,False,False
2025-01-20,4.29,4.36,4.21,4.29,351327.02,0.2336448598130758,1.352821791999988,,,,,,,,,,,,,,,,,,,,,,0.38461538461538464,0.3,1.390833975139761,,0,0,,0,0,0,0,0,,,,False,False,False,False,False
2025-01-21,4.33,4.33,4.19,4.23,269244.68,-1.3986013986013845,1.0367550736179167,,,,,,,,,,,,,,,,,,,,,,0.38461538461538464,0.3,1.352860371217533,,0,0,,0,0,0,0,0,,,,False,False,False,False,False
2025-01-22,4.2,4.21,4.15,4.16,218393.36,-1.654846335697402,0.8409466958621585,,,,,,,,,,,,,,,,,,,,,,0.38461538461538464,0.3,1.3387785794542264,,0,0,,0,0,0,0,0,,,,False,False,False,False,False
2025-01-23,4.22,4.3,4.16,4.17,334666.0,0.24038461538460343,1.2886667750219383,,,,,,,,,,,,,,,,,,,,,,0.38461538461538464,0.35,1.3158988912770693,,0,0,,0,0,0,0,0,,,,False,False,False,False,False
2025-01-24,4.14,4.2,4.14,4.19,252943.72,0.4796163069544557,0.9739865056935934,,,,,,,,,,,,,,,,,,,,,,0.5,0.4,1.2915173629480545,,0,0,,0,0,0,0,0,,,,True,False,False,False,False
2025-01-27,4.21,4.28,4.11,4.11,260648.0,-1.9093078758949944,1.0036526494353122,,,,,,,,,,,,,,,,,,,,,,0.38461538461538464,0.35,1.2619191669928216,,0,0,,0,0,0,0,0,,,,False,False,False,False,False
2025-02-05,4.17,4.25,4.14,4.19,352621.0,1.9464720194647178,1.3578043986392727,,,,,,,,,,,,,,,,,,,,,,0.5,0.4,1.2570281893644863,,0,0,,0,0,0,0,0,,,,True,False,False,False,False
2025-02-06,4.19,4.29,4.14,4.29,412789.74,2.386634844868718,1.589490486060563,,,,,,,,,,,,,,,,,,,,,,0.6363636363636364,0.45,1.2691867383998603,,0,0,,0,0,0,0,0,,,,True,False,False,False,False
2025-02-07,4.31,4.46,4.29,4.39,542677.27,2.3310023310023187,2.089636136950302,,,,,,,,,,,,,,,,,,,,,,0.8,0.5,1.2939831502296628,,0,0,,0,0,0,0,0,,,,True,False,True,False,False
2025-02-10,4.44,4.55,4.4,4.54,591343.79,3.4168564920273425,2.277031711582743,,,,,,,,,,,,,,,,,,,,,,1.0,0.55,1.3167554430912258,,0,0,,0,0,0,0,0,,,,True,False,True,True,False
2025-02-11,4.57,4.58,4.39,4.44,463710.0,-2.2026431718061623,1.7855643245666515,,,,,,,,,,,,,,,,,,,,,,1.0,0.55,1.342907216110412,,0,0,,0,0,0,0,0,,,,False,False,False,False,False
2025-02-12,4.43,4.53,4.41,4.51,396653.75,1.5765765765765716,1.5273571525427088,,,,,,,,,,,,,,,,,,,,,,1.0,0.55,1.362773811178456,,0,0,,0,0,0,0,0,,,,True,False,False,False,False
2025-02-13,4.51,4.53,4.43,4.49,350672.02,-0.44345898004433115,1.3502996453294587,,,,,,,,,,,,,,,,,,,,,,1.0,0.55,1.3520150304415923,,0,0,,0,0,0,0,0,,,,False,False,False,False,False
2025-02-14,4.48,4.94,4.44,4.71,1266550.35,4.899777282850781,4.87698587528284,,,,,,,,,,,,,,,,,,,,,,1.0,0.6,1.5457626314637618,,0,0,,0,0,0,0,0,,,,True,False,True,True,False
2025-02-17,4.76,5.16,4.7,5.05,1687550.97,7.218683651804669,6.498093221884038,,,,,,,,,,,,,,,,,,,,4.272166666666666,,1.25,0.65,1.8199124158114999,,0,0,,0,0,0,0,0,,,,True,False,True,True,False
2025-02-18,5.03,5.03,4.73,4.76,1064021.09,-5.742574257425748,4.097125571780903,,,,,,,,,,,,,,,,,,,,4.2875,,1.0,0.6,1.9717285236595479,,0,0,,0,0,0,0,0,,,,False,False,False,False,False
2025-02-19,4.73,4.86,4.67,4.83,675681.46,1.4705882352941346,2.6017828163013714,,,,,,,,,,,,,,,,,,,,4.303166666666667,,1.0,0.6,2.0239720387565567,,0,0,,0,0,0,0,0,,,,True,False,False,False,False
2025-02-20,4.81,4.89,4.76,4.77,605956.59,-1.242236024844734,2.3332998411508514,,,,,,,,,,,,,,,,,,,,4.318833333333333,,1.0,0.6,2.0673282386763816,,0,0,,0,0,0,0,0,,,,False,False,False,False,False
2025-02-21,4.64,4.83,4.49,4.74,1182767.13,-0.6289308176100517,4.554369738841273,,,,,,,,,,,,,,,,,,,,4.3340000000000005,,1.25,0.55,2.2198665391572505,,0,0,,0,0,0,0,0,,,,True,False,False,False,False
2025-02-24,4.47,4.74,4.46,4.58,1147766.41,-3.3755274261603407,4.419595770270083,,,,,,,,,,,,,,,,,,,,4.348583333333334,,1.375,0.55,2.3927633091406983,,0,0,,0,0,0,0,0,,,,True,False,False,False,False
2025-02-25,4.52,4.85,4.5,4.75,1077916.64,3.7117903930131035,4.150631854479641,,,,,,,,,,,,,,,,,,,,4.364916666666668,,1.5,0.55,2.532653812264681,,0,0,,0,0,0,0,0,,,,True,False,False,False,False
2025-02-26,4.79,4.89,4.75,4.78,794100.37,0.6315789473684275,3.057767334750551,,,,,,,,,,,,,,,,,,,,4.381916666666667,,1.5,0.6,2.6337044253213127,,0,0,,0,0,0,0,0,,,,False,False,False,False,False
2025-02-27,4.79,4.87,4.65,4.77,653473.69,-0.20920502092051096,2.5162694526901026,,,,,,,,,,,,,,,,,,,,4.399,,1.5,0.6,2.71747056316271,,0,0,,0,0,0,0,0,,,,False,False,False,False,False
2025-02-28,4.71,4.72,4.6,4.62,463205.6,-3.1446540880503027,1.7836220791000637,,,,,,,,,,,,,,,,,,,,4.414333333333333,,1.5,0.55,2.742218328366616,,0,0,,0,0,0,0,0,,,,False,False,False,False,False
2025-03-03,4.64,4.78,4.57,4.66,583433.01,0.8658008658008587,2.2465704177838273,,,,,,,,,,,,,,,,,,,,4.430416666666667,,1.5,0.55,2.805847523971128,,0,0,,0,0,0,0,0,,,,True,False,False,False,False
2025-03-04,4.7,4.8,4.65,4.72,655533.49,1.2875536480686511,2.5242009301129364,,,,,,,,,,,,,,,,,,,,4.44675,,1.8571428571428572,0.6,2.881874938005009,,0,0,,0,0,0,0,0,,,,True,False,False,False,False
2025-03-05,4.68,4.91,4.53,4.91,1328909.68,4.02542372881356,5.117107060833894,,,,,,,,,,,,,,,,,,,,4.464249999999999,,1.8571428571428572,0.6,3.06984007111474,,0,0,,0,0,0,0,0,,,,True,False,True,True,False
2025-03-06,4.85,4.95,4.85,4.88,1047722.66,-0.6109979633401319,4.034366745888756,,,,,,,,,,,,,,,,,,,,4.480833333333333,,1.8571428571428572,0.55,3.19208388410615,,0,0,,0,0,0,0,0,,,,True,False,False,False,False
2025-03-07,4.84,5.16,4.81,5.0,1520623.87,2.4590163934426146,5.855322795187677,,,,,,,,,,,,,,,,,,,,4.498916666666667,,1.8571428571428572,0.55,3.380368217018018,,0,0,,0,0,0,0,0,,,,True,False,True,True,False
2025-03-10,4.97,5.2,4.86,5.19,1443764.5,3.8000000000000034,5.559367674356406,,,,,,,,,,,,,,,,,,,,4.5183333333333335,,1.8571428571428572,0.55,3.5444850151567016,,0,0,,0,0,0,0,0,,,,True,False,True,True,True
2025-03-11,5.08,5.71,5.05,5.71,3243618.64,10.019267822736012,12.489896111973863,,,,,,,,,,,,,,,,,,,,4.542416666666667,,2.3333333333333335,0.6,4.079701604527062,,0,0,,0,0,0,0,0,,,,True,False,True,True,True
2025-03-12,5.87,6.04,5.69,5.72,4148675.22,0.17513134851137035,15.974912050733659,,,,,,,,,,,,,,,,,,,,4.566416666666666,,1.8571428571428572,0.6,4.802079349436609,,0,0,,0,0,0,0,0,,,,False,False,True,True,True
2025-03-13,5.64,5.72,5.19,5.25,2748472.56,-8.216783216783208,10.583283841595772,,,,,,,,,,,,,,,,,,,,4.586916666666666,,1.8571428571428572,0.6,5.263728559249925,,0,0,,0,0,0,0,0,,,,False,False,False,False,False
2025-03-14,5.27,5.34,5.13,5.31,1584315.0,1.1428571428571344,6.100572217281953,,,,,,,,,,,,,,,,,,,,4.607916666666667,,1.8571428571428572,0.6,5.324907876349881,,0,0,,0,0,0,0,0,,,,True,False,False,False,False
2025-03-17,5.3,5.46,5.24,5.25,1351675.14,-1.1299435028248483,5.204767868684381,,,,,,,,,,,,,,,,,,,,4.628166666666667,,1.5,0.55,5.260241608689898,,0,0,,0,0,0,0,0,,,,False,False,False,False,False
2025-03-18,5.24,5.34,5.16,5.18,1056327.16,-1.333333333333342,4.067499281807184,,,,,,,,,,,,,,,,,,,,4.648083333333333,,1.5,0.55,5.258760294191212,,0,0,,0,0,0,0,0,,,,False,False,False,False,False
2025-03-19,5.16,5.2,5.1,5.17,722310.04,-0.19305019305019266,2.7813310877494795,,,,,,,,,,,,,,,,,,,,4.667666666666666,,1.5,0.5,5.267737707763618,,0,0,,0,0,0,0,0,,,,True,False,False,False,False
2025-03-20,5.19,5.23,5.12,5.12,719870.02,-0.9671179883945835,2.7719355330639446,,,,,,,,,,,,,,,,,,,,4.6845,,1.5,0.5,5.289669492359272,,0,0,,0,0,0,0,0,,,,False,False,False,False,False
2025-03-21,5.1,5.13,4.92,4.94,970406.36,-3.515624999999989,3.736652167838914,,,,,,,,,,,,,,,,,,,,4.7004166666666665,,1.2222222222222223,0.5,5.248783613809154,,0,0,,0,0,0,0,0,,,,False,False,False,False,False
2025-03-24,4.95,4.98,4.73,4.86,750944.0,-1.619433198380571,2.8915891745862274,,,,,,,,,,,,,,,,,,,,4.714583333333334,,1.0,0.5,5.172383284024962,,0,0,,0,0,0,0,0,,,,False,False,False,False,False
2025-03-25,4.82,4.87,4.76,4.83,459761.04,-0.6172839506172867,1.7703584370612262,,,,,,,,,,,,,,,,,,,,4.727916666666667,,1.0,0.45,5.05336961315404,,0,0,,0,0,0,0,0,,,,True,False,False,False,False
2025-03-26,4.82,4.87,4.8,4.83,368088.82,0.0,1.417364873010795,,,,,,,,,,,,,,,,,,,,4.7396666666666665,,1.2222222222222223,0.4,4.971349490067053,,0,0,,0,0,0,0,0,,,,True,False,False,False,False
2025-03-27,4.83,4.84,4.73,4.78,345246.04,-1.0351966873705987,1.3294063363350177,,,,,,,,,,,,,,,,,,,,4.751500000000001,,1.2222222222222223,0.4,4.912006334249299,,0,0,,0,0,0,0,0,,,,False,False,False,False,False
2025-03-28,4.77,4.79,4.67,4.67,341331.91,-2.301255230125532,1.3143345654227752,,,,,,,,,,,,,,,,,,,,4.762833333333333,,1.2222222222222223,0.4,4.888541958565434,,0,0,,0,0,0,0,0,,,,False,False,False,False,False
2025-03-31,4.64,4.65,4.51,4.58,459760.02,-1.9271948608136968,1.7703545094435102,,,,,,,,,,,,,,,,,,,,4.772833333333334,,1.0,0.35,4.864731163148418,,0,0,,0,0,0,0,0,,,,False,False,False,False,False
2025-04-01,4.61,4.64,4.57,4.58,283637.91,0.0,1.0921777257135854,,,,,,,,,,,,,,,,,,,,4.781333333333333,,0.8181818181818182,0.3,4.793130002928452,,0,0,,0,0,0,0,0,,,,False,False,False,False,False
2025-04-02,4.58,4.63,4.56,4.59,191153.0,0.21834061135370675,0.7360548129949519,,,,,,,,,,,,,,,,,,,,4.786916666666667,,0.8181818181818182,0.3,4.5740773905365035,,0,0,,0,0,0,0,0,,,,True,False,False,False,False
2025-04-03,4.55,4.72,4.52,4.61,441261.51,0.43572984749455923,1.6991240431744208,,,,,,,,,,,,,,,,,,,,4.789666666666666,,0.8181818181818182,0.35,4.457315255400788,,0,0,,0,0,0,0,0,,,,True,False,False,False,False
2025-04-07,4.37,4.46,4.15,4.15,549446.01,-9.97830802603037,2.1156998851253834,,,,,,,,,,,,,,,,,,,,4.792166666666666,,0.6666666666666666,0.3,4.270334109897673,,0,0,,0,0,0,0,0,,,,False,False,False,False,False
2025-04-08,4.05,4.16,3.97,4.11,773168.0,-0.9638554216867434,2.9771650335264472,,,,,,,,,,,,,,,,,,,,4.794250000000001,,0.6666666666666666,0.25,4.141223977856175,,0,0,,0,0,0,0,0,,,,True,False,False,False,False
2025-04-09,4.04,4.35,3.83,4.33,863227.21,5.352798053527974,3.3239475322317933,,,,,,,,,,,,,,,,,,,,4.799916666666666,,0.6666666666666666,0.25,3.682926548869071,,0,0,,0,0,0,0,0,,,,True,False,False,False,False
2025-04-10,4.56,4.76,4.54,4.76,597898.0,9.930715935334877,2.3022693893376287,,,,,,,,,,,,,,,,,,,,4.808916666666667,,0.8181818181818182,0.25,2.9992944157992696,,0,0,,0,0,0,0,0,,,,True,False,True,False,False
2025-04-11,4.78,4.95,4.64,4.65,1470992.93,-2.310924369747891,5.664213619498759,,,,,,,,,,,,,,,,,,,,4.817583333333333,,0.8181818181818182,0.25,2.7533409046944186,,0,0,,0,0,0,0,0,,,,False,False,False,False,False
2025-04-14,4.68,4.87,4.68,4.77,984358.2,2.580645161290307,3.790375201127094,,,,,,,,,,,,,,,,,,,,4.827,,0.8181818181818182,0.25,2.637831053886676,,0,0,,0,0,0,0,0,,,,True,False,False,False,False
2025-04-15,4.74,4.76,4.6,4.64,602994.01,-2.7253668763102756,2.3218921140009634,,,,,,,,,,,,,,,,,,,,4.834416666666667,,0.8181818181818182,0.25,2.493687266152505,,0,0,,0,0,0,0,0,,,,False,False,False,False,False
2025-04-16,4.64,4.72,4.5,4.55,540225.2,-1.93965517241379,2.080194182467241,,,,,,,,,,,,,,,,,,,,4.839916666666667,,0.8181818181818182,0.25,2.394322011185508,,0,0,,0,0,0,0,0,,,,False,False,False,False,False
2025-04-17,4.5,4.57,4.48,4.49,409044.2,-1.318681318681314,1.5750678887470753,,,,,,,,,,,,,,,,,,,,4.842833333333333,,0.6666666666666666,0.25,2.334008851235388,,0,0,,0,0,0,0,0,,,,False,False,False,False,False
2025-04-18,4.48,4.58,4.42,4.56,427889.27,1.5590200445434244,1.647632820894239,,,,,,,,,,,,,,,,,,,,4.847166666666666,,0.8181818181818182,0.3,2.2777937156269026,,0,0,,0,0,0,0,0,,,,True,False,False,False,False
2025-04-21,4.31,4.79,4.31,4.72,1102132.97,3.5087719298245723,4.243879390482602,,,,,,,,,,,,,,,,,,,,4.849666666666667,,1.0,0.35,2.303155076759087,,0,0,,0,0,0,0,0,,,,True,False,False,False,False
2025-04-22,4.7,4.91,4.69,4.86,1238545.02,2.9661016949152685,4.769148394646848,,,,,,,,,,,,,,,,,,,,4.853750000000001,,1.2222222222222223,0.4,2.397033037762118,,0,0,,0,0,0,0,0,,,,True,False,True,False,False
2025-04-23,4.86,4.96,4.72,4.74,961090.0,-2.4691358024691357,3.700778539815322,,,,,,,,,,,,,,,,,,,,4.853166666666667,,1.0,0.4,2.493554042899823,,0,0,,0,0,0,0,0,,,,False,False,False,False,False
2025-04-24,4.72,4.73,4.56,4.61,517878.0,-2.742616033755274,1.9941439289166252,,,,,,,,,,,,,,,,,,,,4.847499999999999,,0.8181818181818182,0.4,2.522392995695114,,0,0,,0,0,0,0,0,,,,False,False,False,False,False
2025-04-25,4.61,4.91,4.56,4.74,789849.38,2.819956616052055,3.0413984488345913,,,,,,,,,,,,,,,,,,,,4.839083333333333,,1.0,0.45,2.6079926013200927,,0,0,,0,0,0,0,0,,,,True,False,False,False,False
2025-04-28,4.75,4.79,4.64,4.65,490328.18,-1.898734177215189,1.8880604376392476,,,,,,,,,,,,,,,,,,,,4.828666666666666,,1.0,0.45,2.6366788949309163,,0,0,,0,0,0,0,0,,,,False,False,False,False,False
2025-04-29,4.62,4.78,4.58,4.72,545708.5,1.5053763440860068,2.101308208174895,,,,,,,,,,,,,,,,,,,,4.816,,1.2222222222222223,0.5,2.6532265798674857,,0,0,,0,0,0,0,0,,,,True,False,False,False,False
2025-04-30,4.71,5.01,4.71,4.86,1033708.19,2.9661016949152685,3.980402549171607,,,,,,,,,,,,,,,,,,,,4.809666666666667,,1.5,0.55,2.7976378210403867,,0,0,,0,0,0,0,0,,,,True,False,False,False,False
2025-05-06,4.87,5.04,4.83,4.96,1008708.37,2.0576131687242816,3.884138102184076,,,,,,,,,,,,,,,,,,,,4.803916666666667,,1.5,0.55,2.955041985499843,,0,0,,0,0,0,0,0,,,,True,False,False,False,False
2025-05-07,4.99,5.03,4.86,4.91,867976.57,-1.0080645161290258,3.34223544446255,,,,,,,,,,,,,,,,,,,,4.797166666666667,,1.2222222222222223,0.5,3.0371975555642496,,0,0,,0,0,0,0,0,,,,False,False,False,False,False
2025-05-08,4.91,4.98,4.86,4.93,507858.34,0.40733197556006573,1.9555621699718375,,,,,,,,,,,,,,,,,,,,4.791333333333333,,1.5,0.55,3.029190669806572,,0,0,,0,0,0,0,0,,,,True,False,False,False,False
2025-05-09,4.92,4.92,4.78,4.81,484945.0,-2.4340770791075106,1.867331934564652,,,,,,,,,,,,,,,,,,,,4.784916666666667,,1.2222222222222223,0.55,2.9736990148584823,,0,0,,0,0,0,0,0,,,,False,False,False,False,False
2025-05-12,4.86,4.9,4.83,4.86,373771.2,1.0395010395010562,1.439245477282066,,,,,,,,,,,,,,,,,,,,4.778333333333333,,1.1111111111111112,0.55,2.879463912110996,,0,0,,0,0,0,0,0,,,,False,False,False,False,False
2025-05-13,4.91,4.97,4.81,4.82,505023.0,-0.8230452674897082,1.9446443938789848,,,,,,,,,,,,,,,,,,,,4.772333333333333,,0.9,0.5,2.861582662338064,,0,0,,0,0,0,0,0,,,,False,False,False,False,False
2025-05-14,4.82,5.15,4.79,5.11,1698592.52,6.016597510373445,6.540609876189356,,,,,,,,,,,,,,,,,,,,4.769166666666666,,1.1111111111111112,0.55,2.9054024751725933,,0,0,,0,0,0,0,0,,,,True,False,True,True,False
2025-05-15,5.12,5.12,4.92,4.93,946892.14,-3.522504892367917,3.6461081805364803,,,,,,,,,,,,,,,,,,,,4.765416666666667,,0.9,0.5,2.898189124143063,,0,0,,0,0,0,0,0,,,,False,False,False,False,False
2025-05-16,4.91,4.92,4.84,4.85,528978.26,-1.6227180527383367,2.0368866522769458,,,,,,,,,,,,,,,,,,,,4.76325,,0.9,0.5,2.883938851056862,,0,0,,0,0,0,0,0,,,,False,False,False,False,False
2025-05-19,4.83,4.96,4.79,4.92,476218.71,1.4432989690721598,1.8337304333897309,,,,,,,,,,,,,,,,,,,,4.763333333333334,,1.1111111111111112,0.55,2.8716156636029866,,0,0,,0,0,0,0,0,,,,True,False,False,False,False
2025-05-20,4.92,4.94,4.85,4.9,389845.83,-0.40650406504064707,1.5011425376400673,,,,,,,,,,,,,,,,,,,,4.763416666666667,,1.1111111111111112,0.55,2.867919396047636,,0,0,,0,0,0,0,0,,,,False,False,False,False,False
2025-05-21,4.89,4.89,4.76,4.76,544290.1,-2.857142857142869,2.0958465091863774,,,,,,,,,,,,,,,,,,,,4.761833333333333,,0.9,0.5,2.8903300804622427,,0,0,,0,0,0,0,0,,,,False,False,False,False,False
2025-05-22,4.72,4.78,4.66,4.68,446511.1,-1.6806722689075682,1.7193381438463966,,,,,,,,,,,,,,,,,,,,4.758083333333333,,0.7272727272727273,0.45,2.764103018130433,,0,0,,0,0,0,0,0,,,,False,False,False,False,False
2025-05-23,4.67,4.71,4.6,4.61,347919.0,-1.4957264957264793,1.3396988510899157,,,,,,,,,,,,,,,,,,,,4.754250000000001,,0.5833333333333334,0.4,2.5926305409525865,,0,0,,0,0,0,0,0,,,,False,False,False,False,False
2025-05-26,4.59,4.62,4.47,4.53,590304.0,-1.7353579175705014,2.273027890381904,,,,,,,,,,,,,,,,,,,,4.749916666666667,,0.5833333333333334,0.4,2.521243008480915,,0,0,,0,0,0,0,0,,,,False,False,False,False,False
2025-05-27,4.51,4.55,4.45,4.52,354719.06,-0.22075055187639192,1.3658832002325105,,,,,,,,,,,,,,,,,,,,4.746083333333333,,0.7272727272727273,0.4,2.4898299720467096,,0,0,,0,0,0,0,0,,,,True,False,False,False,False
2025-05-28,4.52,4.57,4.46,4.47,324157.31,-1.106194690265483,1.248201954418694,,,,,,,,,,,,,,,,,,,,4.74275,,0.5833333333333334,0.35,2.400170147325915,,0,0,,0,0,0,0,0,,,,False,False,False,False,False
2025-05-29,4.49,4.57,4.47,4.57,408161.04,2.2371364653243964,1.5716671879019688,,,,,,,,,,,,,,,,,,,,4.739416666666667,,0.7272727272727273,0.4,2.384350484839051,,0,0,,0,0,0,0,0,,,,True,False,False,False,False
2025-05-30,4.55,4.57,4.47,4.49,299435.0,-1.7505470459518668,1.153006088992291,,,,,,,,,,,,,,,,,,,,4.734333333333334,,0.5833333333333334,0.35,2.3369353788799208,,0,0,,0,0,0,0,0,,,,False,False,False,False,False
2025-06-03,4.4,4.52,4.4,4.5,230371.68,0.22271714922048602,0.8870704819790057,,,,,,,,,,,,,,,,,,,,4.729333333333333,,0.5833333333333334,0.35,2.1822687755202903,,0,0,,0,0,0,0,0,,,,True,False,False,False,False
2025-06-04,4.49,4.51,4.47,4.48,251520.57,-0.4444444444444362,0.9685065163284579,,,,,,,,,,,,,,,,,,,,4.7210833333333335,,0.46153846153846156,0.3,2.0364871962275095,,0,0,,0,0,0,0,0,,,,False,False,False,False,False
2025-06-05,4.5,4.51,4.45,4.5,279901.87,0.44642857142855874,1.0777917091533342,,,,,,,,,,,,,,,,,,,,4.7130833333333335,,0.5,0.35,1.9232650094620485,,0,0,,0,0,0,0,0,,,,False,False,False,False,False
2025-06-06,4.51,4.52,4.39,4.43,406239.7,-1.5555555555555656,1.5642688653310457,,,,,,,,,,,,,,,,,,,,4.706166666666666,,0.38461538461538464,0.3,1.9037003442300093,,0,0,,0,0,0,0,0,,,,False,False,False,False,False
2025-06-09,4.43,4.5,4.43,4.48,285475.35,1.1286681715575675,1.0992529824743449,,,,,,,,,,,,,,,,,,,,4.698666666666666,,0.5,0.35,1.8652963966254936,,0,0,,0,0,0,0,0,,,,True,False,False,False,False
2025-06-10,4.49,4.49,4.34,4.4,413194.0,-1.7857142857142905,1.5910471318819799,,,,,,,,,,,,,,,,,,,,4.690499999999999,,0.46153846153846156,0.3,1.8728864793554894,,0,0,,0,0,0,0,0,,,,False,False,False,False,False
2025-06-11,4.49,4.62,4.46,4.46,422059.31,1.3636363636363447,1.62518394424795,,,,,,,,,,,,,,,,,,,,4.683666666666666,,0.46153846153846156,0.35,1.8569134568739376,,0,0,,0,0,0,0,0,,,,False,False,False,False,False
2025-06-12,4.43,4.45,4.41,4.42,228465.25,-0.8968609865470878,0.8797295719376359,,,,,,,,,,,,,,,,,,,,4.676333333333334,,0.35714285714285715,0.3,1.5738694416613517,,0,0,,0,0,0,0,0,,,,False,False,False,False,False
2025-06-13,4.42,4.43,4.32,4.33,289876.56,-2.036199095022617,1.1162003063641164,,,,,,,,,,,,,,,,,,,,4.667083333333333,,0.35714285714285715,0.3,1.4473740479527337,,0,0,,0,0,0,0,0,,,,False,False,False,False,False
2025-06-16,4.3,4.36,4.29,4.35,164271.0,0.4618937644341736,0.632542833151945,,,,,,,,,,,,,,,,,,,,4.657583333333333,,0.46153846153846156,0.35,1.3771568569964836,,0,0,,0,0,0,0,0,,,,True,False,False,False,False
2025-06-17,4.36,4.42,4.33,4.4,238463.4,1.1494252873563315,0.9182285043558845,,,,,,,,,,,,,,,,,,,,4.650499999999999,,0.46153846153846156,0.35,1.3313817605447913,,0,0,,0,0,0,0,0,,,,True,False,False,False,False
2025-06-18,4.39,4.4,4.33,4.35,159460.0,-1.1363636363636576,0.6140175695917669,,,,,,,,,,,,,,,,,,,,4.644,,0.46153846153846156,0.35,1.2870255121423761,,0,0,,0,0,0,0,0,,,,False,False,False,False,False
2025-06-19,4.36,4.43,4.34,4.36,303591.0,0.22988505747127963,1.16900920588194,,,,,,,,,,,,,,,,,,,,4.63875,,0.5,0.4,1.2406836469771545,,0,0,,0,0,0,0,0,,,,False,False,False,False,False
2025-06-20,4.34,4.56,4.34,4.5,704891.85,3.2110091743119185,2.7142605077263537,,,,,,,,,,,,,,,,,,,,4.634666666666666,,0.6363636363636364,0.45,1.2904297651711523,,0,0,,0,0,0,0,0,,,,True,False,True,False,False
2025-06-23,4.51,4.57,4.41,4.55,509804.0,1.1111111111111072,1.963054139271047,,,,,,,,,,,,,,,,,,,,4.631,,0.8,0.5,1.3215975295802087,,0,0,,0,0,0,0,0,,,,True,False,False,False,False
2025-06-24,4.53,4.57,4.51,4.57,396276.24,0.4395604395604602,1.5259035104211949,,,,,,,,,,,,,,,,,,,,4.627750000000001,,1.0,0.55,1.2842413105821733,,0,0,,0,0,0,0,0,,,,True,False,False,False,False
2025-06-25,4.57,4.6,4.51,4.6,389400.59,0.6564551422319376,1.499428094001004,,,,,,,,,,,,,,,,,,,,4.626250000000001,,1.0,0.6,1.290918555270598,,0,0,,0,0,0,0,0,,,,True,False,True,False,False
2025-06-26,4.59,4.64,4.53,4.53,351152.26,-1.5217391304347738,1.3521488601646572,,,,,,,,,,,,,,,,,,,,4.62425,,1.0,0.6,1.2961159005578962,,0,0,,0,0,0,0,0,,,,False,False,False,False,False
2025-06-27,4.56,4.69,4.56,4.62,582797.91,1.9867549668874052,2.2441248981648143,,,,,,,,,,,,,,,,,,,,4.624333333333334,,1.0,0.6,1.3297387860710386,,0,0,,0,0,0,0,0,,,,True,False,False,False,False
2025-06-30,4.59,4.63,4.57,4.6,374924.84,-0.43290043290044045,1.4436876899309048,,,,,,,,,,,,,,,,,,,,4.6245,,1.25,0.6,1.344272866117969,,0,0,,0,0,0,0,0,,,,True,False,False,False,False
2025-07-01,4.6,4.6,4.52,4.56,302458.94,-0.8695652173913104,1.1646500893020322,,,,,,,,,,,,,,,,,,,,4.62375,,1.0,0.55,1.3581518464841205,,0,0,,0,0,0,0,0,,,,False,False,False,False,False
2025-07-02,4.63,4.65,4.52,4.56,288820.04,0.0,1.1121320645315247,,,,,,,,,,,,,,,,,,,,4.623166666666667,,1.0,0.55,1.3653331238942736,,0,0,,0,0,0,0,0,,,,False,False,False,False,False
2025-07-03,4.54,4.57,4.51,4.53,246094.9,-0.6578947368420907,0.9476144010217543,,,,,,,,,,,,,,,,,,,,4.623583333333333,,0.9,0.5,1.3588242584876948,,0,0,,0,0,0,0,0,,,,False,False,False,False,False
2025-07-04,4.52,4.54,4.48,4.49,261221.12,-0.8830022075055233,1.0058595085189974,,,,,,,,,,,,,,,,,,,,4.624750000000001,,0.9,0.5,1.3309037906470924,,0,0,,0,0,0,0,0,,,,False,False,False,False,False
2025-07-07,4.5,4.55,4.47,4.53,258247.0,0.8908685968819663,0.9944073453804405,,,,,,,,,,,,,,,,,,,,4.627916666666667,,0.9,0.5,1.325661508792397,,0,0,,0,0,0,0,0,,,,True,False,False,False,False
2025-07-08,4.54,4.56,4.52,4.55,251648.0,0.44150110375273943,0.9689971990005579,,,,,,,,,,,,,,,,,,,,4.6315,,1.1111111111111112,0.55,1.294559012148326,,0,0,,0,0,0,0,0,,,,True,False,False,False,False
2025-07-09,4.56,4.58,4.54,4.57,302480.86,0.4395604395604602,1.164734494576869,,,,,,,,,,,,,,,,,,,,4.6345,,1.375,0.55,1.271536539664772,,0,0,,0,0,0,0,0,,,,True,False,False,False,False
2025-07-10,4.55,4.62,4.54,4.61,346409.58,0.875273522975939,1.333886669979335,,,,,,,,,,,,,,,,,,,,4.638000000000001,,1.7142857142857142,0.6,1.294244394566857,,0,0,,0,0,0,0,0,,,,True,False,True,False,False
2025-07-11,4.61,4.7,4.56,4.67,508594.0,1.3015184381778733,1.9583949064903745,,,,,,,,,,,,,,,,,,,,4.6419999999999995,,2.1666666666666665,0.65,1.33635412457317,,0,0,,0,0,0,0,0,,,,True,False,True,False,False
2025-07-14,4.7,4.89,4.61,4.73,978661.71,1.2847965738758127,3.7684402648107524,,,,,,,,,,,,,,,,,,,,4.647416666666667,,2.1666666666666665,0.65,1.4931489961561102,,0,0,,0,0,0,0,0,,,,True,False,True,True,False
2025-07-15,4.68,4.76,4.59,4.67,630082.96,-1.268498942917562,2.426200976673689,,,,,,,,,,,,,,,,,,,,4.652166666666667,,1.7142857142857142,0.6,1.5685476197720005,,0,0,,0,0,0,0,0,,,,False,False,False,False,False
2025-07-16,4.65,4.71,4.61,4.61,405888.06,-1.2847965738757905,1.5629148383765037,,,,,,,,,,,,,,,,,,,,4.6548333333333325,,1.7142857142857142,0.6,1.6159924832112373,,0,0,,0,0,0,0,0,,,,False,False,False,False,False
2025-07-17,4.62,4.68,4.59,4.62,353217.08,0.2169197396963085,1.3600996676276227,,,,,,,,,,,,,,,,,,,,4.657749999999999,,1.7142857142857142,0.6,1.6255470062985213,,0,0,,0,0,0,0,0,,,,False,False,False,False,False
2025-07-18,4.62,4.64,4.58,4.61,265683.98,-0.21645021645021467,1.023044222244247,,,,,,,,,,,,,,,,,,,,4.6605,,1.375,0.55,1.5409861920244163,,0,0,,0,0,0,0,0,,,,False,False,False,False,False
2025-07-21,4.59,4.72,4.59,4.68,497548.69,1.5184381778741818,1.9158637739079862,,,,,,,,,,,,,,,,,,,,4.663833333333334,,1.375,0.55,1.5386266737562633,,0,0,,0,0,0,0,0,,,,True,False,False,False,False
2025-07-22,4.69,4.69,4.62,4.68,421424.0,0.0,1.6227376160017608,,,,,,,,,,,,,,,,,,,,4.667083333333333,,1.1111111111111112,0.5,1.5434683790352914,,0,0,,0,0,0,0,0,,,,False,False,False,False,False
2025-07-23,4.68,4.7,4.62,4.62,379027.15,-1.2820512820512775,1.4594840678056822,,,,,,,,,,,,,,,,,,,,4.670333333333334,,0.9,0.45,1.5414711777255252,,0,0,,0,0,0,0,0,,,,False,False,False,False,False
2025-07-24,4.63,4.72,4.62,4.72,534692.1,2.1645021645021467,2.0588883966005143,,,,,,,,,,,,,,,,,,,,4.675,,1.1111111111111112,0.5,1.5768081545473183,,0,0,,0,0,0,0,0,,,,True,False,False,False,False
2025-07-25,4.74,4.74,4.66,4.67,408206.0,-1.0593220338983023,1.5718403111299184,,,,,,,,,,,,,,,,,,,,4.679166666666666,,0.9,0.45,1.5431939251955733,,0,0,,0,0,0,0,0,,,,False,False,False,False,False
2025-07-28,4.68,4.69,4.62,4.64,375003.0,-0.6423982869379063,1.4439886532649027,,,,,,,,,,,,,,,,,,,,4.682916666666666,,0.7272727272727273,0.45,1.5432089733622731,,0,0,,0,0,0,0,0,,,,False,False,False,False,False
2025-07-29,4.66,4.66,4.54,4.58,452124.03,-1.2931034482758563,1.7409513235584793,,,,,,,,,,,,,,,,,,,,4.686833333333334,,0.7272727272727273,0.45,1.5720240350750956,,0,0,,0,0,0,0,0,,,,False,False,False,False,False
2025-07-30,4.56,4.6,4.53,4.55,301714.0,-0.6550218340611424,1.1617816191634915,,,,,,,,,,,,,,,,,,,,4.6898333333333335,,0.7272727272727273,0.45,1.574506512806694,,0,0,,0,0,0,0,0,,,,False,False,False,False,False
2025-07-31,4.54,4.56,4.46,4.48,369765.35,-1.538461538461522,1.423820528823837,,,,,,,,,,,,,,,,,,,,4.691416666666667,,0.7272727272727273,0.45,1.598316819196798,,0,0,,0,0,0,0,0,,,,False,False,False,False,False
2025-08-01,4.47,4.55,4.47,4.51,257519.02,0.6696428571428381,0.9916041815129413,,,,,,,,,,,,,,,,,,,,4.692416666666667,,0.9,0.5,1.5976040528464952,,0,0,,0,0,0,0,0,,,,True,False,False,False,False
2025-08-04,4.48,4.51,4.45,4.51,199154.5,0.0,0.7668654337342502,,,,,,,,,,,,,,,,,,,,4.692166666666666,,0.9,0.45,1.5862269572641858,,0,0,,0,0,0,0,0,,,,True,False,False,False,False
2025-08-05,4.52,4.58,4.51,4.56,273083.57,1.1086474501108556,1.051537124964525,,,,,,,,,,,,,,,,,,,,4.693166666666667,,0.9,0.45,1.5903539535623843,,0,0,,0,0,0,0,0,,,,True,False,False,False,False
2025-08-06,4.55,4.56,4.51,4.55,237744.0,-0.21929824561403022,0.9154583786844664,,,,,,,,,,,,,,,,,,,,4.6935,,0.8,0.4,1.577890147767764,,0,0,,0,0,0,0,0,,,,False,False,False,False,False
2025-08-07,4.54,4.59,4.51,4.54,289541.02,-0.219780219780219,1.1149082741597967,,,,,,,,,,,,,,,,,,,,4.6939166666666665,,0.7,0.35,1.5669412279767871,,0,0,,0,0,0,0,0,,,,False,False,False,False,False
2025-08-08,4.58,4.65,4.54,4.58,469033.53,0.8810572687224738,1.8060631390169766,,,,,,,,,,,,,,,,,,,,4.692833333333334,,0.6,0.35,1.5593246396031173,,0,0,,0,0,0,0,0,,,,False,False,False,False,False
2025-08-11,4.58,4.72,4.56,4.65,622228.07,1.5283842794759916,2.395954893221973,,,,,,,,,,,,,,,,,,,,4.6895,,0.6,0.35,1.4907003710236784,,0,0,,0,0,0,0,0,,,,True,False,False,False,False
2025-08-12,4.65,4.66,4.61,4.64,309388.0,-0.21505376344087557,1.1913311665675255,,,,,,,,,,,,,,,,,,,,4.6885,,0.6,0.35,1.42895688051837,,0,0,,0,0,0,0,0,,,,False,False,False,False,False
2025-08-13,4.66,4.67,4.62,4.66,384392.73,0.4310344827586299,1.4801448002216497,,,,,,,,,,,,,,,,,,,,4.687083333333334,,0.6666666666666666,0.4,1.4248183786106272,,0,0,,0,0,0,0,0,,,,False,False,False,False,False
2025-08-14,4.66,4.68,4.55,4.55,427709.5,-2.3605150214592308,1.646940597524833,,,,,,,,,,,,,,,,,,,,4.68525,,0.6,0.35,1.439160425105488,,0,0,,0,0,0,0,0,,,,False,False,False,False,False
2025-08-15,4.53,4.61,4.51,4.6,324496.04,1.098901098901095,1.2495062700548902,,,,,,,,,,,,,,,,,,,,4.684083333333334,,0.7777777777777778,0.4,1.45048352749602,,0,0,,0,0,0,0,0,,,,True,False,False,False,False
2025-08-18,4.63,4.68,4.59,4.66,507424.6,1.3043478260869712,1.9538920082972187,,,,,,,,,,,,,,,,,,,,4.684749999999999,,0.7777777777777778,0.4,1.4523849392154815,,0,0,,0,0,0,0,0,,,,True,False,False,False,False
2025-08-19,4.67,4.7,4.63,4.69,461101.6,0.6437768240343367,1.7755204049095388,,,,,,,,,,,,,,,,,,,,4.6842500000000005,,1.0,0.45,1.4600240786608705,,0,0,,0,0,0,0,0,,,,True,False,True,False,False
2025-08-20,4.67,4.74,4.65,4.74,559074.73,1.0660980810234477,2.1527762883153976,,,,,,,,,,,,,,,,,,,,4.683916666666667,,1.2857142857142858,0.5,1.4946886896863563,,0,0,,0,0,0,0,0,,,,True,False,True,True,True
2025-08-21,4.73,4.78,4.69,4.73,457528.57,-0.21097046413501852,1.7617620755687735,,,,,,,,,,,,,,,,,,,,4.683583333333333,,1.1428571428571428,0.45,1.4798323736347692,,0,0,,0,0,0,0,0,,,,False,False,False,False,False
2025-08-22,4.72,4.75,4.69,4.75,428529.46,0.42283298097249844,1.6500979400957752,,,,,,,,,,,,,,,,,,,,4.684666666666667,,1.5,0.5,1.483745255083062,,0,0,,0,0,0,0,0,,,,True,False,False,False,True
2025-08-25,4.8,4.91,4.78,4.83,999814.01,1.6842105263157992,3.8498894297253137,,,,,,,,,,,,,,,,,,,,4.686083333333333,4.489,2.0,0.55,1.6040402939060825,,0,0,,0,0,0,0,0,,,,True,False,True,True,True
2025-08-26,4.81,4.88,4.78,4.86,530823.43,0.6211180124223725,2.0439916742190234,,,,,,,,,,,,,,,,,,,,4.687250000000001,4.496759999999999,2.75,0.6,1.6191923114391098,,0,0,,0,0,0,0,0,,,,True,False,False,False,True
2025-08-27,4.89,4.92,4.72,4.74,672391.2,-2.4691358024691357,2.5891133227072096,,,,,,,,,,,,,,,,,,,,4.685833333333334,4.50392,2.75,0.6,1.6905588966162957,,0,0,,0,0,0,0,0,,,,False,False,False,False,False
2025-08-28,4.74,4.79,4.58,4.75,710615.36,0.21097046413500742,2.7362994874061113,,,,,,,,,,,,,,,,,,,,4.68475,4.51136,4.0,0.65,1.7561828445454093,,0,0,,0,0,0,0,0,,,,True,False,False,False,False
2025-08-29,4.75,4.76,4.65,4.67,482835.73,-1.684210526315788,1.859209967682595,,,,,,,,,,,,,,,,,,,,4.682,4.5183599999999995,2.75,0.6,1.799563133853892,,0,0,,0,0,0,0,0,,,,False,False,False,False,False
2025-09-01,4.67,4.71,4.64,4.66,420701.42,-0.21413276231262435,1.6199552454045225,,,,,,,,,,,,,,,,,,,,4.677583333333334,4.52568,2.0,0.6,1.8422176244374058,,0,0,,0,0,0,0,0,,,,False,False,False,False,False
2025-09-02,4.64,4.65,4.53,4.61,558722.29,-1.0729613733905574,2.1514191808763727,,,,,,,,,,,,,,,,,,,,4.668416666666666,4.53296,1.5,0.55,1.8972117272329982,,0,0,,0,0,0,0,0,,,,False,False,False,False,False
2025-09-03,4.62,4.85,4.6,4.7,1112577.92,1.9522776572667988,4.284098773484656,,,,,,,,,,,,,,,,,,,,4.659916666666667,4.5408,1.6666666666666667,0.6,2.0656437469730076,,0,0,,0,0,0,0,0,,,,True,False,False,False,False
2025-09-04,4.69,4.92,4.68,4.77,1265969.85,1.4893617021276562,4.874750598729799,,,,,,,,,,,,,,,,,,,,4.655916666666667,4.549,1.8333333333333333,0.65,2.2536358632015077,,0,0,,0,0,0,0,0,,,,True,False,False,False,False
2025-09-05,4.77,4.84,4.68,4.84,873003.9,1.4675052410901612,3.361593709533011,,,,,,,,,,,,,,,,,,,,4.652,4.55724,2.0,0.65,2.3314123917273095,,0,0,,0,0,0,0,0,,,,True,False,False,False,False
2025-09-08,4.83,4.85,4.75,4.81,688930.44,-0.6198347107438051,2.6527994129348214,,,,,,,,,,,,,,,,,,,,4.6483333333333325,4.5655600000000005,1.5714285714285714,0.6,2.344254617712952,,0,0,,0,0,0,0,0,,,,False,False,False,False,False
2025-09-09,4.8,4.91,4.73,4.87,1223767.83,1.2474012474012586,4.71224726402352,,,,,,,,,,,,,,,,,,,,4.6457500000000005,4.574,2.0,0.65,2.5203004225857515,,0,0,,0,0,0,0,0,,,,True,False,False,False,True
2025-09-10,4.83,4.9,4.78,4.82,743111.29,-1.0266940451745366,2.8614284975668047,,,,,,,,,,,,,,,,,,,,4.642833333333333,4.58204,1.7142857142857142,0.6,2.5893646074530094,,0,0,,0,0,0,0,0,,,,False,False,False,False,False
2025-09-11,4.79,4.85,4.75,4.81,762298.73,-0.20746887966806016,2.9353117615545625,,,,,,,,,,,,,,,,,,,,4.640249999999999,4.589720000000001,2.1666666666666665,0.6,2.6537831656544957,,0,0,,0,0,0,0,0,,,,True,False,False,False,False
2025-09-12,4.81,5.03,4.79,4.99,1575050.46,3.7422037422037535,6.064898127640753,,,,,,,,,,,,,,,,,,,,4.640666666666666,4.5983600000000004,2.1666666666666665,0.6,2.894552758533789,,0,0,,0,0,0,0,0,,,,True,False,True,True,True
2025-09-15,5.14,5.49,5.11,5.49,1238962.28,10.020040080160332,4.770755098341115,,,,,,,,,,,,,,,,,,,,4.6459166666666665,4.60888,2.1666666666666665,0.6,3.035395913035984,,0,0,,0,0,0,0,0,,,,True,False,True,True,True
2025-09-16,5.9,6.04,5.6,6.04,3405947.87,10.018214936247727,13.1149619546824,,,,,,,,,,,,,,,,,,,,4.656000000000001,4.62176,2.1666666666666665,0.6,3.602367990524627,,0,0,,0,0,0,0,0,,,,True,False,True,True,True
2025-09-17,5.98,6.2,5.68,5.75,4497788.01,-4.801324503311255,17.31920771628741,,,,,,,,,,,,,,,,,,,,4.663666666666668,4.633400000000001,1.7142857142857142,0.55,4.360689561923228,,0,0,,0,0,0,0,0,,,,False,False,False,False,False
2025-09-18,5.66,5.93,5.5,5.57,3242264.15,-3.130434782608693,12.48468050518949,,,,,,,,,,,,,,,,,,,,4.670249999999999,4.644520000000001,1.5,0.55,4.896835483404263,,0,0,,0,0,0,0,0,,,,False,False,False,False,False
2025-09-19,5.52,5.83,5.37,5.39,2388520.39,-3.2315978456014416,9.197249998671637,,,,,,,,,,,,,,,,,,,,4.67625,4.65492,1.2222222222222223,0.5,5.274193086333056,,0,0,,0,0,0,0,0,,,,False,False,False,False,False
2025-09-22,5.36,5.39,5.2,5.24,1639635.29,-2.782931354359919,6.3135888359632,,,,,,,,,,,,,,,,,,,,4.681749999999999,4.6646,1.0,0.45,5.397378056644951,,0,0,,0,0,0,0,0,,,,False,False,False,False,False
2025-09-23,5.24,5.29,5.11,5.23,1520031.64,-0.1908396946564861,5.853042351030902,,,,,,,,,,,,,,,,,,,,4.687166666666667,4.67436,0.8181818181818182,0.4,5.587830590485545,,0,0,,0,0,0,0,0,,,,False,False,False,False,False
2025-09-24,5.23,5.37,5.18,5.31,1290969.52,1.5296367112810572,4.971014468126489,,,,,,,,,,,,,,,,,,,,4.6931666666666665,4.6843200000000005,1.0,0.45,5.706925647756508,,0,0,,0,0,0,0,0,,,,True,False,False,False,False
2025-09-25,5.29,5.38,5.17,5.17,1113305.48,-2.6365348399246646,4.286900320097802,,,,,,,,,,,,,,,,,,,,4.6978333333333335,4.6926,0.8181818181818182,0.4,5.784455689391093,,0,0,,0,0,0,0,0,,,,False,False,False,False,False
2025-09-26,5.25,5.26,5.11,5.11,691519.76,-1.1605415860734936,2.6627698630370125,,,,,,,,,,,,,,,,,,,,4.7058333333333335,4.70092,0.8181818181818182,0.4,5.8246336841588136,,0,0,,0,0,0,0,0,,,,False,False,False,False,False
2025-09-29,5.14,5.22,5.06,5.22,856808.5,2.152641878669259,3.2992316115362312,,,,,,,,,,,,,,,,,,,,4.715083333333333,4.70916,1.0,0.45,5.908597502465399,,0,0,,0,0,0,0,0,,,,True,False,False,False,False
2025-09-30,5.25,5.33,5.18,5.27,1016126.9,0.9578544061302541,3.9127039353744912,,,,,,,,,,,,,,,,,,,,4.722916666666666,4.717320000000001,1.2222222222222223,0.5,5.996661740190305,,0,0,,0,0,0,0,0,,,,True,False,False,False,False
2025-10-09,5.36,5.5,5.36,5.46,1410025.84,3.6053130929791344,5.429453401093626,,,,,,,,,,,,,,,,,,,,4.72875,4.72548,1.2222222222222223,0.5,6.053929471570753,,0,0,,0,0,0,0,0,,,,True,False,True,False,False
2025-10-10,5.44,5.44,5.33,5.34,970045.51,-2.197802197802201,3.73526267680676,,,,,,,,,,,,,,,,,,,,4.7345,4.7334,1.0,0.45,5.9969550754746015,,0,0,,0,0,0,0,0,,,,False,False,False,False,False
2025-10-13,5.08,5.19,4.97,5.18,953955.28,-2.9962546816479474,3.673305547001339,,,,,,,,,,,,,,,,,,,,4.737916666666666,4.74088,1.0,0.4,6.012540667348018,,0,0,,0,0,0,0,0,,,,True,False,False,False,False
2025-10-14,5.21,5.32,5.09,5.12,813570.06,-1.158301158301156,3.1327374321699986,,,,,,,,,,,,,,,,,,,,4.741916666666667,4.74784,1.0,0.4,6.036537568309777,,0,0,,0,0,0,0,0,,,,False,False,False,False,False
2025-10-15,5.13,5.19,5.07,5.18,538866.0,1.171875,2.074960439330472,,,,,,,,,,,,,,,,,,,,4.747166666666667,4.75432,1.0,0.4,5.904673227075125,,0,0,,0,0,0,0,0,,,,True,False,False,False,False
2025-10-16,5.17,5.17,5.03,5.05,603289.02,-2.5096525096525046,2.3230280811601585,,,,,,,,,,,,,,,,,,,,4.751833333333334,4.75884,1.0,0.4,5.877753206254793,,0,0,,0,0,0,0,0,,,,False,False,False,False,False
2025-10-17,5.03,5.13,4.88,4.91,642018.33,-2.7722772277227636,2.4721593792798506,,,,,,,,,,,,,,,,,,,,4.75475,4.761360000000001,0.8181818181818182,0.4,5.854595587141057,,0,0,,0,0,0,0,0,,,,False,False,False,False,False
2025-10-20,4.96,5.02,4.94,4.98,446170.61,1.4256619144602967,1.7180270511443378,,,,,,,,,,,,,,,,,,,,4.756916666666666,4.76588,0.8181818181818182,0.4,5.637252033316235,,0,0,,0,0,0,0,0,,,,True,False,False,False,False
2025-10-21,4.98,5.12,4.95,5.1,569043.37,2.409638554216853,2.191161589362276,,,,,,,,,,,,,,,,,,,,4.758916666666666,4.77084,0.8181818181818182,0.4,5.508272357867294,,0,0,,0,0,0,0,0,,,,True,False,False,False,False
2025-10-22,5.03,5.04,4.92,4.98,672652.0,-2.3529411764705688,2.590117560648697,,,,,,,,,,,,,,,,,,,,4.760916666666668,4.77616,0.6666666666666666,0.35,4.982030138165609,,0,0,,0,0,0,0,0,,,,False,False,False,False,False
2025-10-23,5.23,5.35,5.1,5.18,1800211.89,4.016064257028096,6.931905991772239,,,,,,,,,,,,,,,,,,,,4.765666666666666,4.78216,0.6666666666666666,0.4,4.46266505193985,,0,0,,0,0,0,0,0,,,,False,False,True,False,False
2025-10-24,5.14,5.24,5.09,5.13,989340.82,-0.9652509652509633,3.809561305621007,,,,,,,,,,,,,,,,,,,,4.768916666666667,4.78824,0.6666666666666666,0.4,4.0289090919614265,,0,0,,0,0,0,0,0,,,,False,False,False,False,False
2025-10-27,5.19,5.34,5.19,5.29,1238937.07,3.1189083820662766,4.770658024573842,,,,,,,,,,,,,,,,,,,,4.77425,4.794839999999999,0.8181818181818182,0.45,3.8075794932565366,,0,0,,0,0,0,0,0,,,,True,False,False,False,False
2025-10-28,5.22,5.29,5.19,5.2,707483.71,-1.7013232514177634,2.724240738366778,,,,,,,,,,,,,,,,,,,,4.77825,4.80064,0.8181818181818182,0.45,3.628112088376715,,0,0,,0,0,0,0,0,,,,False,False,False,False,False
2025-10-29,5.2,5.26,5.12,5.26,629233.0,1.1538461538461497,2.4229281159346314,,,,,,,,,,,,,,,,,,,,4.781583333333333,4.80612,1.0,0.5,3.4566063766219015,,0,0,,0,0,0,0,0,,,,True,False,False,False,False
2025-10-30,5.18,5.2,5.02,5.06,943848.32,-3.802281368821292,3.634387630187334,,,,,,,,,,,,,,,,,,,,4.782416666666666,4.809799999999999,0.8181818181818182,0.45,3.389775034724944,,0,0,,0,0,0,0,0,,,,False,False,False,False,False
2025-10-31,5.06,5.11,5.05,5.09,531510.02,0.5928853754940677,2.0466354615205784,,,,,,,,,,,,,,,,,,,,4.783916666666667,4.814,1.0,0.5,3.2777617917960833,,0,0,,0,0,0,0,0,,,,True,False,False,False,False
2025-11-03,5.09,5.14,5.05,5.11,505410.67,0.39292730844795454,1.9461371581534337,,,,,,,,,,,,,,,,,,,,4.785416666666666,4.81676,1.2222222222222223,0.55,3.2419301565519043,,0,0,,0,0,0,0,0,,,,True,False,False,False,False
2025-11-04,5.09,5.1,5.0,5.04,516026.03,-1.3698630136986356,1.9870127228564418,,,,,,,,,,,,,,,,,,,,4.787333333333334,4.819439999999999,1.0,0.5,3.1763192121179147,,0,0,,0,0,0,0,0,,,,False,False,False,False,False
2025-11-05,4.98,5.28,4.94,5.21,1046938.75,3.373015873015861,4.031348217649834,,,,,,,,,,,,,,,,,,,,4.79025,4.82104,1.0,0.5,3.1822514262316814,,0,0,,0,0,0,0,0,,,,True,False,False,False,False
2025-11-06,5.24,5.32,5.18,5.29,1034597.62,1.5355086372360827,3.9838273933138497,,,,,,,,,,,,,,,,,,,,4.794166666666667,4.82104,1.0,0.5,3.109970125842693,,0,0,,0,0,0,0,0,,,,True,False,True,False,False
2025-11-07,5.28,5.34,5.22,5.27,718773.71,-0.3780718336483968,2.7677140756343754,,,,,,,,,,,,,,,,,,,,4.7955000000000005,4.819120000000001,1.0,0.5,3.0615926957840736,,0,0,,0,0,0,0,0,,,,False,False,False,False,False
2025-11-10,5.23,5.32,5.23,5.29,552694.1,0.379506641366234,2.12820699868123,,,,,,,,,,,,,,,,,,,,4.7985,4.81668,1.0,0.55,2.9843377683680683,,0,0,,0,0,0,0,0,,,,True,False,False,False,False
2025-11-11,5.29,5.38,5.27,5.31,779077.62,0.3780718336483746,2.9999206494151394,,,,,,,,,,,,,,,,,,,,4.802333333333333,4.81296,1.2222222222222223,0.6,2.9776969292303255,,0,0,,0,0,0,0,0,,,,True,False,False,False,False
2025-11-12,5.31,5.49,5.2,5.4,1167611.53,1.6949152542373058,4.496011500551389,,,,,,,,,,,,,,,,,,,,4.806333333333333,4.812080000000001,1.2222222222222223,0.6,3.098749482291371,,0,0,,0,0,0,0,0,,,,True,False,True,True,False
2025-11-13,5.38,5.45,5.32,5.41,880042.33,0.18518518518517713,3.3886959275333988,,,,,,,,,,,,,,,,,,,,4.810583333333333,4.81112,1.5,0.65,3.1520328746100335,,0,0,,0,0,0,0,0,,,,True,False,False,False,False
2025-11-14,5.36,5.42,5.27,5.28,740361.25,-2.402957486136781,2.8508391781319613,,,,,,,,,,,,,,,,,,,,4.814916666666667,4.80936,1.5,0.65,3.1709668645526388,,0,0,,0,0,0,0,0,,,,False,False,False,False,False
2025-11-17,5.27,5.37,5.24,5.36,658349.71,1.5151515151515138,2.5350450826266435,,,,,,,,,,,,,,,,,,,,4.8205833333333326,4.808280000000001,1.5,0.65,3.211817766126754,,0,0,,0,0,0,0,0,,,,True,False,False,False,False
2025-11-18,5.33,5.35,5.22,5.27,498644.02,-1.679104477611959,1.9200814577440637,,,,,,,,,,,,,,,,,,,,4.826083333333333,4.80704,1.2222222222222223,0.6,3.1982637595458434,,0,0,,0,0,0,0,0,,,,False,False,False,False,False
2025-11-19,5.25,5.28,5.08,5.11,525973.19,-3.0360531309297722,2.0253153128949495,,,,,,,,,,,,,,,,,,,,4.830916666666666,4.80488,1.2222222222222223,0.6,3.170023647158156,,0,0,,0,0,0,0,0,,,,False,False,False,False,False
2025-11-20,5.15,5.19,5.08,5.1,377037.51,-0.1956947162426781,1.451822748872015,,,,,,,,,,,,,,,,,,,,4.83575,4.803120000000001,1.2222222222222223,0.55,2.8960194850131447,,0,0,,0,0,0,0,0,,,,False,False,False,False,False
2025-11-21,5.05,5.08,4.76,4.76,832701.44,-6.666666666666665,3.206404831207604,,,,,,,,,,,,,,,,,,,,4.838166666666666,4.800200000000001,1.2222222222222223,0.55,2.8658616612924748,,0,0,,0,0,0,0,0,,,,False,False,False,False,False
2025-11-24,4.8,4.9,4.78,4.88,459040.86,2.521008403361358,1.7675853079174373,,,,,,,,,,,,,,,,,,,,4.84075,4.7982,1.2222222222222223,0.55,2.715708025459654,,0,0,,0,0,0,0,0,,,,True,False,False,False,False
2025-11-25,4.88,4.92,4.83,4.88,390851.54,0.0,1.505015130201927,,,,,,,,,,,,,,,,,,,,4.843999999999999,4.797280000000001,1.375,0.55,2.654746745051412,,0,0,,0,0,0,0,0,,,,False,False,False,False,False
2025-11-26,4.87,4.91,4.8,4.82,350326.21,-1.2295081967213073,1.3489680674055875,,,,,,,,,,,,,,,,,,,,4.846666666666667,4.79692,1.1111111111111112,0.5,2.6010487426249598,,0,0,,0,0,0,0,0,,,,False,False,False,False,False
2025-11-27,4.81,4.84,4.76,4.76,310975.48,-1.2448132780083054,1.1974439259515435,,,,,,,,,,,,,,,,,,,,4.849,4.796399999999999,1.1111111111111112,0.5,2.47920155741317,,0,0,,0,0,0,0,0,,,,False,False,False,False,False
2025-11-28,4.76,4.81,4.71,4.81,324803.8,1.0504201680672232,1.2506913324355347,,,,,,,,,,,,,,,,,,,,4.851583333333334,4.79584,1.1111111111111112,0.5,2.4394043509589176,,0,0,,0,0,0,0,0,,,,True,False,False,False,False
2025-12-01,4.8,4.9,4.79,4.9,349335.57,1.8711018711018879,1.3451535034701778,,,,,,,,,,,,,,,,,,,,4.855500000000001,4.79492,1.1111111111111112,0.5,2.409355168224755,,0,0,,0,0,0,0,0,,,,True,False,False,False,False
2025-12-02,4.88,4.89,4.81,4.83,270464.0,-1.4285714285714346,1.0414501940428171,,,,,,,,,,,,,,,,,,,,4.858416666666667,4.79396,1.1111111111111112,0.5,2.3620770417840737,,0,0,,0,0,0,0,0,,,,False,False,False,False,False
2025-12-03,4.85,4.87,4.79,4.84,330673.45,0.20703933747412417,1.2732930396182407,,,,,,,,,,,,,,,,,,,,4.862083333333333,4.793120000000001,0.9,0.5,2.224174282882494,,0,0,,0,0,0,0,0,,,,False,False,False,False,False
2025-12-04,4.82,4.83,4.72,4.74,337928.05,-2.066115702479332,1.3012276430320149,,,,,,,,,,,,,,,,,,,,4.864416666666667,4.792160000000001,0.7272727272727273,0.45,2.0900442953684024,,0,0,,0,0,0,0,0,,,,False,False,False,False,False
2025-12-05,4.74,4.81,4.68,4.8,285972.76,1.2658227848101111,1.1011683122077616,,,,,,,,,,,,,,,,,,,,4.867583333333332,4.79188,0.9,0.5,2.0067170071970724,,0,0,,0,0,0,0,0,,,,True,False,False,False,False
2025-12-08,4.86,4.88,4.81,4.85,363422.83,1.041666666666674,1.399397985769233,,,,,,,,,,,,,,,,,,,,4.8719166666666665,4.791399999999999,0.7272727272727273,0.5,1.9702765565514717,,0,0,,0,0,0,0,0,,,,False,False,False,False,False
2025-12-09,4.84,4.85,4.78,4.78,267216.8,-1.4432989690721487,1.028946507525958,,,,,,,,,,,,,,,,,,,,4.8755,4.79012,0.5833333333333334,0.45,1.8717278494570126,,0,0,,0,0,0,0,0,,,,False,False,False,False,False
2025-12-10,4.78,4.82,4.74,4.79,243656.89,0.20920502092049986,0.9382265860534836,,,,,,,,,,,,,,,,,,,,4.87875,4.78888,0.5833333333333334,0.45,1.6938386037321176,,0,0,,0,0,0,0,0,,,,True,False,False,False,False
2025-12-11,4.79,4.8,4.56,4.6,702307.24,-3.9665970772442716,2.7043081939765568,,,,,,,,,,,,,,,,,,,,4.880833333333333,4.785400000000001,0.46153846153846156,0.4,1.6596192170542754,,0,0,,0,0,0,0,0,,,,False,False,False,False,False
2025-12-12,4.6,4.62,4.56,4.57,336772.16,-0.6521739130434634,1.2967767665205674,,,,,,,,,,,,,,,,,,,,4.882583333333333,4.78184,0.46153846153846156,0.4,1.5819160964737058,,0,0,,0,0,0,0,0,,,,False,False,False,False,False
2025-12-15,4.55,4.62,4.5,4.58,263209.0,0.2188183807439792,1.0135140503868016,,,,,,,,,,,,,,,,,,,,4.88325,4.77912,0.46153846153846156,0.4,1.5058395448617137,,0,0,,0,0,0,0,0,,,,True,False,False,False,False
2025-12-16,4.57,4.6,4.51,4.52,267510.61,-1.310043668122285,1.0300778539584285,,,,,,,,,,,,,,,,,,,,4.883,4.7756799999999995,0.46153846153846156,0.4,1.461339364672432,,0,0,,0,0,0,0,0,,,,False,False,False,False,False
2025-12-17,4.51,4.57,4.47,4.56,270175.37,0.8849557522123908,1.0403387937473747,,,,,,,,,,,,,,,,,,,,4.882916666666666,4.7724,0.5833333333333334,0.45,1.4120905387150533,,0,0,,0,0,0,0,0,,,,True,False,False,False,False
2025-12-18,4.54,4.61,4.52,4.55,276632.42,-0.21929824561403022,1.0652023466617893,,,,,,,,,,,,,,,,,,,,4.882499999999999,4.769480000000001,0.7272727272727273,0.45,1.392759518604542,,0,0,,0,0,0,0,0,,,,True,False,False,False,False
2025-12-19,4.6,4.74,4.56,4.72,535746.25,3.736263736263745,2.062947512497825,,,,,,,,,,,,,,,,,,,,4.884083333333334,4.76716,0.9,0.5,1.335586652669053,,0,0,,0,0,0,0,0,,,,True,False,True,False,False
2025-12-22,4.69,4.75,4.69,4.73,323970.98,0.21186440677967155,1.2474844710765267,,,,,,,,,,,,,,,,,,,,4.885,4.7643200000000006,0.9,0.5,1.3095816108270075,,0,0,,0,0,0,0,0,,,,True,False,False,False,False
2025-12-23,4.73,4.81,4.66,4.69,366110.39,-0.8456659619450302,1.4097467193659472,,,,,,,,,,,,,,,,,,,,4.88575,4.76112,0.8181818181818182,0.5,1.3048181902852085,,0,0,,0,0,0,0,0,,,,False,False,False,False,False
2025-12-24,4.66,4.88,4.65,4.85,831884.98,3.4115138592750283,3.203260965756275,,,,,,,,,,,,,,,,,,,,4.888166666666667,4.75952,1.0,0.55,1.397532835202743,,0,0,,0,0,0,0,0,,,,True,False,True,True,False
2025-12-25,4.86,4.87,4.79,4.86,545334.0,0.20618556701033075,2.099866156376249,,,,,,,,,,,,,,,,,,,,4.890666666666666,4.758439999999999,1.1111111111111112,0.6,1.442653946723978,,0,0,,0,0,0,0,0,,,,False,False,False,False,False
2025-12-26,4.85,5.02,4.82,5.0,1063912.0,2.8806584362139898,4.096705509215577,,,,,,,,,,,,,,,,,,,,4.894583333333333,4.75848,1.1111111111111112,0.6,1.5849546555629803,,0,0,,0,0,0,0,0,,,,True,False,True,True,False
2025-12-29,4.85,4.93,4.84,4.87,692998.0,-2.6000000000000023,2.6684619822648648,,,,,,,,,,,,,,,,,,,,4.89775,4.758,1.1111111111111112,0.55,1.6511200795027148,,0,0,,0,0,0,0,0,,,,True,False,False,False,False
2025-12-30,4.85,4.86,4.79,4.79,424141.76,-1.642710472279263,1.6332026378877116,,,,,,,,,,,,,,,,,,,,4.899916666666667,4.7572,1.1111111111111112,0.55,1.6807077016949592,,0,0,,0,0,0,0,0,,,,False,False,False,False,False
2025-12-31,4.79,4.82,4.73,4.76,376276.81,-0.6263048016701522,1.4488935931891576,,,,,,,,,,,,,,,,,,,,4.901666666666667,4.756399999999999,1.1111111111111112,0.5,1.6894877293735053,,0,0,,0,0,0,0,0,,,,False,False,False,False,False
2026-01-05,4.9,5.09,4.85,5.04,1125222.11,5.882352941176472,4.332786562354947,,,,,,,,,,,,,,,,,,,,4.905583333333333,4.75744,1.375,0.55,1.841065675339652,,0,0,,0,0,0,0,0,,,,True,False,True,True,False
2026-01-06,5.05,5.05,4.96,5.01,732553.52,-0.5952380952381042,2.820774689240523,,,,,,,,,,,,,,,,,,,,4.908916666666666,4.7584,1.1111111111111112,0.5,1.9270459941912896,,0,0,,0,0,0,0,0,,,,False,False,False,False,False
2026-01-07,5.06,5.13,4.98,5.0,664867.99,-0.19960079840318778,2.560144408122182,,,,,,,,,,,,,,,,,,,,4.911666666666666,4.75996,1.1111111111111112,0.45,1.9850833153089376,,0,0,,0,0,0,0,0,,,,False,False,False,False,False
2026-01-08,4.98,5.04,4.95,5.01,515176.21,0.20000000000000018,1.9837404012021682,,,,,,,,,,,,,,,,,,,,4.914,4.761679999999999,1.375,0.5,2.0328230099927476,,0,0,,0,0,0,0,0,,,,True,False,False,False,False
2026-01-09,5.02,5.21,5.01,5.11,1006244.0,1.9960079840319445,3.8746487852520874,,,,,,,,,,,,,,,,,,,,4.917666666666666,4.763520000000001,1.375,0.5,2.1796441199526777,,0,0,,0,0,0,0,0,,,,True,False,False,False,False
2026-01-12,5.19,5.35,5.19,5.3,1354306.06,3.7181996086105507,5.214898503979692,,,,,,,,,,,,,,,,,,,,4.923416666666667,4.7661999999999995,1.7142857142857142,0.55,2.3051736354528347,,0,0,,0,0,0,0,0,,,,True,False,True,True,False
2026-01-13,5.32,5.33,5.17,5.18,1005774.72,-2.264150943396226,3.872841773054308,,,,,,,,,,,,,,,,,,,,4.928083333333333,4.769,1.7142857142857142,0.55,2.433976885779521,,0,0,,0,0,0,0,0,,,,False,False,False,False,False
2026-01-14,5.21,5.33,5.07,5.15,1132347.94,-0.5791505791505669,4.360225323285112,,,,,,,,,,,,,,,,,,,,4.932583333333333,4.7722,1.375,0.5,2.6013124494244373,,0,0,,0,0,0,0,0,,,,False,False,False,False,False
2026-01-15,5.13,5.19,5.02,5.07,636986.29,-1.553398058252431,2.452782977856995,,,,,,,,,,,,,,,,,,,,4.935833333333333,4.775879999999999,1.375,0.5,2.6724477056193656,,0,0,,0,0,0,0,0,,,,False,False,False,False,False
2026-01-16,5.1,5.12,4.95,4.99,892152.57,-1.5779092702169595,3.4353276855415076,,,,,,,,,,,,,,,,,,,,4.938416666666667,4.77936,1.1111111111111112,0.45,2.7921971502090726,,0,0,,0,0,0,0,0,,,,False,False,False,False,False
2026-01-19,5.01,5.09,4.96,5.06,676707.22,1.4028056112224352,2.6057326135055887,,,,,,,,,,,,,,,,,,,,4.942083333333333,4.782760000000001,1.1111111111111112,0.5,2.8692236635512622,,0,0,,0,0,0,0,0,,,,True,False,False,False,False
2026-01-20,5.04,5.06,4.92,4.97,590845.22,-1.7786561264822143,2.2751119151468258,,,,,,,,,,,,,,,,,,,,4.944166666666666,4.78588,0.9,0.45,2.8798318836837122,,0,0,,0,0,0,0,0,,,,False,False,False,False,False
2026-01-21,4.93,5.16,4.88,5.09,887619.62,2.4144869215291687,3.4178730828694825,,,,,,,,,,,,,,,,,,,,4.947666666666667,4.78948,0.9,0.45,2.98835131427336,,0,0,,0,0,0,0,0,,,,True,False,False,False,False
2026-01-22,5.13,5.6,5.09,5.6,862420.35,10.019646365422386,3.3208406325942614,,,,,,,,,,,,,,,,,,,,4.9556666666666676,4.795559999999999,1.1111111111111112,0.5,3.083906009934776,,0,0,,0,0,0,0,0,,,,True,False,True,True,True
2026-01-23,5.65,6.05,5.54,5.72,4217440.28,2.1428571428571352,16.239699176119533,,,,,,,,,,,,,,,,,,,,4.965166666666666,4.80204,1.1111111111111112,0.5,3.7357279204529386,,0,0,,0,0,0,0,0,,,,True,False,True,True,True
2026-01-26,5.85,6.0,5.71,5.76,2674863.46,0.6993006993007089,10.299844228640564,,,,,,,,,,,,,,,,,,,,4.97525,4.80792,1.0,0.5,4.145726824066154,,0,0,,0,0,0,0,0,,,,False,False,False,False,True
2026-01-27,5.67,6.13,5.67,5.88,2674102.05,2.083333333333326,10.29691233902773,,,,,,,,,,,,,,,,,,,,4.986916666666667,4.814360000000001,1.0,0.5,4.455737165556762,,0,0,,0,0,0,0,0,,,,True,False,False,False,True
2026-01-28,5.88,6.26,5.83,6.19,2979874.18,5.272108843537415,11.474320216310419,,,,,,,,,,,,,,,,,,,,5.000916666666667,4.822,1.0,0.55,4.89603007725904,,0,0,,0,0,0,0,0,,,,True,False,True,True,True
2026-01-29,6.13,6.13,5.82,5.83,2391157.19,-5.815831987075937,9.207403275527899,,,,,,,,,,,,,,,,,,,,5.011916666666667,4.8282,1.0,0.55,5.2747401091410495,,0,0,,0,0,0,0,0,,,,False,False,False,False,False
2026-01-30,6.09,6.41,6.06,6.06,3653767.62,3.9451114922812947,14.069218072779973,,,,,,,,,,,,,,,,,,,,5.024416666666666,4.83528,1.0,0.6,5.90575633312059,,0,0,,0,0,0,0,0,,,,False,False,False,False,False
2026-02-02,5.61,5.77,5.45,5.45,3021280.07,-10.06600660066006,11.633757968377296,,,,,,,,,,,,,,,,,,,,5.031916666666667,4.84016,0.8181818181818182,0.55,6.270804903421707,,0,0,,0,0,0,0,0,,,,False,False,False,False,False
2026-02-03,5.51,5.6,5.44,5.56,1898307.03,2.0183486238531945,7.309631687567824,,,,,,,,,,,,,,,,,,,,5.040416666666667,4.84576,1.0,0.6,6.495247753338073,,0,0,,0,0,0,0,0,,,,True,False,False,False,False
2026-02-04,5.49,5.5,5.29,5.36,1640919.55,-3.597122302158262,6.318534014716015,,,,,,,,,,,,,,,,,,,,5.046916666666666,4.85052,1.0,0.6,6.683167233667764,,0,0,,0,0,0,0,0,,,,False,False,False,False,False
2026-02-05,5.34,5.36,5.2,5.21,956889.76,-2.7985074626865725,3.6846050721337584,,,,,,,,,,,,,,,,,,,,5.051583333333334,4.8546,0.8181818181818182,0.55,6.7682104672143435,,0,0,,0,0,0,0,0,,,,False,False,False,False,False
2026-02-06,5.17,5.26,5.1,5.19,841586.44,-0.38387715930900956,3.240617461997914,,,,,,,,,,,,,,,,,,,,5.056166666666667,4.85892,0.8181818181818182,0.5,6.736508901051636,,0,0,,0,0,0,0,0,,,,True,False,False,False,False
2026-02-09,5.28,5.33,5.23,5.27,692049.96,1.541425818882458,2.6648114541281798,,,,,,,,,,,,,,,,,,,,5.061249999999999,4.863239999999999,0.6666666666666666,0.5,6.609004548559059,,0,0,,0,0,0,0,0,,,,False,False,False,False,False
2026-02-10,5.27,5.28,5.18,5.2,578779.75,-1.3282732447817747,2.2286525487516022,,,,,,,,,,,,,,,,,,,,5.066666666666666,4.86688,0.6666666666666666,0.5,6.526795087343923,,0,0,,0,0,0,0,0,,,,False,False,False,False,False
2026-02-11,5.18,5.23,5.15,5.16,489608.75,-0.7692307692307665,1.8852901964496616,,,,,,,,,,,,,,,,,,,,5.071333333333333,4.86996,0.6666666666666666,0.5,6.403048331002151,,0,0,,0,0,0,0,0,,,,False,False,False,False,False
2026-02-12,5.18,5.23,5.12,5.14,503422.0,-0.387596899224818,1.9384795743072023,,,,,,,,,,,,,,,,,,,,5.075333333333333,4.87236,0.6666666666666666,0.5,6.377333160824662,,0,0,,0,0,0,0,0,,,,False,False,False,False,False
2026-02-13,5.15,5.18,5.08,5.08,574603.0,-1.1673151750972721,2.212569531795673,,,,,,,,,,,,,,,,,,,,5.078583333333333,4.87492,0.6666666666666666,0.5,6.31619525313737,,0,0,,0,0,0,0,0,,,,False,False,False,False,False
2026-02-24,5.15,5.2,5.13,5.16,611921.8,1.5748031496062964,2.3562695122050625,,,,,,,,,,,,,,,,,,,,5.082083333333332,4.87752,0.6666666666666666,0.5,6.303722098072344,,0,0,,0,0,0,0,0,,,,True,False,False,False,False
2026-02-25,5.16,5.31,5.15,5.25,910909.0,1.744186046511631,3.5075513000079446,,,,,,,,,,,,,,,,,,,,5.086416666666667,4.880559999999999,0.8181818181818182,0.55,6.3653440673154,,0,0,,0,0,0,0,0,,,,True,False,False,False,False
2026-02-26,5.31,5.34,5.16,5.2,757251.19,-0.952380952380949,2.9158756757448474,,,,,,,,,,,,,,,,,,,,5.090166666666667,4.88252,0.6666666666666666,0.5,6.340244196959167,,0,0,,0,0,0,0,0,,,,False,False,False,False,False
2026-02-27,5.16,5.26,5.14,5.23,619486.7,0.5769230769230749,2.3853989585377153,,,,,,,,,,,,,,,,,,,,5.093500000000001,4.88324,0.6666666666666666,0.5,6.293472113256341,,0,0,,0,0,0,0,0,,,,True,False,False,False,False
2026-03-02,5.1,5.18,5.0,5.13,962606.43,-1.9120458891013437,3.706617713671186,,,,,,,,,,,,,,,,,,,,5.09575,4.88472,0.6666666666666666,0.45,5.666818040133924,,0,0,,0,0,0,0,0,,,,True,False,False,False,False
2026-03-03,5.13,5.16,4.88,4.9,866207.8,-4.483430799220267,3.3354246087886072,,,,,,,,,,,,,,,,,,,,5.097083333333333,4.885,0.6666666666666666,0.4,5.318597059141326,,0,0,,0,0,0,0,0,,,,False,False,False,False,False
2026-03-04,4.83,4.93,4.8,4.83,603959.99,-1.4285714285714346,2.3256117220021815,,,,,,,,,,,,,,,,,,,,5.0977500000000004,4.88524,0.5833333333333334,0.35,4.9200320282900485,,0,0,,0,0,0,0,0,,,,False,False,False,False,False
2026-03-05,4.91,5.02,4.89,4.98,705451.42,3.105590062111818,2.7164151911041063,,,,,,,,,,,,,,,,,,,,5.100333333333334,4.8862,0.5833333333333334,0.35,4.482136777029733,,0,0,,0,0,0,0,0,,,,True,False,False,False,False
2026-03-06,4.95,5.1,4.92,5.08,540275.15,2.008032128514059,2.0803865202171536,,,,,,,,,,,,,,,,,,,,5.103833333333332,4.8882,0.7272727272727273,0.4,4.125785939264195,,0,0,,0,0,0,0,0,,,,True,False,False,False,False
2026-03-09,5.03,5.13,4.96,5.11,611595.75,0.5905511811023612,2.3550140222479237,,,,,,,,,,,,,,,,,,,,5.1080000000000005,4.88964,0.9,0.4,3.540075736737593,,0,0,,0,0,0,0,0,,,,True,False,False,False,False
2026-03-10,5.15,5.28,5.14,5.22,740565.86,2.152641878669259,2.8516270505445673,,,,,,,,,,,,,,,,,,,,5.112333333333334,4.891400000000001,1.1111111111111112,0.45,3.100969190845956,,0,0,,0,0,0,0,0,,,,True,False,True,False,False
2026-03-11,5.22,5.28,5.2,5.23,652507.45,0.19157088122607746,2.512548843531427,,,,,,,,,,,,,,,,,,,,5.116166666666667,4.89324,1.1111111111111112,0.45,2.8611150486441366,,0,0,,0,0,0,0,0,,,,True,False,False,False,False
2026-03-12,5.21,5.3,5.17,5.26,705526.89,0.5736137667303964,2.7167057963090295,,,,,,,,,,,,,,,,,,,,5.119666666666666,4.8958,1.375,0.5,2.6810236377237873,,0,0,,0,0,0,0,0,,,,True,False,False,False,False
2026-03-13,5.28,5.3,5.15,5.16,660065.0,-1.9011406844106404,2.5416499879128915,,,,,,,,,,,,,,,,,,,,5.122583333333334,4.8978,1.375,0.5,2.623875883512744,,0,0,,0,0,0,0,0,,,,False,False,False,False,False
2026-03-16,5.18,5.39,5.15,5.39,1262638.15,4.457364341085257,4.8619215360394135,,,,,,,,,,,,,,,,,,,,5.126916666666667,4.90048,1.375,0.55,2.7049410872148187,,0,0,,0,0,0,0,0,,,,True,False,True,True,False
2026-03-17,5.42,5.49,5.27,5.29,1219296.89,-1.855287569573283,4.6950314374049915,,,,,,,,,,,,,,,,,,,,5.1308333333333325,4.902,1.375,0.5,2.8064520863786595,,0,0,,0,0,0,0,0,,,,False,False,False,False,False
2026-03-18,5.38,5.47,5.3,5.4,1123088.77,2.07939508506616,4.324571911396005,,,,,,,,,,,,,,,,,,,,5.135750000000001,4.9040799999999996,1.7142857142857142,0.55,2.9112480545108794,,0,0,,0,0,0,0,0,,,,True,False,False,False,False
2026-03-19,5.31,5.33,5.21,5.25,807216.43,-2.777777777777779,3.1082721088871357,,,,,,,,,,,,,,,,,,,,5.137916666666667,4.90508,1.7142857142857142,0.55,2.9723971501327533,,0,0,,0,0,0,0,0,,,,False,False,False,False,False
2026-03-20,5.28,5.54,5.22,5.37,1882190.81,2.285714285714291,7.247574480522759,,,,,,,,,,,,,,,,,,,,5.136916666666667,4.905799999999999,2.1666666666666665,0.6,3.237851895443531,,0,0,,0,0,0,0,0,,,,True,False,False,False,False
2026-03-23,5.23,5.36,5.13,5.18,1377399.96,-3.5381750465549366,5.303824004734711,,,,,,,,,,,,,,,,,,,,5.12975,4.9036800000000005,2.1666666666666665,0.6,3.392414619090483,,0,0,,0,0,0,0,0,,,,False,False,False,False,False
2026-03-24,5.28,5.43,5.13,5.41,1731295.53,4.440154440154442,6.666536269758498,,,,,,,,,,,,,,,,,,,,5.1269166666666655,4.90244,2.1666666666666665,0.6,3.6079279569681546,,0,0,,0,0,0,0,0,,,,True,False,False,False,False
2026-03-25,5.42,5.55,5.34,5.49,1541478.83,1.4787430683918634,5.935627021031986,,,,,,,,,,,,,,,,,,,,5.12625,4.9034,2.1666666666666665,0.6,3.729331743019357,,0,0,,0,0,0,0,0,,,,True,False,False,False,False
2026-03-26,5.43,5.76,5.4,5.66,2322166.91,3.0965391621129212,8.94174891674792,,,,,,,,,,,,,,,,,,,,5.128500000000001,4.9048,2.8,0.65,4.030625405069511,,0,0,,0,0,0,0,0,,,,True,False,True,True,False
2026-03-27,5.56,5.7,5.52,5.6,1462195.9,-1.0600706713780994,5.630339726483421,,,,,,,,,,,,,,,,,,,,5.1315,4.906200000000001,2.8,0.6,4.192872443466795,,0,0,,0,0,0,0,0,,,,True,False,False,False,False
2026-03-30,5.52,5.6,5.38,5.54,1224482.76,-1.0714285714285676,4.715000177487889,,,,,,,,,,,,,,,,,,,,5.134083333333334,4.907640000000001,2.8,0.6,4.24329156665763,,0,0,,0,0,0,0,0,,,,True,False,False,False,False
2026-03-31,5.5,5.78,5.46,5.74,2094245.86,3.6101083032491044,8.064114844379906,,,,,,,,,,,,,,,,,,,,5.137666666666667,4.9099200000000005,3.75,0.65,4.479726078437196,,0,0,,0,0,0,0,0,,,,True,False,False,False,False
2026-04-01,5.7,5.75,5.54,5.66,1521682.86,-1.3937282229965153,5.859400548016111,,,,,,,,,,,,,,,,,,,,5.14175,4.91208,3.0,0.65,4.656415519737893,,0,0,,0,0,0,0,0,,,,False,False,False,False,False
2026-04-02,5.62,5.62,5.36,5.38,1151293.16,-4.946996466431097,4.433175893583502,,,,,,,,,,,,,,,,,,,,5.144,4.91384,2.3333333333333335,0.6,4.742253554861863,,0,0,,0,0,0,0,0,,,,False,False,False,False,False
2026-04-03,5.32,5.52,5.04,5.22,1346200.09,-2.9739776951672847,5.183685610472958,,,,,,,,,,,,,,,,,,,,5.144000000000001,4.91528,1.8571428571428572,0.55,4.897418509374652,,0,0,,0,0,0,0,0,,,,False,False,False,False,False
2026-04-07,5.2,5.74,5.14,5.64,2176593.02,8.045977011494255,8.381201280137992,,,,,,,,,,,,,,,,,,,,5.147083333333333,4.918519999999999,1.8571428571428572,0.55,5.198727872269156,,0,0,,0,0,0,0,0,,,,True,False,False,False,False
2026-04-08,5.7,5.9,5.64,5.84,1982745.46,3.546099290780136,7.6347707793070985,,,,,,,,,,,,,,,,,,,,5.15025,4.922560000000001,1.8571428571428572,0.55,5.437885058707282,,0,0,,0,0,0,0,0,,,,True,False,True,True,True
2026-04-09,5.8,5.82,5.7,5.73,1121819.08,-1.8835616438356073,4.319682835966838,,,,,,,,,,,,,,,,,,,,5.153499999999999,4.926360000000001,1.5,0.5,5.528241758329053,,0,0,,0,0,0,0,0,,,,False,False,False,False,False
2026-04-10,5.75,5.88,5.69,5.75,1269341.25,0.3490401396160525,4.887732530462658,,,,,,,,,,,,,,,,,,,,5.15825,4.930680000000001,1.375,0.5,5.636793095036735,,0,0,,0,0,0,0,0,,,,False,False,False,False,False
2026-04-13,5.75,5.84,5.4,5.73,2078299.15,-0.3478260869565153,8.002710353490752,,,,,,,,,,,,,,,,,,,,5.163333333333333,4.9352800000000006,1.375,0.5,5.909846113315628,,0,0,,0,0,0,0,0,,,,False,False,False,False,False
2026-04-14,5.85,6.07,5.76,5.92,1976814.95,3.315881326352521,7.611934724267341,,,,,,,,,,,,,,,,,,,,5.1695,4.940639999999999,1.375,0.5,6.047346772727024,,0,0,,0,0,0,0,0,,,,True,False,True,True,True
2026-04-15,5.93,6.13,5.85,6.02,1694222.14,1.6891891891891886,6.523781266470352,,,,,,,,,,,,,,,,,,,,5.177583333333334,4.946359999999999,1.7142857142857142,0.55,6.138784264180292,,0,0,,0,0,0,0,0,,,,True,False,False,False,True
2026-04-16,5.97,6.0,5.83,5.9,1340856.23,-1.9933554817275656,5.163108513210706,,,,,,,,,,,,,,,,,,,,5.185833333333334,4.95152,1.375,0.5,6.180711094271027,,0,0,,0,0,0,0,0,,,,False,False,False,False,False
2026-04-17,5.94,6.48,5.86,6.12,3089521.54,3.7288135593220195,11.896528955175047,,,,,,,,,,,,,,,,,,,,5.195333333333334,4.9594,1.7142857142857142,0.55,6.620123936585422,,0,0,,0,0,0,0,0,,,,True,False,False,False,True
2026-04-20,6.14,6.38,6.08,6.22,2106396.75,1.6339869281045694,8.110903129505811,,,,,,,,,,,,,,,,,,,,5.204666666666667,4.96784,1.7142857142857142,0.55,6.663290369034575,,0,0,,0,0,0,0,0,,,,True,False,False,False,True
2026-04-21,6.18,6.19,5.97,6.01,1320472.86,-3.37620578778135,5.084620194463123,,,,,,,,,,,,,,,,,,,,5.21325,4.974559999999999,1.7142857142857142,0.55,6.652330178520995,,0,0,,0,0,0,0,0,,,,False,False,False,False,False
2026-04-22,5.98,6.09,5.78,6.02,1512931.78,0.16638935108153063,5.825703590328269,,,,,,,,,,,,,,,,,,,,5.220250000000001,4.9796,1.7142857142857142,0.55,6.610288544549485,,0,0,,0,0,0,0,0,,,,True,False,False,False,False
2026-04-23,5.96,5.99,5.74,5.81,1147104.0,-3.488372093023251,4.41704509061203,,,,,,,,,,,,,,,,,,,,5.2259166666666665,4.984240000000001,1.375,0.5,6.534359448028487,,0,0,,0,0,0,0,0,,,,False,False,False,False,False
2026-04-24,5.77,5.79,5.65,5.7,855792.09,-1.8932874354561036,3.29531781749441,,,,,,,,,,,,,,,,,,,,5.229333333333333,4.987959999999999,1.1111111111111112,0.45,6.25203789306581,,0,0,,0,0,0,0,0,,,,False,False,False,False,False
2026-04-27,5.7,5.74,5.58,5.72,784397.41,0.35087719298245723,3.0204050626005063,,,,,,,,,,,,,,,,,,,,5.233666666666667,4.99228,1.1111111111111112,0.5,6.121541159871665,,0,0,,0,0,0,0,0,,,,True,False,False,False,False
2026-04-28,5.74,5.75,5.55,5.63,772763.41,-1.5734265734265729,2.9756071170051808,,,,,,,,,,,,,,,,,,,,5.236750000000001,4.9966,0.9,0.5,6.034571506847529,,0,0,,0,0,0,0,0,,,,False,False,False,False,False
2026-04-29,5.57,5.9,5.54,5.76,919629.63,2.3090586145648295,3.541131006755148,,,,,,,,,,,,,,,,,,,,5.242583333333333,5.00168,0.9,0.5,5.8084223149662915,,0,0,,0,0,0,0,0,,,,True,False,False,False,False
2026-04-30,5.75,5.78,5.52,5.59,941636.12,-2.951388888888884,3.6258693204704713,,,,,,,,,,,,,,,,,,,,5.2467500000000005,5.0058,0.9,0.5,5.69674575358901,,0,0,,0,0,0,0,0,,,,False,False,False,False,False
2026-05-06,5.65,5.98,5.65,5.91,1315191.82,5.724508050089461,5.064284992244906,,,,,,,,,,,,,,,,,,,,5.253416666666666,5.010560000000001,1.1111111111111112,0.55,5.72830120852208,,0,0,,0,0,0,0,0,,,,True,False,True,False,False
2026-05-07,5.98,6.5,5.93,6.5,1428120.54,9.983079526226724,5.49912895431382,,,,,,,,,,,,,,,,,,,,5.265583333333334,5.01712,1.375,0.6,5.744073375714123,,0,0,,0,0,0,0,0,,,,True,False,True,True,True
2026-05-08,6.79,6.99,6.52,6.83,4403375.72,5.076923076923068,16.955663223340004,,,,,,,,,,,,,,,,,,,,5.2790833333333325,5.02548,1.375,0.6,6.172796472874223,,0,0,,0,0,0,0,0,,,,True,False,True,True,True
2026-05-11,7.11,7.45,7.05,7.18,3448421.99,5.1244509516837455,13.278513039173486,,,,,,,,,,,,,,,,,,,,5.294833333333333,5.03576,1.375,0.6,6.454983585867543,,0,0,,0,0,0,0,0,,,,True,False,True,True,True
2026-05-12,7.08,7.14,6.91,6.93,2385523.43,-3.4818941504178302,9.185709887701087,,,,,,,,,,,,,,,,,,,,5.308666666666666,5.04452,1.375,0.6,6.698284938454255,,0,0,,0,0,0,0,0,,,,False,False,False,False,False
2026-05-13,6.9,7.62,6.85,7.62,2666069.29,9.956709956709965,10.265981348357252,,,,,,,,,,,,,,,,,,,,5.328083333333334,5.0564,1.5,0.6,6.967197379348986,,0,0,,0,0,0,0,0,,,,True,False,True,True,True
2026-05-14,7.68,7.93,7.48,7.51,3664153.58,-1.4435695538057791,14.109210308557458,,,,,,,,,,,,,,,,,,,,5.346416666666666,5.067559999999999,1.5,0.6,7.272522377102321,,0,0,,0,0,0,0,0,,,,False,False,False,False,False
2026-05-15,7.49,7.66,7.11,7.17,2673120.33,-4.52729693741678,10.293132122494306,,,,,,,,,,,,,,,,,,,,5.361166666666667,5.0768,1.2222222222222223,0.55,7.406582247013669,,0,0,,0,0,0,0,0,,,,False,False,False,False,False
2026-05-18,7.14,7.34,7.0,7.25,1654503.07,1.115760111576014,6.370838792948182,,,,,,,,,,,,,,,,,,,,5.376500000000001,5.08596,1.2222222222222223,0.55,7.39893512333756,,0,0,,0,0,0,0,0,,,,True,False,False,False,False
2026-05-19,7.2,7.52,7.16,7.36,1621631.8,1.5172413793103523,6.244264496480135,,,,,,,,,,,,,,,,,,,,5.393833333333333,5.095759999999999,1.5,0.6,7.45299292250103,,0,0,,0,0,0,0,0,,,,True,False,False,False,False
2026-05-20,7.28,7.44,7.13,7.24,1485225.71,-1.6304347826086918,5.719018441925288,,,,,,,,,,,,,,,,,,,,5.4095,5.105,1.2222222222222223,0.55,7.144117396838544,,0,0,,0,0,0,0,0,,,,False,False,False,False,False
2026-05-21,7.31,7.45,6.63,6.68,2239991.25,-7.734806629834257,8.625322859850897,,,,,,,,,,,,,,,,,,,,5.42125,5.11248,1.0,0.5,7.169838383355798,,0,0,,0,0,0,0,0,,,,False,False,False,False,False
2026-05-22,6.76,7.1,6.75,6.94,1608788.73,3.8922155688622784,6.194810899167348,,,,,,,,,,,,,,,,,,,,5.4365,5.1208,1.2222222222222223,0.55,7.22534791859101,,0,0,,0,0,0,0,0,,,,True,False,False,False,False
2026-05-25,7.02,7.05,6.81,6.95,1144661.17,0.14409221902016434,4.407638715724748,,,,,,,,,,,,,,,,,,,,5.4519166666666665,5.129320000000001,1.0,0.55,7.154444674860832,,0,0,,0,0,0,0,0,,,,False,False,False,False,False
2026-05-26,6.94,6.94,6.59,6.69,1138645.26,-3.7410071942446055,4.384473818966422,,,,,,,,,,,,,,,,,,,,5.468000000000001,5.1356399999999995,1.0,0.55,7.152816111278552,,0,0,,0,0,0,0,0,,,,False,False,False,False,False
2026-05-27,6.8,7.02,6.4,6.48,1435891.74,-3.139013452914796,5.52905278058255,,,,,,,,,,,,,,,,,,,,5.481333333333334,5.14184,1.0,0.55,7.264502859432961,,0,0,,0,0,0,0,0,,,,False,False,False,False,False
2026-05-28,6.62,6.7,6.29,6.43,1541976.11,-0.7716049382716195,5.937541850186674,,,,,,,,,,,,,,,,,,,,5.49425,5.14816,0.8181818181818182,0.5,7.410359698812269,,0,0,,0,0,0,0,0,,,,False,False,False,False,False
2026-05-29,6.43,6.46,6.08,6.15,1378237.12,-4.3545878693623585,5.30704757772204,,,,,,,,,,,,,,,,,,,,5.505333333333334,5.153080000000001,0.8181818181818182,0.5,7.52693172184811,,0,0,,0,0,0,0,0,,,,False,False,False,False,False
2026-06-01,6.15,6.23,6.0,6.11,826609.4,-0.6504065040650375,3.182946787844655,,,,,,,,,,,,,,,,,,,,5.516583333333333,5.15792,0.6666666666666666,0.45,7.509022510902585,,0,0,,0,0,0,0,0,,,,False,False,False,False,False
2026-06-02,6.15,6.22,5.97,6.14,1025654.65,0.49099836333876823,3.949391542916684,,,,,,,,,,,,,,,,,,,,5.527666666666666,5.1634400000000005,0.6666666666666666,0.5,7.525198622024897,,0,0,,0,0,0,0,0,,,,False,False,False,False,False
2026-06-03,6.11,6.42,6.09,6.24,1429522.87,1.6286644951140072,5.504528774070283,,,,,,,,,,,,,,,,,,,,5.538833333333333,5.1696800000000005,0.6666666666666666,0.5,7.547210811116166,,0,0,,0,0,0,0,0,,,,True,False,False,False,False
2026-06-04,6.25,6.41,6.18,6.37,1197311.39,2.083333333333326,4.6103739479012935,,,,,,,,,,,,,,,,,,,,5.551666666666667,5.17672,0.6666666666666666,0.5,7.502773060795539,,0,0,,0,0,0,0,0,,,,True,False,False,False,False
2026-06-05,6.52,7.01,6.4,7.01,2040713.04,10.047095761381474,7.857981067697392,,,,,,,,,,,,,,,,,,,,5.56975,5.186640000000001,0.6666666666666666,0.5,7.047888953013408,,0,0,,0,0,0,0,0,,,,True,False,True,False,False
2026-06-08,6.79,6.93,6.31,6.4,2207858.0,-8.701854493580596,8.50159038733061,,,,,,,,,,,,,,,,,,,,5.583583333333333,5.194160000000001,0.5384615384615384,0.45,6.809042820421266,,0,0,,0,0,0,0,0,,,,False,False,False,False,False
2026-06-09,6.5,6.55,6.17,6.27,1323026.37,-2.0312500000000067,5.094452754378639,,,,,,,,,,,,,,,,,,,,5.595833333333333,5.20136,0.5384615384615384,0.45,6.604479963755142,,0,0,,0,0,0,0,0,,,,False,False,False,False,False
2026-06-10,6.17,6.21,5.66,5.72,1557744.76,-8.771929824561397,5.998260702242006,,,,,,,,,,,,,,,,,,,,5.603083333333333,5.20596,0.42857142857142855,0.4,6.391093931449381,,0,0,,0,0,0,0,0,,,,False,False,False,False,False
2026-06-11,5.62,5.79,5.41,5.44,1235853.95,-4.895104895104884,4.758786145424464,,,,,,,,,,,,,,,,,,,,5.608583333333334,5.209759999999999,0.42857142857142855,0.4,5.923572723292731,,0,0,,0,0,0,0,0,,,,False,False,False,False,False
2026-06-12,5.56,5.6,5.27,5.32,1116435.96,-2.2058823529411797,4.298954563928579,,,,,,,,,,,,,,,,,,,,5.6129999999999995,5.21304,0.42857142857142855,0.4,5.623863845364445,,0,0,,0,0,0,0,0,,,,False,False,False,False,False
2026-06-15,5.31,5.45,5.29,5.43,910623.88,2.0676691729323293,3.506453415338171,,,,,,,,,,,,,,,,,,,,5.619916666666667,5.2168399999999995,0.42857142857142855,0.4,5.480644576483944,,0,0,,0,0,0,0,0,,,,True,False,False,False,False
2026-06-16,5.4,5.77,5.39,5.67,1509852.65,4.419889502762442,5.813847075095251,,,,,,,,,,,,,,,,,,,,5.629083333333333,5.22152,0.42857142857142855,0.4,5.4591237054147,,0,0,,0,0,0,0,0,,,,True,False,False,False,False
2026-06-17,5.73,5.85,5.58,5.67,1090792.55,0.0,4.200211905680459,,,,,,,,,,,,,,,,,,,,5.638166666666666,5.2264800000000005,0.42857142857142855,0.4,5.3831833786024585,,0,0,,0,0,0,0,0,,,,False,False,False,False,False
2026-06-18,5.61,5.75,5.54,5.67,905113.12,0.0,3.4852336520006357,,,,,,,,,,,,,,,,,,,,5.64775,5.23124,0.5384615384615384,0.4,5.126178918209946,,0,0,,0,0,0,0,0,,,,True,False,False,False,False
2026-06-22,5.67,5.7,5.34,5.48,1090081.45,-3.3509700176366786,4.197473740035552,,,,,,,,,,,,,,,,,,,,5.655416666666667,5.2355599999999995,0.42857142857142855,0.35,5.026312060253355,,0,0,,0,0,0,0,0,,,,False,False,False,False,False
2026-06-23,5.49,5.65,5.41,5.45,912075.43,-0.5474452554744547,3.5120427619024572,,,,,,,,,,,,,,,,,,,,5.662916666666666,5.23952,0.42857142857142855,0.3,4.981532262562242,,0,0,,0,0,0,0,0,,,,False,False,False,False,False
2026-06-24,5.41,5.44,5.28,5.35,786511.51,-1.8348623853211121,3.0285456279076297,,,,,,,,,,,,,,,,,,,,5.668166666666666,5.243240000000001,0.42857142857142855,0.3,4.913735853009301,,0,0,,0,0,0,0,0,,,,False,False,False,False,False
2026-06-25,5.42,5.77,5.29,5.52,1223834.83,3.1775700934579376,4.712505254598979,,,,,,,,,,,,,,,,,,,,5.67475,5.248,0.5384615384615384,0.35,4.872908476710123,,0,0,,0,0,0,0,0,,,,True,False,False,False,False
2026-06-26,5.35,5.85,5.26,5.65,1685201.04,2.3550724637681375,6.489044568257356,,,,,,,,,,,,,,,,,,,,5.6827499999999995,5.2532,0.6666666666666666,0.4,4.900483612613657,,0,0,,0,0,0,0,0,,,,True,False,False,False,False
2026-06-29,5.57,5.6,5.14,5.24,1273427.34,-7.2566371681416,4.90346645151454,,,,,,,,,,,,,,,,,,,,5.685999999999999,5.2565599999999995,0.6666666666666666,0.4,4.880304556303281,,0,0,,0,0,0,0,0,,,,False,False,False,False,False
2026-06-30,5.25,5.36,5.11,5.33,840480.37,1.717557251908386,3.2363584226576507,,,,,,,,,,,,,,,,,,,,5.689916666666666,5.260479999999999,0.8181818181818182,0.45,4.882975138043931,,0,0,,0,0,0,0,0,,,,True,False,False,False,False
2026-07-01,5.44,5.68,5.38,5.43,1153412.4,1.8761726078799112,4.441336251003429,,,,,,,,,,,,,,,,,,,,5.693499999999999,5.26476,0.8181818181818182,0.45,4.90757237344827,,0,0,,0,0,0,0,0,,,,False,False,False,False,False
2026-07-02,5.31,5.35,5.11,5.13,1114805.03,-5.524861878453036,4.292674495731073,,,,,,,,,,,,,,,,,,,,5.695666666666666,5.26728,0.6666666666666666,0.4,4.846979659531309,,0,0,,0,0,0,0,0,,,,False,False,False,False,False
2026-07-03,5.0,5.11,4.9,4.96,761615.92,-3.3138401559454134,2.93268252954219,,,,,,,,,,,,,,,,,,,,5.6970833333333335,5.2689200000000005,0.5384615384615384,0.35,4.763095088613353,,0,0,,0,0,0,0,0,,,,False,False,False,False,False
2026-07-06,5.02,5.08,4.76,4.79,722309.76,-3.427419354838712,2.78133000957991,,,,,,,,,,,,,,,,,,,,5.697333333333333,5.2698,0.42857142857142855,0.3,4.50926253570748,,0,0,,0,0,0,0,0,,,,False,False,False,False,False
2026-07-07,4.78,4.8,4.63,4.66,509307.79,-2.713987473903967,1.961143430264355,,,,,,,,,,,,,,,,,,,,5.694166666666667,5.27004,0.42857142857142855,0.3,4.182240187854166,,0,0,,0,0,0,0,0,,,,False,False,False,False,False
2026-07-08,4.63,4.66,4.51,4.59,562154.73,-1.5021459227467893,2.1646361535752914,,,,,,,,,,,,,,,,,,,,5.690666666666667,5.2702800000000005,0.42857142857142855,0.3,4.035749357813999,,0,0,,0,0,0,0,0,,,,False,False,False,False,False
2026-07-09,4.58,4.74,4.45,4.7,691854.42,2.3965141612200425,2.664058506708401,,,,,,,,,,,,,,,,,,,,5.688166666666667,5.2706,0.5384615384615384,0.35,3.8690392480373186,,0,0,,0,0,0,0,0,,,,True,False,False,False,False
2026-07-10,4.72,5.12,4.66,4.85,1146101.08,3.1914893617021267,4.413183241239805,,,,,,,,,,,,,,,,,,,,5.686833333333334,5.2716,0.6666666666666666,0.4,3.851759102828086,,0,0,,0,0,0,0,0,,,,True,False,False,False,False
2026-07-13,4.82,4.88,4.49,4.52,755802.16,-6.804123711340204,2.910296032706684,,,,,,,,,,,,,,,,,,,,5.681916666666667,5.271439999999999,0.6666666666666666,0.4,3.7823261762669906,,0,0,,0,0,0,0,0,,,,False,False,False,False,False
2026-07-14,4.5,4.66,4.42,4.65,584040.43,2.8761061946902755,2.248909352639725,,,,,,,,,,,,,,,,,,,,5.6765,5.2718,0.6666666666666666,0.4,3.7194489731320686,,0,0,,0,0,0,0,0,,,,True,False,False,False,False
2026-07-15,4.65,4.71,4.55,4.63,476059.44,-0.43010752688172893,1.8331171474352037,,,,,,,,,,,,,,,,,,,,5.671916666666666,5.2722,0.5384615384615384,0.35,3.5204124767490663,,0,0,,0,0,0,0,0,,,,False,False,False,False,False
2026-07-16,4.6,4.73,4.56,4.68,469207.31,1.0799136069114423,1.8067322972588156,,,,,,,,,,,,,,,,,,,,5.668000000000001,5.27296,0.6666666666666666,0.4,3.4007384963279845,,0,0,,0,0,0,0,0,,,,True,False,False,False,False
2026-07-17,4.65,4.7,4.45,4.48,640237.73,-4.273504273504258,2.4653029909416144,,,,,,,,,,,,,,,,,,,,5.663083333333333,5.27276,0.5384615384615384,0.4,3.349741963275033,,0,0,,0,0,0,0,0,,,,False,False,False,False,False
2026-07-20,4.49,4.57,4.28,4.35,665895.0,-2.9018,,,,,,,,,,,,,,,,,,,,,5.657749999999999,5.27196,0.5384615384615384,0.4,,,0,0,,0,0,0,0,0,,,,False,False,False,False,False
2026-07-21,4.34,4.52,4.24,4.5,732495.0,3.4483,,,,,,,,,,,,,,,,,,,,,5.653083333333333,5.27168,0.6666666666666666,0.45,,,0,0,,0,0,0,0,0,,,,True,False,False,False,False
2026-07-22,4.48,4.5,4.35,4.36,519940.0,-3.1111,,,,,,,,,,,,,,,,,,,,,5.648,5.2706800000000005,0.6666666666666666,0.45,,,0,0,,0,0,0,0,0,,,,False,False,False,False,False
2026-07-23,4.36,4.43,4.33,4.41,414739.0,1.1468,,,,,,,,,,,,,,,,,,,,,5.642333333333332,5.269639999999999,0.6666666666666666,0.45,,,0,0,,0,0,0,0,0,,,,True,False,False,False,False
2026-07-24,4.41,4.41,4.24,4.27,431170.0,-3.1746,,,,,,,,,,,,,,,,,,,,,5.63125,5.267799999999999,0.5384615384615384,0.4,,,0,0,,0,0,0,0,0,,,,False,False,False,False,False
2026-07-27,4.28,4.42,4.26,4.41,431686.0,3.2787,,,,,,,,,,,,,,,,,,,,,5.620333333333334,5.2667600000000006,0.6666666666666666,0.45,,,0,0,,0,0,0,0,0,,,,True,False,False,False,False
2026-07-28,4.36,4.49,4.36,4.45,442375.0,0.907,,,,,,,,,,,,,,,,,,,,,5.609416666666666,5.26612,0.6666666666666666,0.45,,,0,0,,0,0,0,0,0,,,,True,False,False,False,False
2026-07-29,4.45,4.55,4.4,4.54,524005.0,2.0225,,,,,,,,,,,,,,,,,,,,,5.598250000000001,5.2658000000000005,0.8181818181818182,0.45,,,0,0,,0,0,0,0,0,,,,True,False,True,False,False
2026-07-30,4.52,4.63,4.48,4.52,500990.0,-0.4405,,,,,,,,,,,,,,,,,,,,,5.584333333333333,5.26544,0.9,0.45,,,0,0,,0,0,0,0,0,,,,False,False,False,False,False
2026-07-31,4.61,4.71,4.6,4.61,566292.0,1.9912,,,,,,,,,,,,,,,,,,,,,5.574166666666667,5.26516,1.0,0.5,,,0,0,,0,0,0,0,0,,,,False,False,False,False,False
2026-08-03,4.59,4.7,4.57,4.69,387208.0,1.7354,,,,,,,,,,,,,,,,,,,,,5.562749999999999,5.2652,1.25,0.55,,,0,0,,0,0,0,0,0,,,,True,False,False,False,False
2026-08-04,4.7,4.75,4.68,4.74,367124.0,1.0661,,,,,,,,,,,,,,,,,,,,,5.556833333333333,5.265680000000001,1.5714285714285714,0.6,,,0,0,,0,0,0,0,0,,,,True,False,True,True,False
2026-08-05,4.74,4.79,4.7,4.75,511230.0,0.211,,,,,,,,,,,,,,,,,,,,,5.550083333333333,5.2658000000000005,2.0,0.65,,,0,0,,0,0,0,0,0,,,,True,False,False,False,False
2026-08-06,4.75,4.75,4.62,4.69,471578.0,-1.2632,,,,,,,,,,,,,,,,,,,,,5.5445,5.26588,1.5714285714285714,0.6,,,0,0,,0,0,0,0,0,,,,False,False,False,False,False
2026-08-07,4.67,4.69,4.56,4.63,459056.0,-1.2793,,,,,,,,,,,,,,,,,,,,,5.539666666666666,5.265839999999999,1.25,0.55,,,0,0,,0,0,0,0,0,,,,False,False,False,False,False
2026-08-10,4.65,4.66,4.55,4.64,411365.0,0.216,,,,,,,,,,,,,,,,,,,,,5.535083333333334,5.26608,1.25,0.6,,,0,0,,0,0,0,0,0,,,,False,False,False,False,False
2026-08-11,4.63,4.68,4.56,4.64,414177.0,0.0,,,,,,,,,,,,,,,,,,,,,5.529833333333333,5.26644,1.25,0.55,,,0,0,,0,0,0,0,0,,,,True,False,False,False,False
2026-08-12,4.63,4.71,4.61,4.68,422972.0,0.8621,,,,,,,,,,,,,,,,,,,,,5.5255,5.26724,1.5714285714285714,0.6,,,0,0,,0,0,0,0,0,,,,True,False,False,False,False
2026-08-13,4.69,4.74,4.59,4.59,466621.0,-1.9231,,,,,,,,,,,,,,,,,,,,,5.5207500000000005,5.2675600000000005,1.25,0.55,,,0,0,,0,0,0,0,0,,,,False,False,False,False,False
2026-08-14,4.58,4.61,4.49,4.53,395121.0,-1.3072,,,,,,,,,,,,,,,,,,,,,5.515666666666666,5.26764,1.25,0.55,,,0,0,,0,0,0,0,0,,,,False,False,False,False,False
2026-08-17,4.55,4.62,4.48,4.62,391593.0,1.9868,,,,,,,,,,,,,,,,,,,,,5.511833333333333,5.26788,1.5714285714285714,0.6,,,0,0,,0,0,0,0,0,,,,True,False,False,False,False
2026-08-18,4.62,4.62,4.47,4.51,427285.0,-2.381,,,,,,,,,,,,,,,,,,,,,5.506416666666667,5.26772,1.25,0.55,,,0,0,,0,0,0,0,0,,,,False,False,False,False,False
2026-08-19,4.46,4.48,4.25,4.26,605340.0,-5.5432,,,,,,,,,,,,,,,,,,,,,5.498166666666667,5.2665999999999995,1.25,0.55,,,0,0,,0,0,0,0,0,,,,False,False,False,False,False
2026-08-20,4.3,4.41,4.28,4.38,449860.0,2.8169,,,,,,,,,,,,,,,,,,,,,5.491333333333333,5.2658000000000005,1.25,0.55,,,0,0,,0,0,0,0,0,,,,True,False,False,False,False
2026-08-21,4.36,4.4,4.29,4.37,304835.0,-0.2283,,,,,,,,,,,,,,,,,,,,,5.484166666666667,5.264679999999999,1.5714285714285714,0.55,,,0,0,,0,0,0,0,0,,,,True,False,False,False,False
2026-08-24,4.37,4.42,4.31,4.37,351623.0,0.0,,4.378,4.494999999999999,4.560499999999999,4.531666666666666,5.017666666666667,5.5199,5.323200000000001,39.61688233522178,-0.11547454697470716,-0.1113560801494368,427788.6000000002,422942.7,36.288574873585176,23.76973488873552,26.887743070583518,17.533718525039532,4.83330029325501,4.560499999999999,4.287699706744989,5.477833333333334,5.2636,1.4285714285714286,0.5,,0.8219550497605589,0,0,-0.1290772603467748,0,0,1,0,0,0.15084348384126925,0.11963613343054959,36.288574873585176,False,False,False,False,False
2026-08-25,4.33,4.48,4.32,4.47,410826.0,2.2883,,4.369999999999999,4.478,4.5615000000000006,4.525666666666667,4.990333333333334,5.507199999999999,5.32025,44.54539614879372,-0.10756072163605435,-0.11059700844676032,424496.80000000016,422607.6,50.008072676276186,30.812476320381478,28.19598748718284,36.04545398677875,4.832736932743737,4.5615000000000006,4.290263067256264,5.47425,5.26284,1.4285714285714286,0.5,,0.9677952813778569,0,0,-0.10426825195377742,1,1,1,1,1,0.33132827990196745,0.11892444710894945,50.008072676276186,True,True,False,False,False
2026-08-26,4.46,4.54,4.46,4.52,342978.0,1.1186,,4.422,4.462000000000001,4.560499999999999,4.522,4.963333333333334,5.495799999999999,5.3174,46.88000001075579,-0.09614606393043079,-0.10770681954349443,372024.4000000002,414608.2,55.72812569121271,44.86597520457859,33.75265005964809,67.09262549443957,4.832217732796019,4.560499999999999,4.288782267203979,5.471666666666666,5.26272,1.4285714285714286,0.5,,0.9219234007231779,0,0,-0.08932169241101429,0,1,1,0,1,0.4254741315863928,0.11916137826818117,55.72812569121271,True,True,True,False,False
2026-08-27,4.52,4.61,4.51,4.6,360507.0,1.7699,,4.465999999999999,4.462999999999999,4.564500000000001,4.519333333333334,4.935999999999999,5.4879999999999995,5.31485,50.472730533326775,-0.07972550801941036,-0.10211055723867762,354153.80000000016,403996.8,63.70222148615796,61.44218166791721,42.982493929071126,98.36155714560937,4.836062729013931,4.564500000000001,4.29293727098607,5.4685,5.26272,1.5714285714285714,0.55,,1.017939098775729,0,0,-0.06807131280388967,0,1,1,0,1,0.5653624304942412,0.11898903670234653,63.70222148615796,True,True,True,False,False
2026-08-28,4.56,4.59,4.45,4.55,501247.0,-1.087,,4.502,4.465,4.5615000000000006,4.521666666666666,4.905666666666666,5.4813,5.3124,48.27510106627667,-0.06994045130257831,-0.09567653605145776,393436.2000000002,414609.4,56.12098432237856,67.98848147230514,51.317823110149135,101.32979819661716,4.832270829494765,4.5615000000000006,4.290729170505236,5.464083333333334,5.26228,1.375,0.5,,1.2740235901017745,0,0,-0.07250118910103953,0,0,1,0,0,0.4787643299290053,0.11872008308440826,56.12098432237856,False,True,False,False,False
2026-08-31,4.5,4.5,4.42,4.47,397134.0,-1.7582,,4.522,4.45,4.5505,4.525666666666666,4.863333333333333,5.469599999999999,5.3087,44.90605290704584,-0.06785882052668235,-0.09011299294650268,402538.4000000002,415163.5,45.68251656253324,65.69602468524042,56.110556968512896,84.86696011869546,4.817133989225955,4.5505,4.283866010774046,5.458749999999999,5.2614,1.1111111111111112,0.45,,0.986574200126,0,0,-0.08087731322823855,0,0,1,0,0,0.3490440017911925,0.1171888756074955,45.68251656253324,False,False,False,False,False
2026-09-01,4.48,4.6,4.46,4.58,512786.0,2.4609,,4.544,4.457,4.5424999999999995,4.528333333333333,4.833,5.457000000000001,5.30515,50.06624248102668,-0.056679664556659404,-0.08342632726853402,422930.4000000002,423713.6,58.43788614120779,74.10038009319055,62.107164676738776,98.0868109260941,4.794387610693882,4.5424999999999995,4.290612389306117,5.453416666666667,5.26076,1.1111111111111112,0.45,,1.2124595441708605,0,0,-0.05234843782329823,0,0,1,0,0,0.5744379604393766,0.11090263541833005,58.43788614120779,True,True,False,False,False
2026-09-02,4.48,4.5,4.37,4.45,485259.0,-2.8384,,4.529999999999999,4.476,4.5275,4.531333333333333,4.802666666666666,5.4442,5.30105,44.73372614523686,-0.05764551484160929,-0.07827016478314908,451386.6000000002,411705.5,43.83833836734865,66.06692006212704,63.42708313853486,71.34659390931138,4.762525194618116,4.5275,4.292474805381883,5.446916666666667,5.259639999999999,0.9,0.4,,1.075040774360603,0,0,-0.07343142698500815,0,0,1,0,0,0.33512405951641383,0.10382117929016745,43.83833836734865,False,False,False,False,False
2026-09-03,4.46,4.52,4.34,4.35,424922.0,-2.2472,,4.4799999999999995,4.473000000000001,4.5104999999999995,4.529333333333333,4.779833333333333,5.4302,5.29635,41.10677325498486,-0.06572251418347363,-0.07576063466321399,464269.6000000002,409211.7,35.623186997357266,48.4890578191958,58.44774136542185,28.571690726743697,4.745220438416741,4.5104999999999995,4.275779561583258,5.439333333333333,5.25804,0.9,0.4,,0.9152483815438267,0,0,-0.08992642700233633,0,0,1,0,0,0.15810391058695247,0.10407734770723485,35.623186997357266,False,False,False,False,False
2026-09-04,4.36,4.44,4.33,4.35,443944.0,0.0,,4.44,4.470999999999999,4.4965,4.532,4.761666666666667,5.416399999999999,5.29155,41.10677325498486,-0.07130167305036483,-0.07486884234064416,452809.0000000002,423122.6,35.62318699735728,35.77431440819943,50.88993237968104,5.543078465236206,4.734586671525132,4.4965,4.258413328474869,5.432583333333333,5.25612,0.9,0.4,,0.9804222089225254,0,0,-0.08645432271613585,0,0,1,0,0,0.19233893047949024,0.1058986640832343,35.62318699735728,False,False,False,False,False
