date,open,high,low,close,volume,change_rate,turnover,MA5,MA10,MA20,MA30,MA60,MA100,MA200,RSI14,DIF,DEA,VOL_MA5,VOL_MA10,RSI6,K,D,J,BOLL_UPPER,BOLL_MIDDLE,BOLL_LOWER,MA120,MA250,updown_ratio_20,up_days_ratio_20,turnover_ma20,vol_ratio,ma_bull,dif_above_zero,bias60,macd_gold,macd_gold3,dif_below0,kdj_gold,kdj_gold3,boll_pos,boll_width,rsi6,is_yang,above_ma5,break_high5,break_high10,break_close40
2024-08-14,3.87,3.9,3.83,3.83,27269.03,-1.5424164524421635,0.2354522559305649,,,,,,,,,,,,,,,,,,,,,,,,,,0,0,,0,0,0,0,0,,,,False,False,False,False,False
2024-08-15,3.82,3.88,3.8,3.85,53155.01,0.5221932114882533,0.458962677385728,,,,,,,,,,,,,,,,,,,,,,,,,,0,0,,0,0,0,0,0,,,,True,False,False,False,False
2024-08-16,3.85,3.87,3.8,3.81,49703.5,-1.0389610389610393,0.4291608906750564,,,,,,,,,,,,,,,,,,,,,,,,,,0,0,,0,0,0,0,0,,,,False,False,False,False,False
2024-08-19,3.81,3.84,3.79,3.81,33362.0,0.0,0.28806151749275666,,,,,,,,,,,,,,,,,,,,,,,,,,0,0,,0,0,0,0,0,,,,False,False,False,False,False
2024-08-20,3.8,3.9,3.77,3.78,78657.71,-0.7874015748031593,0.6791636983725551,,,,,,,,,,,,,,,,,,,,,,,,,,0,0,,0,0,0,0,0,,,,False,False,False,False,False
2024-08-21,3.75,3.81,3.71,3.79,63963.74,0.2645502645502784,0.5522897910470638,,,,,,,,,,,,,,,,,,,,,,,,,,0,0,,0,0,0,0,0,,,,True,False,False,False,False
2024-08-22,3.79,3.82,3.71,3.71,43615.6,-2.110817941952503,0.37659540562187754,,,,,,,,,,,,,,,,,,,,,,,,,,0,0,,0,0,0,0,0,,,,False,False,False,False,False
2024-08-23,3.7,3.74,3.65,3.68,41770.2,-0.8086253369272156,0.3606614470947768,,,,,,,,,,,,,,,,,,,,,,,,,,0,0,,0,0,0,0,0,,,,False,False,False,False,False
2024-08-26,3.68,3.81,3.67,3.78,57020.7,2.717391304347827,0.49234066814037625,,,,,,,,,,,,,,,,,,,,,,,,,,0,0,,0,0,0,0,0,,,,True,False,False,False,False
2024-08-27,3.77,3.81,3.69,3.72,50453.7,-1.5873015873015817,0.4356384325017775,,,,,,,,,,,,,,,,,,,,,,,,,,0,0,,0,0,0,0,0,,,,False,False,False,False,False
2024-08-28,3.7,3.77,3.69,3.74,35885.48,0.5376344086021501,0.30985030348168485,,,,,,,,,,,,,,,,,,,,,,,,,,0,0,,0,0,0,0,0,,,,True,False,False,False,False
2024-08-29,3.73,3.8,3.73,3.8,51265.01,1.6042780748662944,0.4426436237300326,,,,,,,,,,,,,,,,,,,,,,,,,,0,0,,0,0,0,0,0,,,,True,False,False,False,False
2024-08-30,3.81,3.86,3.79,3.84,76143.5,1.0526315789473717,0.6574549534563191,,,,,,,,,,,,,,,,,,,,,,,,,,0,0,,0,0,0,0,0,,,,True,False,True,False,False
2024-09-02,3.83,3.87,3.8,3.8,70020.1,-1.041666666666663,0.6045829464958508,,,,,,,,,,,,,,,,,,,,,,,,,,0,0,,0,0,0,0,0,,,,False,False,False,False,False
2024-09-03,3.81,3.89,3.8,3.84,52319.6,1.0526315789473717,0.4517493966373129,,,,,,,,,,,,,,,,,,,,,,,,,,0,0,,0,0,0,0,0,,,,True,False,False,False,False
2024-09-04,3.81,3.86,3.79,3.8,59533.69,-1.041666666666663,0.5140388790643052,,,,,,,,,,,,,,,,,,,,,,,,,,0,0,,0,0,0,0,0,,,,False,False,False,False,False
2024-09-05,3.82,3.85,3.81,3.83,49906.78,0.7894736842105399,0.43091609555713567,,,,,,,,,,,,,,,,,,,,,,,,,,0,0,,0,0,0,0,0,,,,True,False,False,False,False
2024-09-06,3.83,3.84,3.77,3.78,40503.4,-1.3054830287206332,0.3497233639354991,,,,,,,,,,,,,,,,,,,,,,,,,,0,0,,0,0,0,0,0,,,,False,False,False,False,False
2024-09-09,3.77,3.81,3.72,3.74,46917.03,-1.058201058201047,0.405101338590408,,,,,,,,,,,,,,,,,,,,,,,,,,0,0,,0,0,0,0,0,,,,False,False,False,False,False
2024-09-10,3.75,3.77,3.66,3.71,49257.9,-0.8021390374331583,0.42531339315707867,,,,,,,,,,,,,,,,,,,,,,0.7272727272727273,0.4,0.44498505391840804,,0,0,,0,0,0,0,0,,,,False,False,False,False,False
2024-09-11,3.69,3.74,3.66,3.68,43872.53,-0.8086253369272156,0.37881384713286054,,,,,,,,,,,,,,,,,,,,,,0.7272727272727273,0.4,0.4521531334785228,,0,0,,0,0,0,0,0,,,,False,False,False,False,False
2024-09-12,3.68,3.72,3.67,3.7,38672.8,0.5434782608695565,0.3339171948232684,,,,,,,,,,,,,,,,,,,,,,0.7272727272727273,0.4,0.4459008593503998,,0,0,,0,0,0,0,0,,,,True,False,False,False,False
2024-09-13,3.71,3.71,3.65,3.66,38744.3,-1.0810810810810811,0.3345345558478093,,,,,,,,,,,,,,,,,,,,,,0.7272727272727273,0.4,0.44116954260903746,,0,0,,0,0,0,0,0,,,,False,False,False,False,False
2024-09-18,3.67,3.68,3.51,3.54,93058.43,-3.2786885245901676,0.8035055620554366,,,,,,,,,,,,,,,,,,,,,,0.6666666666666666,0.4,0.46694174483717144,,0,0,,0,0,0,0,0,,,,False,False,False,False,False
2024-09-19,3.56,3.69,3.55,3.68,81416.93,3.9548022598870025,0.7029879625142841,,,,,,,,,,,,,,,,,,,,,,0.8181818181818182,0.45,0.4681329580442579,,0,0,,0,0,0,0,0,,,,True,False,False,False,False
2024-09-20,3.72,3.72,3.62,3.64,57766.44,-1.0869565217391353,0.49877970045423775,,,,,,,,,,,,,,,,,,,,,,0.6666666666666666,0.4,0.4654574535146166,,0,0,,0,0,0,0,0,,,,False,False,False,False,False
2024-09-23,3.64,3.69,3.63,3.68,45675.7,1.098901098901095,0.3943831741065855,,,,,,,,,,,,,,,,,,,,,,0.8181818181818182,0.45,0.46634684193885195,,0,0,,0,0,0,0,0,,,,True,False,False,False,False
2024-09-24,3.69,3.87,3.69,3.87,115862.84,5.163043478260865,1.0004084141064824,,,,,,,,,,,,,,,,,,,,,,1.0,0.5,0.49833419028943726,,0,0,,0,0,0,0,0,,,,True,False,True,True,False
2024-09-25,3.93,4.02,3.9,3.94,120771.39,1.8087855297157507,1.0427908960227068,,,,,,,,,,,,,,,,,,,,,,1.0,0.5,0.5258567016835538,,0,0,,0,0,0,0,0,,,,True,False,True,True,False
2024-09-26,3.93,4.13,3.93,4.12,142689.78,4.5685279187817285,1.2320434793330017,,,,,,,,,,,,,,,,,,,,,,1.2222222222222223,0.55,0.565676954025115,,0,0,,0,0,0,0,0,,,,True,False,True,True,False
2024-09-27,4.17,4.31,4.14,4.26,203726.98,3.398058252427183,1.7590642950967117,,,,,,,,,,,,,,,,,,,,,,1.2222222222222223,0.55,0.6381376536058663,,0,0,,0,0,0,0,0,,,,True,False,True,True,False
2024-09-30,4.4,4.62,4.32,4.58,386435.67,7.511737089201875,3.3366478482564044,,,,,,,,,,,,,,,,,,,,,,1.2222222222222223,0.55,0.782837864832185,,0,0,,0,0,0,0,0,,,,True,False,True,True,False
2024-10-08,5.04,5.04,4.61,4.81,426719.69,5.021834061135366,3.2788729067820404,,,,,,,,,,,,,,,,,,,,,,1.0,0.55,0.913908762498471,,0,0,,0,0,0,0,0,,,,False,False,True,True,False
2024-10-09,4.7,4.71,4.33,4.34,288735.48,-9.771309771309767,2.2186155567339947,,,,,,,,,,,,,,,,,,,,,,1.0,0.55,0.9946103930103781,,0,0,,0,0,0,0,0,,,,False,False,False,False,False
2024-10-10,4.36,4.48,4.26,4.36,207030.22,0.4608294930875667,1.5908002258886282,,,,,,,,,,,,,,,,,,,,,,0.9,0.55,1.0515629344729438,,0,0,,0,0,0,0,0,,,,False,False,False,False,False
2024-10-11,4.34,4.36,4.15,4.2,150476.56,-3.669724770642202,1.1562473615636581,,,,,,,,,,,,,,,,,,,,,,0.9,0.55,1.0836733585979117,,0,0,,0,0,0,0,0,,,,False,False,False,False,False
2024-10-14,4.23,4.29,4.18,4.26,124093.89,1.4285714285714235,0.9535254719982357,,,,,,,,,,,,,,,,,,,,,,0.9,0.55,1.1098038274199664,,0,0,,0,0,0,0,0,,,,True,False,False,False,False
2024-10-15,4.24,4.29,4.18,4.21,108737.06,-1.1737089201877882,0.8355250726703826,,,,,,,,,,,,,,,,,,,,,,0.9,0.55,1.1340939128567107,,0,0,,0,0,0,0,0,,,,False,False,False,False,False
2024-10-16,4.13,4.5,4.12,4.38,260261.11,4.0380047505938155,1.9998212462800118,,,,,,,,,,,,,,,,,,,,,,1.1111111111111112,0.6,1.213829908241191,,0,0,,0,0,0,0,0,,,,True,False,False,False,False
2024-10-17,4.42,4.57,4.24,4.24,247679.67,-3.1963470319634646,1.9031466758042417,,,,,,,,,,,,,,,,,,,,,,1.1111111111111112,0.6,1.2877215723735491,,0,0,,0,0,0,0,0,,,,False,False,False,False,False
2024-10-18,4.21,4.4,4.21,4.35,189196.64,2.594339622641506,1.4537687186410246,,,,,,,,,,,,,,,,,,,,,,1.375,0.65,1.3414693159489572,,0,0,,0,0,0,0,0,,,,True,False,False,False,False
2024-10-21,4.35,4.42,4.32,4.35,179533.54,0.0,1.3795183910183983,,,,,,,,,,,,,,,,,,,,,,1.25,0.6,1.3937493757587138,,0,0,,0,0,0,0,0,,,,False,False,False,False,False
2024-10-22,4.35,4.4,4.33,4.4,138410.89,1.1494252873563315,1.063535917980699,,,,,,,,,,,,,,,,,,,,,,1.5714285714285714,0.65,1.4301994438653582,,0,0,,0,0,0,0,0,,,,True,False,False,False,False
2024-10-23,4.4,4.49,4.39,4.49,176498.99,2.0454545454545503,1.3562012017429856,,,,,,,,,,,,,,,,,,,,,,2.0,0.7,1.4578342258497359,,0,0,,0,0,0,0,0,,,,True,False,False,False,False
2024-10-24,4.47,4.52,4.45,4.49,124824.29,0.0,0.9591377950928497,,,,,,,,,,,,,,,,,,,,,,2.0,0.65,1.4706417174786641,,0,0,,0,0,0,0,0,,,,True,False,False,False,False
2024-10-25,4.5,4.65,4.49,4.63,205315.24,3.1180400890868487,1.577622485115351,,,,,,,,,,,,,,,,,,,,,,2.6,0.7,1.5245838567117196,,0,0,,0,0,0,0,0,,,,True,False,True,True,False
2024-10-28,4.63,4.72,4.61,4.72,178446.65,1.943844492440605,1.3711668331757023,,,,,,,,,,,,,,,,,,,,,,2.6,0.7,1.5734230396651756,,0,0,,0,0,0,0,0,,,,True,False,True,True,False
2024-10-29,4.73,4.76,4.58,4.59,192342.44,-2.754237288135586,1.4779407421774942,,,,,,,,,,,,,,,,,,,,,,2.0,0.65,1.597299656068726,,0,0,,0,0,0,0,0,,,,False,False,False,False,False
2024-10-30,4.59,4.64,4.53,4.62,123606.94,0.6535947712418277,0.9497837952034349,,,,,,,,,,,,,,,,,,,,,,2.0,0.65,1.5926493010277625,,0,0,,0,0,0,0,0,,,,True,False,False,False,False
2024-10-31,4.45,4.55,4.43,4.48,312439.82,-3.0303030303030276,2.40075741711815,,,,,,,,,,,,,,,,,,,,,,2.0,0.6,1.65108499791702,,0,0,,0,0,0,0,0,,,,True,False,False,False,False
2024-11-01,4.47,4.59,4.41,4.43,239833.8,-1.1160714285714413,1.8428597680847174,,,,,,,,,,,,,,,,,,,,,,1.5714285714285714,0.55,1.65527477156642,,0,0,,0,0,0,0,0,,,,False,False,False,False,False
2024-11-04,4.43,4.48,4.38,4.47,158256.44,0.9029345372460584,1.2160272084931856,,,,,,,,,,,,,,,,,,,,,,1.5714285714285714,0.55,1.5492437395782592,,0,0,,0,0,0,0,0,,,,True,False,False,False,False
2024-11-05,4.46,4.6,4.44,4.56,194226.13,2.0134228187919323,1.4924148343052237,,,,,,,,,,,,,,,,,,,,,,2.0,0.55,1.4599208359544185,,0,0,,0,0,0,0,0,,,,True,False,False,False,False
2024-11-06,4.57,4.61,4.51,4.55,160495.47,-0.21929824561403022,1.2332316988800065,,,,,,,,,,,,,,,,,,,,,,2.0,0.55,1.410651643061719,,0,0,,0,0,0,0,0,,,,False,False,False,False,False
2024-11-07,4.54,4.69,4.52,4.67,179092.71,2.63736263736265,1.3761310958516422,,,,,,,,,,,,,,,,,,,,,,2.1666666666666665,0.55,1.3999181865598698,,0,0,,0,0,0,0,0,,,,True,False,True,False,False
2024-11-08,4.72,4.75,4.59,4.62,190400.67,-1.0706638115631661,1.4630203689362167,,,,,,,,,,,,,,,,,,,,,,2.1666666666666665,0.55,1.4152568369284977,,0,0,,0,0,0,0,0,,,,False,False,False,False,False
2024-11-11,4.61,4.66,4.58,4.65,172714.95,0.6493506493506551,1.3271250036557132,,,,,,,,,,,,,,,,,,,,,,2.1666666666666665,0.55,1.4339368135113717,,0,0,,0,0,0,0,0,,,,True,False,False,False,False
2024-11-12,4.66,4.74,4.59,4.63,214449.2,-0.43010752688172893,1.6478069520557703,,,,,,,,,,,,,,,,,,,,,,2.1666666666666665,0.55,1.474550907480641,,0,0,,0,0,0,0,0,,,,False,False,False,False,False
2024-11-13,4.6,4.7,4.54,4.64,165636.71,0.21598272138227959,1.2727364907569976,,,,,,,,,,,,,,,,,,,,,,2.1666666666666665,0.55,1.4381966697044901,,0,0,,0,0,0,0,0,,,,True,False,False,False,False
2024-11-14,4.66,4.8,4.61,4.64,292544.5,0.0,2.247883698729952,,,,,,,,,,,,,,,,,,,,,,2.1666666666666665,0.55,1.4554335208507756,,0,0,,0,0,0,0,0,,,,False,False,False,False,False
2024-11-15,4.61,4.64,4.49,4.49,200425.34,-3.2327586206896464,1.5400489655365535,,,,,,,,,,,,,,,,,,,,,,1.7142857142857142,0.5,1.4597475331955523,,0,0,,0,0,0,0,0,,,,False,False,False,False,False
2024-11-18,4.54,4.66,4.47,4.48,211017.8,-0.22271714922048602,1.6214404056882195,,,,,,,,,,,,,,,,,,,,,,1.5,0.5,1.4718436339290433,,0,0,,0,0,0,0,0,,,,False,False,False,False,False
2024-11-19,4.5,4.59,4.42,4.58,167511.14,2.232142857142838,1.2871394299385934,,,,,,,,,,,,,,,,,,,,,,1.5,0.5,1.483023809526938,,0,0,,0,0,0,0,0,,,,True,False,False,False,False
2024-11-20,4.56,4.74,4.55,4.71,278589.13,2.8384279475982543,2.1406519827594077,,,,,,,,,,,,,,,,,,,,,,1.5,0.5,1.522246348577759,,0,0,,0,0,0,0,0,,,,True,False,False,False,False
2024-11-21,4.72,4.87,4.69,4.74,211204.28,0.6369426751592355,1.6228733000073374,,,,,,,,,,,,,,,,,,,,,,1.5,0.55,1.5554331238234833,,0,0,,0,0,0,0,0,,,,True,False,False,False,False
2024-11-22,4.72,4.93,4.69,4.7,454896.3,-0.8438818565400852,3.495379258138745,,,,,,,,,,,,,,,,,,,,,,1.2222222222222223,0.5,1.6513209624746534,,0,0,,0,0,0,0,0,,,,False,False,False,False,False
2024-11-25,4.7,4.85,4.62,4.85,317367.4,3.1914893617021267,2.4386204661797035,,,,,,,,,,,,,,,,,,,,,,1.2222222222222223,0.5,1.7046936441248532,,0,0,,0,0,0,0,0,,,,True,False,False,False,True
2024-11-26,4.86,5.06,4.73,5.01,658511.18,3.298969072164959,5.059936341149553,,,,,,,,,,,,,,,,,,,,,,1.5,0.55,1.8837934240734562,,0,0,,0,0,0,0,0,,,,True,False,True,True,True
2024-11-27,4.97,4.97,4.67,4.83,479580.97,-3.59281437125748,3.685053879611814,,,,,,,,,,,,,,,,,,,,,,1.2222222222222223,0.5,2.020556928293875,,0,0,,0,0,0,0,0,,,,False,False,False,False,False
2024-11-28,4.8,4.86,4.73,4.75,257106.55,-1.65631469979296,1.9755819117491438,,,,,,,,,,,,,,,,,,,,,,1.0,0.5,1.9992981530254244,,0,0,,0,0,0,0,0,,,,False,False,False,False,False
2024-11-29,4.74,4.77,4.66,4.73,229600.19,-0.42105263157893313,1.764225696693323,,,,,,,,,,,,,,,,,,,,,,1.0,0.5,1.995366449455855,,0,0,,0,0,0,0,0,,,,False,False,False,False,False
2024-12-02,4.73,4.84,4.7,4.82,277045.38,1.9027484143763207,2.1287899567773283,,,,,,,,,,,,,,,,,,,,,,1.0,0.5,2.041004586870062,,0,0,,0,0,0,0,0,,,,True,False,False,False,False
2024-12-03,4.82,4.83,4.72,4.77,209309.42,-1.0373443983402675,1.6083133786778459,,,,,,,,,,,,,,,,,,,,,,0.8181818181818182,0.45,2.046799514088693,,0,0,,0,0,0,0,0,,,,False,False,False,False,False
2024-12-04,4.74,4.75,4.63,4.65,214178.16,-2.51572327044024,1.6457243068592147,,,,,,,,,,,,,,,,,,,,,,0.8181818181818182,0.45,2.0674241444876538,,0,0,,0,0,0,0,0,,,,False,False,False,False,False
2024-12-05,4.65,4.68,4.61,4.67,144328.66,0.4301075268817067,1.109007491419383,,,,,,,,,,,,,,,,,,,,,,0.8181818181818182,0.45,2.0540679642660407,,0,0,,0,0,0,0,0,,,,True,False,False,False,False
2024-12-06,4.68,4.83,4.66,4.8,240657.0,2.7837259100642386,1.8491851574213636,,,,,,,,,,,,,,,,,,,,,,1.0,0.5,2.073376203690298,,0,0,,0,0,0,0,0,,,,True,False,False,False,False
2024-12-09,4.81,4.91,4.78,4.86,262716.24,1.2500000000000178,2.0186862282067373,,,,,,,,,,,,,,,,,,,,,,1.0,0.5,2.1079542649178498,,0,0,,0,0,0,0,0,,,,True,False,True,False,False
2024-12-10,4.96,5.05,4.86,4.86,326357.58,0.0,2.507700141479181,,,,,,,,,,,,,,,,,,,,,,1.0,0.5,2.1509489243890196,,0,0,,0,0,0,0,0,,,,False,False,False,False,False
2024-12-11,4.87,4.94,4.86,4.91,197687.67,1.0288065843621297,1.5190129735233655,,,,,,,,,,,,,,,,,,,,,,1.0,0.5,2.1632627485273384,,0,0,,0,0,0,0,0,,,,True,False,False,False,False
2024-12-12,4.92,4.94,4.83,4.92,209255.97,0.20366598778003286,1.6079026740373652,,,,,,,,,,,,,,,,,,,,,,1.1111111111111112,0.55,2.1312636972927086,,0,0,,0,0,0,0,0,,,,False,False,False,False,False
2024-12-13,4.91,4.91,4.79,4.79,191297.36,-2.6422764227642226,1.4699104483388858,,,,,,,,,,,,,,,,,,,,,,1.1111111111111112,0.55,2.1277567714328254,,0,0,,0,0,0,0,0,,,,False,False,False,False,False
2024-12-16,4.78,4.94,4.78,4.88,240751.6,1.8789144050104456,1.8499120546896421,,,,,,,,,,,,,,,,,,,,,,1.375,0.6,2.139180353882897,,0,0,,0,0,0,0,0,,,,True,False,False,False,False
2024-12-17,4.89,4.98,4.67,4.69,235426.3,-3.8934426229508046,1.808992963539931,,,,,,,,,,,,,,,,,,,,,,1.1111111111111112,0.55,2.1652730305629637,,0,0,,0,0,0,0,0,,,,False,False,False,False,False
2024-12-18,4.72,4.79,4.67,4.69,155334.01,0.0,1.1935715384748489,,,,,,,,,,,,,,,,,,,,,,0.9,0.5,2.1179190083487356,,0,0,,0,0,0,0,0,,,,False,False,False,False,False
2024-12-19,4.66,4.68,4.6,4.66,117483.0,-0.6396588486140775,0.9027280313863052,,,,,,,,,,,,,,,,,,,,,,0.8,0.45,2.081911744917684,,0,0,,0,0,0,0,0,,,,False,False,False,False,False
2024-12-20,4.66,4.68,4.61,4.63,124903.51,-0.6437768240343367,0.9597465139257568,,,,,,,,,,,,,,,,,,,,,,0.8,0.45,1.9551301077070344,,0,0,,0,0,0,0,0,,,,False,False,False,False,False
2024-12-23,4.63,4.63,4.48,4.5,148151.6,-2.8077753779697567,1.1383825933516454,,,,,,,,,,,,,,,,,,,,,,0.6363636363636364,0.4,1.8901182140656316,,0,0,,0,0,0,0,0,,,,False,False,False,False,False
2024-12-24,4.51,4.56,4.49,4.56,105597.26,1.3333333333333197,0.8113991525547343,,,,,,,,,,,,,,,,,,,,,,0.6363636363636364,0.4,1.6776913546358905,,0,0,,0,0,0,0,0,,,,True,False,False,False,False
2024-12-25,4.56,4.57,4.47,4.55,121221.1,-0.21929824561403022,0.931451230948158,,,,,,,,,,,,,,,,,,,,,,0.6363636363636364,0.4,1.540011222202708,,0,0,,0,0,0,0,0,,,,False,False,False,False,False
2024-12-26,4.55,4.65,4.53,4.56,110021.76,0.219780219780219,0.8453965834585137,,,,,,,,,,,,,,,,,,,,,,0.8,0.45,1.4835019557881766,,0,0,,0,0,0,0,0,,,,True,False,False,False,False
2024-12-27,4.55,4.66,4.55,4.62,121505.31,1.3157894736842257,0.9336350731534158,,,,,,,,,,,,,,,,,,,,,,1.0,0.5,1.4419724246111811,,0,0,,0,0,0,0,0,,,,True,False,False,False,False
2024-12-30,4.61,4.63,4.51,4.58,137635.51,-0.8658008658008698,1.0575779729079964,,,,,,,,,,,,,,,,,,,,,,0.8,0.45,1.3884118254177145,,0,0,,0,0,0,0,0,,,,False,False,False,False,False
2024-12-31,4.57,4.63,4.51,4.57,146630.48,-0.21834061135370675,1.1267000814506287,,,,,,,,,,,,,,,,,,,,,,0.8888888888888888,0.45,1.3643311605563535,,0,0,,0,0,0,0,0,,,,False,False,False,False,False
2025-01-02,4.56,4.6,4.44,4.51,147852.4,-1.3129102844639085,1.1360892436734227,,,,,,,,,,,,,,,,,,,,,,0.8888888888888888,0.45,1.338849407397064,,0,0,,0,0,0,0,0,,,,False,False,False,False,False
2025-01-03,4.51,4.57,4.35,4.41,152121.05,-2.2172949002217224,1.1688893020424893,,,,,,,,,,,,,,,,,,,,,,0.7,0.4,1.3418434979282192,,0,0,,0,0,0,0,0,,,,False,False,False,False,False
2025-01-06,4.4,4.46,4.29,4.43,124018.24,0.45351473922901064,0.9529489442397219,,,,,,,,,,,,,,,,,,,,,,0.7,0.4,1.2970316872691372,,0,0,,0,0,0,0,0,,,,True,False,False,False,False
2025-01-07,4.42,4.46,4.39,4.44,73900.0,0.22573363431153126,0.5678433025602962,,,,,,,,,,,,,,,,,,,,,,0.7,0.4,1.224489540986815,,0,0,,0,0,0,0,0,,,,True,False,False,False,False
2025-01-08,4.41,4.43,4.31,4.37,82894.94,-1.5765765765765827,0.636959898445705,,,,,,,,,,,,,,,,,,,,,,0.7,0.4,1.1309525288351414,,0,0,,0,0,0,0,0,,,,False,False,False,False,False
2025-01-09,4.35,4.43,4.35,4.36,77242.6,-0.22883295194507935,0.5935276465811088,,,,,,,,,,,,,,,,,,,,,,0.7,0.35,1.0846782624880285,,0,0,,0,0,0,0,0,,,,True,False,False,False,False
2025-01-10,4.35,4.39,4.23,4.23,117429.36,-2.9816513761467878,0.902320373476887,,,,,,,,,,,,,,,,,,,,,,0.6363636363636364,0.3,1.0493991474600046,,0,0,,0,0,0,0,0,,,,False,False,False,False,False
2025-01-13,4.21,4.25,4.15,4.19,99809.5,-0.9456264775413725,0.7669303938686317,,,,,,,,,,,,,,,,,,,,,,0.6363636363636364,0.3,1.014250144736492,,0,0,,0,0,0,0,0,,,,False,False,False,False,False
2025-01-14,4.18,4.29,4.18,4.28,111429.3,2.1479713603818507,0.8562162613529366,,,,,,,,,,,,,,,,,,,,,,0.6363636363636364,0.3,0.9645653550696565,,0,0,,0,0,0,0,0,,,,True,False,False,False,False
2025-01-15,4.27,4.28,4.17,4.27,127943.04,-0.23364485981309802,0.9831068792043854,,,,,,,,,,,,,,,,,,,,,,0.7,0.3,0.9232710508528795,,0,0,,0,0,0,0,0,,,,False,False,False,False,False
2025-01-16,4.29,4.34,4.22,4.28,132727.58,0.23419203747074846,1.0198710063333682,,,,,,,,,,,,,,,,,,,,,,0.7,0.35,0.9145860242458055,,0,0,,0,0,0,0,0,,,,False,False,False,False,False
2025-01-17,4.26,4.4,4.25,4.37,195836.36,2.102803738317749,1.5047952019456983,,,,,,,,,,,,,,,,,,,,,,0.8,0.4,0.944689382773775,,0,0,,0,0,0,0,0,,,,True,False,False,False,False
2025-01-20,4.39,4.41,4.31,4.36,84867.22,-0.22883295194507935,0.6521147832734943,,,,,,,,,,,,,,,,,,,,,,0.8,0.4,0.9293077962411619,,0,0,,0,0,0,0,0,,,,False,False,False,False,False
2025-01-21,4.36,4.38,4.26,4.27,120041.73,-2.064220183486254,0.9223936726421028,,,,,,,,,,,,,,,,,,,,,,0.8,0.4,0.9185083502056848,,0,0,,0,0,0,0,0,,,,False,False,False,False,False
2025-01-22,4.16,4.17,3.99,4.03,216230.12,-5.620608899297408,1.6614996678458616,,,,,,,,,,,,,,,,,,,,,,0.6363636363636364,0.35,0.9610133759702411,,0,0,,0,0,0,0,0,,,,False,False,False,False,False
2025-01-23,4.06,4.23,4.06,4.07,179296.57,0.992555831265518,1.3777044174091115,,,,,,,,,,,,,,,,,,,,,,0.8,0.4,0.9833260352932889,,0,0,,0,0,0,0,0,,,,True,False,False,False,False
2025-01-24,4.05,4.13,4.03,4.09,88930.83,0.49140049140048436,0.6833393262060659,,,,,,,,,,,,,,,,,,,,,,0.8,0.4,0.9752231724306663,,0,0,,0,0,0,0,0,,,,True,False,False,False,False
2025-01-27,4.1,4.2,4.09,4.11,93725.7,0.4889975550122383,0.7201828284543377,,,,,,,,,,,,,,,,,,,,,,0.8,0.4,0.9645505601957126,,0,0,,0,0,0,0,0,,,,True,False,False,False,False
2025-02-05,4.11,4.14,4.06,4.1,77350.2,-0.24330900243311193,0.5943544387239436,,,,,,,,,,,,,,,,,,,,,,0.8,0.4,0.9413893834865099,,0,0,,0,0,0,0,0,,,,False,False,False,False,False
2025-02-06,4.09,4.12,4.07,4.12,109848.6,0.4878048780487809,0.8440702544739508,,,,,,,,,,,,,,,,,,,,,,0.9,0.45,0.927257892137676,,0,0,,0,0,0,0,0,,,,True,False,False,False,False
2025-02-07,4.13,4.19,4.11,4.17,155732.6,1.213592233009697,1.1966402422232962,,,,,,,,,,,,,,,,,,,,,,1.1111111111111112,0.5,0.9302854420651695,,0,0,,0,0,0,0,0,,,,True,False,False,False,False
2025-02-10,4.17,4.38,4.17,4.36,286943.31,4.556354916067162,2.2048557076858306,,,,,,,,,,,,,,,,,,,,,,1.375,0.55,0.9820837623473366,,0,0,,0,0,0,0,0,,,,True,False,True,False,False
2025-02-11,4.49,4.52,4.37,4.42,266611.35,1.3761467889908063,2.048626109391868,,,,,,,,,,,,,,,,,,,,,,1.1111111111111112,0.55,1.0368676206049439,,0,0,,0,0,0,0,0,,,,False,False,True,True,False
2025-02-12,4.44,4.51,4.42,4.48,189423.2,1.3574660633484337,1.4555168534443779,,,,,,,,,,,,,,,,,,,,,,1.1111111111111112,0.55,1.0812512981491482,,0,0,,0,0,0,0,0,,,,True,False,False,False,False
2025-02-13,4.47,4.52,4.38,4.38,145068.4,-2.2321428571428714,1.114697149568851,,,,,,,,,,,,,,,,,,,,,,1.1111111111111112,0.55,1.1051381607053055,,0,0,,0,0,0,0,0,,,,False,False,False,False,False
2025-02-14,4.39,4.42,4.32,4.33,115297.89,-1.1415525114155223,0.8859422819463296,,,,,,,,,,,,,,,,,,,,,,0.9,0.55,1.1197588924735664,,0,0,,0,0,0,0,0,,,,False,False,False,False,False
2025-02-17,4.36,4.39,4.33,4.37,106089.88,0.9237875288683695,0.8151884685713873,,,,,,,,,,,,,,,,,,,,4.324833333333333,,1.1111111111111112,0.6,1.1154022972282915,,0,0,,0,0,0,0,0,,,,True,False,False,False,False
2025-02-18,4.38,4.39,4.25,4.27,121165.4,-2.2883295194508158,0.9310278875783399,,,,,,,,,,,,,,,,,,,,4.3285,,1.1111111111111112,0.6,1.1236071719137768,,0,0,,0,0,0,0,0,,,,False,False,False,False,False
2025-02-19,4.28,4.31,4.24,4.31,129271.53,0.936768149882905,0.9933149191099109,,,,,,,,,,,,,,,,,,,,4.3323333333333345,,1.1111111111111112,0.6,1.1304621048016257,,0,0,,0,0,0,0,0,,,,True,False,False,False,False
2025-02-20,4.28,4.33,4.26,4.3,101413.02,-0.23201856148491462,0.779251748300587,,,,,,,,,,,,,,,,,,,,4.336416666666667,,1.2222222222222223,0.6,1.1202693482564354,,0,0,,0,0,0,0,0,,,,True,False,False,False,False
2025-02-21,4.29,4.31,4.25,4.31,128404.55,0.23255813953488857,0.9866530952066129,,,,,,,,,,,,,,,,,,,,4.340583333333333,,1.5,0.6,1.118608452700098,,0,0,,0,0,0,0,0,,,,True,False,False,False,False
2025-02-24,4.32,4.36,4.29,4.35,113744.91,0.9280742459396807,0.8740092739353676,,,,,,,,,,,,,,,,,,,,4.345333333333333,,1.5,0.6,1.0870691562995813,,0,0,,0,0,0,0,0,,,,True,False,False,False,False
2025-02-25,4.33,4.35,4.28,4.29,102244.25,-1.3793103448275779,0.7856388712828224,,,,,,,,,,,,,,,,,,,,4.3495,,1.5,0.6,1.0937453607000478,,0,0,,0,0,0,0,0,,,,False,False,False,False,False
2025-02-26,4.35,4.48,4.33,4.41,215098.75,2.7972027972027913,1.6528062865573956,,,,,,,,,,,,,,,,,,,,4.355333333333333,,1.8571428571428572,0.65,1.1302659913958124,,0,0,,0,0,0,0,0,,,,True,False,True,False,False
2025-02-27,4.4,4.42,4.33,4.38,127836.88,-0.6802721088435382,0.9822911519378117,,,,,,,,,,,,,,,,,,,,4.361166666666667,,1.8571428571428572,0.65,1.09630556560041,,0,0,,0,0,0,0,0,,,,False,False,False,False,False
2025-02-28,4.37,4.41,4.31,4.32,108334.66,-1.3698630136986245,0.8324372275527311,,,,,,,,,,,,,,,,,,,,4.365666666666667,,1.5,0.6,1.0690422061075908,,0,0,,0,0,0,0,0,,,,False,False,False,False,False
2025-03-03,4.34,4.47,4.33,4.36,214814.6,0.92592592592593,1.6506228944813128,,,,,,,,,,,,,,,,,,,,4.3709999999999996,,1.5,0.6,1.1174063845213533,,0,0,,0,0,0,0,0,,,,True,False,False,False,False
2025-03-04,4.35,4.41,4.31,4.37,163887.48,0.2293577981651307,1.2593018659199529,,,,,,,,,,,,,,,,,,,,4.37625,,1.5,0.6,1.144362336394634,,0,0,,0,0,0,0,0,,,,True,False,False,False,False
2025-03-05,4.37,4.38,4.27,4.3,124783.0,-1.6018306636155666,0.9588253156073266,,,,,,,,,,,,,,,,,,,,4.380416666666667,,1.5,0.6,1.1625858802388032,,0,0,,0,0,0,0,0,,,,False,False,False,False,False
2025-03-06,4.31,4.35,4.27,4.34,136956.54,0.9302325581395321,1.0523660890504916,,,,,,,,,,,,,,,,,,,,4.3845833333333335,,1.5,0.6,1.1730006719676302,,0,0,,0,0,0,0,0,,,,True,False,False,False,False
2025-03-07,4.33,4.39,4.32,4.35,129466.78,0.23041474654377225,0.9948152087557147,,,,,,,,,,,,,,,,,,,,4.389166666666666,,1.5,0.6,1.1629094202942512,,0,0,,0,0,0,0,0,,,,True,False,False,False,False
2025-03-10,4.36,4.4,4.33,4.36,105071.78,0.22988505747127963,0.8073654473760337,,,,,,,,,,,,,,,,,,,,4.3935,,1.375,0.6,1.0930349072787613,,0,0,,0,0,0,0,0,,,,False,False,False,False,False
2025-03-11,4.34,4.42,4.31,4.42,143909.04,1.3761467889908063,1.105788694748062,,,,,,,,,,,,,,,,,,,,4.398666666666666,,1.7142857142857142,0.6,1.045893036546571,,0,0,,0,0,0,0,0,,,,True,False,True,False,False
2025-03-12,4.43,4.49,4.41,4.45,179780.33,0.6787330316742057,1.3814216011174547,,,,,,,,,,,,,,,,,,,,4.403833333333334,,1.7142857142857142,0.6,1.0421882739302248,,0,0,,0,0,0,0,0,,,,True,False,True,False,False
2025-03-13,4.47,4.48,4.38,4.43,126722.6,-0.44943820224719877,0.9737290892155264,,,,,,,,,,,,,,,,,,,,4.409249999999999,,1.7142857142857142,0.6,1.0351398709125585,,0,0,,0,0,0,0,0,,,,False,False,False,False,False
2025-03-14,4.42,4.47,4.38,4.46,145356.7,0.6772009029345494,1.1169124300036024,,,,,,,,,,,,,,,,,,,,4.41525,,2.1666666666666665,0.65,1.0466883783154224,,0,0,,0,0,0,0,0,,,,True,False,False,False,False
2025-03-17,4.47,4.5,4.46,4.47,121686.42,0.22421524663676085,0.9350313749599363,,,,,,,,,,,,,,,,,,,,4.421583333333333,,2.0,0.65,1.0526805236348495,,0,0,,0,0,0,0,0,,,,False,False,False,False,False
2025-03-18,4.48,4.53,4.46,4.52,166674.44,1.118568232662187,1.2807167044923944,,,,,,,,,,,,,,,,,,,,4.428583333333333,,2.6,0.7,1.0701649644805524,,0,0,,0,0,0,0,0,,,,True,False,True,True,True
2025-03-19,4.5,4.57,4.49,4.53,149235.16,0.22123893805310324,1.1467142911030341,,,,,,,,,,,,,,,,,,,,4.4355,,2.6,0.7,1.0778349330802084,,0,0,,0,0,0,0,0,,,,True,False,False,False,True
2025-03-20,4.51,4.68,4.5,4.62,236561.71,1.9867549668874052,1.8177264230813406,,,,,,,,,,,,,,,,,,,,4.4435,,2.6,0.75,1.1297586668192463,,0,0,,0,0,0,0,0,,,,True,False,True,True,True
2025-03-21,4.62,4.65,4.57,4.61,143254.55,-0.21645021645021467,1.1007596316480255,,,,,,,,,,,,,,,,,,,,4.452416666666666,,2.0,0.7,1.135463993641317,,0,0,,0,0,0,0,0,,,,False,False,False,False,False
2025-03-24,4.61,4.62,4.45,4.53,177482.4,-1.7353579175705014,1.3637644406268947,,,,,,,,,,,,,,,,,,,,4.4595,,1.5714285714285714,0.65,1.1599517519758933,,0,0,,0,0,0,0,0,,,,False,False,False,False,False
2025-03-25,4.53,4.64,4.5,4.62,187786.6,1.9867549668874052,1.4429413142160938,,,,,,,,,,,,,,,,,,,,4.467666666666667,,2.0,0.7,1.1928168741225567,,0,0,,0,0,0,0,0,,,,True,False,False,False,False
2025-03-26,4.62,4.7,4.61,4.66,200640.9,0.8658008658008587,1.5417130079116392,,,,,,,,,,,,,,,,,,,,4.475833333333333,,2.0,0.7,1.1872622101902688,,0,0,,0,0,0,0,0,,,,True,False,False,False,True
2025-03-27,4.66,4.73,4.63,4.66,147614.4,0.0,1.134260465513621,,,,,,,,,,,,,,,,,,,,4.4824166666666665,,2.4,0.7,1.1948606758690592,,0,0,,0,0,0,0,0,,,,False,False,False,False,False
2025-03-28,4.66,4.66,4.51,4.52,147738.5,-3.0042918454935785,1.1352140426969464,,,,,,,,,,,,,,,,,,,,4.48725,,2.4,0.7,1.20999951662627,,0,0,,0,0,0,0,0,,,,False,False,False,False,False
2025-03-31,4.49,4.51,4.36,4.4,154573.5,-2.65486725663715,1.1877337852273877,,,,,,,,,,,,,,,,,,,,4.489583333333333,,1.8333333333333333,0.65,1.1868550611635738,,0,0,,0,0,0,0,0,,,,False,False,False,False,False
2025-04-01,4.43,4.55,4.41,4.5,138781.42,2.2727272727272707,1.0663883608498992,,,,,,,,,,,,,,,,,,,,4.491583333333334,,1.8333333333333333,0.65,1.1772093859100712,,0,0,,0,0,0,0,0,,,,True,False,False,False,False
2025-04-02,4.5,4.51,4.44,4.48,86793.3,-0.4444444444444362,0.6669146699879102,,,,,,,,,,,,,,,,,,,,4.49075,,1.8333333333333333,0.65,1.1626138536291004,,0,0,,0,0,0,0,0,,,,False,False,False,False,False
2025-04-03,4.45,4.51,4.42,4.49,95684.02,0.22321428571427937,0.7352304454539301,,,,,,,,,,,,,,,,,,,,4.488083333333334,,1.8333333333333333,0.65,1.1467570714492723,,0,0,,0,0,0,0,0,,,,True,False,False,False,False
2025-04-07,4.31,4.31,4.04,4.04,252533.0,-10.022271714922049,1.9404488866773923,,,,,,,,,,,,,,,,,,,,4.4855833333333335,,1.4285714285714286,0.6,1.1940387553453564,,0,0,,0,0,0,0,0,,,,False,False,False,False,False
2025-04-08,4.06,4.11,3.96,4.01,171894.63,-0.7425742574257432,1.320828340887418,,,,,,,,,,,,,,,,,,,,4.482666666666666,,1.25,0.55,1.2197119000209253,,0,0,,0,0,0,0,0,,,,False,False,False,False,False
2025-04-09,3.96,4.18,3.81,4.12,197640.22,2.743142144638422,1.518655957287463,,,,,,,,,,,,,,,,,,,,4.481999999999999,,1.25,0.55,1.2403552631478956,,0,0,,0,0,0,0,0,,,,True,False,False,False,False
2025-04-10,4.2,4.23,4.12,4.14,127000.2,0.4854368932038833,0.9758621514725053,,,,,,,,,,,,,,,,,,,,4.480999999999999,,1.0,0.55,1.220077290665648,,0,0,,0,0,0,0,0,,,,False,False,False,False,False
2025-04-11,4.11,4.23,4.09,4.14,113901.1,0.0,0.8752094288125921,,,,,,,,,,,,,,,,,,,,4.480416666666668,,1.25,0.55,1.2151513076455014,,0,0,,0,0,0,0,0,,,,True,False,False,False,False
2025-04-14,4.16,4.22,4.15,4.18,112310.0,0.9661835748792313,0.8629835089383879,,,,,,,,,,,,,,,,,,,,4.478750000000001,,1.25,0.55,1.2024548615922406,,0,0,,0,0,0,0,0,,,,True,False,False,False,False
2025-04-15,4.19,4.2,4.14,4.17,54549.3,-0.23923444976076125,0.4191536490440104,,,,,,,,,,,,,,,,,,,,4.478166666666667,,1.1111111111111112,0.5,1.1766609752964443,,0,0,,0,0,0,0,0,,,,False,False,False,False,False
2025-04-16,4.17,4.17,4.01,4.09,104081.6,-1.918465227817745,0.7997569618370735,,,,,,,,,,,,,,,,,,,,4.476,,0.9,0.45,1.1526129881636782,,0,0,,0,0,0,0,0,,,,False,False,False,False,False
2025-04-17,4.07,4.17,4.06,4.11,90051.07,0.4889975550122383,0.6919471852217648,,,,,,,,,,,,,,,,,,,,4.474,,0.9,0.45,1.1298746328696148,,0,0,,0,0,0,0,0,,,,True,False,False,False,False
2025-04-18,4.12,4.13,4.08,4.11,50993.14,0.0,0.3918283224021589,,,,,,,,,,,,,,,,,,,,4.471583333333333,,0.7272727272727273,0.4,1.058579727835656,,0,0,,0,0,0,0,0,,,,False,False,False,False,False
2025-04-21,4.09,4.12,4.08,4.12,65243.5,0.24330900243307862,0.5013272599538929,,,,,,,,,,,,,,,,,,,,4.468500000000001,,0.9,0.45,1.0286081092509491,,0,0,,0,0,0,0,0,,,,True,False,False,False,False
2025-04-22,4.1,4.15,4.09,4.14,69766.67,0.4854368932038833,0.5360830352020886,,,,,,,,,,,,,,,,,,,,4.465583333333333,,1.1111111111111112,0.5,0.9872240389797087,,0,0,,0,0,0,0,0,,,,True,False,False,False,False
2025-04-23,4.16,4.54,4.13,4.44,339511.03,7.246376811594213,2.6087830112428665,,,,,,,,,,,,,,,,,,,,4.4639999999999995,,1.1111111111111112,0.5,1.0455161238310473,,0,0,,0,0,0,0,0,,,,True,False,True,True,False
2025-04-24,4.33,4.42,4.23,4.32,288511.2,-2.7027027027027084,2.216903283269745,,,,,,,,,,,,,,,,,,,,4.460666666666667,,0.9,0.45,1.0792756375989527,,0,0,,0,0,0,0,0,,,,False,False,False,False,False
2025-04-25,4.53,4.75,4.45,4.75,1098000.71,9.953703703703699,8.436973604600137,,,,,,,,,,,,,,,,,,,,4.462000000000001,,1.0,0.5,1.4444112945532788,,0,0,,0,0,0,0,0,,,,True,False,True,True,True
2025-04-28,4.6,4.64,4.44,4.45,728961.53,-6.315789473684208,5.601298005881008,,,,,,,,,,,,,,,,,,,,4.460583333333334,,1.0,0.5,1.6677154927124818,,0,0,,0,0,0,0,0,,,,False,False,False,False,False
2025-04-29,4.47,4.55,4.45,4.51,396372.68,1.348314606741563,3.0457046232188834,,,,,,,,,,,,,,,,,,,,4.460833333333334,,1.2222222222222223,0.55,1.7606140346120565,,0,0,,0,0,0,0,0,,,,True,False,False,False,False
2025-04-30,4.51,4.54,4.37,4.38,328909.09,-2.882483370288247,2.5273183208078716,,,,,,,,,,,,,,,,,,,,4.460416666666666,,1.0,0.5,1.833660532609955,,0,0,,0,0,0,0,0,,,,False,False,False,False,False
2025-05-06,4.41,4.49,4.39,4.49,249434.87,2.511415525114158,1.9166430359201376,,,,,,,,,,,,,,,,,,,,4.460583333333334,,1.2222222222222223,0.55,1.8961469509065665,,0,0,,0,0,0,0,0,,,,True,False,False,False,False
2025-05-07,4.53,4.58,4.48,4.57,247571.52,1.7817371937639104,1.9023251628778408,,,,,,,,,,,,,,,,,,,,4.460666666666667,,1.2222222222222223,0.55,1.9545016867777618,,0,0,,0,0,0,0,0,,,,True,False,False,False,False
2025-05-08,4.54,4.58,4.5,4.55,199304.8,-0.4376367614879806,1.5314464932086513,,,,,,,,,,,,,,,,,,,,4.4606666666666674,,1.5,0.55,1.934051567104325,,0,0,,0,0,0,0,0,,,,True,False,False,False,False
2025-05-09,4.55,4.57,4.47,4.47,164096.73,-1.758241758241763,1.260909730751627,,,,,,,,,,,,,,,,,,,,4.459,,1.5,0.55,1.931055636597535,,0,0,,0,0,0,0,0,,,,False,False,False,False,False
2025-05-12,4.52,4.58,4.51,4.53,174202.2,1.3422818791946511,1.3385595745773917,,,,,,,,,,,,,,,,,,,,4.4582500000000005,,1.5,0.55,1.9220508174620317,,0,0,,0,0,0,0,0,,,,True,False,False,False,False
2025-05-13,4.55,4.62,4.51,4.58,210687.3,1.103752759381904,1.6189089612924479,,,,,,,,,,,,,,,,,,,,4.457666666666666,,1.8571428571428572,0.55,1.9542031579530288,,0,0,,0,0,0,0,0,,,,True,False,False,False,False
2025-05-14,4.56,4.67,4.55,4.64,248882.08,1.3100436681222627,1.9123954297060333,,,,,,,,,,,,,,,,,,,,4.45775,,1.8571428571428572,0.6,2.006062457997701,,0,0,,0,0,0,0,0,,,,True,False,True,False,False
2025-05-15,4.63,4.7,4.57,4.6,161126.58,-0.8620689655172376,1.2380872708720674,,,,,,,,,,,,,,,,,,,,4.457416666666666,,1.5,0.55,2.0248176460943847,,0,0,,0,0,0,0,0,,,,False,False,False,False,False
2025-05-16,4.59,4.63,4.57,4.62,136290.8,0.43478260869567187,1.047250581604666,,,,,,,,,,,,,,,,,,,,4.45725,,1.8571428571428572,0.6,2.0562224927224175,,0,0,,0,0,0,0,0,,,,True,False,False,False,False
2025-05-19,4.61,4.69,4.61,4.66,179502.2,0.8658008658008587,1.3792844663712964,,,,,,,,,,,,,,,,,,,,4.458666666666667,,2.3333333333333335,0.65,2.0851988679491287,,0,0,,0,0,0,0,0,,,,True,False,False,False,False
2025-05-20,4.65,4.69,4.59,4.64,165827.0,-0.42918454935623185,1.2742050248128043,,,,,,,,,,,,,,,,,,,,4.46,,1.8571428571428572,0.6,2.1143117599286807,,0,0,,0,0,0,0,0,,,,False,False,False,False,False
2025-05-21,4.63,4.68,4.61,4.62,122971.57,-0.4310344827586077,0.9449063928257734,,,,,,,,,,,,,,,,,,,,4.460333333333334,,1.8571428571428572,0.6,2.1419656634498616,,0,0,,0,0,0,0,0,,,,False,False,False,False,False
2025-05-22,4.6,4.62,4.52,4.53,138499.02,-1.9480519480519431,1.0642184156720504,,,,,,,,,,,,,,,,,,,,4.458833333333334,,1.5,0.55,2.1701102212357695,,0,0,,0,0,0,0,0,,,,False,False,False,False,False
2025-05-23,4.52,4.6,4.51,4.51,126025.27,-0.44150110375277274,0.9683708460467257,,,,,,,,,,,,,,,,,,,,4.456916666666667,,1.2222222222222223,0.5,2.1917246117780014,,0,0,,0,0,0,0,0,,,,False,False,False,False,False
2025-05-26,4.49,4.55,4.49,4.54,94072.86,0.6651884700665134,0.722850385706257,,,,,,,,,,,,,,,,,,,,4.455583333333333,,1.2222222222222223,0.5,2.0974279805011706,,0,0,,0,0,0,0,0,,,,True,False,False,False,False
2025-05-27,4.51,4.57,4.48,4.57,102294.5,0.6607929515418665,0.7860249893606795,,,,,,,,,,,,,,,,,,,,4.45325,,1.5,0.55,2.0258840658057173,,0,0,,0,0,0,0,0,,,,True,False,False,False,False
2025-05-28,4.55,4.72,4.55,4.59,225661.84,0.4376367614879584,1.7339724558515992,,,,,,,,,,,,,,,,,,,,4.449749999999999,,1.5,0.55,1.6907340083682907,,0,0,,0,0,0,0,0,,,,True,False,False,False,False
2025-05-29,4.61,4.63,4.59,4.61,139314.7,0.43572984749455923,1.0704860533585507,,,,,,,,,,,,,,,,,,,,4.447916666666667,,1.7142857142857142,0.6,1.4641934107421677,,0,0,,0,0,0,0,0,,,,False,False,False,False,False
2025-05-30,4.61,4.63,4.55,4.56,106726.1,-1.0845986984815759,0.8200771460538624,,,,,,,,,,,,,,,,,,,,4.4463333333333335,,1.375,0.55,1.3529120368839167,,0,0,,0,0,0,0,0,,,,False,False,False,False,False
2025-06-03,4.55,4.58,4.53,4.55,80669.04,-0.21929824561403022,0.6198562122864498,,,,,,,,,,,,,,,,,,,,4.444833333333333,,1.5714285714285714,0.55,1.2575389314578458,,0,0,,0,0,0,0,0,,,,False,False,False,False,False
2025-06-04,4.55,4.6,4.54,4.59,106386.7,0.879120879120876,0.8174692161906829,,,,,,,,,,,,,,,,,,,,4.442916666666666,,1.5714285714285714,0.55,1.202580240471373,,0,0,,0,0,0,0,0,,,,True,False,False,False,False
2025-06-05,4.64,4.7,4.57,4.59,141133.1,0.0,1.084458533214784,,,,,,,,,,,,,,,,,,,,4.441416666666667,,1.25,0.5,1.16168690898822,,0,0,,0,0,0,0,0,,,,False,False,False,False,False
2025-06-06,4.59,4.7,4.58,4.67,193628.41,1.7429193899782147,1.4878294425426128,,,,,,,,,,,,,,,,,,,,4.441583333333333,,1.25,0.55,1.159506056454918,,0,0,,0,0,0,0,0,,,,True,False,False,False,False
2025-06-09,4.69,4.72,4.64,4.71,159919.79,0.8565310492505418,1.2288143666894322,,,,,,,,,,,,,,,,,,,,4.441916666666668,,1.5714285714285714,0.6,1.1579012882518085,,0,0,,0,0,0,0,0,,,,True,False,True,False,False
2025-06-10,4.71,4.72,4.61,4.67,147023.0,-0.849256900212314,1.129716182304769,,,,,,,,,,,,,,,,,,,,4.440833333333333,,1.25,0.55,1.1474591186381773,,0,0,,0,0,0,0,0,,,,False,False,False,False,False
2025-06-11,4.67,4.7,4.66,4.69,98713.68,0.4282655246252709,0.7585101767128588,,,,,,,,,,,,,,,,,,,,4.439416666666667,,1.25,0.55,1.1044391794091977,,0,0,,0,0,0,0,0,,,,True,False,False,False,False
2025-06-12,4.68,4.69,4.62,4.66,125924.9,-0.6396588486140775,0.9675996088034513,,,,,,,,,,,,,,,,,,,,4.437749999999999,,1.0,0.5,1.0571993883640687,,0,0,,0,0,0,0,0,,,,False,False,False,False,False
2025-06-13,4.64,4.7,4.63,4.65,162862.54,-0.21459227467810482,1.2514262865623593,,,,,,,,,,,,,,,,,,,,4.435583333333333,,1.25,0.5,1.0578663391485832,,0,0,,0,0,0,0,0,,,,True,False,False,False,False
2025-06-16,4.66,4.67,4.62,4.64,110293.2,-0.21505376344087557,0.84748653501953,,,,,,,,,,,,,,,,,,,,4.43325,,1.0,0.45,1.0478781368193264,,0,0,,0,0,0,0,0,,,,False,False,False,False,False
2025-06-17,4.64,4.81,4.64,4.78,282519.41,3.0172413793103647,2.170862717344877,,,,,,,,,,,,,,,,,,,,4.433166666666666,,1.0,0.45,1.0874570493680056,,0,0,,0,0,0,0,0,,,,True,False,True,True,True
2025-06-18,4.75,4.8,4.71,4.74,209356.83,-0.8368200836820106,1.6086857071820635,,,,,,,,,,,,,,,,,,,,4.4319999999999995,,1.0,0.45,1.1041810834864685,,0,0,,0,0,0,0,0,,,,False,False,False,False,False
2025-06-19,4.72,4.75,4.58,4.6,233194.66,-2.9535864978903037,1.7918542066823466,,,,,,,,,,,,,,,,,,,,4.43125,,1.0,0.45,1.1465284741792972,,0,0,,0,0,0,0,0,,,,False,False,False,False,False
2025-06-20,4.59,4.61,4.52,4.52,146640.16,-1.7391304347826098,1.1267744620077167,,,,,,,,,,,,,,,,,,,,4.429833333333333,,1.0,0.45,1.1496562764960805,,0,0,,0,0,0,0,0,,,,False,False,False,False,False
2025-06-23,4.5,4.65,4.48,4.65,165954.5,2.8761061946902755,1.2751847273984125,,,,,,,,,,,,,,,,,,,,4.429749999999999,,1.25,0.5,1.1649969705636647,,0,0,,0,0,0,0,0,,,,True,False,False,False,False
2025-06-24,4.64,4.94,4.61,4.82,396142.97,3.6559139784946293,3.043939544937001,,,,,,,,,,,,,,,,,,,,4.431333333333333,,1.25,0.5,1.281051428525202,,0,0,,0,0,0,0,0,,,,True,False,True,True,True
2025-06-25,4.8,4.86,4.78,4.81,228024.56,-0.20746887966806016,1.7521274589344846,,,,,,,,,,,,,,,,,,,,4.433916666666666,,1.25,0.45,1.3293565520038921,,0,0,,0,0,0,0,0,,,,True,False,False,False,False
2025-06-26,4.83,4.88,4.8,4.82,215582.3,0.20790020790022457,1.6565218566379505,,,,,,,,,,,,,,,,,,,,4.436083333333333,,1.0,0.45,1.3254840220432098,,0,0,,0,0,0,0,0,,,,False,False,False,False,False
2025-06-27,4.86,5.03,4.85,4.88,258420.6,1.2448132780082943,1.9856888627011273,,,,,,,,,,,,,,,,,,,,4.438833333333333,,1.1111111111111112,0.45,1.3712441625103386,,0,0,,0,0,0,0,0,,,,True,False,False,False,True
2025-06-30,4.87,5.0,4.81,4.96,280364.14,1.6393442622950838,2.1543196756198184,,,,,,,,,,,,,,,,,,,,4.442166666666667,,1.375,0.5,1.4379562889886364,,0,0,,0,0,0,0,0,,,,True,False,False,False,True
2025-07-01,4.96,5.06,4.95,5.05,310141.52,1.814516129032251,2.3831292360094176,,,,,,,,,,,,,,,,,,,,4.44575,,1.5,0.55,1.5261199401747847,,0,0,,0,0,0,0,0,,,,True,False,True,True,True
2025-07-02,5.04,5.12,5.0,5.01,219168.62,-0.7920792079207928,1.6840929454973925,,,,,,,,,,,,,,,,,,,,4.449333333333333,,1.2222222222222223,0.5,1.56945112664012,,0,0,,0,0,0,0,0,,,,False,False,False,False,False
2025-07-03,5.0,5.07,4.95,5.04,227918.28,0.5988023952095967,1.7513253836151335,,,,,,,,,,,,,,,,,,,,4.453250000000001,,1.5,0.55,1.6027944691601377,,0,0,,0,0,0,0,0,,,,True,False,False,False,False
2025-07-04,5.04,5.07,4.94,4.96,242826.8,-1.5873015873015928,1.8658825376447876,,,,,,,,,,,,,,,,,,,,4.456999999999999,,1.2222222222222223,0.5,1.6216971239152465,,0,0,,0,0,0,0,0,,,,False,False,False,False,False
2025-07-07,4.96,4.98,4.93,4.98,110355.66,0.40322580645162365,0.8479735306163299,,,,,,,,,,,,,,,,,,,,4.461749999999999,,1.2222222222222223,0.5,1.6026550821115912,,0,0,,0,0,0,0,0,,,,True,False,False,False,False
2025-07-08,4.97,5.16,4.97,5.13,270173.93,3.0120481927710774,2.0760180429584594,,,,,,,,,,,,,,,,,,,,4.467583333333334,,1.5,0.55,1.6499701751442757,,0,0,,0,0,0,0,0,,,,True,False,True,True,True
2025-07-09,5.13,5.18,5.09,5.11,169890.2,-0.3898635477582735,1.305437280798415,,,,,,,,,,,,,,,,,,,,4.473166666666667,,1.2222222222222223,0.5,1.6773165303485533,,0,0,,0,0,0,0,0,,,,False,False,False,False,False
2025-07-10,5.1,5.15,5.1,5.11,159686.25,0.0,1.2270300698974743,,,,,,,,,,,,,,,,,,,,4.479333333333333,,1.5,0.5,1.6902880534032547,,0,0,,0,0,0,0,0,,,,True,False,False,False,False
2025-07-11,5.13,5.21,5.08,5.16,219003.4,0.9784735812133016,1.6828233940604436,,,,,,,,,,,,,,,,,,,,4.486,,1.5,0.55,1.7118579087781591,,0,0,,0,0,0,0,0,,,,True,False,False,False,True
2025-07-14,5.16,5.2,5.13,5.16,134574.8,0.0,1.034073542652787,,,,,,,,,,,,,,,,,,,,4.49375,,1.7142857142857142,0.55,1.7211872591598218,,0,0,,0,0,0,0,0,,,,False,False,False,False,False
2025-07-15,5.16,5.16,4.99,5.01,249142.03,-2.9069767441860517,1.9144088015423908,,,,,,,,,,,,,,,,,,,,4.500583333333334,,1.375,0.5,1.7083645633696978,,0,0,,0,0,0,0,0,,,,False,False,False,False,False
2025-07-16,5.0,5.0,4.9,4.94,271523.8,-1.3972055888223478,2.086390451856862,,,,,,,,,,,,,,,,,,,,4.506083333333334,,1.375,0.5,1.7322498006034373,,0,0,,0,0,0,0,0,,,,False,False,False,False,False
2025-07-17,4.96,4.98,4.9,4.96,195481.36,0.4048582995951344,1.5020799024615663,,,,,,,,,,,,,,,,,,,,4.511833333333334,,1.5714285714285714,0.55,1.7177610853923984,,0,0,,0,0,0,0,0,,,,False,False,False,False,False
2025-07-18,4.97,5.06,4.96,5.03,155268.09,1.4112903225806495,1.1930809028676377,,,,,,,,,,,,,,,,,,,,4.518083333333333,,2.0,0.6,1.7210764074353946,,0,0,,0,0,0,0,0,,,,True,False,False,False,False
2025-07-21,5.07,5.24,5.06,5.19,295301.7,3.1809145129224614,2.2690999731776715,,,,,,,,,,,,,,,,,,,,4.524916666666667,,2.0,0.6,1.7707721697243575,,0,0,,0,0,0,0,0,,,,True,False,False,False,True
2025-07-22,5.18,5.27,5.13,5.27,240537.79,1.541425818882458,1.8482937715469174,,,,,,,,,,,,,,,,,,,,4.532500000000001,,2.0,0.6,1.7109898810548532,,0,0,,0,0,0,0,0,,,,True,False,True,True,True
2025-07-23,5.27,5.3,5.17,5.17,201469.87,-1.8975332068311146,1.548095647986818,,,,,,,,,,,,,,,,,,,,4.54,,1.5714285714285714,0.6,1.7007882905074703,,0,0,,0,0,0,0,0,,,,False,False,False,False,False
2025-07-24,5.17,5.4,5.16,5.36,368741.32,3.675048355899424,2.8334104386175194,,,,,,,,,,,,,,,,,,,,4.551083333333334,,2.0,0.6,1.7596327196064485,,0,0,,0,0,0,0,0,,,,True,False,True,True,True
2025-07-25,5.37,5.42,5.31,5.34,236085.5,-0.3731343283582156,1.8140823493994014,,,,,,,,,,,,,,,,,,,,4.561666666666667,,1.5714285714285714,0.55,1.7510523939413623,,0,0,,0,0,0,0,0,,,,False,False,False,False,False
2025-07-28,5.34,5.41,5.26,5.37,216871.35,0.5617977528090012,1.6664407095116807,,,,,,,,,,,,,,,,,,,,4.572333333333334,,1.5714285714285714,0.55,1.7266584456359553,,0,0,,0,0,0,0,0,,,,True,False,False,False,True
2025-07-29,5.37,5.41,5.27,5.34,185452.0,-0.5586592178770999,1.4250142421318452,,,,,,,,,,,,,,,,,,,,4.582583333333333,,1.25,0.5,1.6787526959420767,,0,0,,0,0,0,0,0,,,,False,False,False,False,False
2025-07-30,5.34,5.37,5.25,5.28,151339.52,-1.1235955056179692,1.1628937482334905,,,,,,,,,,,,,,,,,,,,4.592416666666667,,1.25,0.5,1.6526927360788815,,0,0,,0,0,0,0,0,,,,False,False,False,False,False
2025-07-31,5.28,5.29,5.14,5.17,191801.7,-2.083333333333337,1.4738053737090975,,,,,,,,,,,,,,,,,,,,4.601166666666667,,1.0,0.45,1.6388167355835797,,0,0,,0,0,0,0,0,,,,False,False,False,False,False
2025-08-01,5.18,5.22,5.15,5.2,115688.81,0.5802707930367523,0.8889534861057581,,,,,,,,,,,,,,,,,,,,4.609750000000001,,1.25,0.5,1.5899702830066282,,0,0,,0,0,0,0,0,,,,True,False,False,False,False
2025-08-04,5.2,5.2,5.14,5.16,136728.26,-0.7692307692307665,1.050620741765556,,,,,,,,,,,,,,,,,,,,4.616416666666667,,1.0,0.45,1.6001026435640895,,0,0,,0,0,0,0,0,,,,False,False,False,False,False
2025-08-05,5.15,5.17,5.11,5.14,144026.54,-0.387596899224818,1.1067007675569522,,,,,,,,,,,,,,,,,,,,4.622416666666667,,0.8,0.4,1.551636779794014,,0,0,,0,0,0,0,0,,,,False,False,False,False,False
2025-08-06,5.16,5.25,5.1,5.13,198422.04,-0.1945525291828787,1.5246761046138877,,,,,,,,,,,,,,,,,,,,4.627833333333333,,0.8,0.4,1.5625987209847878,,0,0,,0,0,0,0,0,,,,False,False,False,False,False
2025-08-07,5.16,5.17,5.07,5.12,154749.23,-0.19493177387913674,1.1890939796224178,,,,,,,,,,,,,,,,,,,,4.634,,0.6363636363636364,0.4,1.560701916471035,,0,0,,0,0,0,0,0,,,,False,False,False,False,False
2025-08-08,5.12,5.36,5.09,5.33,346712.1,4.1015625,2.6641377845450065,,,,,,,,,,,,,,,,,,,,4.642333333333334,,0.6363636363636364,0.4,1.6097676359952633,,0,0,,0,0,0,0,0,,,,True,False,True,False,False
2025-08-11,5.33,5.46,5.29,5.44,365548.4,2.0637898686679312,2.8088760228442324,,,,,,,,,,,,,,,,,,,,4.65125,,0.7272727272727273,0.45,1.6985077600048357,,0,0,,0,0,0,0,0,,,,True,False,True,True,True
2025-08-12,5.42,5.43,5.22,5.25,320536.4,-3.492647058823539,2.4630035541362187,,,,,,,,,,,,,,,,,,,,4.659416666666667,,0.7272727272727273,0.45,1.7259374976345268,,0,0,,0,0,0,0,0,,,,False,False,False,False,False
2025-08-13,5.33,5.41,5.29,5.39,333425.12,2.6666666666666616,2.5620405532672583,,,,,,,,,,,,,,,,,,,,4.668416666666666,,0.9,0.5,1.7497200027050468,,0,0,,0,0,0,0,0,,,,True,False,False,False,False
2025-08-14,5.4,5.42,5.2,5.22,284213.4,-3.153988868274582,2.183897411754605,,,,,,,,,,,,,,,,,,,,4.676083333333334,,0.8181818181818182,0.45,1.7838108781696989,,0,0,,0,0,0,0,0,,,,False,False,False,False,False
2025-08-15,5.22,5.4,5.19,5.23,326103.1,0.19157088122607746,2.5057781091783604,,,,,,,,,,,,,,,,,,,,4.683750000000001,,0.8181818181818182,0.45,1.8494457384852345,,0,0,,0,0,0,0,0,,,,True,False,False,False,False
2025-08-18,5.26,5.26,5.18,5.22,268102.98,-0.19120458891014325,2.0601048511635858,,,,,,,,,,,,,,,,,,,,4.691000000000001,,0.6666666666666666,0.4,1.8389959823845305,,0,0,,0,0,0,0,0,,,,False,False,False,False,False
2025-08-19,5.21,5.22,5.16,5.19,185617.59,-0.5747126436781436,1.426286636650937,,,,,,,,,,,,,,,,,,,,4.6985,,0.5384615384615384,0.35,1.8178956256397314,,0,0,,0,0,0,0,0,,,,False,False,False,False,False
2025-08-20,5.17,5.29,5.17,5.26,245297.1,1.348747591522148,1.8848643371526834,,,,,,,,,,,,,,,,,,,,4.705583333333333,,0.6666666666666666,0.4,1.8347340600980246,,0,0,,0,0,0,0,0,,,,True,False,False,False,False
2025-08-21,5.24,5.3,5.23,5.27,215665.04,0.1901140684410496,1.6571714164847726,,,,,,,,,,,,,,,,,,,,4.712999999999999,,0.6666666666666666,0.4,1.7759221089913872,,0,0,,0,0,0,0,0,,,,True,False,False,False,False
2025-08-22,5.28,5.29,5.16,5.24,233654.86,-0.5692599620493288,1.795405297561215,,,,,,,,,,,,,,,,,,,,4.720666666666667,,0.6666666666666666,0.4,1.774988256399478,,0,0,,0,0,0,0,0,,,,False,False,False,False,False
2025-08-25,5.26,5.28,5.2,5.24,251635.57,0.0,1.9335691773448918,,,,,,,,,,,,,,,,,,,,4.728,4.518560000000001,0.5384615384615384,0.35,1.7883446797911389,,0,0,,0,0,0,0,0,,,,False,False,False,False,False
2025-08-26,5.23,5.3,5.17,5.28,264567.09,0.7633587786259444,2.0329350519238276,,,,,,,,,,,,,,,,,,,,4.7355833333333335,4.524360000000001,0.6666666666666666,0.4,1.8187407202807375,,0,0,,0,0,0,0,0,,,,True,False,False,False,False
2025-08-27,5.29,5.3,5.09,5.09,454970.8,-3.598484848484851,3.4959982623758137,,,,,,,,,,,,,,,,,,,,4.742166666666666,4.529319999999999,0.6666666666666666,0.4,1.9353959459878538,,0,0,,0,0,0,0,0,,,,False,False,False,False,False
2025-08-28,5.1,5.15,4.96,5.08,284251.8,-0.19646365422396617,2.1841924775770165,,,,,,,,,,,,,,,,,,,,4.748333333333334,4.5344,0.6666666666666666,0.4,1.97091530118125,,0,0,,0,0,0,0,0,,,,False,False,False,False,False
2025-08-29,5.08,5.16,5.04,5.11,249550.94,0.5905511811023612,1.917550868350784,,,,,,,,,,,,,,,,,,,,4.754666666666667,4.5396,0.6666666666666666,0.4,2.0223451702935007,,0,0,,0,0,0,0,0,,,,True,False,False,False,False
2025-09-01,5.11,5.17,5.03,5.12,209177.24,0.1956947162426559,1.60731912370765,,,,,,,,,,,,,,,,,,,,4.761,4.54496,0.8181818181818182,0.45,2.0501800893906057,,0,0,,0,0,0,0,0,,,,True,False,False,False,False
2025-09-02,5.1,5.12,4.98,5.05,219555.71,-1.3671875,1.6870673472994047,,,,,,,,,,,,,,,,,,,,4.76625,4.55,0.8181818181818182,0.45,2.0791984183777283,,0,0,,0,0,0,0,0,,,,False,False,False,False,False
2025-09-03,5.05,5.05,4.93,4.96,167596.3,-1.7821782178217838,1.287810939912222,,,,,,,,,,,,,,,,,,,,4.7705,4.555,0.8181818181818182,0.45,2.0673551601426454,,0,0,,0,0,0,0,0,,,,False,False,False,False,False
2025-09-04,4.95,5.06,4.92,4.98,210511.88,0.40322580645162365,1.6175745051978405,,,,,,,,,,,,,,,,,,,,4.775083333333334,4.5602,1.0,0.5,2.0887791864214167,,0,0,,0,0,0,0,0,,,,True,False,False,False,False
2025-09-05,5.0,5.3,5.0,5.28,495315.65,6.024096385542155,3.806008323451849,,,,,,,,,,,,,,,,,,,,4.781916666666667,4.5662,1.0,0.5,2.1458727133667588,,0,0,,0,0,0,0,0,,,,True,False,True,False,False
2025-09-08,5.31,5.43,5.3,5.42,526231.94,2.651515151515138,4.043569274877978,,,,,,,,,,,,,,,,,,,,4.789833333333333,4.573,1.0,0.5,2.2076073759684456,,0,0,,0,0,0,0,0,,,,True,False,True,True,False
2025-09-09,5.41,5.46,5.36,5.38,365313.68,-0.7380073800738018,2.807072433004742,,,,,,,,,,,,,,,,,,,,4.797,4.579560000000001,1.0,0.5,2.224810819911872,,0,0,,0,0,0,0,0,,,,False,False,False,False,False
2025-09-10,5.37,5.4,5.27,5.37,237741.96,-0.18587360594795044,1.8268105976335627,,,,,,,,,,,,,,,,,,,,4.804,4.58584,0.9,0.45,2.1880493221301873,,0,0,,0,0,0,0,0,,,,False,False,False,False,False
2025-09-11,5.35,5.37,5.28,5.35,217728.05,-0.3724394785847407,1.6730235972736585,,,,,,,,,,,,,,,,,,,,4.810083333333334,4.591879999999999,1.0,0.45,2.1625056314061397,,0,0,,0,0,0,0,0,,,,False,False,False,False,False
2025-09-12,5.35,5.45,5.29,5.41,267138.35,1.1214953271028172,2.0526926286564806,,,,,,,,,,,,,,,,,,,,4.81675,4.598319999999999,1.0,0.45,2.1398513573800457,,0,0,,0,0,0,0,0,,,,True,False,False,False,False
2025-09-15,5.39,5.69,5.39,5.53,509761.32,2.2181146025878062,3.917008935400692,,,,,,,,,,,,,,,,,,,,4.825083333333334,4.60508,1.25,0.5,2.232696561591901,,0,0,,0,0,0,0,0,,,,True,False,True,True,True
2025-09-16,5.53,5.56,5.38,5.44,310771.55,-1.6274864376130127,2.3879703901785305,,,,,,,,,,,,,,,,,,,,4.831916666666667,4.61164,1.25,0.5,2.280780749268281,,0,0,,0,0,0,0,0,,,,False,False,False,False,False
2025-09-17,5.4,5.42,5.35,5.37,182776.98,-1.2867647058823595,1.404459372958218,,,,,,,,,,,,,,,,,,,,4.837833333333333,4.617799999999999,1.0,0.45,2.256760501058557,,0,0,,0,0,0,0,0,,,,False,False,False,False,False
2025-09-18,5.37,5.4,5.17,5.2,319829.52,-3.165735567970207,2.457571884121993,,,,,,,,,,,,,,,,,,,,4.842333333333333,4.62348,0.8,0.4,2.2967805244404187,,0,0,,0,0,0,0,0,,,,False,False,False,False,False
2025-09-19,5.23,5.44,5.21,5.32,301853.52,2.3076923076922995,2.319444196005596,,,,,,,,,,,,,,,,,,,,4.849,4.6298,1.0,0.45,2.3229824693626373,,0,0,,0,0,0,0,0,,,,True,False,False,False,False
2025-09-22,5.31,5.31,5.12,5.15,239350.53,-3.195488721804507,1.8391708588303468,,,,,,,,,,,,,,,,,,,,4.85525,4.63556,1.0,0.45,2.3182625534369103,,0,0,,0,0,0,0,0,,,,False,False,False,False,False
2025-09-23,5.14,5.15,4.97,5.03,256233.34,-2.3300970873786464,1.9688984686550237,,,,,,,,,,,,,,,,,,,,4.8596666666666675,4.64096,0.8,0.4,2.31506072427347,,0,0,,0,0,0,0,0,,,,False,False,False,False,False
2025-09-24,5.04,5.1,5.0,5.09,155034.21,1.1928429423459175,1.1912837675930126,,,,,,,,,,,,,,,,,,,,4.86475,4.646520000000001,1.0,0.45,2.19982499953433,,0,0,,0,0,0,0,0,,,,True,False,False,False,False
2025-09-25,5.08,5.16,5.03,5.03,179020.65,-1.178781925343808,1.3755957114816788,,,,,,,,,,,,,,,,,,,,4.869249999999999,4.652,1.0,0.45,2.159395161229563,,0,0,,0,0,0,0,0,,,,False,False,False,False,False
2025-09-26,5.02,5.21,5.0,5.11,237567.86,1.5904572564612307,1.8254728122251813,,,,,,,,,,,,,,,,,,,,4.878166666666667,4.6582799999999995,1.0,0.45,2.154791258423283,,0,0,,0,0,0,0,0,,,,True,False,False,False,False
2025-09-29,5.12,5.19,5.06,5.18,172893.29,1.3698630136986134,1.3285130417522126,,,,,,,,,,,,,,,,,,,,4.887916666666667,4.66428,1.0,0.45,2.140850954325511,,0,0,,0,0,0,0,0,,,,True,False,False,False,False
2025-09-30,5.19,5.3,5.15,5.24,193740.13,1.1583011583011782,1.4887002810564198,,,,,,,,,,,,,,,,,,,,4.8972500000000005,4.67068,1.25,0.5,2.130932601013362,,0,0,,0,0,0,0,0,,,,True,False,True,False,False
2025-10-09,5.26,5.38,5.26,5.37,320901.33,2.4809160305343525,2.465807678369881,,,,,,,,,,,,,,,,,,,,4.907500000000001,4.67744,1.5714285714285714,0.55,2.189832437936245,,0,0,,0,0,0,0,0,,,,True,False,True,False,False
2025-10-10,5.4,5.47,5.35,5.44,347438.83,1.3035381750465591,2.669721982074203,,,,,,,,,,,,,,,,,,,,4.918333333333333,4.68372,1.5714285714285714,0.55,2.242439811780063,,0,0,,0,0,0,0,0,,,,True,False,True,False,False
2025-10-13,5.27,5.37,5.2,5.36,286194.64,-1.4705882352941235,2.1991212713898816,,,,,,,,,,,,,,,,,,,,4.928166666666667,4.689400000000001,1.5714285714285714,0.5,2.1620954591769648,,0,0,,0,0,0,0,0,,,,True,False,False,False,False
2025-10-14,5.39,5.44,5.27,5.29,211860.0,-1.3059701492537323,1.6279334670861072,,,,,,,,,,,,,,,,,,,,4.9375,4.69408,1.25,0.45,2.041313668787371,,0,0,,0,0,0,0,0,,,,False,False,False,False,False
2025-10-15,5.33,5.4,5.28,5.34,190623.32,0.9451795841209698,1.4647506949639595,,,,,,,,,,,,,,,,,,,,4.947916666666667,4.6983999999999995,1.5714285714285714,0.5,1.974197581885332,,0,0,,0,0,0,0,0,,,,True,False,False,False,False
2025-10-16,5.34,5.39,5.27,5.3,225641.82,-0.7490636704119868,1.7338330517899525,,,,,,,,,,,,,,,,,,,,4.957833333333334,4.70128,1.375,0.5,1.9695487045931515,,0,0,,0,0,0,0,0,,,,False,False,False,False,False
2025-10-17,5.3,5.4,5.22,5.23,226423.2,-1.3207547169811207,1.7398371802356796,,,,,,,,,,,,,,,,,,,,4.9671666666666665,4.70296,1.2222222222222223,0.5,1.9728893837412524,,0,0,,0,0,0,0,0,,,,False,False,False,False,False
2025-10-20,5.26,5.39,5.23,5.3,222744.6,1.338432122370925,1.7115707965293498,,,,,,,,,,,,,,,,,,,,4.977,4.706799999999999,1.2222222222222223,0.5,1.955833292134896,,0,0,,0,0,0,0,0,,,,True,False,False,False,False
2025-10-21,5.29,5.44,5.25,5.42,344863.54,2.264150943396226,2.6499334387982083,,,,,,,,,,,,,,,,,,,,4.987666666666667,4.71104,1.2222222222222223,0.5,1.8924795173047717,,0,0,,0,0,0,0,0,,,,True,False,False,False,False
2025-10-22,5.41,5.42,5.32,5.36,208335.9,-1.1070110701106972,1.6008542622746365,,,,,,,,,,,,,,,,,,,,4.995333333333334,4.71568,1.2222222222222223,0.5,1.853123710909577,,0,0,,0,0,0,0,0,,,,False,False,False,False,False
2025-10-23,5.36,5.6,5.29,5.52,293858.09,2.985074626865658,2.25800726557633,,,,,,,,,,,,,,,,,,,,5.005333333333334,4.72072,1.5,0.55,1.8958011055404829,,0,0,,0,0,0,0,0,,,,True,False,True,True,False
2025-10-24,5.5,5.55,5.34,5.34,409592.47,-3.2608695652173836,3.147310911826028,,,,,,,,,,,,,,,,,,,,5.01025,4.725239999999999,1.5,0.55,1.9302880569256842,,0,0,,0,0,0,0,0,,,,False,False,False,False,False
2025-10-27,5.44,5.68,5.41,5.42,407595.26,1.4981273408239737,3.131964338618254,,,,,,,,,,,,,,,,,,,,5.018333333333333,4.729400000000001,1.2222222222222223,0.55,1.9709140640563174,,0,0,,0,0,0,0,0,,,,False,False,False,False,False
2025-10-28,5.44,5.48,5.36,5.36,254254.35,-1.1070110701106972,1.953691898032779,,,,,,,,,,,,,,,,,,,,5.025416666666667,4.73388,1.2222222222222223,0.55,1.9766401160164389,,0,0,,0,0,0,0,0,,,,False,False,False,False,False
2025-10-29,5.39,5.48,5.34,5.46,280925.33,1.8656716417910335,2.1586318628302124,,,,,,,,,,,,,,,,,,,,5.034416666666667,4.73832,1.5,0.6,1.9861267857251985,,0,0,,0,0,0,0,0,,,,True,False,False,False,False
2025-10-30,5.45,6.01,5.44,5.8,1710706.68,6.227106227106227,13.145080037476465,,,,,,,,,,,,,,,,,,,,5.045333333333333,4.74412,1.5,0.6,2.583816599219371,,0,0,,0,0,0,0,0,,,,True,False,True,True,True
2025-10-31,5.81,5.94,5.7,5.82,1229533.9,0.34482758620690834,9.447745609019648,,,,,,,,,,,,,,,,,,,,5.055750000000001,4.7498,1.8571428571428572,0.65,2.9874240940962697,,0,0,,0,0,0,0,0,,,,True,False,False,False,True
2025-11-03,5.86,5.99,5.8,5.93,749342.93,1.8900343642611617,5.757955414289446,,,,,,,,,,,,,,,,,,,,5.06725,4.755559999999999,1.8571428571428572,0.65,3.1840482241994827,,0,0,,0,0,0,0,0,,,,True,False,False,False,True
2025-11-04,5.94,6.08,5.85,5.93,598380.69,0.0,4.597960687761149,,,,,,,,,,,,,,,,,,,,5.079416666666668,4.76132,1.5,0.6,3.3475206064999297,,0,0,,0,0,0,0,0,,,,False,False,False,False,False
2025-11-05,5.81,6.11,5.75,6.03,653002.63,1.6863406408094583,5.017675991089618,,,,,,,,,,,,,,,,,,,,5.091916666666666,4.76692,1.5,0.6,3.5239693920015895,,0,0,,0,0,0,0,0,,,,True,False,False,False,True
2025-11-06,6.03,6.1,5.94,6.01,515433.77,-0.3316749585406398,3.9605960740553345,,,,,,,,,,,,,,,,,,,,5.103833333333333,4.77208,1.2222222222222223,0.55,3.5987088117858628,,0,0,,0,0,0,0,0,,,,False,False,False,False,False
2025-11-07,6.08,6.3,6.04,6.25,787611.88,3.993344425956735,6.052014247741938,,,,,,,,,,,,,,,,,,,,5.11725,4.77872,1.2222222222222223,0.55,3.767823425069249,,0,0,,0,0,0,0,0,,,,True,False,True,True,True
2025-11-10,6.45,6.5,6.23,6.25,840845.28,0.0,6.461060001668029,,,,,,,,,,,,,,,,,,,,5.131,4.78524,1.0,0.55,3.9809203615831565,,0,0,,0,0,0,0,0,,,,False,False,False,False,False
2025-11-11,6.3,6.34,6.19,6.26,415906.92,0.16000000000000458,3.1958311821991137,,,,,,,,,,,,,,,,,,,,5.144666666666667,4.7923599999999995,1.0,0.6,4.059315247338807,,0,0,,0,0,0,0,0,,,,False,False,False,False,True
2025-11-12,6.22,6.25,6.05,6.12,464543.78,-2.2364217252396124,3.5695570961421965,,,,,,,,,,,,,,,,,,,,5.156833333333334,4.799120000000001,0.8181818181818182,0.55,4.164555567397718,,0,0,,0,0,0,0,0,,,,False,False,False,False,False
2025-11-13,6.15,6.41,6.12,6.34,562414.41,3.5947712418300526,4.321595583925646,,,,,,,,,,,,,,,,,,,,5.171,4.8066,1.0,0.6,4.293943694004502,,0,0,,0,0,0,0,0,,,,True,False,False,False,True
2025-11-14,6.33,6.41,6.2,6.21,499778.41,-2.050473186119872,3.840300197140007,,,,,,,,,,,,,,,,,,,,5.1842500000000005,4.813200000000001,1.0,0.6,4.398966844849719,,0,0,,0,0,0,0,0,,,,False,False,False,False,False
2025-11-17,6.19,6.26,6.11,6.23,309096.12,0.32206119162641045,2.3750963763544957,,,,,,,,,,,,,,,,,,,,5.198416666666666,4.81992,1.0,0.6,4.4321431238409765,,0,0,,0,0,0,0,0,,,,True,False,False,False,False
2025-11-18,6.23,6.37,6.04,6.09,414370.6,-2.2471910112359605,3.1840260904207986,,,,,,,,,,,,,,,,,,,,5.2115833333333335,4.8256000000000006,0.8181818181818182,0.55,4.458847756422106,,0,0,,0,0,0,0,0,,,,False,False,False,False,False
2025-11-19,6.08,6.19,5.95,6.03,321531.42,-0.9852216748768461,2.4706492935793416,,,,,,,,,,,,,,,,,,,,5.224,4.83124,0.8181818181818182,0.55,4.502337507987341,,0,0,,0,0,0,0,0,,,,False,False,False,False,False
2025-11-20,6.04,6.13,5.9,5.93,302083.0,-1.6583747927031545,2.3212075216547365,,,,,,,,,,,,,,,,,,,,5.235333333333333,4.836360000000001,0.6666666666666666,0.5,4.505497520791262,,0,0,,0,0,0,0,0,,,,False,False,False,False,False
2025-11-21,5.88,5.88,5.34,5.37,583671.05,-9.443507588532874,4.484931728803401,,,,,,,,,,,,,,,,,,,,5.241833333333334,4.83932,0.6666666666666666,0.5,4.5723785616401305,,0,0,,0,0,0,0,0,,,,False,False,False,False,False
2025-11-24,5.43,5.45,5.23,5.3,385775.17,-1.3035381750465591,2.964298640677015,,,,,,,,,,,,,,,,,,,,5.247583333333334,4.84196,0.6666666666666666,0.45,4.563995276743069,,0,0,,0,0,0,0,0,,,,False,False,False,False,False
2025-11-25,5.38,5.56,5.33,5.5,358153.62,3.7735849056603765,2.752054490493912,,,,,,,,,,,,,,,,,,,,5.255416666666666,4.845400000000001,0.8181818181818182,0.5,4.603913406366125,,0,0,,0,0,0,0,0,,,,True,False,False,False,False
2025-11-26,5.51,5.58,5.44,5.45,219784.9,-0.9090909090909038,1.6888284445868655,,,,,,,,,,,,,,,,,,,,5.262916666666667,4.84924,0.6666666666666666,0.45,4.580423235453958,,0,0,,0,0,0,0,0,,,,False,False,False,False,False
2025-11-27,5.5,5.58,5.47,5.53,266503.2,1.4678899082568808,2.0478121323777128,,,,,,,,,,,,,,,,,,,,5.2707500000000005,4.85344,0.6666666666666666,0.45,4.02555984019902,,0,0,,0,0,0,0,0,,,,True,False,False,False,False
2025-11-28,5.54,5.88,5.51,5.82,460952.15,5.244122965641962,3.541958990419595,,,,,,,,,,,,,,,,,,,,5.281,4.8584000000000005,0.6666666666666666,0.45,3.7302705092690176,,0,0,,0,0,0,0,0,,,,True,False,False,False,False
2025-12-01,5.86,5.93,5.62,5.65,414707.2,-2.9209621993127155,3.186612526770375,,,,,,,,,,,,,,,,,,,,5.2891666666666675,4.86216,0.5384615384615384,0.4,3.6017033648930643,,0,0,,0,0,0,0,0,,,,False,False,False,False,False
2025-12-02,5.65,5.68,5.54,5.64,223821.08,-0.1769911504424848,1.7198424750842867,,,,,,,,,,,,,,,,,,,,5.296916666666666,4.86576,0.5384615384615384,0.4,3.4577974542592207,,0,0,,0,0,0,0,0,,,,False,False,False,False,False
2025-12-03,5.67,5.69,5.56,5.6,172403.47,-0.7092198581560294,1.3247492620351915,,,,,,,,,,,,,,,,,,,,5.304666666666667,4.8693599999999995,0.42857142857142855,0.35,3.273151117806499,,0,0,,0,0,0,0,0,,,,False,False,False,False,False
2025-12-04,5.6,5.61,5.44,5.47,187441.47,-2.3214285714285743,1.4403013411347896,,,,,,,,,,,,,,,,,,,,5.311166666666666,4.87184,0.42857142857142855,0.35,3.1471363811604722,,0,0,,0,0,0,0,0,,,,False,False,False,False,False
2025-12-05,5.47,5.54,5.42,5.5,206320.22,0.5484460694698434,1.5853657654798847,,,,,,,,,,,,,,,,,,,,5.3181666666666665,4.8738,0.42857142857142855,0.35,2.9238039570473697,,0,0,,0,0,0,0,0,,,,True,False,False,False,False
2025-12-08,5.53,5.54,5.38,5.45,217883.0,-0.9090909090909038,1.6742142339711237,,,,,,,,,,,,,,,,,,,,5.324833333333333,4.8762799999999995,0.42857142857142855,0.35,2.6844616686625242,,0,0,,0,0,0,0,0,,,,False,False,False,False,False
2025-12-09,5.44,5.49,5.36,5.39,200526.72,-1.1009174311926717,1.5408484779241245,,,,,,,,,,,,,,,,,,,,5.331083333333334,4.87884,0.42857142857142855,0.3,2.601712533448775,,0,0,,0,0,0,0,0,,,,False,False,False,False,False
2025-12-10,5.42,5.42,5.34,5.39,152773.1,0.0,1.1739093852567382,,,,,,,,,,,,,,,,,,,,5.336166666666667,4.88148,0.42857142857142855,0.3,2.481930147904502,,0,0,,0,0,0,0,0,,,,False,False,False,False,False
2025-12-11,5.41,5.45,5.3,5.3,175613.65,-1.6697588126159513,1.3494163037484477,,,,,,,,,,,,,,,,,,,,5.340833333333334,4.8834,0.3333333333333333,0.25,2.333321183895642,,0,0,,0,0,0,0,0,,,,False,False,False,False,False
2025-12-12,5.33,5.35,5.25,5.26,163388.71,-0.7547169811320753,1.255479793982,,,,,,,,,,,,,,,,,,,,5.346333333333334,4.8853599999999995,0.3333333333333333,0.25,2.204080163737742,,0,0,,0,0,0,0,0,,,,False,False,False,False,False
2025-12-15,5.27,5.38,5.25,5.33,164065.87,1.3307984790874583,1.2606830953440884,,,,,,,,,,,,,,,,,,,,5.353083333333333,4.8880799999999995,0.3333333333333333,0.25,2.1483594996872215,,0,0,,0,0,0,0,0,,,,True,False,False,False,False
2025-12-16,5.34,5.36,5.17,5.19,194240.71,-2.6266416510318913,1.4925467406757627,,,,,,,,,,,,,,,,,,,,5.357583333333334,4.89016,0.3333333333333333,0.25,2.0637855321999696,,0,0,,0,0,0,0,0,,,,False,False,False,False,False
2025-12-17,5.21,5.31,5.17,5.3,192418.67,2.1194605009633882,1.4785461747625672,,,,,,,,,,,,,,,,,,,,5.361583333333333,4.8921600000000005,0.42857142857142855,0.3,2.014180376259131,,0,0,,0,0,0,0,0,,,,True,False,False,False,False
2025-12-18,5.28,5.36,5.25,5.26,142481.49,-0.7547169811320753,1.0948285944080738,,,,,,,,,,,,,,,,,,,,5.365333333333333,4.89376,0.42857142857142855,0.3,1.9528614298967977,,0,0,,0,0,0,0,0,,,,False,False,False,False,False
2025-12-19,5.28,5.48,5.28,5.46,213566.87,3.802281368821303,1.6410490660522419,,,,,,,,,,,,,,,,,,,,5.370666666666667,4.89616,0.5384615384615384,0.35,1.8106672967592399,,0,0,,0,0,0,0,0,,,,True,False,True,False,False
2025-12-22,5.47,5.51,5.44,5.47,161544.72,0.1831501831501825,1.2413105641416708,,,,,,,,,,,,,,,,,,,,5.375583333333334,4.8984,0.5833333333333334,0.4,1.7245178929324723,,0,0,,0,0,0,0,0,,,,False,False,False,False,False
2025-12-23,5.45,5.51,5.4,5.47,151033.7,0.0,1.160543825582191,,,,,,,,,,,,,,,,,,,,5.379833333333333,4.9006,0.5833333333333334,0.35,1.6449423596868864,,0,0,,0,0,0,0,0,,,,True,False,False,False,False
2025-12-24,5.47,5.49,5.43,5.46,144148.43,-0.1828153564899404,1.107637371022935,,,,,,,,,,,,,,,,,,,,5.38325,4.90328,0.5833333333333334,0.35,1.61588280600869,,0,0,,0,0,0,0,0,,,,False,False,False,False,False
2025-12-25,5.46,5.5,5.4,5.48,152579.7,0.366300366300365,1.1724232985365717,,,,,,,,,,,,,,,,,,,,5.387166666666667,4.90568,0.5833333333333334,0.35,1.572113364316633,,0,0,,0,0,0,0,0,,,,True,False,False,False,False
2025-12-26,5.53,5.73,5.53,5.58,267235.49,1.8248175182481674,2.0534390529791122,,,,,,,,,,,,,,,,,,,,5.391666666666667,4.90924,0.5833333333333334,0.35,1.4976873674446087,,0,0,,0,0,0,0,0,,,,True,False,True,True,False
2025-12-29,5.58,5.66,5.47,5.62,237741.07,0.7168458781362075,1.8268037588684078,,,,,,,,,,,,,,,,,,,,5.397166666666667,4.91296,0.7272727272727273,0.4,1.4296969290495105,,0,0,,0,0,0,0,0,,,,True,False,False,False,False
2025-12-30,5.6,5.64,5.48,5.54,220589.95,-1.4234875444839923,1.6950144534496885,,,,,,,,,,,,,,,,,,,,5.401833333333333,4.916480000000001,0.7272727272727273,0.4,1.4284555279677806,,0,0,,0,0,0,0,0,,,,False,False,False,False,False
2025-12-31,5.56,5.58,5.36,5.43,221755.54,-1.9855595667870096,1.7039708537607474,,,,,,,,,,,,,,,,,,,,5.404333333333333,4.9196800000000005,0.7272727272727273,0.4,1.4474166075540584,,0,0,,0,0,0,0,0,,,,False,False,False,False,False
2026-01-05,5.45,5.48,5.41,5.44,181489.56,0.18416206261511192,1.394566830221524,,,,,,,,,,,,,,,,,,,,5.4070833333333335,4.923439999999999,0.7272727272727273,0.45,1.445129882008395,,0,0,,0,0,0,0,0,,,,False,False,False,False,False
2026-01-06,5.43,5.67,5.43,5.65,365686.12,3.860294117647056,2.8099342641219023,,,,,,,,,,,,,,,,,,,,5.411583333333334,4.9278,0.7272727272727273,0.45,1.506358306940496,,0,0,,0,0,0,0,0,,,,True,False,False,False,False
2026-01-07,5.65,5.68,5.53,5.59,270534.56,-1.0619469026548756,2.0787891259672167,,,,,,,,,,,,,,,,,,,,5.415166666666667,4.93196,0.7272727272727273,0.45,1.5265870515403006,,0,0,,0,0,0,0,0,,,,False,False,False,False,False
2026-01-08,5.57,5.68,5.53,5.62,301454.86,0.5366726296959001,2.3163808902565703,,,,,,,,,,,,,,,,,,,,5.4190000000000005,4.9361999999999995,0.9,0.5,1.5653636721569228,,0,0,,0,0,0,0,0,,,,True,False,False,False,False
2026-01-09,5.6,5.62,5.52,5.57,311614.91,-0.8896797153024827,2.3944507733032436,,,,,,,,,,,,,,,,,,,,5.423666666666666,4.94,0.9,0.5,1.626390741559248,,0,0,,0,0,0,0,0,,,,False,False,False,False,False
2026-01-12,5.58,5.68,5.55,5.62,398899.85,0.8976660682226134,3.065148757814727,,,,,,,,,,,,,,,,,,,,5.429333333333333,4.944160000000001,1.1111111111111112,0.55,1.712177364262562,,0,0,,0,0,0,0,0,,,,True,False,False,False,False
2026-01-13,5.59,5.69,5.55,5.58,365619.16,-0.7117437722419906,2.809419743094072,,,,,,,,,,,,,,,,,,,,5.4345,4.9482,1.1111111111111112,0.55,1.7898743617181658,,0,0,,0,0,0,0,0,,,,False,False,False,False,False
2026-01-14,5.61,5.67,5.52,5.59,380719.48,0.17921146953405742,2.925450689434626,,,,,,,,,,,,,,,,,,,,5.439166666666667,4.95252,0.9,0.55,1.8731127414226925,,0,0,,0,0,0,0,0,,,,False,False,False,False,False
2026-01-15,5.56,5.75,5.55,5.65,360408.0,1.073345259391778,2.769377159471206,,,,,,,,,,,,,,,,,,,,5.443,4.95748,1.1111111111111112,0.6,1.936954262362465,,0,0,,0,0,0,0,0,,,,True,False,False,False,False
2026-01-16,5.75,5.75,5.54,5.56,351779.81,-1.592920353982319,2.703078097537015,,,,,,,,,,,,,,,,,,,,5.445416666666666,4.962,0.9,0.55,1.9981808585011873,,0,0,,0,0,0,0,0,,,,False,False,False,False,False
2026-01-19,5.53,5.75,5.5,5.74,419747.65,3.237410071942448,3.2253433737644945,,,,,,,,,,,,,,,,,,,,5.450166666666666,4.9672,1.1111111111111112,0.6,2.1047065974690087,,0,0,,0,0,0,0,0,,,,True,False,False,False,False
2026-01-20,5.75,5.83,5.67,5.8,321022.35,1.0452961672473782,2.466737596750825,,,,,,,,,,,,,,,,,,,,5.453833333333334,4.97292,1.1111111111111112,0.6,2.1459910240039375,,0,0,,0,0,0,0,0,,,,True,False,True,True,False
2026-01-21,5.78,5.84,5.7,5.8,285186.82,0.0,2.191377176672621,,,,,,,,,,,,,,,,,,,,5.457666666666666,4.978680000000001,1.2222222222222223,0.55,2.193494354630485,,0,0,,0,0,0,0,0,,,,True,False,False,False,False
2026-01-22,5.81,6.04,5.8,6.01,373379.45,3.6206896551724155,2.869049856401415,,,,,,,,,,,,,,,,,,,,5.462999999999999,4.9858,1.2222222222222223,0.6,2.278919656171446,,0,0,,0,0,0,0,0,,,,True,False,True,True,True
2026-01-23,5.98,6.15,5.97,6.09,328488.67,1.331114808652245,2.524108842875503,,,,,,,,,,,,,,,,,,,,5.469250000000001,4.9934,1.5,0.65,2.349743229764074,,0,0,,0,0,0,0,0,,,,True,False,True,True,True
2026-01-26,6.15,6.22,6.04,6.08,347144.77,-0.16420361247947435,2.667462423331017,,,,,,,,,,,,,,,,,,,,5.475916666666666,5.0005999999999995,1.2222222222222223,0.6,2.4244951860037967,,0,0,,0,0,0,0,0,,,,False,False,False,False,False
2026-01-27,6.07,6.11,5.85,5.96,353584.0,-1.9736842105263164,2.716941503946824,,,,,,,,,,,,,,,,,,,,5.4825,5.007359999999999,1.0,0.55,2.4576703085521823,,0,0,,0,0,0,0,0,,,,False,False,False,False,False
2026-01-28,5.93,6.16,5.9,6.15,392513.08,3.187919463087252,3.0160727801427667,,,,,,,,,,,,,,,,,,,,5.490416666666666,5.01484,1.0,0.55,2.5171337596159002,,0,0,,0,0,0,0,0,,,,True,False,False,False,True
2026-01-29,6.13,6.17,6.03,6.07,364687.14,-1.3008130081300862,2.8022580960158434,,,,,,,,,,,,,,,,,,,,5.498,5.0216400000000005,1.0,0.55,2.5724959417442084,,0,0,,0,0,0,0,0,,,,False,False,False,False,False
2026-01-30,6.04,6.11,5.85,6.05,361999.9,-0.32948929159802853,2.781609328291438,,,,,,,,,,,,,,,,,,,,5.505583333333333,5.0283999999999995,1.2222222222222223,0.55,2.626377865470743,,0,0,,0,0,0,0,0,,,,True,False,False,False,False
2026-02-02,6.06,6.15,5.87,5.88,441283.47,-2.809917355371905,3.390824739379251,,,,,,,,,,,,,,,,,,,,5.511833333333333,5.03484,1.2222222222222223,0.5,2.726190760928629,,0,0,,0,0,0,0,0,,,,False,False,False,False,False
2026-02-03,5.96,5.99,5.85,5.95,245795.51,1.1904761904761862,1.8886941224794576,,,,,,,,,,,,,,,,,,,,5.51875,5.04252,1.0,0.5,2.6801287538465064,,0,0,,0,0,0,0,0,,,,False,False,False,False,False
2026-02-04,5.96,6.06,5.87,6.01,241405.23,1.0084033613445342,1.8549591855311014,,,,,,,,,,,,,,,,,,,,5.524416666666666,5.050280000000001,1.2222222222222223,0.55,2.6689372568247007,,0,0,,0,0,0,0,0,,,,True,False,False,False,False
2026-02-05,6.0,6.04,5.85,5.85,232694.46,-2.66222961730449,1.7880255783986099,,,,,,,,,,,,,,,,,,,,5.527833333333334,5.05732,1.0,0.5,2.642519491231803,,0,0,,0,0,0,0,0,,,,False,False,False,False,False
2026-02-06,5.77,6.0,5.71,5.94,290420.3,1.5384615384615552,2.2315912673047644,,,,,,,,,,,,,,,,,,,,5.5335833333333335,5.064640000000001,1.2222222222222223,0.55,2.634376515931879,,0,0,,0,0,0,0,0,,,,True,False,False,False,False
2026-02-09,5.99,6.05,5.98,6.03,197437.48,1.5151515151515138,1.5171107398713488,,,,,,,,,,,,,,,,,,,,5.538916666666667,5.072360000000001,1.2222222222222223,0.55,2.55697461503471,,0,0,,0,0,0,0,0,,,,True,False,False,False,False
2026-02-10,6.03,6.07,5.96,6.01,214706.5,-0.3316749585406398,1.649805989572941,,,,,,,,,,,,,,,,,,,,5.5455000000000005,5.07992,1.2222222222222223,0.55,2.4989939273586534,,0,0,,0,0,0,0,0,,,,False,False,False,False,False
2026-02-11,6.0,6.12,5.97,6.08,262028.01,1.1647254575707144,2.0134247464975603,,,,,,,,,,,,,,,,,,,,5.552583333333333,5.08756,1.5,0.55,2.4533926302118,,0,0,,0,0,0,0,0,,,,True,False,True,False,False
2026-02-12,6.06,6.1,5.94,5.95,257723.43,-2.1381578947368363,1.9803483288455757,,,,,,,,,,,,,,,,,,,,5.558666666666666,5.09392,1.2222222222222223,0.5,2.4139411886805187,,0,0,,0,0,0,0,0,,,,False,False,False,False,False
2026-02-13,5.94,5.98,5.83,5.84,213957.97,-1.8487394957983239,1.6440542807174798,,,,,,,,,,,,,,,,,,,,5.5640833333333335,5.0996,1.2222222222222223,0.5,2.3609899978395417,,0,0,,0,0,0,0,0,,,,False,False,False,False,False
2026-02-24,5.92,6.18,5.91,6.15,431513.19,5.308219178082196,3.3157498512701125,,,,,,,,,,,,,,,,,,,,5.5715,5.10628,1.2222222222222223,0.5,2.365510321714823,,0,0,,0,0,0,0,0,,,,True,False,True,False,False
2026-02-25,6.18,6.48,6.18,6.4,512117.23,4.065040650406493,3.9351117614860445,,,,,,,,,,,,,,,,,,,,5.580916666666667,5.1143600000000005,1.2222222222222223,0.5,2.4389290299515833,,0,0,,0,0,0,0,0,,,,True,False,True,True,True
2026-02-26,6.41,6.51,6.3,6.34,425637.97,-0.9375000000000022,3.2706046267610334,,,,,,,,,,,,,,,,,,,,5.590083333333334,5.122400000000001,1.0,0.5,2.4928904024560046,,0,0,,0,0,0,0,0,,,,False,False,False,False,False
2026-02-27,6.32,6.48,6.3,6.45,402289.41,1.7350157728706739,3.0911941564869467,,,,,,,,,,,,,,,,,,,,5.6001666666666665,5.13072,1.0,0.5,2.503997617460281,,0,0,,0,0,0,0,0,,,,True,False,False,False,True
2026-03-02,6.32,6.45,6.21,6.35,432859.77,-1.5503875968992276,3.32609697978946,,,,,,,,,,,,,,,,,,,,5.609083333333333,5.13904,1.0,0.45,2.544097024305979,,0,0,,0,0,0,0,0,,,,True,False,False,False,False
2026-03-03,6.38,6.47,6.08,6.1,467386.61,-3.937007874015752,3.591401418327774,,,,,,,,,,,,,,,,,,,,5.617500000000001,5.146199999999999,1.0,0.45,2.590293974055817,,0,0,,0,0,0,0,0,,,,False,False,False,False,False
2026-03-04,6.0,6.18,5.95,6.03,357106.46,-1.147540983606543,2.7440081069887956,,,,,,,,,,,,,,,,,,,,5.625416666666666,5.15312,1.2222222222222223,0.45,2.591647304207915,,0,0,,0,0,0,0,0,,,,True,False,False,False,False
2026-03-05,6.12,6.16,5.98,6.1,313263.31,1.1608623548921893,2.407117088450722,,,,,,,,,,,,,,,,,,,,5.633666666666667,5.160279999999999,1.0,0.45,2.561199519623313,,0,0,,0,0,0,0,0,,,,False,False,False,False,False
2026-03-06,6.1,6.39,6.05,6.37,423692.62,4.426229508196733,3.2556565460936304,,,,,,,,,,,,,,,,,,,,5.644083333333333,5.16836,1.2222222222222223,0.5,2.583869442127202,,0,0,,0,0,0,0,0,,,,True,False,False,False,False
2026-03-09,6.5,6.6,6.29,6.34,501064.99,-0.47095761381475976,3.850186285311836,,,,,,,,,,,,,,,,,,,,5.654833333333333,5.17656,1.0,0.5,2.6372982899782222,,0,0,,0,0,0,0,0,,,,False,False,False,False,False
2026-03-10,6.31,6.37,6.15,6.16,437328.21,-2.8391167192428957,3.360432498630516,,,,,,,,,,,,,,,,,,,,5.664833333333333,5.183559999999999,1.0,0.5,2.6357786779407855,,0,0,,0,0,0,0,0,,,,False,False,False,False,False
2026-03-11,6.19,6.4,6.15,6.39,416335.1,3.7337662337662225,3.1991213197991177,,,,,,,,,,,,,,,,,,,,5.676583333333332,5.1916,1.2222222222222223,0.5,2.701300037806768,,0,0,,0,0,0,0,0,,,,True,False,False,False,False
2026-03-12,6.41,6.54,6.33,6.42,465213.45,0.46948356807512415,3.5747028443009032,,,,,,,,,,,,,,,,,,,,5.6860833333333325,5.2,1.2222222222222223,0.5,2.7872872207452586,,0,0,,0,0,0,0,0,,,,True,False,False,False,False
2026-03-13,6.42,6.6,6.39,6.44,470172.38,0.31152647975078995,3.612807291142862,,,,,,,,,,,,,,,,,,,,5.694583333333333,5.20832,1.5,0.55,2.8785263063824713,,0,0,,0,0,0,0,0,,,,True,False,False,False,False
2026-03-16,6.41,6.55,6.24,6.27,443336.3,-2.6397515527950444,3.406598696989174,,,,,,,,,,,,,,,,,,,,5.702,5.21592,1.2222222222222223,0.5,2.937276677866692,,0,0,,0,0,0,0,0,,,,False,False,False,False,False
2026-03-17,6.27,6.55,6.19,6.2,472600.77,-1.1164274322168932,3.631467053968016,,,,,,,,,,,,,,,,,,,,5.708916666666667,5.22352,1.0,0.45,3.042994493571525,,0,0,,0,0,0,0,0,,,,False,False,False,False,False
2026-03-18,6.21,6.23,6.05,6.13,331703.5,-1.1290322580645218,2.548811615215692,,,,,,,,,,,,,,,,,,,,5.715416666666667,5.23068,1.0,0.45,3.087944774853663,,0,0,,0,0,0,0,0,,,,False,False,False,False,False
2026-03-19,6.17,6.18,5.82,5.85,456208.79,-4.567699836867867,3.50551098470621,,,,,,,,,,,,,,,,,,,,5.719083333333334,5.23668,0.8181818181818182,0.4,3.162549086764095,,0,0,,0,0,0,0,0,,,,False,False,False,False,False
2026-03-20,5.85,5.88,5.64,5.66,326582.54,-3.2478632478632363,2.509462128915261,,,,,,,,,,,,,,,,,,,,5.7201666666666675,5.24188,0.8181818181818182,0.4,3.1890047767675798,,0,0,,0,0,0,0,0,,,,False,False,False,False,False
2026-03-23,5.56,5.77,5.44,5.48,389930.04,-3.180212014134276,2.9962246858218844,,,,,,,,,,,,,,,,,,,,5.7205,5.2461199999999995,0.8181818181818182,0.4,3.2566132970228,,0,0,,0,0,0,0,0,,,,False,False,False,False,False
2026-03-24,5.57,5.6,5.36,5.56,330558.8,1.4598540145985162,2.5400157337856277,,,,,,,,,,,,,,,,,,,,5.722083333333333,5.25056,0.6666666666666666,0.4,3.217826591148575,,0,0,,0,0,0,0,0,,,,False,False,False,False,False
2026-03-25,5.57,5.74,5.54,5.71,296544.29,2.6978417266187105,2.2786480419347117,,,,,,,,,,,,,,,,,,,,5.726333333333333,5.25568,0.6666666666666666,0.4,3.135003405171009,,0,0,,0,0,0,0,0,,,,True,False,False,False,False
2026-03-26,5.71,5.88,5.65,5.74,299828.33,0.5253940455341555,2.303882624315763,,,,,,,,,,,,,,,,,,,,5.729833333333334,5.260800000000001,0.8181818181818182,0.45,3.086667305048745,,0,0,,0,0,0,0,0,,,,True,False,False,False,False
2026-03-27,5.61,6.31,5.6,6.31,773348.57,9.93031358885017,5.942414891089318,,,,,,,,,,,,,,,,,,,,5.7395000000000005,5.26816,0.8181818181818182,0.45,3.229228341778864,,0,0,,0,0,0,0,0,,,,True,False,True,False,False
2026-03-30,6.11,6.25,6.0,6.11,1042767.99,-3.1695721077654393,8.012635274837681,,,,,,,,,,,,,,,,,,,,5.748499999999999,5.274520000000001,0.7272727272727273,0.45,3.463555256531275,,0,0,,0,0,0,0,0,,,,False,False,False,False,False
2026-03-31,6.09,6.3,5.94,5.98,650616.97,-2.127659574468088,4.999344565831954,,,,,,,,,,,,,,,,,,,,5.755916666666667,5.28032,0.7272727272727273,0.45,3.5339524139064835,,0,0,,0,0,0,0,0,,,,False,False,False,False,False
2026-04-01,6.1,6.12,5.86,5.89,497001.4,-1.5050167224080369,3.8189616362156573,,,,,,,,,,,,,,,,,,,,5.763083333333333,5.285399999999999,0.5833333333333334,0.45,3.5877000903678264,,0,0,,0,0,0,0,0,,,,False,False,False,False,False
2026-04-02,5.86,6.23,5.86,6.06,800448.23,2.8862478777589073,6.150648835489652,,,,,,,,,,,,,,,,,,,,5.771000000000001,5.2912,0.7272727272727273,0.45,3.774876677719773,,0,0,,0,0,0,0,0,,,,True,False,False,False,False
2026-04-03,6.03,6.08,5.63,5.65,613393.43,-6.765676567656753,4.713318668874442,,,,,,,,,,,,,,,,,,,,5.774916666666667,5.29568,0.5833333333333334,0.4,3.847759783858814,,0,0,,0,0,0,0,0,,,,False,False,False,False,False
2026-04-07,5.7,6.19,5.66,6.08,801429.07,7.610619469026547,6.158185615730645,,,,,,,,,,,,,,,,,,,,5.781916666666666,5.301519999999999,0.7272727272727273,0.45,3.9631597503797544,,0,0,,0,0,0,0,0,,,,True,False,False,False,False
2026-04-08,6.02,6.16,5.9,6.14,588354.95,0.9868421052631415,4.520922843532395,,,,,,,,,,,,,,,,,,,,5.788333333333332,5.307440000000001,0.9,0.5,4.021184267624848,,0,0,,0,0,0,0,0,,,,True,False,False,False,False
2026-04-09,6.1,6.17,6.05,6.09,427195.12,-0.8143322475570036,3.282569776379994,,,,,,,,,,,,,,,,,,,,5.79375,5.31316,0.7272727272727273,0.45,4.025356690453892,,0,0,,0,0,0,0,0,,,,False,False,False,False,False
2026-04-10,6.1,6.21,6.02,6.17,535378.25,1.3136288998357948,4.113849573893102,,,,,,,,,,,,,,,,,,,,5.8005,5.3197600000000005,0.7272727272727273,0.45,4.052314026933502,,0,0,,0,0,0,0,0,,,,True,False,False,False,False
2026-04-13,6.14,6.22,6.08,6.18,371210.65,0.16207455429497752,2.852384784639797,,,,,,,,,,,,,,,,,,,,5.807916666666667,5.32688,0.7272727272727273,0.45,4.014292901608349,,0,0,,0,0,0,0,0,,,,True,False,False,False,False
2026-04-14,6.23,6.38,6.18,6.38,556983.1,3.2362459546925626,4.279861366427679,,,,,,,,,,,,,,,,,,,,5.816583333333333,5.3344,0.9,0.5,4.057956035080274,,0,0,,0,0,0,0,0,,,,True,False,True,True,False
2026-04-15,6.36,6.36,6.14,6.17,455963.07,-3.2915360501567403,3.5036228708030084,,,,,,,,,,,,,,,,,,,,5.823833333333332,5.3411599999999995,0.9,0.5,4.051563825922024,,0,0,,0,0,0,0,0,,,,False,False,False,False,False
2026-04-16,6.19,6.33,6.12,6.27,389108.48,1.620745542949753,2.989911814023436,,,,,,,,,,,,,,,,,,,,5.8325000000000005,5.348280000000001,1.1111111111111112,0.55,4.07361883586241,,0,0,,0,0,0,0,0,,,,True,False,False,False,False
2026-04-17,6.27,6.5,6.26,6.44,615363.85,2.7113237639553533,4.72845938756705,,,,,,,,,,,,,,,,,,,,5.842,5.35788,1.375,0.6,4.134766256005453,,0,0,,0,0,0,0,0,,,,True,False,True,True,False
2026-04-20,6.47,6.72,6.44,6.54,507780.13,1.552795031055898,3.9017854599657045,,,,,,,,,,,,,,,,,,,,5.851333333333333,5.368,1.7142857142857142,0.65,4.204382422557975,,0,0,,0,0,0,0,0,,,,True,False,True,True,True
2026-04-21,6.53,6.56,6.34,6.49,403978.57,-0.7645259938837912,3.1041736717105053,,,,,,,,,,,,,,,,,,,,5.8607499999999995,5.37748,1.7142857142857142,0.65,4.209779871852406,,0,0,,0,0,0,0,0,,,,False,False,False,False,False
2026-04-22,6.46,6.65,6.45,6.6,512001.58,1.6949152542372836,3.934223106216203,,,,,,,,,,,,,,,,,,,,5.86975,5.38732,2.1666666666666665,0.65,4.279490240473935,,0,0,,0,0,0,0,0,,,,True,False,False,False,True
2026-04-23,6.57,6.88,6.48,6.62,647890.74,0.3030303030303161,4.97839619872172,,,,,,,,,,,,,,,,,,,,5.880416666666666,5.397240000000001,2.1666666666666665,0.65,4.4144776483132855,,0,0,,0,0,0,0,0,,,,True,False,False,False,True
2026-04-24,6.58,6.91,6.56,6.84,867235.37,3.3232628398791597,6.663841606078556,,,,,,,,,,,,,,,,,,,,5.892250000000001,5.4078800000000005,2.1666666666666665,0.65,4.632475597401426,,0,0,,0,0,0,0,0,,,,True,False,False,False,True
2026-04-27,6.74,6.95,6.72,6.8,662911.08,-0.5847953216374324,5.0938125782790316,,,,,,,,,,,,,,,,,,,,5.90425,5.418399999999999,2.1666666666666665,0.6,4.59004548176091,,0,0,,0,0,0,0,0,,,,True,False,False,False,False
2026-04-28,6.81,7.05,6.8,6.95,796321.71,2.205882352941191,6.118940631908985,,,,,,,,,,,,,,,,,,,,5.916666666666667,5.42984,2.3333333333333335,0.65,4.495360749614475,,0,0,,0,0,0,0,0,,,,True,False,False,False,True
2026-04-29,6.89,7.34,6.68,7.28,1027899.75,4.748201438848931,7.8983876325613265,,,,,,,,,,,,,,,,,,,,5.929,5.44252,3.0,0.7,4.640312902950944,,0,0,,0,0,0,0,0,,,,True,False,True,True,True
2026-04-30,7.21,7.44,6.94,6.99,1110591.0,-3.9835164835164805,8.53378767650631,,,,,,,,,,,,,,,,,,,,5.93875,5.45404,3.0,0.7,4.876054204965477,,0,0,,0,0,0,0,0,,,,False,False,False,False,False
2026-05-06,7.0,7.04,6.83,6.87,724223.04,-1.716738197424894,5.564934034035875,,,,,,,,,,,,,,,,,,,,5.946583333333334,5.46504,2.3333333333333335,0.65,4.846768464892788,,0,0,,0,0,0,0,0,,,,False,False,False,False,False
2026-05-07,6.85,6.87,6.57,6.7,787937.88,-2.4745269286754024,6.05451923363012,,,,,,,,,,,,,,,,,,,,5.953,5.47528,2.3333333333333335,0.65,4.913828493130572,,0,0,,0,0,0,0,0,,,,False,False,False,False,False
2026-05-08,6.68,6.82,6.61,6.68,512307.09,-0.29850746268657025,3.9365706468257073,,,,,,,,,,,,,,,,,,,,5.9584166666666665,5.48424,2.1666666666666665,0.6,4.802747744685325,,0,0,,0,0,0,0,0,,,,False,False,False,False,False
2026-05-11,6.69,6.73,6.48,6.52,594345.69,-2.395209580838331,4.566955724390563,,,,,,,,,,,,,,,,,,,,5.962666666666666,5.49304,1.7142857142857142,0.55,4.805049388728234,,0,0,,0,0,0,0,0,,,,False,False,False,False,False
2026-05-12,6.56,6.69,6.51,6.57,490803.89,0.7668711656441785,3.7713399334798843,,,,,,,,,,,,,,,,,,,,5.965333333333334,5.500319999999999,2.1666666666666665,0.6,4.829487896583228,,0,0,,0,0,0,0,0,,,,True,False,False,False,False
2026-05-13,6.51,6.54,6.43,6.47,385476.75,-1.5220700152207112,2.9620055796685762,,,,,,,,,,,,,,,,,,,,5.9671666666666665,5.5084,1.7142857142857142,0.55,4.771895696872002,,0,0,,0,0,0,0,0,,,,False,False,False,False,False
2026-05-14,6.46,6.54,6.39,6.43,326436.17,-0.6182380216383287,2.508337420987491,,,,,,,,,,,,,,,,,,,,5.968583333333333,5.51608,1.375,0.5,4.754693328689386,,0,0,,0,0,0,0,0,,,,False,False,False,False,False
2026-05-15,6.41,6.53,6.41,6.46,275042.01,0.4665629860031162,2.1134243978742178,,,,,,,,,,,,,,,,,,,,5.971416666666667,5.524400000000001,1.375,0.5,4.646371480261714,,0,0,,0,0,0,0,0,,,,True,False,False,False,False
2026-05-18,6.5,6.59,6.31,6.58,354879.5,1.8575851393188847,2.726896133450317,,,,,,,,,,,,,,,,,,,,5.973416666666666,5.532760000000001,1.7142857142857142,0.55,4.607535143394079,,0,0,,0,0,0,0,0,,,,True,False,False,False,False
2026-05-19,6.6,6.61,6.36,6.48,297746.07,-1.5197568389057725,2.2878825264153817,,,,,,,,,,,,,,,,,,,,5.975666666666667,5.5404,1.375,0.5,4.572433679013677,,0,0,,0,0,0,0,0,,,,False,False,False,False,False
2026-05-20,6.45,6.45,6.2,6.3,307358.53,-2.77777777777779,2.361744724730432,,,,,,,,,,,,,,,,,,,,5.976249999999999,5.5474,1.1111111111111112,0.45,4.454097945871846,,0,0,,0,0,0,0,0,,,,False,False,False,False,False
2026-05-21,6.31,6.43,6.04,6.07,305849.39,-3.650793650793649,2.3501484842295426,,,,,,,,,,,,,,,,,,,,5.976083333333333,5.5538,0.9,0.4,4.376516097085037,,0,0,,0,0,0,0,0,,,,False,False,False,False,False
2026-05-22,6.1,6.2,6.02,6.2,215235.65,2.1416803953871577,1.6538719812377602,,,,,,,,,,,,,,,,,,,,5.977500000000001,5.560479999999999,1.1111111111111112,0.45,4.3040010125614,,0,0,,0,0,0,0,0,,,,True,False,False,False,False
2026-05-25,6.15,6.19,5.88,5.94,384400.69,-4.193548387096769,2.9537371283960723,,,,,,,,,,,,,,,,,,,,5.977583333333333,5.56592,0.9,0.4,4.254976713670393,,0,0,,0,0,0,0,0,,,,False,False,False,False,False
2026-05-26,5.94,5.97,5.77,5.96,270733.93,0.33670033670032407,2.0803210862019608,,,,,,,,,,,,,,,,,,,,5.9825,5.5712,0.9,0.4,4.110072958044405,,0,0,,0,0,0,0,0,,,,True,False,False,False,False
2026-05-27,5.95,5.95,5.72,5.76,209834.2,-3.3557046979865834,1.6123672081527405,,,,,,,,,,,,,,,,,,,,5.9863333333333335,5.57584,0.7272727272727273,0.35,3.8574992381481144,,0,0,,0,0,0,0,0,,,,False,False,False,False,False
2026-05-28,5.78,5.82,5.64,5.74,170825.45,-0.3472222222222099,1.312623747215352,,,,,,,,,,,,,,,,,,,,5.988333333333333,5.5803199999999995,0.5833333333333334,0.35,3.6684397965949307,,0,0,,0,0,0,0,0,,,,False,False,False,False,False
2026-05-29,5.75,5.77,5.64,5.68,187148.72,-1.0452961672474004,1.4380518484391913,,,,,,,,,,,,,,,,,,,,5.99025,5.5844000000000005,0.46153846153846156,0.3,3.434395357421441,,0,0,,0,0,0,0,0,,,,False,False,False,False,False
2026-06-01,5.67,5.93,5.65,5.91,243476.7,4.049295774647899,1.870876373008987,,,,,,,,,,,,,,,,,,,,5.993416666666667,5.58948,0.46153846153846156,0.3,3.133019794443824,,0,0,,0,0,0,0,0,,,,True,False,False,False,False
2026-06-02,5.93,5.93,5.77,5.9,162768.7,-0.16920473773265332,1.2507156335509224,,,,,,,,,,,,,,,,,,,,5.994083333333334,5.594600000000001,0.46153846153846156,0.3,2.7688661922960547,,0,0,,0,0,0,0,0,,,,False,False,False,False,False
2026-06-03,5.9,5.98,5.87,5.92,172970.74,0.3389830508474523,1.3291081680008006,,,,,,,,,,,,,,,,,,,,5.996333333333333,5.600160000000001,0.5833333333333334,0.35,2.557074898994301,,0,0,,0,0,0,0,0,,,,True,False,False,False,False
2026-06-04,5.91,5.91,5.7,5.75,195870.4,-2.871621621621623,1.5050692880748733,,,,,,,,,,,,,,,,,,,,5.997249999999999,5.605120000000001,0.5833333333333334,0.35,2.3296024017165387,,0,0,,0,0,0,0,0,,,,False,False,False,False,False
2026-06-05,5.75,5.79,5.65,5.78,160693.5,0.521739130434784,1.2347697847314327,,,,,,,,,,,,,,,,,,,,5.998749999999999,5.61008,0.6666666666666666,0.4,2.194512358611825,,0,0,,0,0,0,0,0,,,,True,False,False,False,False
2026-06-08,5.7,5.77,5.5,5.52,208223.14,-4.498269896193785,1.5999878137815344,,,,,,,,,,,,,,,,,,,,5.999166666666667,5.61388,0.6666666666666666,0.4,2.0461639630813737,,0,0,,0,0,0,0,0,,,,False,False,False,False,False
2026-06-09,5.56,5.59,5.44,5.54,166303.8,0.36231884057971175,1.2778793624261047,,,,,,,,,,,,,,,,,,,,5.9995,5.61768,0.5384615384615384,0.4,1.9214909345286846,,0,0,,0,0,0,0,0,,,,False,False,False,False,False
2026-06-10,5.51,5.7,5.43,5.64,218394.34,1.8050541516245522,1.6781433734927882,,,,,,,,,,,,,,,,,,,,6.001083333333333,5.6217999999999995,0.6666666666666666,0.45,1.857297824219895,,0,0,,0,0,0,0,0,,,,True,False,False,False,False
2026-06-11,5.61,5.72,5.56,5.69,193624.4,0.8865248226950451,1.4878110110661156,,,,,,,,,,,,,,,,,,,,6.003583333333333,5.62632,0.8181818181818182,0.5,1.8062715037238264,,0,0,,0,0,0,0,0,,,,True,False,False,False,False
2026-06-12,5.73,5.9,5.6,5.81,284921.61,2.1089630931458547,2.189339301496534,,,,,,,,,,,,,,,,,,,,6.007083333333333,5.63136,0.8181818181818182,0.5,1.8100672489049423,,0,0,,0,0,0,0,0,,,,True,False,True,False,False
2026-06-15,5.85,5.91,5.77,5.85,216485.24,0.6884681583476882,1.6634738380353442,,,,,,,,,,,,,,,,,,,,6.011666666666667,5.636400000000001,0.7272727272727273,0.5,1.7568961341341935,,0,0,,0,0,0,0,0,,,,False,False,False,False,False
2026-06-16,5.85,5.92,5.79,5.88,173800.95,0.512820512820511,1.3354875064493494,,,,,,,,,,,,,,,,,,,,6.0168333333333335,5.641559999999999,0.9,0.55,1.7092763831358915,,0,0,,0,0,0,0,0,,,,True,False,False,False,False
2026-06-17,5.87,5.89,5.61,5.64,251935.28,-4.081632653061229,1.9358721507208025,,,,,,,,,,,,,,,,,,,,6.019416666666667,5.645440000000001,0.9,0.55,1.6879827544354105,,0,0,,0,0,0,0,0,,,,False,False,False,False,False
2026-06-18,5.62,5.62,5.46,5.51,206734.7,-2.3049645390070927,1.5885506322005392,,,,,,,,,,,,,,,,,,,,6.022083333333333,5.64864,0.9,0.55,1.6499028618339604,,0,0,,0,0,0,0,0,,,,False,False,False,False,False
2026-06-22,5.51,6.06,5.51,6.06,512610.07,9.981851179673317,3.938898746900557,,,,,,,,,,,,,,,,,,,,6.028416666666667,5.6541999999999994,0.9,0.55,1.7641542001171,,0,0,,0,0,0,0,0,,,,True,False,True,True,False
2026-06-23,6.05,6.2,6.0,6.03,578264.19,-0.4950495049504844,4.443385385247047,,,,,,,,,,,,,,,,,,,,6.034833333333334,5.65956,0.9,0.55,1.838636612959649,,0,0,,0,0,0,0,0,,,,False,False,False,False,False
2026-06-24,5.99,6.1,5.92,6.09,356727.53,0.995024875621886,2.7410964066740457,,,,,,,,,,,,,,,,,,,,6.040083333333333,5.665280000000001,0.9,0.55,1.871675378983253,,0,0,,0,0,0,0,0,,,,True,False,False,False,False
2026-06-25,6.06,6.24,6.03,6.15,430427.62,0.9852216748768461,3.3074083251025272,,,,,,,,,,,,,,,,,,,,6.04575,5.671279999999999,1.1111111111111112,0.6,1.9564274348307424,,0,0,,0,0,0,0,0,,,,True,False,False,False,False
2026-06-26,6.12,6.25,5.87,5.91,400635.09,-3.9024390243902474,3.0784823520251794,,,,,,,,,,,,,,,,,,,,6.0494166666666676,5.67636,1.1111111111111112,0.6,2.0447203650712336,,0,0,,0,0,0,0,0,,,,False,False,False,False,False
2026-06-29,5.85,6.1,5.76,6.1,338949.88,3.2148900169204575,2.604492841106485,,,,,,,,,,,,,,,,,,,,6.05475,5.68164,1.375,0.65,2.1030424147045985,,0,0,,0,0,0,0,0,,,,True,False,False,False,False
2026-06-30,6.14,6.22,6.0,6.2,332034.25,1.6393442622950838,2.551353100131385,,,,,,,,,,,,,,,,,,,,6.06075,5.68748,1.375,0.65,2.1370662510607183,,0,0,,0,0,0,0,0,,,,True,False,False,False,False
2026-07-01,6.2,6.39,6.14,6.37,442014.77,2.741935483870961,3.3964440528149167,,,,,,,,,,,,,,,,,,,,6.067333333333333,5.69456,1.7142857142857142,0.7,2.2443526720239184,,0,0,,0,0,0,0,0,,,,True,False,True,True,False
2026-07-02,6.25,6.45,6.21,6.34,380088.05,-0.47095761381475976,2.920598777657404,,,,,,,,,,,,,,,,,,,,6.073333333333333,5.70184,1.7142857142857142,0.65,2.3239272025067486,,0,0,,0,0,0,0,0,,,,True,False,False,False,False
2026-07-03,6.36,6.38,6.15,6.22,308630.37,-1.8927444794952675,2.3715175506568866,,,,,,,,,,,,,,,,,,,,6.079,5.70812,1.7142857142857142,0.65,2.3672496156358487,,0,0,,0,0,0,0,0,,,,False,False,False,False,False
2026-07-06,6.19,6.29,5.98,6.05,327906.31,-2.733118971061088,2.5196339852624936,,,,,,,,,,,,,,,,,,,,6.0841666666666665,5.71304,1.375,0.6,2.431492825662402,,0,0,,0,0,0,0,0,,,,False,False,False,False,False
2026-07-07,6.01,6.16,5.93,6.16,241840.59,1.81818181818183,1.858304494292692,,,,,,,,,,,,,,,,,,,,6.090166666666666,5.71844,1.7142857142857142,0.65,2.44440865968796,,0,0,,0,0,0,0,0,,,,True,False,False,False,False
2026-07-08,6.1,6.13,5.88,5.89,244450.91,-4.383116883116889,1.8783622082915792,,,,,,,,,,,,,,,,,,,,6.092166666666667,5.722719999999999,1.7142857142857142,0.6,2.4744328019812336,,0,0,,0,0,0,0,0,,,,False,False,False,False,False
2026-07-09,5.86,5.91,5.51,5.62,316694.01,-4.58404074702885,2.4334786071212227,,,,,,,,,,,,,,,,,,,,6.092416666666666,5.7256800000000005,1.375,0.55,2.5121995636626555,,0,0,,0,0,0,0,0,,,,False,False,False,False,False
2026-07-10,5.6,5.68,5.48,5.65,189158.31,0.5338078291815096,1.45349354963867,,,,,,,,,,,,,,,,,,,,6.092666666666667,5.72844,1.375,0.55,2.510483690591283,,0,0,,0,0,0,0,0,,,,True,False,False,False,False
2026-07-13,5.6,5.6,5.4,5.54,195762.27,-1.9469026548672663,1.5042384165285878,,,,,,,,,,,,,,,,,,,,6.092416666666667,5.7304,1.1111111111111112,0.5,2.4762286463428858,,0,0,,0,0,0,0,0,,,,False,False,False,False,False
2026-07-14,5.73,5.94,5.7,5.79,397718.98,4.512635379061369,3.056074945895167,,,,,,,,,,,,,,,,,,,,6.093833333333333,5.73352,1.2222222222222223,0.5,2.5458587017358765,,0,0,,0,0,0,0,0,,,,True,False,False,False,False
2026-07-15,5.74,5.91,5.64,5.88,282394.98,1.5544041450777257,2.1699246619423764,,,,,,,,,,,,,,,,,,,,6.096333333333333,5.73688,1.2222222222222223,0.5,2.5875805595105286,,0,0,,0,0,0,0,0,,,,True,False,False,False,False
2026-07-16,5.79,5.87,5.75,5.77,180185.9,-1.8707482993197355,1.3845494992307683,,,,,,,,,,,,,,,,,,,,6.097833333333333,5.74012,1.2222222222222223,0.5,2.5600144269360263,,0,0,,0,0,0,0,0,,,,False,False,False,False,False
2026-07-17,5.73,5.88,5.68,5.79,244423.43,0.34662045060658286,1.878151051812416,,,,,,,,,,,,,,,,,,,,6.099,5.74336,1.5,0.55,2.5744944479166203,,0,0,,0,0,0,0,0,,,,True,False,False,False,False
2026-07-20,5.8,5.82,5.61,5.64,212430.0,-2.5907,,,,,,,,,,,,,,,,,,,,,6.099666666666667,5.7454,1.2222222222222223,0.5,,,0,0,,0,0,0,0,0,,,,False,False,False,False,False
2026-07-21,5.63,5.69,5.47,5.69,198054.0,0.8865,,,,,,,,,,,,,,,,,,,,,6.09925,5.74772,1.5,0.55,,,0,0,,0,0,0,0,0,,,,True,False,False,False,False
2026-07-22,5.66,5.66,5.53,5.55,148768.0,-2.4605,,,,,,,,,,,,,,,,,,,,,6.097166666666666,5.74948,1.2222222222222223,0.5,,,0,0,,0,0,0,0,0,,,,False,False,False,False,False
2026-07-23,5.55,5.74,5.54,5.73,172661.0,3.2432,,,,,,,,,,,,,,,,,,,,,6.096583333333333,5.75176,1.2222222222222223,0.5,,,0,0,,0,0,0,0,0,,,,True,False,False,False,False
2026-07-24,5.69,5.73,5.55,5.55,145464.0,-3.1414,,,,,,,,,,,,,,,,,,,,,6.09275,5.7533199999999995,1.2222222222222223,0.5,,,0,0,,0,0,0,0,0,,,,False,False,False,False,False
2026-07-27,5.56,5.67,5.55,5.66,102614.0,1.982,,,,,,,,,,,,,,,,,,,,,6.089166666666666,5.75592,1.2222222222222223,0.5,,,0,0,,0,0,0,0,0,,,,True,False,False,False,False
2026-07-28,5.61,5.71,5.6,5.67,99185.0,0.1767,,,,,,,,,,,,,,,,,,,,,6.085750000000001,5.758839999999999,1.2222222222222223,0.5,,,0,0,,0,0,0,0,0,,,,True,False,False,False,False
2026-07-29,5.69,5.79,5.66,5.77,141905.0,1.7637,,,,,,,,,,,,,,,,,,,,,6.0841666666666665,5.76208,1.2222222222222223,0.5,,,0,0,,0,0,0,0,0,,,,True,False,True,False,False
2026-07-30,5.73,5.84,5.72,5.81,157902.0,0.6932,,,,,,,,,,,,,,,,,,,,,6.081333333333333,5.765200000000001,1.2222222222222223,0.55,,,0,0,,0,0,0,0,0,,,,True,False,True,False,False
2026-07-31,5.84,5.87,5.79,5.82,145487.0,0.1721,,,,,,,,,,,,,,,,,,,,,6.07925,5.767720000000001,1.2222222222222223,0.6,,,0,0,,0,0,0,0,0,,,,False,False,False,False,False
2026-08-03,5.8,5.84,5.73,5.84,127653.0,0.3436,,,,,,,,,,,,,,,,,,,,,6.077500000000001,5.77,1.5,0.65,,,0,0,,0,0,0,0,0,,,,True,False,False,False,False
2026-08-04,5.86,5.88,5.79,5.83,130226.0,-0.1712,,,,,,,,,,,,,,,,,,,,,6.077083333333333,5.77264,1.2222222222222223,0.6,,,0,0,,0,0,0,0,0,,,,False,False,False,False,False
2026-08-05,5.83,5.88,5.8,5.85,156140.0,0.3431,,,,,,,,,,,,,,,,,,,,,6.07625,5.7746,1.5,0.65,,,0,0,,0,0,0,0,0,,,,True,False,False,False,False
2026-08-06,5.84,6.0,5.81,5.92,223846.0,1.1966,,,,,,,,,,,,,,,,,,,,,6.0755,5.7769200000000005,1.8571428571428572,0.7,,,0,0,,0,0,0,0,0,,,,True,False,True,True,False
2026-08-07,5.99,6.06,5.9,5.92,188805.0,0.0,,,,,,,,,,,,,,,,,,,,,6.076083333333333,5.77912,1.5,0.65,,,0,0,,0,0,0,0,0,,,,False,False,False,False,False
2026-08-10,5.92,6.0,5.9,5.97,147237.0,0.8446,,,,,,,,,,,,,,,,,,,,,6.076333333333334,5.7816399999999994,1.8571428571428572,0.7,,,0,0,,0,0,0,0,0,,,,True,False,False,False,False
2026-08-11,5.97,5.97,5.86,5.86,139716.0,-1.8425,,,,,,,,,,,,,,,,,,,,,6.074916666666666,5.78396,1.5,0.65,,,0,0,,0,0,0,0,0,,,,False,False,False,False,False
2026-08-12,5.86,5.89,5.83,5.84,118531.0,-0.3413,,,,,,,,,,,,,,,,,,,,,6.073499999999999,5.78664,1.2222222222222223,0.6,,,0,0,,0,0,0,0,0,,,,False,False,False,False,False
2026-08-13,5.84,5.84,5.71,5.72,148150.0,-2.0548,,,,,,,,,,,,,,,,,,,,,6.0705,5.7887200000000005,1.2222222222222223,0.6,,,0,0,,0,0,0,0,0,,,,False,False,False,False,False
2026-08-14,5.72,5.76,5.69,5.74,90315.0,0.3497,,,,,,,,,,,,,,,,,,,,,6.06875,5.79104,1.2222222222222223,0.6,,,0,0,,0,0,0,0,0,,,,True,False,False,False,False
2026-08-17,5.74,5.83,5.69,5.82,116474.0,1.3937,,,,,,,,,,,,,,,,,,,,,6.068583333333333,5.79376,1.5,0.65,,,0,0,,0,0,0,0,0,,,,True,False,False,False,False
2026-08-18,5.84,5.87,5.72,5.77,107078.0,-0.8591,,,,,,,,,,,,,,,,,,,,,6.065416666666667,5.79632,1.2222222222222223,0.6,,,0,0,,0,0,0,0,0,,,,False,False,False,False,False
2026-08-19,5.7,5.75,5.64,5.65,134644.0,-2.0797,,,,,,,,,,,,,,,,,,,,,6.059166666666667,5.79844,1.2222222222222223,0.6,,,0,0,,0,0,0,0,0,,,,False,False,False,False,False
2026-08-20,5.69,5.79,5.67,5.76,116249.0,1.9469,,,,,,,,,,,,,,,,,,,,,6.054333333333333,5.80016,1.2222222222222223,0.6,,,0,0,,0,0,0,0,0,,,,True,False,False,False,False
2026-08-21,5.76,5.86,5.72,5.85,165195.0,1.5625,,,,,,,,,,,,,,,,,,,,,6.049333333333334,5.801799999999999,1.5,0.65,,,0,0,,0,0,0,0,0,,,,True,False,False,False,False
2026-08-24,5.86,5.91,5.81,5.9,141858.0,0.8547,,5.786,5.791,5.8155,5.778666666666667,5.834666666666666,6.041,5.9388,54.19382936081717,-0.005315749670278258,-0.013004358126054258,133004.8,127821.0,62.558865853516096,56.982068831127215,40.29344361366201,90.35931926605762,5.980484847789148,5.8155,5.650515152210852,6.045583333333334,5.804399999999999,1.5,0.65,,1.0665630112597442,0,0,0.011197440585009266,0,0,1,0,0,0.7560841226704408,0.05673969488062859,62.558865853516096,True,True,True,False,False
2026-08-25,5.89,5.94,5.83,5.91,130525.0,0.1695,,5.814,5.796,5.8275,5.782666666666667,5.834666666666666,6.040300000000001,5.939349999999999,54.63542893700608,0.0032742717364317997,-0.009748632153557047,137694.2,126901.9,63.55223848708918,67.98804588741811,49.52497770491405,104.91418225242623,5.982538195633437,5.8275,5.672461804366562,6.044,5.8064800000000005,1.5,0.65,,0.9479338999028281,0,1,0.012911334552102582,0,0,0,0,0,0.7660634679826194,0.05320916195055776,63.55223848708918,True,True,False,False,False
2026-08-26,5.9,5.99,5.88,5.97,181164.0,1.0152,,5.878,5.808999999999999,5.8375,5.785666666666667,5.835833333333334,6.0411,5.9401,57.295621072212235,0.014753356636430404,-0.004848234395559557,146998.2,133165.2,69.39804983250099,76.7539353535168,58.601296921114965,113.05921221832045,6.002408267961661,5.8375,5.67259173203834,6.0435,5.80948,1.5,0.65,,1.2324232541622957,0,1,0.02299014707982261,0,0,0,0,0,0.9017384987355647,0.05649962071491579,69.39804983250099,True,True,True,True,False
2026-08-27,5.93,5.94,5.8,5.89,239332.0,-1.34,,5.904000000000001,5.826,5.8415,5.789666666666666,5.835333333333334,6.0394,5.939899999999999,52.845917704512736,0.017197045869917993,-0.0004391783424640473,171614.8,142283.4,55.22587442791274,74.97881404520163,64.06046929581052,96.81550354398385,6.007477170275436,5.8415,5.675522829724564,6.0417499999999995,5.81212,1.2222222222222223,0.6,,1.394588345527309,0,1,0.009368216611447489,0,0,0,0,0,0.6461044308669526,0.056826900719142766,55.22587442791274,False,False,False,False,False
2026-08-28,5.87,6.03,5.85,6.02,239906.0,2.2071,,5.938,5.854,5.8515,5.797333333333333,5.839833333333333,6.043100000000001,5.9403500000000005,58.48779321031777,0.029286009846353878,0.005505859295299538,186557.0,157242.5,67.97778446322198,82.46450850876684,70.19514903346263,107.00322745937527,6.035178781400716,5.8515,5.667821218599284,6.038833333333333,5.81532,1.5,0.6,,1.285966219439635,1,1,0.030851337081537755,0,0,0,0,0,0.9586811789446653,0.06278006712833159,67.97778446322198,True,True,True,True,False
2026-08-31,6.02,6.05,5.93,6.01,167843.0,-0.1661,,5.96,5.872999999999999,5.86,5.809666666666668,5.843666666666667,6.0424,5.940250000000001,57.913772726797696,0.037625955869530436,0.01192987861014572,191754.0,162379.4,66.23644658701835,85.05763981885269,75.14931262859265,104.87429419937277,6.056709778206666,5.86,5.663290221793335,6.036083333333333,5.818599999999999,1.2222222222222223,0.55,,0.8753037746279086,1,1,0.028463864012320927,0,0,0,0,0,0.8812723530256024,0.0671364430739473,66.23644658701835,False,True,False,False,False
2026-09-01,6.03,6.1,6.01,6.03,196536.0,0.3328,,5.984,5.899,5.87,5.821,5.852166666666666,6.0413,5.9403500000000005,58.7850013274707,0.04532675738775094,0.018609254365666766,204956.2,171325.2,68.19197438897108,84.61206995675455,78.30356507131329,97.22907972763707,6.0801628441296,5.87,5.659837155870401,6.035,5.82168,1.375,0.6,,0.9589170759411034,1,1,0.0303876057300716,0,0,0,0,0,0.8806572009972756,0.0716057390560816,68.19197438897108,False,True,False,False,False
2026-09-02,5.99,6.02,5.9,5.96,158633.0,-1.1609,,5.981999999999999,5.930000000000001,5.8755,5.834666666666666,5.859166666666667,6.04,5.938900000000001,54.530175825368794,0.045259559062849064,0.023939315305103227,200450.0,173724.1,54.84946458912663,77.46067821678376,78.02260278647012,76.33682907741104,6.08918693283205,5.8755,5.66181306716795,6.031416666666667,5.824439999999999,1.1111111111111112,0.55,,0.7913843851334498,1,1,0.01720950078224992,0,0,0,0,0,0.6977191559635847,0.07273829727922726,54.84946458912663,False,False,False,False,False
2026-09-03,5.95,6.0,5.9,5.91,110412.0,-0.8389,,5.986,5.944999999999999,5.875,5.8406666666666665,5.863666666666666,6.0374,5.937200000000001,51.654248442010285,0.040702528363136814,0.027291957916709946,174666.0,173140.4,46.97184359974394,63.86267436674478,73.30262664656166,44.982769807111,6.08829495268786,5.875,5.66170504731214,6.027166666666667,5.82712,0.9,0.5,,0.6321321837106249,1,1,0.007901767949519689,0,0,0,0,0,0.5820460108383809,0.07261104772352667,46.97184359974394,False,False,False,False,False
2026-09-04,5.93,5.96,5.84,5.86,144286.0,-0.846,,5.954000000000001,5.946,5.872,5.851,5.866499999999999,6.034200000000001,5.935200000000001,48.878116134532945,0.032679754699678654,0.02836951727330369,155542.0,171049.5,40.06649934068906,49.24178291116324,65.28234540142886,17.160657930632027,6.084315554627665,5.872,5.659684445372335,6.022333333333333,5.829599999999999,0.9,0.5,,0.9276336937933163,1,1,-0.0011079860223299764,0,0,0,0,0,0.47174017697138626,0.07231456220288315,40.06649934068906,False,False,False,False,False
