date,open,high,low,close,volume,change_rate,turnover,MA5,MA10,MA20,MA30,MA60,MA100,MA200,RSI14,DIF,DEA,VOL_MA5,VOL_MA10,RSI6,K,D,J,BOLL_UPPER,BOLL_MIDDLE,BOLL_LOWER,MA120,MA250,updown_ratio_20,up_days_ratio_20,turnover_ma20,vol_ratio,ma_bull,dif_above_zero,bias60,macd_gold,macd_gold3,dif_below0,kdj_gold,kdj_gold3,boll_pos,boll_width,rsi6,is_yang,above_ma5,break_high5,break_high10,break_close40
2024-07-31,7.85,8.32,7.82,8.31,1462839.44,5.456852791878175,4.499748921210437,,,,,,,,,,,,,,,,,,,,,,,,,,0,0,,0,0,0,0,0,,,,True,False,False,False,False
2024-08-01,8.32,8.33,8.18,8.25,945723.33,-0.7220216606498298,2.9090803936288747,,,,,,,,,,,,,,,,,,,,,,,,,,0,0,,0,0,0,0,0,,,,False,False,False,False,False
2024-08-02,8.16,8.27,7.96,7.99,1045822.16,-3.1515151515151496,3.216988144808271,,,,,,,,,,,,,,,,,,,,,,,,,,0,0,,0,0,0,0,0,,,,False,False,False,False,False
2024-08-05,7.8,7.95,7.61,7.61,1112660.29,-4.755944931163958,3.422584736709856,,,,,,,,,,,,,,,,,,,,,,,,,,0,0,,0,0,0,0,0,,,,False,False,False,False,False
2024-08-06,7.73,7.81,7.58,7.71,675970.43,1.3140604467805517,2.0793103672147746,,,,,,,,,,,,,,,,,,,,,,,,,,0,0,,0,0,0,0,0,,,,False,False,False,False,False
2024-08-07,7.71,7.74,7.61,7.66,501034.02,-0.6485084306095956,1.5411994162426526,,,,,,,,,,,,,,,,,,,,,,,,,,0,0,,0,0,0,0,0,,,,False,False,False,False,False
2024-08-08,7.62,7.76,7.52,7.69,642613.84,0.3916449086161844,1.9767042467045435,,,,,,,,,,,,,,,,,,,,,,,,,,0,0,,0,0,0,0,0,,,,True,False,False,False,False
2024-08-09,7.75,7.83,7.69,7.72,577118.92,0.39011703511051543,1.7752394190849359,,,,,,,,,,,,,,,,,,,,,,,,,,0,0,,0,0,0,0,0,,,,False,False,False,False,False
2024-08-12,7.64,7.82,7.52,7.57,567446.45,-1.943005181347146,1.745486538995826,,,,,,,,,,,,,,,,,,,,,,,,,,0,0,,0,0,0,0,0,,,,False,False,False,False,False
2024-08-13,7.54,7.63,7.48,7.6,439046.53,0.39630118890354726,1.3505235747052908,,,,,,,,,,,,,,,,,,,,,,,,,,0,0,,0,0,0,0,0,,,,True,False,False,False,False
2024-08-14,7.61,7.68,7.52,7.65,480148.52,0.657894736842124,1.4769548357889422,,,,,,,,,,,,,,,,,,,,,,,,,,0,0,,0,0,0,0,0,,,,True,False,False,False,False
2024-08-15,7.68,8.42,7.62,8.3,3255200.09,8.496732026143805,10.013117429553047,,,,,,,,,,,,,,,,,,,,,,,,,,0,0,,0,0,0,0,0,,,,True,False,True,False,False
2024-08-16,8.24,8.35,8.14,8.16,2184166.14,-1.6867469879518149,6.718576874171074,,,,,,,,,,,,,,,,,,,,,,,,,,0,0,,0,0,0,0,0,,,,False,False,False,False,False
2024-08-19,8.17,8.18,7.97,8.01,1173875.05,-1.8382352941176516,3.6108836318176842,,,,,,,,,,,,,,,,,,,,,,,,,,0,0,,0,0,0,0,0,,,,False,False,False,False,False
2024-08-20,8.01,8.05,7.88,7.93,874016.53,-0.9987515605493158,2.688507590407591,,,,,,,,,,,,,,,,,,,,,,,,,,0,0,,0,0,0,0,0,,,,False,False,False,False,False
2024-08-21,7.85,8.11,7.85,7.89,993417.52,-0.5044136191677207,3.055789508882498,,,,,,,,,,,,,,,,,,,,,,,,,,0,0,,0,0,0,0,0,,,,True,False,False,False,False
2024-08-22,7.86,7.88,7.66,7.67,836013.11,-2.7883396704689423,2.571607646728668,,,,,,,,,,,,,,,,,,,,,,,,,,0,0,,0,0,0,0,0,,,,False,False,False,False,False
2024-08-23,7.67,8.28,7.63,8.12,1951503.58,5.867014341590604,6.002898123148297,,,,,,,,,,,,,,,,,,,,,,,,,,0,0,,0,0,0,0,0,,,,True,False,False,False,False
2024-08-26,8.12,8.19,7.96,8.09,1203792.0,-0.3694581280788145,3.7029092908253523,,,,,,,,,,,,,,,,,,,,,,,,,,0,0,,0,0,0,0,0,,,,False,False,False,False,False
2024-08-27,8.01,8.05,7.78,7.81,1048688.06,-3.4610630407911014,3.2258037605762575,,,,,,,,,,,,,,,,,,,,,,0.5384615384615384,0.35,3.379195722560244,,0,0,,0,0,0,0,0,,,,False,False,False,False,False
2024-08-28,7.83,8.02,7.75,7.81,936427.88,0.0,2.8804872411844302,,,,,,,,,,,,,,,,,,,,,,0.42857142857142855,0.35,3.298232638558943,,0,0,,0,0,0,0,0,,,,False,False,False,False,False
2024-08-29,7.79,8.16,7.73,8.0,1517393.4,2.432778489116516,4.667558945978267,,,,,,,,,,,,,,,,,,,,,,0.5384615384615384,0.4,3.386156566176413,,0,0,,0,0,0,0,0,,,,True,False,False,False,False
2024-08-30,8.02,8.5,8.02,8.33,2599442.26,4.125000000000001,7.995981777182479,,,,,,,,,,,,,,,,,,,,,,0.6666666666666666,0.45,3.6251062477951237,,0,0,,0,0,0,0,0,,,,True,False,True,False,False
2024-09-02,8.28,8.32,8.08,8.08,1376263.41,-3.001200480192079,4.233437809448793,,,,,,,,,,,,,,,,,,,,,,0.6666666666666666,0.45,3.66564890143207,,0,0,,0,0,0,0,0,,,,False,False,False,False,False
2024-09-03,8.09,8.37,8.08,8.29,1735724.17,2.59900990099009,5.339152574035317,,,,,,,,,,,,,,,,,,,,,,0.8181818181818182,0.45,3.8286410117730973,,0,0,,0,0,0,0,0,,,,True,False,False,False,False
2024-09-04,8.2,8.24,8.0,8.13,1273816.0,-1.9300361881785078,3.9183057382022692,,,,,,,,,,,,,,,,,,,,,,0.8181818181818182,0.45,3.947496327871078,,0,0,,0,0,0,0,0,,,,False,False,False,False,False
2024-09-05,8.13,8.23,8.08,8.16,966693.8,0.36900369003689537,2.973586344985898,,,,,,,,,,,,,,,,,,,,,,0.8181818181818182,0.45,3.9973404327851463,,0,0,,0,0,0,0,0,,,,True,False,False,False,False
2024-09-06,8.14,8.98,8.03,8.85,4299085.82,8.455882352941169,13.224149043134965,,,,,,,,,,,,,,,,,,,,,,1.0,0.45,4.569785913987647,,0,0,,0,0,0,0,0,,,,True,False,True,True,False
2024-09-09,8.9,8.98,8.47,8.53,2933330.47,-3.6158192090395502,9.0230344199198,,,,,,,,,,,,,,,,,,,,,,1.0,0.45,4.933663308033846,,0,0,,0,0,0,0,0,,,,False,False,False,False,False
2024-09-10,8.45,8.67,8.26,8.48,2161028.39,-0.586166471277827,6.647404288339141,,,,,,,,,,,,,,,,,,,,,,1.0,0.4,5.198507343715539,,0,0,,0,0,0,0,0,,,,True,False,False,False,False
2024-09-11,8.4,8.44,8.18,8.26,1495638.07,-2.594339622641517,4.600638735857272,,,,,,,,,,,,,,,,,,,,,,0.8181818181818182,0.35,5.354691538718955,,0,0,,0,0,0,0,0,,,,False,False,False,False,False
2024-09-12,8.26,8.39,8.18,8.32,1281976.94,0.7263922518159882,3.943409095383467,,,,,,,,,,,,,,,,,,,,,,0.8181818181818182,0.35,5.051206122010475,,0,0,,0,0,0,0,0,,,,True,False,False,False,False
2024-09-13,8.26,8.3,8.03,8.06,1088281.94,-3.125,3.347596018800123,,,,,,,,,,,,,,,,,,,,,,0.8181818181818182,0.35,4.882657079241929,,0,0,,0,0,0,0,0,,,,False,False,False,False,False
2024-09-18,8.04,8.04,7.8,7.9,996397.8,-1.985111662531014,3.0649569618156134,,,,,,,,,,,,,,,,,,,,,,0.8181818181818182,0.35,4.855360745741825,,0,0,,0,0,0,0,0,,,,False,False,False,False,False
2024-09-19,8.0,8.16,7.92,8.07,1018784.3,2.1518987341772045,3.1338186745027397,,,,,,,,,,,,,,,,,,,,,,1.0,0.4,4.8776262999465825,,0,0,,0,0,0,0,0,,,,True,False,False,False,False
2024-09-20,8.1,8.22,8.03,8.15,929424.26,0.991325898389106,2.8589438436810326,,,,,,,,,,,,,,,,,,,,,,1.0,0.45,4.8677840166865085,,0,0,,0,0,0,0,0,,,,True,False,False,False,False
2024-09-23,8.21,8.4,8.11,8.25,1216735.38,1.2269938650306678,3.7427236126157304,,,,,,,,,,,,,,,,,,,,,,1.2222222222222223,0.5,4.926339814980862,,0,0,,0,0,0,0,0,,,,True,False,False,False,False
2024-09-24,8.21,8.41,8.1,8.39,1742886.57,1.696969696969708,5.361184384767244,,,,,,,,,,,,,,,,,,,,,,1.2222222222222223,0.5,4.894254128061809,,0,0,,0,0,0,0,0,,,,True,False,False,False,False
2024-09-25,8.39,8.61,8.33,8.33,2116028.31,-0.715137067938032,6.50898235637757,,,,,,,,,,,,,,,,,,,,,,1.2222222222222223,0.5,5.03455778133942,,0,0,,0,0,0,0,0,,,,False,False,False,False,False
2024-09-26,8.28,8.61,8.22,8.61,2182515.56,3.361344537815114,6.713499628253798,,,,,,,,,,,,,,,,,,,,,,1.5,0.55,5.208942574723297,,0,0,,0,0,0,0,0,,,,True,False,False,False,False
2024-09-27,8.75,9.2,8.62,9.05,3044463.5,5.1103368176539155,9.364883783684116,,,,,,,,,,,,,,,,,,,,,,1.8571428571428572,0.6,5.533162401848282,,0,0,,0,0,0,0,0,,,,True,False,True,True,True
2024-09-30,9.44,9.96,9.3,9.95,3944948.21,9.944751381215443,12.129816172685477,,,,,,,,,,,,,,,,,,,,,,1.8571428571428572,0.6,5.906275263183642,,0,0,,0,0,0,0,0,,,,True,False,True,True,True
2024-10-08,10.95,10.95,10.1,10.95,4554885.39,10.050251256281406,14.0052339162016,,,,,,,,,,,,,,,,,,,,,,1.7142857142857142,0.6,6.206737870134598,,0,0,,0,0,0,0,0,,,,False,False,True,True,True
2024-10-09,10.95,10.95,9.87,9.88,3606810.0,-9.771689497716885,11.09011828315072,,,,,,,,,,,,,,,,,,,,,,1.7142857142857142,0.6,6.549571893819694,,0,0,,0,0,0,0,0,,,,False,False,False,False,False
2024-10-10,9.9,10.28,9.51,9.73,2454836.87,-1.5182186234817818,7.548063594738698,,,,,,,,,,,,,,,,,,,,,,1.375,0.55,6.660017444854863,,0,0,,0,0,0,0,0,,,,False,False,False,False,False
2024-10-11,9.6,9.69,9.16,9.28,1929980.31,-4.624871531346364,5.934249356648088,,,,,,,,,,,,,,,,,,,,,,1.375,0.55,6.760814625777155,,0,0,,0,0,0,0,0,,,,False,False,False,False,False
2024-10-14,9.2,10.09,9.15,9.98,2911464.91,7.543103448275867,8.952090692091561,,,,,,,,,,,,,,,,,,,,,,1.375,0.55,7.059739843132438,,0,0,,0,0,0,0,0,,,,True,False,False,False,False
2024-10-15,9.89,10.3,9.76,9.89,3133889.38,-0.9018036072144242,9.635995217521819,,,,,,,,,,,,,,,,,,,,,,1.25,0.5,6.88033215185178,,0,0,,0,0,0,0,0,,,,False,False,False,False,False
2024-10-16,9.58,9.96,9.58,9.7,1739689.5,-1.921132457027308,5.3491485082261985,,,,,,,,,,,,,,,,,,,,,,1.5714285714285714,0.5,6.6966378562671,,0,0,,0,0,0,0,0,,,,True,False,False,False,False
2024-10-17,9.8,10.67,9.76,10.67,5493363.01,10.000000000000009,16.890838595097847,,,,,,,,,,,,,,,,,,,,,,1.5714285714285714,0.55,7.208809571605036,,0,0,,0,0,0,0,0,,,,True,False,True,False,False
2024-10-18,11.2,11.74,11.13,11.74,6600289.93,10.028116213683225,20.29438645972163,,,,,,,,,,,,,,,,,,,,,,2.0,0.6,7.993496957798253,,0,0,,0,0,0,0,0,,,,True,False,True,True,True
2024-10-21,12.59,12.91,12.45,12.91,3501055.56,9.965928449744466,10.76494749551057,,,,,,,,,,,,,,,,,,,,,,2.0,0.6,8.334573877804608,,0,0,,0,0,0,0,0,,,,True,False,True,True,True
2024-10-22,13.94,14.2,12.19,13.39,12704594.48,3.7180480247869907,39.06373097630973,,,,,,,,,,,,,,,,,,,,,,2.0,0.65,10.12038062568009,,0,0,,0,0,0,0,0,,,,False,False,True,True,True
2024-10-23,12.82,13.27,12.19,12.45,7699143.03,-7.020164301717713,23.673109168931944,,,,,,,,,,,,,,,,,,,,,,2.0,0.65,11.150788236035904,,0,0,,0,0,0,0,0,,,,False,False,False,False,False
2024-10-24,12.0,12.78,11.9,12.66,5174706.88,1.6867469879518149,15.911043659032167,,,,,,,,,,,,,,,,,,,,,,2.0,0.65,11.789649485262377,,0,0,,0,0,0,0,0,,,,True,False,False,False,False
2024-10-25,12.71,13.6,12.36,13.15,6969287.1,3.870458135860977,21.428968614436705,,,,,,,,,,,,,,,,,,,,,,2.0,0.65,12.71815072380016,,0,0,,0,0,0,0,0,,,,True,False,False,False,False
2024-10-28,13.16,13.46,12.72,13.25,6628506.96,0.7604562737642651,20.381147392595615,,,,,,,,,,,,,,,,,,,,,,2.0,0.65,13.550071912799154,,0,0,,0,0,0,0,0,,,,True,False,False,False,False
2024-10-29,13.25,14.58,12.96,14.58,7390473.01,10.037735849056606,22.72168927912457,,,,,,,,,,,,,,,,,,,,,,2.0,0.65,14.418097157517021,,0,0,,0,0,0,0,0,,,,True,False,True,True,True
2024-10-30,16.04,16.04,16.04,16.04,496542.41,10.013717421124824,1.5265981404250708,,,,,,,,,,,,,,,,,,,,,,2.4,0.7,14.168977946719394,,0,0,,0,0,0,0,0,,,,False,False,True,True,True
2024-10-31,17.64,17.64,16.04,17.64,7089630.64,9.975062344139651,21.796762438327484,,,,,,,,,,,,,,,,,,,,,,2.2,0.7,14.923141087223081,,0,0,,0,0,0,0,0,,,,False,False,True,True,True
2024-11-01,17.64,18.8,15.88,15.88,10613233.0,-9.977324263038545,32.62992533044256,,,,,,,,,,,,,,,,,,,,,,1.6666666666666667,0.65,16.086393164561002,,0,0,,0,0,0,0,0,,,,False,False,False,False,False
2024-11-04,14.8,17.47,14.8,17.47,9070027.15,10.012594458438272,27.885405761805732,,,,,,,,,,,,,,,,,,,,,,1.6666666666666667,0.65,16.874172644017015,,0,0,,0,0,0,0,0,,,,True,False,False,False,False
2024-11-05,17.47,18.4,16.42,17.3,10543838.79,-0.9730967372638677,32.41657583640384,,,,,,,,,,,,,,,,,,,,,,1.4285714285714286,0.6,17.794739740027126,,0,0,,0,0,0,0,0,,,,False,False,False,False,False
2024-11-06,16.9,17.66,16.5,16.6,7412261.93,-4.046242774566466,22.788678370255518,,,,,,,,,,,,,,,,,,,,,,1.4285714285714286,0.6,18.379667744382367,,0,0,,0,0,0,0,0,,,,False,False,False,False,False
2024-11-07,16.04,16.15,15.18,15.76,6743245.01,-5.060240963855433,20.73181481657657,,,,,,,,,,,,,,,,,,,,,,1.4285714285714286,0.6,19.038855305474264,,0,0,,0,0,0,0,0,,,,False,False,False,False,False
2024-11-08,15.79,17.34,15.79,17.34,7454051.07,10.025380710659903,22.91715727181392,,,,,,,,,,,,,,,,,,,,,,1.8333333333333333,0.65,19.88800070123255,,0,0,,0,0,0,0,0,,,,True,False,False,False,False
2024-11-11,17.0,17.88,16.5,17.13,7031455.89,-1.211072664359869,21.6179066882825,,,,,,,,,,,,,,,,,,,,,,1.8333333333333333,0.6,20.5212915010421,,0,0,,0,0,0,0,0,,,,True,False,False,False,False
2024-11-12,17.0,18.84,17.0,18.62,11321992.73,8.698190309398734,34.80897643269619,,,,,,,,,,,,,,,,,,,,,,2.0,0.65,21.779940561800817,,0,0,,0,0,0,0,0,,,,True,False,True,False,True
2024-11-13,17.79,18.1,17.0,17.16,7673143.13,-7.841031149301825,23.59074632411239,,,,,,,,,,,,,,,,,,,,,,1.5714285714285714,0.65,22.692020452595127,,0,0,,0,0,0,0,0,,,,False,False,False,False,False
2024-11-14,16.8,17.13,16.13,16.17,5099534.89,-5.769230769230759,15.678299221423538,,,,,,,,,,,,,,,,,,,,,,1.25,0.6,22.631393483911413,,0,0,,0,0,0,0,0,,,,False,False,False,False,False
2024-11-15,16.0,16.66,15.77,15.96,3987044.94,-1.2987012987012991,12.257997038350032,,,,,,,,,,,,,,,,,,,,,,1.0,0.55,22.229574012842832,,0,0,,0,0,0,0,0,,,,False,False,False,False,False
2024-11-18,16.38,16.42,14.98,15.01,4288948.39,-5.952380952380953,13.186186123664848,,,,,,,,,,,,,,,,,,,,,,0.8,0.5,22.350635944250545,,0,0,,0,0,0,0,0,,,,False,False,False,False,False
2024-11-19,14.76,15.29,14.4,15.27,4197856.5,1.7321785476348994,12.9061280519247,,,,,,,,,,,,,,,,,,,,,,1.0,0.5,21.042755798031294,,0,0,,0,0,0,0,0,,,,True,False,False,False,False
2024-11-20,15.27,15.83,14.9,15.51,3845416.13,1.5717092337917515,11.822565394199808,,,,,,,,,,,,,,,,,,,,,,1.25,0.55,20.450228609294687,,0,0,,0,0,0,0,0,,,,True,False,False,False,False
2024-11-21,15.52,16.97,15.52,16.09,5144132.08,3.739522888459068,15.815411351124975,,,,,,,,,,,,,,,,,,,,,,1.25,0.55,20.445446993899328,,0,0,,0,0,0,0,0,,,,True,False,False,False,False
2024-11-22,15.74,15.96,14.97,14.99,3747276.08,-6.836544437538839,11.520838059708433,,,,,,,,,,,,,,,,,,,,,,1.0,0.5,19.950040466162914,,0,0,,0,0,0,0,0,,,,False,False,False,False,False
2024-11-25,14.99,15.08,14.31,14.56,2757634.8,-2.868579052701803,8.478228793491098,,,,,,,,,,,,,,,,,,,,,,0.8,0.45,19.354894536207688,,0,0,,0,0,0,0,0,,,,False,False,False,False,False
2024-11-26,14.73,15.07,14.09,14.1,2454814.1,-3.1593406593406703,7.547219662766054,,,,,,,,,,,,,,,,,,,,,,0.6363636363636364,0.4,18.596171055389764,,0,0,,0,0,0,0,0,,,,False,False,False,False,False
2024-11-27,13.84,14.02,13.42,14.01,3462818.48,-0.6382978723404209,10.646285484854296,,,,,,,,,,,,,,,,,,,,,,0.7272727272727273,0.35,19.052155422611225,,0,0,,0,0,0,0,0,,,,True,False,False,False,False
2024-11-28,14.01,14.05,13.44,13.45,2726032.39,-3.9971448965025025,8.381068552256215,,,,,,,,,,,,,,,,,,,,,,0.6666666666666666,0.3,18.38137072830766,,0,0,,0,0,0,0,0,,,,False,False,False,False,False
2024-11-29,13.38,13.63,13.0,13.39,3412899.35,-0.4460966542750855,10.49281128105036,,,,,,,,,,,,,,,,,,,,,,0.8181818181818182,0.3,17.27451502583805,,0,0,,0,0,0,0,0,,,,True,False,False,False,False
2024-12-02,13.35,13.98,13.34,13.86,3043880.51,3.51008215085884,9.358278835119274,,,,,,,,,,,,,,,,,,,,,,0.8181818181818182,0.3,16.34815867950373,,0,0,,0,0,0,0,0,,,,True,False,False,False,False
2024-12-03,13.88,14.1,13.61,13.95,3388874.43,0.6493506493506551,10.41894770473296,,,,,,,,,,,,,,,,,,,,,,1.0,0.35,15.248277272920186,,0,0,,0,0,0,0,0,,,,True,False,False,False,False
2024-12-04,13.93,13.93,13.58,13.62,2281564.99,-2.3655913978494647,7.014572775350539,,,,,,,,,,,,,,,,,,,,,,1.0,0.35,14.459571993174936,,0,0,,0,0,0,0,0,,,,False,False,False,False,False
2024-12-05,13.51,13.72,13.5,13.62,1631044.22,0.0,5.014574834006747,,,,,,,,,,,,,,,,,,,,,,1.2222222222222223,0.35,13.673709994046442,,0,0,,0,0,0,0,0,,,,True,False,False,False,False
2024-12-06,13.7,14.68,13.65,14.29,4324652.6,4.919236417033779,13.295957171401426,,,,,,,,,,,,,,,,,,,,,,1.2222222222222223,0.35,13.192649989025819,,0,0,,0,0,0,0,0,,,,True,False,True,False,False
2024-12-09,14.16,14.2,13.66,13.76,2507354.32,-3.7088873337998596,7.70875229428795,,,,,,,,,,,,,,,,,,,,,,1.0,0.35,12.49719226932609,,0,0,,0,0,0,0,0,,,,False,False,False,False,False
2024-12-10,14.22,14.3,13.7,13.77,2474823.54,0.07267441860465684,7.608737819684307,,,,,,,,,,,,,,,,,,,,,,0.8181818181818182,0.35,11.137180338675497,,0,0,,0,0,0,0,0,,,,False,False,False,False,False
2024-12-11,13.65,14.1,13.52,13.93,1920998.69,1.161946259985469,5.906027297674325,,,,,,,,,,,,,,,,,,,,,,1.0,0.4,10.252944387353596,,0,0,,0,0,0,0,0,,,,True,False,False,False,False
2024-12-12,13.92,13.97,13.66,13.8,1606829.33,-0.9332376166546918,4.940127203149601,,,,,,,,,,,,,,,,,,,,,,1.0,0.4,9.716035786439898,,0,0,,0,0,0,0,0,,,,False,False,False,False,False
2024-12-13,13.7,13.71,13.37,13.38,1853541.87,-3.04347826086957,5.6986342253061695,,,,,,,,,,,,,,,,,,,,,,1.0,0.4,9.388067645787704,,0,0,,0,0,0,0,0,,,,False,False,False,False,False
2024-12-16,13.37,13.37,12.91,13.01,1877022.4,-2.7653213751868577,5.770824098139378,,,,,,,,,,,,,,,,,,,,,,1.0,0.4,9.01729954451143,,0,0,,0,0,0,0,0,,,,False,False,False,False,False
2024-12-17,12.97,13.05,12.54,12.59,1621987.1,-3.2282859338970016,4.9866938485578185,,,,,,,,,,,,,,,,,,,,,,0.8181818181818182,0.35,8.621327834343086,,0,0,,0,0,0,0,0,,,,False,False,False,False,False
2024-12-18,12.53,12.84,12.46,12.68,1233978.85,0.7148530579825341,3.7937877191165397,,,,,,,,,,,,,,,,,,,,,,0.8181818181818182,0.35,8.219888950588922,,0,0,,0,0,0,0,0,,,,True,False,False,False,False
2024-12-19,12.5,12.78,12.44,12.73,1131687.91,0.39432176656151174,3.479300876859165,,,,,,,,,,,,,,,,,,,,,,0.8181818181818182,0.35,7.603083426875632,,0,0,,0,0,0,0,0,,,,True,False,False,False,False
2024-12-20,12.74,13.08,12.6,12.91,1545552.98,1.413982717989004,4.751702117721038,,,,,,,,,,,,,,,,,,,,,,1.0,0.4,7.264626629776262,,0,0,,0,0,0,0,0,,,,True,False,False,False,False
2024-12-23,12.92,12.99,12.37,12.4,1380181.08,-3.9504260263361735,4.243276966587396,,,,,,,,,,,,,,,,,,,,,,1.0,0.4,7.052879038431078,,0,0,,0,0,0,0,0,,,,False,False,False,False,False
2024-12-24,12.41,12.65,12.31,12.51,1162871.61,0.8870967741935409,3.5751731343914677,,,,,,,,,,,,,,,,,,,,,,1.2222222222222223,0.45,6.854276712012348,,0,0,,0,0,0,0,0,,,,True,False,False,False,False
2024-12-25,12.48,12.52,12.12,12.24,1084873.65,-2.1582733812949617,3.3353734791833225,,,,,,,,,,,,,,,,,,,,,,1.0,0.45,6.488731111728799,,0,0,,0,0,0,0,0,,,,False,False,False,False,False
2024-12-26,12.15,12.75,12.15,12.73,1652349.48,4.003267973856217,5.0800410111669265,,,,,,,,,,,,,,,,,,,,,,1.2222222222222223,0.5,6.323679734674336,,0,0,,0,0,0,0,0,,,,True,False,False,False,False
2024-12-27,12.62,12.86,12.46,12.59,1546906.56,-1.099764336213671,4.75586361139724,,,,,,,,,,,,,,,,,,,,,,1.0,0.5,6.03683235119168,,0,0,,0,0,0,0,0,,,,False,False,False,False,False
2024-12-30,12.54,12.64,12.33,12.49,879862.0,-0.7942811755361379,2.705078494754847,,,,,,,,,,,,,,,,,,,,,,0.8181818181818182,0.45,5.7041723341734585,,0,0,,0,0,0,0,0,,,,False,False,False,False,False
2024-12-31,12.53,12.61,11.96,11.98,1255578.41,-4.0832666132906255,3.8619872131083337,,,,,,,,,,,,,,,,,,,,,,0.6666666666666666,0.4,5.376324309592227,,0,0,,0,0,0,0,0,,,,False,False,False,False,False
2025-01-02,11.95,12.08,11.4,11.59,1343637.73,-3.255425709515869,4.132845619979965,,,,,,,,,,,,,,,,,,,,,,0.6666666666666666,0.4,5.232237951823698,,0,0,,0,0,0,0,0,,,,False,False,False,False,False
2025-01-03,11.59,11.83,11.19,11.2,1559305.4,-3.364969801553064,4.7962098329890654,,,,,,,,,,,,,,,,,,,,,,0.5384615384615384,0.4,5.221319701772814,,0,0,,0,0,0,0,0,,,,False,False,False,False,False
2025-01-06,11.2,11.46,11.01,11.13,1089589.72,-0.6249999999999867,3.351428738070042,,,,,,,,,,,,,,,,,,,,,,0.42857142857142855,0.35,4.724093280106245,,0,0,,0,0,0,0,0,,,,False,False,False,False,False
2025-01-07,11.2,11.44,11.14,11.44,1251152.63,2.785265049415986,3.8483741200255763,,,,,,,,,,,,,,,,,,,,,,0.5384615384615384,0.4,4.531074371393126,,0,0,,0,0,0,0,0,,,,True,False,False,False,False
2025-01-08,11.4,11.46,11.0,11.36,1237470.1,-0.6993006993006978,3.80628853183601,,,,,,,,,,,,,,,,,,,,,,0.5384615384615384,0.35,4.340951907000711,,0,0,,0,0,0,0,0,,,,False,False,False,False,False
2025-01-09,11.3,11.59,11.28,11.43,1168362.65,0.616197183098599,3.5937234812546417,,,,,,,,,,,,,,,,,,,,,,0.5384615384615384,0.35,4.2253367161797275,,0,0,,0,0,0,0,0,,,,True,False,False,False,False
2025-01-10,11.4,11.52,11.04,11.05,965286.62,-3.3245844269466196,2.9690894282138567,,,,,,,,,,,,,,,,,,,,,,0.5384615384615384,0.35,4.126784827432941,,0,0,,0,0,0,0,0,,,,False,False,False,False,False
2025-01-13,10.94,11.12,10.73,11.05,903409.14,0.0,2.7787627750665105,,,,,,,,,,,,,,,,,,,,,,0.6666666666666666,0.35,3.9807912549209568,,0,0,,0,0,0,0,0,,,,True,False,False,False,False
2025-01-14,11.11,11.85,11.02,11.79,1872261.06,6.696832579185497,5.758818577742711,,,,,,,,,,,,,,,,,,,,,,0.8181818181818182,0.4,3.980190978901123,,0,0,,0,0,0,0,0,,,,True,False,True,False,False
2025-01-15,11.8,11.82,11.54,11.59,1116789.44,-1.6963528413910023,3.435091351255727,,,,,,,,,,,,,,,,,,,,,,0.8181818181818182,0.4,3.902610854036019,,0,0,,0,0,0,0,0,,,,False,False,False,False,False
2025-01-16,11.78,12.1,11.63,11.76,1569708.51,1.4667817083692913,4.828208374439423,,,,,,,,,,,,,,,,,,,,,,0.6666666666666666,0.4,3.954331886802163,,0,0,,0,0,0,0,0,,,,False,False,False,False,False
2025-01-17,11.67,12.26,11.61,11.84,1845835.5,0.6802721088435382,5.677537174680655,,,,,,,,,,,,,,,,,,,,,,0.6666666666666666,0.4,4.064243701693238,,0,0,,0,0,0,0,0,,,,True,False,False,False,False
2025-01-20,11.93,12.13,11.88,11.92,1379722.61,0.6756756756756799,4.243837768328986,,,,,,,,,,,,,,,,,,,,,,0.5384615384615384,0.4,4.0388504842236355,,0,0,,0,0,0,0,0,,,,False,False,False,False,False
2025-01-21,12.01,12.18,11.74,11.99,1299553.0,0.5872483221476488,3.997247028767064,,,,,,,,,,,,,,,,,,,,,,0.5384615384615384,0.45,4.026548987332619,,0,0,,0,0,0,0,0,,,,False,False,False,False,False
2025-01-22,11.89,12.05,11.84,11.94,881812.0,-0.417014178482078,2.7123329305777775,,,,,,,,,,,,,,,,,,,,,,0.5384615384615384,0.4,3.9834069771419336,,0,0,,0,0,0,0,0,,,,True,False,False,False,False
2025-01-23,12.09,12.35,11.92,11.92,1740549.17,-0.16750418760468344,5.3536908446254055,,,,,,,,,,,,,,,,,,,,,,0.5384615384615384,0.4,4.084322845414038,,0,0,,0,0,0,0,0,,,,False,False,False,False,False
2025-01-24,11.99,12.57,11.98,12.48,2703615.03,4.697986577181212,8.315949519255835,,,,,,,,,,,,,,,,,,,,11.481,,0.5384615384615384,0.4,4.246118270818483,,0,0,,0,0,0,0,0,,,,True,False,True,True,False
2025-01-27,12.46,12.46,11.77,11.77,1996053.97,-5.689102564102566,6.139588613039408,,,,,,,,,,,,,,,,,,,,11.509833333333335,,0.5384615384615384,0.4,4.315304520900591,,0,0,,0,0,0,0,0,,,,False,False,False,False,False
2025-02-05,11.9,12.15,11.72,12.07,1504893.0,2.548853016142738,4.628844743432822,,,,,,,,,,,,,,,,,,,,11.541666666666666,,0.6666666666666666,0.45,4.41149283333449,,0,0,,0,0,0,0,0,,,,True,False,False,False,False
2025-02-06,11.99,12.9,11.9,12.81,2941446.43,6.130903065451543,9.047486329988072,,,,,,,,,,,,,,,,,,,,11.581833333333332,,0.8181818181818182,0.5,4.670767789178478,,0,0,,0,0,0,0,0,,,,True,False,True,True,False
2025-02-07,12.97,13.42,12.9,13.2,4060052.21,3.044496487119419,12.488164494300467,,,,,,,,,,,,,,,,,,,,11.628416666666665,,1.0,0.55,5.088533732894502,,0,0,,0,0,0,0,0,,,,True,False,True,True,False
2025-02-10,13.23,14.5,13.08,14.35,5424024.82,8.712121212121215,16.68355741990039,,,,,,,,,,,,,,,,,,,,11.683750000000002,,1.2222222222222223,0.6,5.682901112240069,,0,0,,0,0,0,0,0,,,,True,False,True,True,True
2025-02-11,14.08,14.08,13.7,13.73,3667634.24,-4.32055749128919,11.281140567906311,,,,,,,,,,,,,,,,,,,,11.734333333333334,,1.2222222222222223,0.6,6.079386703731883,,0,0,,0,0,0,0,0,,,,False,False,False,False,False
2025-02-12,13.69,14.16,13.65,13.96,2852844.65,1.6751638747268816,8.774959390456962,,,,,,,,,,,,,,,,,,,,11.786583333333333,,1.2222222222222223,0.6,6.325715967253451,,0,0,,0,0,0,0,0,,,,True,False,False,False,False
2025-02-13,13.9,14.34,13.54,13.81,3237598.33,-1.074498567335247,9.958409010585724,,,,,,,,,,,,,,,,,,,,11.837333333333333,,1.2222222222222223,0.6,6.633321991190938,,0,0,,0,0,0,0,0,,,,False,False,False,False,False
2025-02-14,13.6,13.77,13.52,13.66,1901150.35,-1.086169442433027,5.847678076828697,,,,,,,,,,,,,,,,,,,,11.888083333333332,,1.2222222222222223,0.55,6.74601972096964,,0,0,,0,0,0,0,0,,,,True,False,False,False,False
2025-02-17,13.66,13.9,13.51,13.7,2008046.01,0.2928257686676261,6.176474485534687,,,,,,,,,,,,,,,,,,,,11.938916666666668,,1.5,0.6,6.906388973835682,,0,0,,0,0,0,0,0,,,,True,False,False,False,False
2025-02-18,13.68,13.68,12.88,12.92,2231852.24,-5.693430656934306,6.864871794368615,,,,,,,,,,,,,,,,,,,,11.982833333333334,,1.2222222222222223,0.6,7.110694424800788,,0,0,,0,0,0,0,0,,,,False,False,False,False,False
2025-02-19,12.85,13.47,12.85,13.34,1822022.61,3.2507739938080427,5.604291986682275,,,,,,,,,,,,,,,,,,,,12.024833333333333,,1.2222222222222223,0.6,7.102968095247765,,0,0,,0,0,0,0,0,,,,True,False,False,False,False
2025-02-20,13.47,13.9,13.39,13.8,3068082.67,3.4482758620689724,9.437002058915043,,,,,,,,,,,,,,,,,,,,12.071833333333332,,1.5,0.65,7.403063630630731,,0,0,,0,0,0,0,0,,,,True,False,False,False,False
2025-02-21,13.86,13.86,13.48,13.74,2564972.45,-0.43478260869566077,7.889503932992251,,,,,,,,,,,,,,,,,,,,12.119583333333333,,1.5,0.6,7.556128408558372,,0,0,,0,0,0,0,0,,,,False,False,False,False,False
2025-02-24,13.7,14.02,13.44,13.96,3085556.9,1.6011644832605532,9.490750396957042,,,,,,,,,,,,,,,,,,,,12.169833333333333,,1.5,0.6,7.746789069672191,,0,0,,0,0,0,0,0,,,,True,False,True,False,False
2025-02-25,13.9,15.31,13.77,14.51,5643521.29,3.939828080229213,17.35869849728035,,,,,,,,,,,,,,,,,,,,12.225,,1.8571428571428572,0.6,8.40253210611976,,0,0,,0,0,0,0,0,,,,True,False,True,True,True
2025-02-26,14.7,14.84,14.26,14.39,3363028.6,-0.8270158511371362,10.344215340973903,,,,,,,,,,,,,,,,,,,,12.281,,1.8571428571428572,0.55,8.7198805217301,,0,0,,0,0,0,0,0,,,,False,False,False,False,False
2025-02-27,14.25,14.35,13.73,13.96,2672660.07,-2.9881862404447457,8.220736302183807,,,,,,,,,,,,,,,,,,,,12.329666666666668,,1.5,0.55,8.995300690310403,,0,0,,0,0,0,0,0,,,,False,False,False,False,False
2025-02-28,13.95,14.15,13.6,13.7,2150709.9,-1.8624641833810962,6.615289070561116,,,,,,,,,,,,,,,,,,,,12.376416666666666,,1.5,0.55,9.058380601607189,,0,0,,0,0,0,0,0,,,,False,False,False,False,False
2025-03-03,13.67,13.97,13.29,13.77,1716048.64,0.5109489051094984,5.278330570172791,,,,,,,,,,,,,,,,,,,,12.426083333333334,,1.5,0.55,8.906499654153036,,0,0,,0,0,0,0,0,,,,True,False,False,False,False
2025-03-04,13.58,13.75,13.51,13.71,1051136.15,-0.43572984749454813,3.233150823719503,,,,,,,,,,,,,,,,,,,,12.475249999999999,,1.8571428571428572,0.55,8.761177764687043,,0,0,,0,0,0,0,0,,,,True,False,False,False,False
2025-03-05,13.65,13.83,13.31,13.49,1481323.03,-1.604668125455877,4.556346744081792,,,,,,,,,,,,,,,,,,,,12.520999999999999,,1.5,0.5,8.75755286471949,,0,0,,0,0,0,0,0,,,,False,False,False,False,False
2025-03-06,13.56,14.04,13.53,13.9,2170019.22,3.039288361749448,6.674681894091601,,,,,,,,,,,,,,,,,,,,12.567416666666666,,1.5,0.5,8.638912642924668,,0,0,,0,0,0,0,0,,,,True,False,False,False,False
2025-03-07,13.85,14.93,13.72,14.28,4210989.31,2.7338129496402797,12.952426340108769,,,,,,,,,,,,,,,,,,,,12.619083333333332,,1.5,0.5,8.662125735215081,,0,0,,0,0,0,0,0,,,,True,False,True,False,False
2025-03-10,14.33,14.77,14.22,14.31,3152568.36,0.21008403361344463,9.696868469385286,,,,,,,,,,,,,,,,,,,,12.66925,,1.2222222222222223,0.5,8.312791287689326,,0,0,,0,0,0,0,0,,,,False,False,False,False,False
2025-03-11,13.96,14.7,13.85,14.43,2529792.96,0.8385744234800763,7.781296640272338,,,,,,,,,,,,,,,,,,,,12.721749999999998,,1.5,0.55,8.137799091307627,,0,0,,0,0,0,0,0,,,,True,False,False,False,False
2025-03-12,14.53,14.58,14.28,14.29,2193029.89,-0.970200970200974,6.745459563249718,,,,,,,,,,,,,,,,,,,,12.772833333333333,,1.2222222222222223,0.5,8.036324099947265,,0,0,,0,0,0,0,0,,,,False,False,False,False,False
2025-03-13,14.2,14.21,13.67,13.8,1895966.24,-3.428971308607409,5.831732464534084,,,,,,,,,,,,,,,,,,,,12.814083333333333,,1.2222222222222223,0.5,7.829990272644683,,0,0,,0,0,0,0,0,,,,False,False,False,False,False
2025-03-14,13.79,14.06,13.63,14.0,1486789.95,1.4492753623188248,4.573162241200037,,,,,,,,,,,,,,,,,,,,12.859666666666666,,1.2222222222222223,0.55,7.766264480863251,,0,0,,0,0,0,0,0,,,,True,False,False,False,False
2025-03-17,14.03,14.48,13.92,14.44,2220516.36,3.142857142857136,6.830004180159375,,,,,,,,,,,,,,,,,,,,12.909333333333333,,1.2222222222222223,0.55,7.798940965594484,,0,0,,0,0,0,0,0,,,,True,False,False,False,False
2025-03-18,14.43,14.48,14.21,14.29,1573447.01,-1.0387811634349098,4.839707488378636,,,,,,,,,,,,,,,,,,,,12.959583333333333,,1.2222222222222223,0.55,7.697682750294986,,0,0,,0,0,0,0,0,,,,False,False,False,False,False
2025-03-19,14.3,14.31,14.05,14.15,1116580.94,-0.9797060881735375,3.434450033813885,,,,,,,,,,,,,,,,,,,,13.008166666666666,,1.0,0.5,7.589190652651567,,0,0,,0,0,0,0,0,,,,False,False,False,False,False
2025-03-20,14.21,14.36,14.06,14.06,1434463.8,-0.636042402826853,4.4122141708910005,,,,,,,,,,,,,,,,,,,,13.058166666666667,,0.8181818181818182,0.45,7.337951258250364,,0,0,,0,0,0,0,0,,,,False,False,False,False,False
2025-03-21,13.71,13.74,13.08,13.11,2578824.86,-6.756756756756765,7.9321120487934245,,,,,,,,,,,,,,,,,,,,13.101583333333334,,0.8181818181818182,0.45,7.340081664040423,,0,0,,0,0,0,0,0,,,,False,False,False,False,False
2025-03-24,13.06,13.2,12.48,12.81,1602048.35,-2.2883295194507935,4.927681292705014,,,,,,,,,,,,,,,,,,,,13.141083333333334,,0.6666666666666666,0.4,7.111928208827822,,0,0,,0,0,0,0,0,,,,False,False,False,False,False
2025-03-25,12.81,12.84,12.41,12.45,971328.98,-2.810304449648726,2.987674899954325,,,,,,,,,,,,,,,,,,,,13.176916666666667,,0.5384615384615384,0.35,6.39337702896152,,0,0,,0,0,0,0,0,,,,False,False,False,False,False
2025-03-26,12.4,12.6,12.36,12.46,646512.28,0.08032128514057213,1.9885832207623855,,,,,,,,,,,,,,,,,,,,13.211999999999998,,0.6666666666666666,0.4,5.975595422950945,,0,0,,0,0,0,0,0,,,,True,False,False,False,False
2025-03-27,12.46,12.79,12.27,12.59,976991.58,1.0433386837881198,3.0050922819503625,,,,,,,,,,,,,,,,,,,,13.247000000000002,,0.8181818181818182,0.45,5.714813221939272,,0,0,,0,0,0,0,0,,,,True,False,False,False,False
2025-03-28,12.6,12.65,12.38,12.4,592354.0,-1.5091342335186608,1.8219997695194314,,,,,,,,,,,,,,,,,,,,13.280916666666664,,0.8181818181818182,0.45,5.475148756887188,,0,0,,0,0,0,0,0,,,,False,False,False,False,False
2025-03-31,12.28,12.35,12.03,12.23,782901.33,-1.3709677419354804,2.4080972574110353,,,,,,,,,,,,,,,,,,,,13.311083333333332,,0.6666666666666666,0.4,5.3316370912491005,,0,0,,0,0,0,0,0,,,,False,False,False,False,False
2025-04-16,13.44,13.44,12.52,12.79,3265704.62,4.578904333605882,10.039834200967013,,,,,,,,,,,,,,,,,,,,13.34225,,0.5384615384615384,0.45,5.671971260111476,,0,0,,0,0,0,0,0,,,,False,False,False,False,False
2025-04-17,12.45,12.62,12.21,12.29,1677297.31,-3.909304143862391,5.156555432171317,,,,,,,,,,,,,,,,,,,,13.36175,,0.5384615384615384,0.45,5.701981694515952,,0,0,,0,0,0,0,0,,,,False,False,False,False,False
2025-04-18,12.17,12.17,11.8,11.81,1370379.78,-3.9056143205858262,4.2129914932593175,,,,,,,,,,,,,,,,,,,,13.368916666666667,,0.42857142857142855,0.4,5.578897174474338,,0,0,,0,0,0,0,0,,,,False,False,False,False,False
2025-04-21,11.8,12.14,11.66,12.09,925918.3,2.370872142252334,2.8465728831412913,,,,,,,,,,,,,,,,,,,,13.387333333333334,,0.42857142857142855,0.4,5.073604501625963,,0,0,,0,0,0,0,0,,,,True,False,False,False,False
2025-04-22,12.04,12.11,11.88,11.89,819689.1,-1.6542597187758412,2.5199899004766295,,,,,,,,,,,,,,,,,,,,13.405333333333335,,0.42857142857142855,0.35,4.714760573180531,,0,0,,0,0,0,0,0,,,,False,False,False,False,False
2025-04-23,11.99,12.11,11.9,11.93,761743.26,0.3364171572750152,2.3418456118986373,,,,,,,,,,,,,,,,,,,,13.427416666666666,,0.3333333333333333,0.35,4.442788021761846,,0,0,,0,0,0,0,0,,,,False,False,False,False,False
2025-04-24,11.93,11.93,11.51,11.58,933026.76,-2.933780385582563,2.868426592563488,,,,,,,,,,,,,,,,,,,,13.440750000000001,,0.3333333333333333,0.35,4.248936373227535,,0,0,,0,0,0,0,0,,,,False,False,False,False,False
2025-04-25,11.08,11.5,11.06,11.29,1181943.28,-2.5043177892918878,3.6336971873797195,,,,,,,,,,,,,,,,,,,,13.452416666666666,,0.42857142857142855,0.35,4.1390346093698165,,0,0,,0,0,0,0,0,,,,True,False,False,False,False
2025-04-28,11.25,11.28,11.01,11.03,794183.35,-2.3029229406554497,2.4415907717321286,,,,,,,,,,,,,,,,,,,,13.4635,,0.3333333333333333,0.3,4.032456035896421,,0,0,,0,0,0,0,0,,,,False,False,False,False,False
2025-04-29,11.0,11.22,10.9,11.11,670503.44,0.7252946509519465,2.061356501012829,,,,,,,,,,,,,,,,,,,,13.467166666666667,,0.3333333333333333,0.3,3.7940236519390935,,0,0,,0,0,0,0,0,,,,True,False,False,False,False
2025-04-30,11.17,11.37,11.15,11.27,694294.32,1.4401440144014455,2.1344977889274985,,,,,,,,,,,,,,,,,,,,13.46325,,0.42857142857142855,0.35,3.658763166966536,,0,0,,0,0,0,0,0,,,,True,False,False,False,False
2025-05-06,11.42,11.93,11.36,11.88,1372119.05,5.4125998225377225,4.218362435069755,,,,,,,,,,,,,,,,,,,,13.454666666666666,,0.5384615384615384,0.4,3.69795878702933,,0,0,,0,0,0,0,0,,,,True,False,False,False,False
2025-05-07,12.15,12.23,11.85,11.98,1417873.34,0.8417508417508435,4.35902674417565,,,,,,,,,,,,,,,,,,,,13.442916666666667,,0.5384615384615384,0.45,3.6952994156935626,,0,0,,0,0,0,0,0,,,,False,False,True,False,False
2025-05-08,11.92,12.11,11.84,12.04,920706.88,0.5008347245408995,2.8305673012136054,,,,,,,,,,,,,,,,,,,,13.4395,,0.6666666666666666,0.5,3.4402221783145714,,0,0,,0,0,0,0,0,,,,True,False,False,False,False
2025-05-09,12.06,12.07,11.81,11.84,655701.56,-1.661129568106301,2.015850468165016,,,,,,,,,,,,,,,,,,,,13.432666666666668,,0.6666666666666666,0.5,3.2946306370875718,,0,0,,0,0,0,0,0,,,,False,False,False,False,False
2025-05-12,12.0,12.08,11.91,12.06,720933.68,1.858108108108114,2.216396276903669,,,,,,,,,,,,,,,,,,,,13.423583333333335,,0.8181818181818182,0.55,3.2560667059350394,,0,0,,0,0,0,0,0,,,,True,False,False,False,False
2025-05-13,12.22,12.27,11.95,11.98,851742.61,-0.6633499170812573,2.618547589126664,,,,,,,,,,,,,,,,,,,,13.413000000000002,,0.6666666666666666,0.5,3.2875649243532528,,0,0,,0,0,0,0,0,,,,False,False,False,False,False
2025-05-14,11.98,12.05,11.86,11.96,613051.0,-0.16694490818029983,1.884728084769283,,,,,,,,,,,,,,,,,,,,13.391166666666667,,0.5384615384615384,0.45,3.231546714494199,,0,0,,0,0,0,0,0,,,,False,False,False,False,False
2025-05-15,11.96,11.98,11.68,11.71,655625.73,-2.0903010033444858,2.015617340854779,,,,,,,,,,,,,,,,,,,,13.355083333333333,,0.5384615384615384,0.45,3.241227593060966,,0,0,,0,0,0,0,0,,,,False,False,False,False,False
2025-05-16,11.7,12.2,11.62,11.93,1088531.0,1.8787361229718025,3.346515945397679,,,,,,,,,,,,,,,,,,,,13.3075,,0.6666666666666666,0.5,3.2881485274602986,,0,0,,0,0,0,0,0,,,,True,False,False,False,False
2025-05-19,12.06,12.3,12.01,12.14,1169572.4,1.7602682313495377,3.5956648785354135,,,,,,,,,,,,,,,,,,,,13.276333333333334,,0.8181818181818182,0.5,2.965940061338719,,0,0,,0,0,0,0,0,,,,True,False,False,False,False
2025-05-20,12.17,13.35,11.92,13.35,3691220.45,9.967051070840194,11.348071937228243,,,,,,,,,,,,,,,,,,,,13.241999999999999,,1.0,0.55,3.2755158865915646,,0,0,,0,0,0,0,0,,,,True,False,True,True,False
2025-05-21,13.35,13.37,12.8,12.85,3547993.93,-3.745318352059923,10.857654480175192,,,,,,,,,,,,,,,,,,,,13.204916666666668,,1.0,0.55,3.6077490359373585,,0,0,,0,0,0,0,0,,,,False,False,False,False,False
2025-05-22,12.88,13.02,12.57,12.6,1716961.16,-1.945525291828798,5.2542849280356,,,,,,,,,,,,,,,,,,,,13.171583333333333,,0.8181818181818182,0.5,3.728134638182074,,0,0,,0,0,0,0,0,,,,False,False,False,False,False
2025-05-23,12.55,12.56,12.2,12.22,1312569.9,-3.015873015873005,4.016757282129315,,,,,,,,,,,,,,,,,,,,13.142083333333334,,0.8181818181818182,0.5,3.8029730072647085,,0,0,,0,0,0,0,0,,,,False,False,False,False,False
2025-05-26,12.22,12.4,12.11,12.35,1112839.19,1.0638297872340274,3.4055366653397945,,,,,,,,,,,,,,,,,,,,13.1005,,1.0,0.5,3.856157559936766,,0,0,,0,0,0,0,0,,,,True,False,False,False,False
2025-05-27,12.25,12.48,12.13,12.26,956391.16,-0.7287449392712531,2.926770723977521,,,,,,,,,,,,,,,,,,,,13.059916666666668,,1.2222222222222223,0.5,3.859074766507468,,0,0,,0,0,0,0,0,,,,True,False,False,False,False
2025-05-28,12.2,12.3,11.77,11.87,1247976.35,-3.1810766721044104,3.8190865810557306,,,,,,,,,,,,,,,,,,,,13.003666666666668,,1.0,0.5,3.8683442361912683,,0,0,,0,0,0,0,0,,,,False,False,False,False,False
2025-05-29,11.87,12.19,11.87,12.09,952243.0,1.8534119629317614,2.9140764271728803,,,,,,,,,,,,,,,,,,,,12.961416666666667,,1.2222222222222223,0.55,3.8919685189633055,,0,0,,0,0,0,0,0,,,,True,False,False,False,False
2025-05-30,12.0,12.0,11.71,11.75,984773.19,-2.8122415219189456,3.007448832358284,,,,,,,,,,,,,,,,,,,,12.924583333333334,,1.0,0.5,3.9392731355305783,,0,0,,0,0,0,0,0,,,,False,False,False,False,False
2025-06-03,11.6,11.85,11.52,11.8,579129.15,0.42553191489362874,1.7686319079748154,,,,,,,,,,,,,,,,,,,,12.889916666666666,,1.0,0.5,3.920979841482945,,0,0,,0,0,0,0,0,,,,True,False,False,False,False
2025-06-04,11.67,12.1,11.67,11.96,861952.08,1.3559322033898313,2.632359210088563,,,,,,,,,,,,,,,,,,,,12.8645,,1.0,0.5,3.8416796802338853,,0,0,,0,0,0,0,0,,,,True,False,False,False,False
2025-06-05,11.98,12.09,11.84,12.03,781085.05,0.5852842809364489,2.385395282334008,,,,,,,,,,,,,,,,,,,,12.8375,,1.2222222222222223,0.5,3.7429981071418026,,0,0,,0,0,0,0,0,,,,True,False,False,False,False
2025-06-06,12.0,12.09,11.91,11.94,538241.45,-0.7481296758104716,1.6437628854714552,,,,,,,,,,,,,,,,,,,,12.80775,,1.0,0.45,3.6836578863546956,,0,0,,0,0,0,0,0,,,,False,False,False,False,False
2025-06-09,12.04,12.4,12.03,12.33,1439044.42,3.266331658291466,4.39477080061522,,,,,,,,,,,,,,,,,,,,12.776416666666666,,1.2222222222222223,0.5,3.802603902977206,,0,0,,0,0,0,0,0,,,,True,False,True,False,False
2025-06-10,12.33,12.37,11.97,12.16,1042672.3,-1.3787510137875048,3.1842698633655195,,,,,,,,,,,,,,,,,,,,12.752833333333333,,1.0,0.45,3.850997582300298,,0,0,,0,0,0,0,0,,,,False,False,False,False,False
2025-06-11,12.2,12.3,12.09,12.22,825304.6,0.49342105263159297,2.5204396106781912,,,,,,,,,,,,,,,,,,,,12.733333333333333,,1.2222222222222223,0.5,3.8460921833778747,,0,0,,0,0,0,0,0,,,,True,False,False,False,False
2025-06-12,12.28,12.3,12.06,12.07,724263.6,-1.227495908346976,2.211865371903156,,,,,,,,,,,,,,,,,,,,12.716416666666667,,1.2222222222222223,0.5,3.862449047734567,,0,0,,0,0,0,0,0,,,,False,False,False,False,False
2025-06-13,12.0,12.01,11.8,11.81,780231.13,-2.154101077050541,2.3827874527007427,,,,,,,,,,,,,,,,,,,,12.698083333333333,,1.2222222222222223,0.5,3.8808075533268664,,0,0,,0,0,0,0,0,,,,False,False,False,False,False
2025-06-16,11.7,11.88,11.66,11.83,442589.87,0.16934801016088574,1.351647670003186,,,,,,,,,,,,,,,,,,,,12.684583333333334,,1.2222222222222223,0.5,3.7810641395571407,,0,0,,0,0,0,0,0,,,,True,False,False,False,False
2025-06-17,11.81,11.93,11.74,11.81,430571.78,-0.16906170752324368,1.3149450149099084,,,,,,,,,,,,,,,,,,,,12.671416666666666,,1.1111111111111112,0.45,3.6670281463758663,,0,0,,0,0,0,0,0,,,,False,False,False,False,False
2025-06-18,11.75,11.88,11.68,11.83,499074.88,0.16934801016088574,1.524150109240231,,,,,,,,,,,,,,,,,,,,12.6545,,1.1111111111111112,0.45,3.175832054976466,,0,0,,0,0,0,0,0,,,,True,False,False,False,False
2025-06-19,11.78,11.86,11.46,11.52,752227.65,-2.6204564666103214,2.2972662036627094,,,,,,,,,,,,,,,,,,,,12.63425,,1.1111111111111112,0.45,2.7478126411508415,,0,0,,0,0,0,0,0,,,,False,False,False,False,False
2025-06-20,11.46,11.6,11.39,11.41,476007.9,-0.9548611111111049,1.4537046881305926,,,,,,,,,,,,,,,,,,,,12.615833333333335,,1.1111111111111112,0.45,2.5577836291555913,,0,0,,0,0,0,0,0,,,,False,False,False,False,False
2025-06-23,11.3,11.53,11.2,11.49,408179.7,0.7011393514460895,1.2465607051684202,,,,,,,,,,,,,,,,,,,,12.598083333333333,,1.375,0.5,2.4192738003075465,,0,0,,0,0,0,0,0,,,,True,False,False,False,False
2025-06-24,11.51,11.8,11.51,11.75,650634.17,2.2628372497824234,1.987004718171604,,,,,,,,,,,,,,,,,,,,12.576916666666667,,1.375,0.5,2.348347202949137,,0,0,,0,0,0,0,0,,,,True,False,False,False,False
2025-06-25,11.75,11.9,11.68,11.87,785776.48,1.021276595744669,2.399722678549568,,,,,,,,,,,,,,,,,,,,12.561166666666667,,1.375,0.55,2.3219948006777393,,0,0,,0,0,0,0,0,,,,True,False,False,False,False
2025-06-26,11.9,11.91,11.69,11.7,897229.0,-1.432181971356361,2.7400931867448493,,,,,,,,,,,,,,,,,,,,12.543916666666666,,1.375,0.55,2.2680451309621956,,0,0,,0,0,0,0,0,,,,False,False,False,False,False
2025-06-27,12.15,12.21,11.82,11.83,1283177.08,1.1111111111111072,3.8861723023522443,,,,,,,,,,,,,,,,,,,,12.526416666666668,,1.1111111111111112,0.55,2.3166499247211636,,0,0,,0,0,0,0,0,,,,False,False,False,False,False
2025-06-30,11.84,11.89,11.77,11.85,667085.8,0.16906170752324368,2.020302516659345,,,,,,,,,,,,,,,,,,,,12.510166666666667,,1.375,0.6,2.2672926089362164,,0,0,,0,0,0,0,0,,,,True,False,False,False,False
2025-07-01,11.8,11.82,11.7,11.76,618674.5,-0.75949367088608,1.87367247127955,,,,,,,,,,,,,,,,,,,,12.496666666666666,,1.1111111111111112,0.55,2.2725446371014533,,0,0,,0,0,0,0,0,,,,False,False,False,False,False
2025-07-02,11.7,11.7,11.4,11.45,1209513.49,-2.6360544217687076,3.66304434699386,,,,,,,,,,,,,,,,,,,,12.483666666666666,,0.9,0.5,2.324078893946718,,0,0,,0,0,0,0,0,,,,False,False,False,False,False
2025-07-03,11.43,11.7,11.42,11.56,859828.93,0.9606986899563408,2.6040151907840894,,,,,,,,,,,,,,,,,,,,12.475083333333334,,0.9,0.5,2.335009889369222,,0,0,,0,0,0,0,0,,,,True,False,False,False,False
2025-07-04,11.5,11.5,11.37,11.41,649337.34,-1.2975778546712835,1.9665357122879468,,,,,,,,,,,,,,,,,,,,12.4645,,0.9,0.5,2.351148530710047,,0,0,,0,0,0,0,0,,,,False,False,False,False,False
2025-07-07,11.4,11.4,11.26,11.33,473485.8,-0.7011393514461006,1.4339645629515596,,,,,,,,,,,,,,,,,,,,12.452833333333333,,0.7272727272727273,0.45,2.2031082188268636,,0,0,,0,0,0,0,0,,,,False,False,False,False,False
2025-07-08,11.33,11.52,11.3,11.49,724088.74,1.4121800529567574,2.185897366243849,,,,,,,,,,,,,,,,,,,,12.441,,0.9,0.5,2.1531895939707804,,0,0,,0,0,0,0,0,,,,True,False,False,False,False
2025-07-09,11.45,11.54,11.36,11.38,710241.3,-0.9573542210617902,2.1440943648255146,,,,,,,,,,,,,,,,,,,,12.4325,,0.7272727272727273,0.45,2.134372331678146,,0,0,,0,0,0,0,0,,,,False,False,False,False,False
2025-07-10,11.37,11.42,11.31,11.37,543360.52,-0.08787346221442727,1.6403104536453477,,,,,,,,,,,,,,,,,,,,12.423,,0.8,0.45,2.105794585765256,,0,0,,0,0,0,0,0,,,,False,False,False,False,False
2025-07-11,11.38,11.47,11.28,11.43,677403.42,0.5277044854881341,2.044962543765804,,,,,,,,,,,,,,,,,,,,12.41625,,1.0,0.5,2.088903340318509,,0,0,,0,0,0,0,0,,,,True,False,False,False,False
2025-07-14,11.41,11.43,11.34,11.37,413809.92,-0.5249343832021025,1.2492198321625299,,,,,,,,,,,,,,,,,,,,12.404916666666667,,0.8,0.45,2.083781948426476,,0,0,,0,0,0,0,0,,,,False,False,False,False,False
2025-07-15,11.23,11.23,11.04,11.12,1144179.16,-2.1987686895338587,3.4540769303429566,,,,,,,,,,,,,,,,,,,,12.392666666666667,,0.7272727272727273,0.45,2.1907385441981284,,0,0,,0,0,0,0,0,,,,False,False,False,False,False
2025-07-16,11.1,11.32,11.07,11.27,697002.87,1.3489208633093552,2.104129858168218,,,,,,,,,,,,,,,,,,,,12.3825,,0.7272727272727273,0.45,2.219737531644528,,0,0,,0,0,0,0,0,,,,True,False,False,False,False
2025-07-17,11.22,11.52,11.21,11.49,986949.62,1.9520851818988438,2.979428426097839,,,,,,,,,,,,,,,,,,,,12.378416666666668,,0.9,0.5,2.2538456427662843,,0,0,,0,0,0,0,0,,,,True,False,True,False,False
2025-07-18,11.49,11.5,11.37,11.44,571023.7,-0.4351610095735481,1.7238207597218231,,,,,,,,,,,,,,,,,,,,12.377166666666666,,0.9,0.5,2.267351446345846,,0,0,,0,0,0,0,0,,,,False,False,False,False,False
2025-07-21,11.43,11.49,11.38,11.48,615943.8,0.34965034965035446,1.859426691505005,,,,,,,,,,,,,,,,,,,,12.3795,,0.9,0.5,2.297994745662675,,0,0,,0,0,0,0,0,,,,True,False,False,False,False
2025-07-22,11.47,11.47,11.33,11.4,582308.49,-0.6968641114982632,1.7578875686320334,,,,,,,,,,,,,,,,,,,,12.38175,,0.7272727272727273,0.45,2.2865388881856967,,0,0,,0,0,0,0,0,,,,False,False,False,False,False
2025-07-23,11.39,11.42,11.28,11.3,629572.72,-0.877192982456132,1.9005700192313113,,,,,,,,,,,,,,,,,,,,12.380583333333334,,0.5833333333333334,0.4,2.2615812552197836,,0,0,,0,0,0,0,0,,,,False,False,False,False,False
2025-07-24,11.31,11.47,11.31,11.47,707897.0,1.504424778761071,2.1370173328091275,,,,,,,,,,,,,,,,,,,,12.381499999999999,,0.7272727272727273,0.45,2.2314274625229977,,0,0,,0,0,0,0,0,,,,True,False,False,False,False
2025-07-25,11.47,11.52,11.41,11.48,586227.52,0.08718395815170421,1.7697184353228077,,,,,,,,,,,,,,,,,,,,12.381916666666665,,0.9,0.45,2.125604769171526,,0,0,,0,0,0,0,0,,,,True,False,False,False,False
2025-07-28,11.48,11.59,11.46,11.54,684716.44,0.522648083623678,2.067039273141942,,,,,,,,,,,,,,,,,,,,12.386,,0.9,0.45,2.127941606995656,,0,0,,0,0,0,0,0,,,,True,False,True,True,False
2025-07-29,11.48,11.52,11.34,11.52,622412.09,-0.17331022530329143,1.878953328633904,,,,,,,,,,,,,,,,,,,,12.389916666666666,,1.1111111111111112,0.45,2.1282056498633732,,0,0,,0,0,0,0,0,,,,True,False,False,False,False
2025-07-30,11.49,11.5,11.33,11.41,548750.75,-0.9548611111111049,1.6565826160331354,,,,,,,,,,,,,,,,,,,,12.386750000000001,,1.1111111111111112,0.45,2.027882563315337,,0,0,,0,0,0,0,0,,,,False,False,False,False,False
2025-07-31,11.37,11.48,11.23,11.27,768900.27,-1.2269938650306789,2.3211755441704343,,,,,,,,,,,,,,,,,,,,12.384083333333335,,0.9,0.4,2.0137405809846545,,0,0,,0,0,0,0,0,,,,False,False,False,False,False
2025-08-01,11.24,11.39,11.17,11.27,560303.36,0.0,1.691457926719837,,,,,,,,,,,,,,,,,,,,12.379999999999999,,1.1111111111111112,0.4,1.9999866917062488,,0,0,,0,0,0,0,0,,,,True,False,False,False,False
2025-08-04,11.2,11.59,11.12,11.58,1128767.64,2.7506654835847355,3.4075522447390707,,,,,,,,,,,,,,,,,,,,12.377833333333333,,1.375,0.45,2.0986660757956246,,0,0,,0,0,0,0,0,,,,True,False,False,False,False
2025-08-05,11.68,11.88,11.53,11.55,1259450.17,-0.2590673575129432,3.802059965078821,,,,,,,,,,,,,,,,,,,,12.374749999999999,,1.1111111111111112,0.4,2.1794742057373733,,0,0,,0,0,0,0,0,,,,False,False,False,False,False
2025-08-06,11.52,11.65,11.44,11.63,878254.3,0.6926406926407003,2.651296250321936,,,,,,,,,,,,,,,,,,,,12.371749999999999,,1.375,0.45,2.204834300012194,,0,0,,0,0,0,0,0,,,,True,False,False,False,False
2025-08-07,11.63,11.84,11.56,11.68,1212317.9,0.4299226139294898,3.6597758786585657,,,,,,,,,,,,,,,,,,,,12.369583333333335,,1.5,0.5,2.305807571262855,,0,0,,0,0,0,0,0,,,,True,False,False,False,False
2025-08-08,11.68,11.68,11.48,11.49,759528.88,-1.6267123287671215,2.2928849554795456,,,,,,,,,,,,,,,,,,,,12.366000000000001,,1.2222222222222223,0.45,2.318203691848542,,0,0,,0,0,0,0,0,,,,False,False,False,False,False
2025-08-11,11.51,11.87,11.48,11.78,1452341.29,2.523933855526539,4.384364547221372,,,,,,,,,,,,,,,,,,,,12.360166666666666,,1.5,0.5,2.4749609276014843,,0,0,,0,0,0,0,0,,,,True,False,False,False,False
2025-08-12,11.73,11.8,11.67,11.74,757800.28,-0.3395585738539819,2.2876666141650697,,,,,,,,,,,,,,,,,,,,12.359916666666667,,1.8571428571428572,0.5,2.41664041179259,,0,0,,0,0,0,0,0,,,,True,False,False,False,False
2025-08-13,11.74,11.87,11.68,11.8,1039117.61,0.5110732538330609,3.136914471169104,,,,,,,,,,,,,,,,,,,,12.357666666666667,,1.8571428571428572,0.5,2.468279642442634,,0,0,,0,0,0,0,0,,,,True,False,False,False,False
2025-08-14,11.79,12.04,11.55,11.91,1955085.95,0.9322033898305104,5.9020628174460406,,,,,,,,,,,,,,,,,,,,12.350166666666668,,1.8571428571428572,0.5,2.614411362010044,,0,0,,0,0,0,0,0,,,,True,False,True,True,True
2025-08-15,11.83,12.0,11.83,11.93,1382423.46,0.16792611251048584,4.173294837104784,,,,,,,,,,,,,,,,,,,,12.339583333333334,,2.3333333333333335,0.55,2.736885065879192,,0,0,,0,0,0,0,0,,,,True,False,False,False,True
2025-08-18,12.09,12.41,12.04,12.31,2445009.59,3.1852472757753603,7.381056668857953,,,,,,,,,,,,,,,,,,,,12.322583333333334,,2.3333333333333335,0.55,3.01296656474684,,0,0,,0,0,0,0,0,,,,True,False,True,True,True
2025-08-19,12.19,12.87,12.15,12.62,3201914.85,2.518277822908188,9.66602137405433,,,,,,,,,,,,,,,,,,,,12.313333333333333,,3.0,0.6,3.408373255017955,,0,0,,0,0,0,0,0,,,,True,False,True,True,True
2025-08-20,12.74,13.34,12.58,13.2,3870790.09,4.5958795562599075,11.685238832762115,,,,,,,,,,,,,,,,,,,,12.307,,4.0,0.65,3.8976066956944946,,0,0,,0,0,0,0,0,,,,True,False,True,True,True
2025-08-21,13.17,13.17,12.62,12.7,3056307.53,-3.7878787878787845,9.226458320921056,,,,,,,,,,,,,,,,,,,,12.29775,,3.0,0.6,4.252078745100091,,0,0,,0,0,0,0,0,,,,False,False,False,False,False
2025-08-22,12.59,13.44,12.58,13.2,3266720.44,3.937007874015741,9.861658125012339,,,,,,,,,,,,,,,,,,,,12.293916666666666,,3.0,0.6,4.656675729584568,,0,0,,0,0,0,0,0,,,,True,False,False,False,False
2025-08-25,13.2,13.7,13.09,13.33,3578279.77,0.9848484848484995,10.802201295005148,,,,,,,,,,,,,,,,,,,,12.290833333333333,11.94272,3.0,0.6,5.093433830677728,,0,0,,0,0,0,0,0,,,,True,False,False,False,True
2025-08-26,13.28,14.52,13.1,13.98,5086675.62,4.876219054763697,15.355784762921182,,,,,,,,,,,,,,,,,,,,12.299666666666667,11.965399999999999,3.0,0.65,5.767275402392092,,0,0,,0,0,0,0,0,,,,True,False,True,True,True
2025-08-27,13.71,14.02,13.4,13.41,3534844.29,-4.077253218884125,10.671077171553735,,,,,,,,,,,,,,,,,,,,12.30025,11.986040000000001,3.0,0.65,6.2180001301681225,,0,0,,0,0,0,0,0,,,,False,False,False,False,False
2025-08-28,13.35,13.57,12.96,13.5,3011210.5,0.6711409395973034,9.090318268387689,,,,,,,,,,,,,,,,,,,,12.29775,12.00808,4.0,0.7,6.556457266378985,,0,0,,0,0,0,0,0,,,,True,False,False,False,False
2025-08-29,13.48,13.6,13.15,13.25,1655992.09,-1.851851851851849,4.999150722950956,,,,,,,,,,,,,,,,,,,,12.293666666666667,12.030640000000002,3.0,0.7,6.721841906190541,,0,0,,0,0,0,0,0,,,,False,False,False,False,False
2025-09-01,13.25,13.58,13.2,13.39,1941162.61,1.0566037735849187,5.860030687191788,,,,,,,,,,,,,,,,,,,,12.288916666666667,12.053360000000001,3.0,0.7,6.844465828313176,,0,0,,0,0,0,0,0,,,,True,False,False,False,False
2025-09-02,13.33,13.33,12.72,12.86,1969561.28,-3.9581777445855226,5.945761309045993,,,,,,,,,,,,,,,,,,,,12.275166666666667,12.07416,3.0,0.7,6.951650895511534,,0,0,,0,0,0,0,0,,,,False,False,False,False,False
2025-09-03,12.89,13.47,12.8,12.93,2021166.65,0.5443234836703059,6.1015489026592284,,,,,,,,,,,,,,,,,,,,12.263,12.095120000000001,3.0,0.7,7.124163528128399,,0,0,,0,0,0,0,0,,,,True,False,False,False,False
2025-09-04,13.09,13.25,12.25,12.51,1946698.17,-3.24825986078886,5.876741575452092,,,,,,,,,,,,,,,,,,,,12.250916666666665,12.11428,2.3333333333333335,0.65,7.235011812968077,,0,0,,0,0,0,0,0,,,,False,False,False,False,False
2025-09-05,12.51,12.98,12.39,12.93,1567911.09,3.3573141486810565,4.7332495767514935,,,,,,,,,,,,,,,,,,,,12.2445,12.13572,3.0,0.7,7.357030044031674,,0,0,,0,0,0,0,0,,,,True,False,False,False,False
2025-09-08,12.93,13.45,12.87,13.29,2160550.32,2.78422273781902,6.52232384407097,,,,,,,,,,,,,,,,,,,,12.2405,12.158479999999999,3.0,0.7,7.463928008874154,,0,0,,0,0,0,0,0,,,,True,False,False,False,False
2025-09-09,13.3,13.57,13.0,13.21,2168345.58,-0.6019563581640242,6.545856371732131,,,,,,,,,,,,,,,,,,,,12.236333333333334,12.180719999999999,2.3333333333333335,0.7,7.676837496752507,,0,0,,0,0,0,0,0,,,,False,False,False,False,False
2025-09-10,13.05,13.18,12.83,12.86,1630388.72,-2.649507948523855,4.921858623297581,,,,,,,,,,,,,,,,,,,,12.231083333333334,12.198960000000001,1.8571428571428572,0.65,7.76608470435893,,0,0,,0,0,0,0,0,,,,False,False,False,False,False
2025-09-11,12.86,13.8,12.65,13.63,3663074.69,5.987558320373254,11.058182339951182,,,,,,,,,,,,,,,,,,,,12.228833333333334,12.22084,1.8571428571428572,0.65,8.023890680484188,,0,0,,0,0,0,0,0,,,,True,False,True,True,False
2025-09-12,13.45,13.77,13.36,13.37,2365039.86,-1.9075568598679538,7.139642029284589,,,,,,,,,,,,,,,,,,,,12.22125,12.242280000000001,1.5,0.6,8.172208040093178,,0,0,,0,0,0,0,0,,,,False,False,False,False,False
2025-09-15,13.36,13.36,13.11,13.2,1433322.62,-1.2715033657441976,4.326950506143395,,,,,,,,,,,,,,,,,,,,12.212,12.26336,1.2222222222222223,0.55,8.019502731957449,,0,0,,0,0,0,0,0,,,,False,False,False,False,False
2025-09-16,13.2,13.7,13.1,13.62,2659299.75,3.1818181818181746,8.027961213121372,,,,,,,,,,,,,,,,,,,,12.20525,12.28628,1.2222222222222223,0.55,7.937599723910802,,0,0,,0,0,0,0,0,,,,True,False,False,False,False
2025-09-17,13.56,13.94,13.51,13.82,2681145.01,1.468428781204123,8.093908235442022,,,,,,,,,,,,,,,,,,,,12.201333333333334,12.310880000000001,1.2222222222222223,0.55,7.758033194044797,,0,0,,0,0,0,0,0,,,,True,False,True,True,False
2025-09-18,13.8,13.92,13.34,13.49,2577114.61,-2.387843704775683,7.7798586379171475,,,,,,,,,,,,,,,,,,,,12.19875,12.33236,1.2222222222222223,0.55,7.6857032098946005,,0,0,,0,0,0,0,0,,,,False,False,False,False,False
2025-09-19,13.45,14.84,13.38,14.36,8100589.93,6.449221645663439,24.45426536118825,,,,,,,,,,,,,,,,,,,,12.20175,12.35744,1.2222222222222223,0.55,8.415333571703396,,0,0,,0,0,0,0,0,,,,True,False,True,True,True
2025-09-22,14.0,14.57,13.78,14.45,5315610.45,0.6267409470751995,16.046899006651145,,,,,,,,,,,,,,,,,,,,12.201833333333333,12.384,1.2222222222222223,0.55,8.677568457285698,,0,0,,0,0,0,0,0,,,,True,False,False,False,True
2025-09-23,14.33,14.4,13.66,13.89,3674551.81,-3.87543252595155,11.092829759520315,,,,,,,,,,,,,,,,,,,,12.198500000000001,12.40832,1.0,0.5,8.464420707115654,,0,0,,0,0,0,0,0,,,,False,False,False,False,False
2025-09-24,13.75,13.94,13.4,13.93,2651831.98,0.28797696184303945,8.00541732053893,,,,,,,,,,,,,,,,,,,,12.196666666666665,12.432039999999999,1.2222222222222223,0.55,8.331137714564914,,0,0,,0,0,0,0,0,,,,True,False,False,False,False
2025-09-25,13.8,13.95,13.5,13.56,2079198.62,-2.6561378320172246,6.276737278576995,,,,,,,,,,,,,,,,,,,,12.192499999999999,12.45296,1.0,0.5,8.190458665074377,,0,0,,0,0,0,0,0,,,,False,False,False,False,False
2025-09-26,13.5,13.55,12.8,12.81,2627840.09,-5.530973451327437,7.932989997387612,,,,,,,,,,,,,,,,,,,,12.19,12.471879999999999,1.0,0.5,8.337150628796211,,0,0,,0,0,0,0,0,,,,False,False,False,False,False
2025-09-29,12.8,13.01,12.58,12.98,1533775.68,1.3270882123341154,4.630200739374663,,,,,,,,,,,,,,,,,,,,12.191416666666667,12.490639999999999,1.0,0.5,8.275659131405357,,0,0,,0,0,0,0,0,,,,True,False,False,False,False
2025-09-30,13.03,13.45,13.01,13.09,1542319.8,0.8474576271186418,4.65227473763232,,,,,,,,,,,,,,,,,,,,12.19675,12.51048,1.2222222222222223,0.55,8.21098480283467,,0,0,,0,0,0,0,0,,,,True,False,False,False,False
2025-10-09,13.25,13.78,13.2,13.47,2381358.5,2.9029793735676046,7.1831626558875765,,,,,,,,,,,,,,,,,,,,12.205166666666667,12.53172,1.2222222222222223,0.55,8.26506549049609,,0,0,,0,0,0,0,0,,,,True,False,False,False,False
2025-10-10,13.35,13.36,12.81,12.83,2025388.43,-4.751299183370461,6.109409622298687,,,,,,,,,,,,,,,,,,,,12.207166666666666,12.547640000000001,1.2222222222222223,0.55,8.276698892838418,,0,0,,0,0,0,0,0,,,,False,False,False,False,False
2025-10-13,11.92,12.54,11.92,12.49,1388908.66,-2.6500389711613392,4.189523256977416,,,,,,,,,,,,,,,,,,,,12.207916666666668,12.56348,1.2222222222222223,0.5,8.249512576849714,,0,0,,0,0,0,0,0,,,,True,False,False,False,False
2025-10-14,12.6,12.65,12.02,12.09,1448599.28,-3.2025620496397122,4.369574867220383,,,,,,,,,,,,,,,,,,,,12.206750000000001,12.57792,1.0,0.45,8.141875128007184,,0,0,,0,0,0,0,0,,,,False,False,False,False,False
2025-10-15,12.13,12.21,11.92,12.2,977696.22,0.9098428453267138,2.9491363758570763,,,,,,,,,,,,,,,,,,,,12.201833333333333,12.59368,1.2222222222222223,0.5,7.962039128213432,,0,0,,0,0,0,0,0,,,,True,False,False,False,False
2025-10-16,12.16,12.16,11.92,12.0,919142.73,-1.6393442622950727,2.7725148202450645,,,,,,,,,,,,,,,,,,,,12.199416666666666,12.6084,1.2222222222222223,0.5,7.854571938060808,,0,0,,0,0,0,0,0,,,,False,False,False,False,False
2025-10-17,12.0,12.02,11.6,11.62,1020120.28,-3.166666666666673,3.077104896137888,,,,,,,,,,,,,,,,,,,,12.197833333333334,12.622639999999999,1.0,0.45,7.455518065870142,,0,0,,0,0,0,0,0,,,,False,False,False,False,False
2025-10-20,11.73,11.88,11.68,11.77,692568.86,1.2908777969018903,2.0890742707503427,,,,,,,,,,,,,,,,,,,,12.195166666666667,12.638119999999999,1.2222222222222223,0.5,7.20298967794343,,0,0,,0,0,0,0,0,,,,True,False,False,False,False
2025-10-21,11.77,11.94,11.72,11.9,729142.64,1.1045029736618694,2.199395925671535,,,,,,,,,,,,,,,,,,,,12.195249999999998,12.653439999999998,1.5,0.55,7.096611948919838,,0,0,,0,0,0,0,0,,,,True,False,False,False,False
2025-10-22,11.83,11.88,11.73,11.77,541649.16,-1.0924369747899232,1.6338380041076868,,,,,,,,,,,,,,,,,,,,12.193916666666668,12.66792,1.2222222222222223,0.5,6.776905788469152,,0,0,,0,0,0,0,0,,,,False,False,False,False,False
2025-10-23,11.77,11.81,11.55,11.8,606979.89,0.2548853016142827,1.8309025200207145,,,,,,,,,,,,,,,,,,,,12.19575,12.682120000000001,1.2222222222222223,0.5,6.4637555026980875,,0,0,,0,0,0,0,0,,,,True,False,False,False,False
2025-10-24,11.82,11.93,11.81,11.89,700604.31,0.7627118644067732,2.113312513065917,,,,,,,,,,,,,,,,,,,,12.20075,12.696119999999999,1.5,0.55,6.180428196455525,,0,0,,0,0,0,0,0,,,,True,False,False,False,False
2025-10-27,12.0,12.06,11.86,11.91,843754.66,0.1682085786375076,2.5451132051067145,,,,,,,,,,,,,,,,,,,,12.208083333333333,12.710439999999998,1.2222222222222223,0.55,5.08497058865145,,0,0,,0,0,0,0,0,,,,False,False,False,False,False
2025-10-28,11.91,11.92,11.8,11.84,599232.34,-0.5877413937867337,1.8075327032398214,,,,,,,,,,,,,,,,,,,,12.214166666666666,12.723360000000001,1.0,0.5,4.373002273480884,,0,0,,0,0,0,0,0,,,,False,False,False,False,False
2025-10-29,11.81,11.92,11.77,11.92,696117.81,0.6756756756756799,2.09977937252633,,,,,,,,,,,,,,,,,,,,12.219583333333333,12.73484,1.2222222222222223,0.55,3.9233497541311833,,0,0,,0,0,0,0,0,,,,True,False,False,False,False
2025-10-30,12.05,12.22,11.9,11.92,1079983.12,0.0,3.2576759931664845,,,,,,,,,,,,,,,,,,,,12.219916666666668,12.742720000000002,1.0,0.5,3.6859626877625615,,0,0,,0,0,0,0,0,,,,False,False,False,False,False
2025-10-31,11.91,12.45,11.83,12.33,1697897.01,3.439597315436238,5.1215599817394875,,,,,,,,,,,,,,,,,,,,12.222833333333334,12.74824,1.2222222222222223,0.55,3.6282038229206854,,0,0,,0,0,0,0,0,,,,True,False,True,True,False
2025-11-03,12.34,12.4,12.16,12.4,1029489.83,0.5677210056772131,3.1053673361117395,,,,,,,,,,,,,,,,,,,,12.225833333333334,12.75832,1.5,0.6,3.386822689856892,,0,0,,0,0,0,0,0,,,,True,False,False,False,False
2025-11-04,12.33,12.54,12.22,12.44,1218687.4,0.3225806451612856,3.6760654982778624,,,,,,,,,,,,,,,,,,,,12.230833333333331,12.76916,1.5,0.6,3.3391159278020526,,0,0,,0,0,0,0,0,,,,True,False,False,False,False
2025-11-05,12.28,12.95,12.23,12.68,1854700.79,1.9292604501607746,5.594545068528398,,,,,,,,,,,,,,,,,,,,12.235999999999999,12.78276,1.5,0.6,3.3862294443468564,,0,0,,0,0,0,0,0,,,,True,False,True,True,False
2025-11-06,12.58,12.64,12.48,12.52,1071319.52,-1.2618296529968487,3.231542990518816,,,,,,,,,,,,,,,,,,,,12.240499999999999,12.79292,1.2222222222222223,0.55,3.1886484610784183,,0,0,,0,0,0,0,0,,,,False,False,False,False,False
2025-11-07,12.4,12.63,12.27,12.28,861352.87,-1.9169329073482455,2.598196688707553,,,,,,,,,,,,,,,,,,,,12.243166666666665,12.802480000000001,1.2222222222222223,0.55,3.0130878143988613,,0,0,,0,0,0,0,0,,,,False,False,False,False,False
2025-11-10,12.24,12.48,12.18,12.44,883060.03,1.3029315960912058,2.66367446581561,,,,,,,,,,,,,,,,,,,,12.24925,12.81344,1.2222222222222223,0.6,2.9367953748407714,,0,0,,0,0,0,0,0,,,,True,False,False,False,False
2025-11-11,12.38,12.47,12.11,12.14,878670.23,-2.4115755627009516,2.650433012491041,,,,,,,,,,,,,,,,,,,,12.251000000000001,12.81932,1.2222222222222223,0.6,2.8508382821043043,,0,0,,0,0,0,0,0,,,,False,False,False,False,False
2025-11-12,12.09,12.14,11.9,12.05,719417.4,-0.7413509060955503,2.170060577471109,,,,,,,,,,,,,,,,,,,,12.25025,12.820559999999999,1.0,0.55,2.8118844921850057,,0,0,,0,0,0,0,0,,,,False,False,False,False,False
2025-11-13,12.04,12.32,11.98,12.17,701259.25,0.9958506224066355,2.115288083123868,,,,,,,,,,,,,,,,,,,,12.240416666666667,12.8176,1.2222222222222223,0.6,2.779023155328946,,0,0,,0,0,0,0,0,,,,True,False,False,False,False
2025-11-14,12.11,12.47,12.09,12.23,945877.13,0.49301561216106293,2.8531568334940403,,,,,,,,,,,,,,,,,,,,12.23525,12.812959999999999,1.5,0.65,2.767825752196754,,0,0,,0,0,0,0,0,,,,True,False,False,False,False
2025-11-17,12.15,12.3,12.04,12.11,826492.77,-0.9811937857726938,2.4930442017970327,,,,,,,,,,,,,,,,,,,,12.231166666666667,12.8116,1.2222222222222223,0.6,2.788024248749088,,0,0,,0,0,0,0,0,,,,False,False,False,False,False
2025-11-18,12.07,12.07,11.83,11.86,921619.98,-2.064409578860449,2.7799872313454084,,,,,,,,,,,,,,,,,,,,12.228166666666665,12.8084,1.0,0.55,2.817053814032782,,0,0,,0,0,0,0,0,,,,False,False,False,False,False
2025-11-19,11.87,11.99,11.6,11.65,730203.94,-1.7706576728499068,2.2025972456435987,,,,,,,,,,,,,,,,,,,,12.222333333333333,12.8024,1.0,0.55,2.8454917761095775,,0,0,,0,0,0,0,0,,,,False,False,False,False,False
2025-11-20,11.75,11.81,11.58,11.66,573675.25,0.08583690987125081,1.730441944128517,,,,,,,,,,,,,,,,,,,,12.217333333333334,12.796040000000001,0.8181818181818182,0.55,2.8404687473149677,,0,0,,0,0,0,0,0,,,,False,False,False,False,False
2025-11-21,11.55,11.65,11.2,11.22,905863.75,-3.7735849056603765,2.7324599216465217,,,,,,,,,,,,,,,,,,,,12.211916666666665,12.7826,0.6666666666666666,0.5,2.8714261177439977,,0,0,,0,0,0,0,0,,,,False,False,False,False,False
2025-11-24,11.3,11.43,11.16,11.42,624788.22,1.7825311942959,1.8846198124904214,,,,,,,,,,,,,,,,,,,,12.206333333333333,12.76412,0.8181818181818182,0.5,2.838401448113183,,0,0,,0,0,0,0,0,,,,True,False,False,False,False
2025-11-25,11.43,11.62,11.37,11.38,678903.78,-0.3502626970227629,2.0478547347813922,,,,,,,,,,,,,,,,,,,,12.20325,12.73908,0.8181818181818182,0.5,2.850417549690262,,0,0,,0,0,0,0,0,,,,False,False,False,False,False
2025-11-26,11.37,11.64,11.28,11.44,935054.46,0.5272407732864526,2.8205111822907485,,,,,,,,,,,,,,,,,,,,12.20025,12.72132,0.8181818181818182,0.5,2.8864541401784822,,0,0,,0,0,0,0,0,,,,True,False,False,False,False
2025-11-27,11.3,11.47,11.25,11.26,669397.2,-1.5734265734265729,2.019178955623736,,,,,,,,,,,,,,,,,,,,12.194416666666665,12.69648,0.8181818181818182,0.5,2.824529288301345,,0,0,,0,0,0,0,0,,,,False,False,False,False,False
2025-11-28,11.25,11.29,11.2,11.28,448361.92,0.1776198934280604,1.3524450854695136,,,,,,,,,,,,,,,,,,,,12.188166666666667,12.6724,0.8181818181818182,0.5,2.6360735434878464,,0,0,,0,0,0,0,0,,,,True,False,False,False,False
2025-12-01,11.27,11.57,11.22,11.57,923756.99,2.5709219858156107,2.7864333378124764,,,,,,,,,,,,,,,,,,,,12.185083333333333,12.65228,0.8181818181818182,0.5,2.6201268435728835,,0,0,,0,0,0,0,0,,,,True,False,False,False,False
2025-12-02,11.58,11.58,11.35,11.4,555427.42,-1.4693171996542742,1.675398937791174,,,,,,,,,,,,,,,,,,,,12.177333333333333,12.63484,0.6666666666666666,0.45,2.520093515548549,,0,0,,0,0,0,0,0,,,,False,False,False,False,False
2025-12-03,11.34,11.37,11.09,11.12,693829.67,-2.4561403508772006,2.0928773954407958,,,,,,,,,,,,,,,,,,,,12.168666666666667,12.60996,0.5384615384615384,0.4,2.3450101318941687,,0,0,,0,0,0,0,0,,,,False,False,False,False,False
2025-12-04,11.09,11.17,10.9,11.14,608672.53,0.17985611510793476,1.836008222684913,,,,,,,,,,,,,,,,,,,,12.159666666666665,12.586,0.6666666666666666,0.45,2.2752333935024733,,0,0,,0,0,0,0,0,,,,True,False,False,False,False
2025-12-05,11.14,11.19,10.97,11.18,455185.68,0.35906642728904536,1.373028369340774,,,,,,,,,,,,,,,,,,,,12.15225,12.556239999999999,0.8181818181818182,0.5,2.213974977534135,,0,0,,0,0,0,0,0,,,,True,False,False,False,False
2025-12-08,11.21,11.28,11.16,11.17,553795.43,-0.08944543828264262,1.6704761806242956,,,,,,,,,,,,,,,,,,,,12.146916666666668,12.53228,0.6666666666666666,0.45,2.164315063274569,,0,0,,0,0,0,0,0,,,,False,False,False,False,False
2025-12-09,11.1,11.2,11.0,11.02,512564.91,-1.3428827215756556,1.5461078708772225,,,,,,,,,,,,,,,,,,,,12.140166666666666,12.51168,0.6666666666666666,0.45,2.109098806193878,,0,0,,0,0,0,0,0,,,,False,False,False,False,False
2025-12-10,11.02,11.02,10.8,10.93,631749.94,-0.8166969147005432,1.9056192408103259,,,,,,,,,,,,,,,,,,,,12.132833333333334,12.49156,0.6666666666666666,0.45,2.095876739360839,,0,0,,0,0,0,0,0,,,,False,False,False,False,False
2025-12-11,10.95,10.99,10.62,10.63,741363.35,-2.7447392497712664,2.236258644031846,,,,,,,,,,,,,,,,,,,,12.122833333333334,12.474039999999999,0.5384615384615384,0.4,2.1019252674062376,,0,0,,0,0,0,0,0,,,,False,False,False,False,False
2025-12-12,10.61,10.66,10.52,10.53,593163.37,-0.9407337723424392,1.7892261783450178,,,,,,,,,,,,,,,,,,,,12.114583333333334,12.45508,0.42857142857142855,0.35,2.0487287346487864,,0,0,,0,0,0,0,0,,,,False,False,False,False,False
2025-12-15,10.43,10.58,10.36,10.38,569518.43,-1.424501424501412,1.7175441460855712,,,,,,,,,,,,,,,,,,,,12.106,12.43456,0.42857142857142855,0.35,2.0099537318632135,,0,0,,0,0,0,0,0,,,,False,False,False,False,False
2025-12-16,10.4,10.73,10.22,10.55,1032774.71,1.6377649325626242,3.1146246792851344,,,,,,,,,,,,,,,,,,,,12.098166666666666,12.4124,0.5384615384615384,0.4,2.0266856042601997,,0,0,,0,0,0,0,0,,,,True,False,False,False,False
2025-12-17,10.45,10.55,10.27,10.47,715345.92,-0.758293838862556,2.157328118803937,,,,,,,,,,,,,,,,,,,,12.0875,12.39432,0.6666666666666666,0.4,2.0244221479182167,,0,0,,0,0,0,0,0,,,,True,False,False,False,False
2025-12-18,10.4,10.56,10.37,10.41,457678.18,-0.5730659025788065,1.380258109359189,,,,,,,,,,,,,,,,,,,,12.075333333333335,12.377720000000002,0.8181818181818182,0.35,2.0069129561797503,,0,0,,0,0,0,0,0,,,,True,False,False,False,False
2025-12-19,10.38,10.63,10.38,10.59,598394.62,1.729106628242083,1.804628367583332,,,,,,,,,,,,,,,,,,,,12.066083333333333,12.363679999999999,1.0,0.4,1.960521378476591,,0,0,,0,0,0,0,0,,,,True,False,False,False,False
2025-12-22,10.59,10.73,10.56,10.67,499626.16,0.7554296506137925,1.5067641175028088,,,,,,,,,,,,,,,,,,,,12.056416666666667,12.35032,1.0,0.4,1.9416285937272104,,0,0,,0,0,0,0,0,,,,True,False,False,False,False
2025-12-23,10.63,10.66,10.43,10.45,506480.82,-2.0618556701030966,1.5274362851204568,,,,,,,,,,,,,,,,,,,,12.044749999999999,12.33832,1.0,0.4,1.9156076712441632,,0,0,,0,0,0,0,0,,,,False,False,False,False,False
2025-12-24,10.45,10.64,10.39,10.61,458317.45,1.5311004784688942,1.382186009005989,,,,,,,,,,,,,,,,,,,,12.035166666666667,12.3272,1.0,0.4,1.8436914125799255,,0,0,,0,0,0,0,0,,,,True,False,False,False,False
2025-12-25,10.61,10.72,10.58,10.69,439161.46,0.7540056550424223,1.3244156985657938,,,,,,,,,,,,,,,,,,,,12.028833333333333,12.314519999999998,1.2222222222222223,0.45,1.8089532497270284,,0,0,,0,0,0,0,0,,,,True,False,False,False,False
2025-12-26,10.7,10.79,10.61,10.65,524911.04,-0.3741814780168329,1.5830178306778044,,,,,,,,,,,,,,,,,,,,12.02125,12.30132,1.0,0.4,1.820481886987443,,0,0,,0,0,0,0,0,,,,False,False,False,False,False
2025-12-29,10.65,10.71,10.57,10.61,443016.8,-0.3755868544600971,1.3360425676888463,,,,,,,,,,,,,,,,,,,,12.014583333333333,12.289280000000002,0.8181818181818182,0.35,1.7479623484812614,,0,0,,0,0,0,0,0,,,,False,False,False,False,False
2025-12-30,10.6,10.7,10.54,10.61,405095.79,0.0,1.2216810275175607,,,,,,,,,,,,,,,,,,,,12.008583333333332,12.27724,1.0,0.35,1.7252764529675808,,0,0,,0,0,0,0,0,,,,True,False,False,False,False
2025-12-31,10.66,10.78,10.5,10.62,602853.76,0.09425070688029447,1.8178891221358449,,,,,,,,,,,,,,,,,,,,12.001333333333333,12.26256,1.0,0.4,1.711527039302333,,0,0,,0,0,0,0,0,,,,False,False,False,False,False
2026-01-05,10.63,10.8,10.63,10.8,685229.25,1.6949152542373058,2.066290172502703,,,,,,,,,,,,,,,,,,,,11.996500000000001,12.25072,1.0,0.4,1.7230411367932228,,0,0,,0,0,0,0,0,,,,True,False,True,True,False
2026-01-06,10.84,11.12,10.8,11.07,1106806.38,2.499999999999991,3.337544545649931,,,,,,,,,,,,,,,,,,,,11.994,12.23992,1.0,0.4,1.8212669456086803,,0,0,,0,0,0,0,0,,,,True,False,True,True,False
2026-01-07,11.08,11.11,10.85,10.88,831751.34,-1.7163504968382925,2.5081235510713453,,,,,,,,,,,,,,,,,,,,11.989416666666667,12.227720000000001,1.0,0.4,1.863149314131033,,0,0,,0,0,0,0,0,,,,False,False,False,False,False
2026-01-08,10.85,11.01,10.81,10.96,671671.81,0.7352941176470562,2.0254080807993864,,,,,,,,,,,,,,,,,,,,11.985999999999999,12.21636,1.2222222222222223,0.45,1.8871143246271411,,0,0,,0,0,0,0,0,,,,True,False,False,False,False
2026-01-09,10.94,11.05,10.91,11.03,847371.18,0.6386861313868453,2.555224753899544,,,,,,,,,,,,,,,,,,,,11.985249999999999,12.206959999999999,1.5,0.5,1.9195946002816018,,0,0,,0,0,0,0,0,,,,True,False,False,False,False
2026-01-12,11.05,11.46,11.04,11.44,1551656.16,3.717135086128742,4.67897696210616,,,,,,,,,,,,,,,,,,,,11.986666666666666,12.20068,1.8571428571428572,0.55,2.041730516185318,,0,0,,0,0,0,0,0,,,,True,False,True,True,False
2026-01-13,11.44,11.45,10.96,11.02,1361876.56,-3.6713286713286664,4.106701738271956,,,,,,,,,,,,,,,,,,,,11.98275,12.1944,1.8571428571428572,0.55,2.1576042941816644,,0,0,,0,0,0,0,0,,,,False,False,False,False,False
2026-01-14,10.98,11.33,10.98,11.09,1354953.83,0.6352087114337657,4.085826434180821,,,,,,,,,,,,,,,,,,,,11.979833333333335,12.18804,2.3333333333333335,0.6,2.276018408586427,,0,0,,0,0,0,0,0,,,,True,False,False,False,False
2026-01-15,11.15,11.22,10.98,11.07,788906.75,-0.18034265103696878,2.378926854838796,,,,,,,,,,,,,,,,,,,,11.976416666666667,12.1814,1.8571428571428572,0.55,2.2392335173641102,,0,0,,0,0,0,0,0,,,,False,False,False,False,False
2026-01-16,11.1,11.15,10.87,11.0,811039.42,-0.6323396567299078,2.4456673194530043,,,,,,,,,,,,,,,,,,,,11.973083333333333,12.173759999999998,1.5,0.55,2.253650477396564,,0,0,,0,0,0,0,0,,,,False,False,False,False,False
2026-01-19,10.92,10.98,10.82,10.85,704655.8,-1.3636363636363669,2.1248704058342964,,,,,,,,,,,,,,,,,,,,11.969333333333333,12.167560000000002,1.2222222222222223,0.55,2.290881092220319,,0,0,,0,0,0,0,0,,,,False,False,False,False,False
2026-01-20,10.83,10.85,10.52,10.61,999364.72,-2.211981566820276,3.013188787082113,,,,,,,,,,,,,,,,,,,,11.962166666666667,12.15996,1.0,0.5,2.351309113195258,,0,0,,0,0,0,0,0,,,,False,False,False,False,False
2026-01-21,10.55,10.7,10.5,10.59,656866.65,-0.18850141376060003,1.980521410029554,,,,,,,,,,,,,,,,,,,,11.954749999999999,12.153360000000001,1.0,0.45,2.374996977821595,,0,0,,0,0,0,0,0,,,,True,False,False,False,False
2026-01-22,10.63,10.81,10.56,10.6,592590.62,0.09442870632672129,1.7867224805714943,,,,,,,,,,,,,,,,,,,,11.946916666666668,12.14484,1.0,0.5,2.3879612875941474,,0,0,,0,0,0,0,0,,,,False,False,False,False,False
2026-01-23,10.59,10.88,10.55,10.85,1082908.8,2.358490566037741,3.2650828954543702,,,,,,,,,,,,,,,,,,,,11.941333333333334,12.13788,1.0,0.5,2.482106131916566,,0,0,,0,0,0,0,0,,,,True,False,False,False,False
2026-01-26,10.84,10.87,10.43,10.49,1199627.49,-3.3179723502304137,3.6170019105171725,,,,,,,,,,,,,,,,,,,,11.933666666666666,12.12988,0.8181818181818182,0.45,2.5967354425141354,,0,0,,0,0,0,0,0,,,,False,False,False,False,False
2026-01-27,10.44,10.48,10.22,10.4,849279.24,-0.8579599618684486,2.5606654225992873,,,,,,,,,,,,,,,,,,,,11.926416666666666,12.123560000000001,0.8181818181818182,0.45,2.6456178221102093,,0,0,,0,0,0,0,0,,,,False,False,False,False,False
2026-01-28,10.37,10.45,10.07,10.08,1197193.8,-3.076923076923077,3.609664081521934,,,,,,,,,,,,,,,,,,,,11.916500000000001,12.11752,0.8181818181818182,0.45,2.7592988978018633,,0,0,,0,0,0,0,0,,,,False,False,False,False,False
2026-01-29,10.0,10.13,9.74,9.97,1009622.34,-1.0912698412698374,3.044116580456837,,,,,,,,,,,,,,,,,,,,11.903083333333335,12.112599999999999,0.6666666666666666,0.45,2.8504206754488273,,0,0,,0,0,0,0,0,,,,False,False,False,False,False
2026-01-30,9.97,10.04,9.72,9.76,734982.34,-2.106318956870623,2.2160483567914757,,,,,,,,,,,,,,,,,,,,11.888166666666669,12.10712,0.6666666666666666,0.4,2.870328637181609,,0,0,,0,0,0,0,0,,,,False,False,False,False,False
2026-02-02,9.78,9.91,9.61,9.62,647468.75,-1.434426229508201,1.9521857620569911,,,,,,,,,,,,,,,,,,,,11.871416666666667,12.09984,0.5384615384615384,0.35,2.8646234166593234,,0,0,,0,0,0,0,0,,,,False,False,False,False,False
2026-02-03,9.7,9.8,9.65,9.8,553630.74,1.8711018711018879,1.6692543818756904,,,,,,,,,,,,,,,,,,,,11.855749999999999,12.0936,0.5384615384615384,0.35,2.781208908470611,,0,0,,0,0,0,0,0,,,,True,False,False,False,False
2026-02-04,9.76,9.92,9.69,9.91,609925.15,1.122448979591839,1.8389878951694187,,,,,,,,,,,,,,,,,,,,11.842583333333332,12.08752,0.6666666666666666,0.4,2.7477521256755155,,0,0,,0,0,0,0,0,,,,True,False,False,False,False
2026-02-05,9.85,9.87,9.76,9.79,427136.33,-1.2108980827447158,1.2878605521629831,,,,,,,,,,,,,,,,,,,,11.825999999999999,12.08248,0.5384615384615384,0.35,2.710874749243695,,0,0,,0,0,0,0,0,,,,False,False,False,False,False
2026-02-06,9.71,9.82,9.65,9.73,457895.14,-0.6128702757916105,1.38060157007283,,,,,,,,,,,,,,,,,,,,11.809249999999999,12.077200000000001,0.5384615384615384,0.3,2.652143590052359,,0,0,,0,0,0,0,0,,,,True,False,False,False,False
2026-02-09,9.8,9.92,9.79,9.88,499002.59,1.541623843782114,1.5045448161437325,,,,,,,,,,,,,,,,,,,,11.79325,12.06956,0.5384615384615384,0.3,2.4934219827542377,,0,0,,0,0,0,0,0,,,,True,False,False,False,False
2026-02-10,9.88,10.04,9.84,9.98,574583.28,1.0121457489878471,1.7324284737016349,,,,,,,,,,,,,,,,,,,,11.777166666666666,12.063120000000001,0.6666666666666666,0.35,2.374708319525722,,0,0,,0,0,0,0,0,,,,True,False,True,False,False
2026-02-11,9.95,10.04,9.9,9.91,393734.07,-0.7014028056112287,1.1871492569961881,,,,,,,,,,,,,,,,,,,,11.760333333333334,12.055719999999999,0.5384615384615384,0.3,2.22977446066649,,0,0,,0,0,0,0,0,,,,False,False,False,False,False
2026-02-12,9.91,9.94,9.83,9.83,378509.25,-0.8072653884964698,1.1412448379274986,,,,,,,,,,,,,,,,,,,,11.739666666666666,12.04768,0.5384615384615384,0.3,2.1678903598209254,,0,0,,0,0,0,0,0,,,,False,False,False,False,False
2026-02-13,9.84,9.96,9.8,9.8,426461.11,-0.3051881993896166,1.285671768153703,,,,,,,,,,,,,,,,,,,,11.716166666666668,12.039200000000001,0.5384615384615384,0.3,2.10989058225596,,0,0,,0,0,0,0,0,,,,False,False,False,False,False
2026-02-24,9.87,9.93,9.83,9.85,410039.76,0.5102040816326481,1.2361655749864742,,,,,,,,,,,,,,,,,,,,11.68825,12.03064,0.5384615384615384,0.35,2.065455340713569,,0,0,,0,0,0,0,0,,,,False,False,False,False,False
2026-02-25,9.84,9.94,9.8,9.9,487602.11,0.5076142131979822,1.4699963307772104,,,,,,,,,,,,,,,,,,,,11.664916666666667,12.02248,0.6666666666666666,0.4,1.988295717898324,,0,0,,0,0,0,0,0,,,,True,False,False,False,False
2026-02-26,9.9,9.92,9.75,9.78,607974.66,-1.21212121212122,1.8328889499791585,,,,,,,,,,,,,,,,,,,,11.636416666666667,12.01392,0.5384615384615384,0.4,1.9809140948958042,,0,0,,0,0,0,0,0,,,,False,False,False,False,False
2026-02-27,9.72,9.85,9.69,9.83,509100.6,0.5112474437627856,1.5348088095772932,,,,,,,,,,,,,,,,,,,,11.607249999999999,12.003320000000002,0.6666666666666666,0.4,1.9683184113460943,,0,0,,0,0,0,0,0,,,,True,False,False,False,False
2026-03-02,9.69,9.72,9.33,9.43,1071795.61,-4.069175991861651,3.2311911325468263,,,,,,,,,,,,,,,,,,,,11.569333333333333,11.993960000000001,0.5384615384615384,0.35,1.9666238232007172,,0,0,,0,0,0,0,0,,,,False,False,False,False,False
2026-03-03,9.43,9.51,8.98,8.99,1109063.82,-4.665959703075284,3.3435453058186244,,,,,,,,,,,,,,,,,,,,11.5325,11.981639999999999,0.5384615384615384,0.35,1.9529509929657896,,0,0,,0,0,0,0,0,,,,False,False,False,False,False
2026-03-04,8.88,9.05,8.83,8.89,578821.88,-1.1123470522803047,1.745000733843352,,,,,,,,,,,,,,,,,,,,11.494083333333332,11.96596,0.6666666666666666,0.35,1.912167758527993,,0,0,,0,0,0,0,0,,,,True,False,False,False,False
2026-03-05,9.04,9.78,9.03,9.78,1555743.14,10.011248593925748,4.690169834235984,,,,,,,,,,,,,,,,,,,,11.465166666666669,11.952279999999998,0.8181818181818182,0.4,1.9661930461636956,,0,0,,0,0,0,0,0,,,,True,False,False,False,False
2026-03-06,9.59,9.6,9.39,9.54,1402821.59,-2.4539877300613466,4.229150259491396,,,,,,,,,,,,,,,,,,,,11.433083333333334,11.933039999999998,0.8181818181818182,0.4,2.0254447301154235,,0,0,,0,0,0,0,0,,,,False,False,False,False,False
2026-03-09,9.35,9.56,9.31,9.48,821192.07,-0.6289308176100517,2.475685205224691,,,,,,,,,,,,,,,,,,,,11.404916666666669,11.916039999999999,1.0,0.4,2.0384265725370843,,0,0,,0,0,0,0,0,,,,True,False,False,False,False
2026-03-10,9.58,9.7,9.48,9.59,733264.53,1.1603375527426074,2.2106060381672177,,,,,,,,,,,,,,,,,,,,11.377083333333333,11.89856,1.2222222222222223,0.45,2.0513475863425956,,0,0,,0,0,0,0,0,,,,True,False,False,False,False
2026-03-11,9.59,9.65,9.5,9.54,597413.05,-0.5213764337852034,1.8010483823755852,,,,,,,,,,,,,,,,,,,,11.352333333333332,11.88148,1.0,0.4,2.0579372863675904,,0,0,,0,0,0,0,0,,,,False,False,False,False,False
2026-03-12,9.5,9.96,9.46,9.79,1369103.37,2.6205450733752578,4.1274984030621065,,,,,,,,,,,,,,,,,,,,11.326166666666666,11.866,1.0,0.4,2.1723628117622242,,0,0,,0,0,0,0,0,,,,True,False,True,False,False
2026-03-13,9.7,9.88,9.63,9.68,810871.6,-1.1235955056179692,2.4445716133825712,,,,,,,,,,,,,,,,,,,,11.296083333333334,11.849920000000001,1.0,0.4,2.2301983648232038,,0,0,,0,0,0,0,0,,,,False,False,False,False,False
2026-03-16,9.65,9.67,9.46,9.57,542536.67,-1.1363636363636354,1.6356100555268032,,,,,,,,,,,,,,,,,,,,11.265749999999999,11.83652,0.8181818181818182,0.4,2.2429487890959026,,0,0,,0,0,0,0,0,,,,False,False,False,False,False
2026-03-17,9.57,9.74,9.49,9.53,616698.79,-0.4179728317659448,1.8591899827807254,,,,,,,,,,,,,,,,,,,,11.238,11.82128,0.6666666666666666,0.35,2.2606810474277523,,0,0,,0,0,0,0,0,,,,False,False,False,False,False
2026-03-18,9.49,9.55,9.34,9.45,546311.59,-0.8394543546694666,1.6469904791040872,,,,,,,,,,,,,,,,,,,,11.203166666666666,11.80388,0.5384615384615384,0.3,2.256409147697875,,0,0,,0,0,0,0,0,,,,False,False,False,False,False
2026-03-19,9.27,9.34,9.2,9.23,536978.73,-2.3280423280423124,1.618854280194576,,,,,,,,,,,,,,,,,,,,11.168666666666667,11.78584,0.5384615384615384,0.3,2.277994398857794,,0,0,,0,0,0,0,0,,,,False,False,False,False,False
2026-03-20,9.3,9.48,9.01,9.03,856666.38,-2.1668472372697867,2.5826312263090814,,,,,,,,,,,,,,,,,,,,11.133916666666666,11.76612,0.5384615384615384,0.3,2.3500637182768735,,0,0,,0,0,0,0,0,,,,False,False,False,False,False
2026-03-23,8.88,8.9,8.4,8.46,965478.47,-6.3122923588039725,2.9106719992339554,,,,,,,,,,,,,,,,,,,,11.090916666666667,11.74192,0.5384615384615384,0.3,2.431313729830886,,0,0,,0,0,0,0,0,,,,False,False,False,False,False
2026-03-24,8.63,8.71,8.42,8.7,608150.47,2.8368794326240954,1.8334189724085403,,,,,,,,,,,,,,,,,,,,11.04825,11.71916,0.6666666666666666,0.3,2.4611763997019893,,0,0,,0,0,0,0,0,,,,True,False,False,False,False
2026-03-25,8.72,8.97,8.71,8.89,563140.11,2.1839080459770344,1.6977241862498806,,,,,,,,,,,,,,,,,,,,11.009916666666665,11.698879999999999,0.6666666666666666,0.3,2.472562792475623,,0,0,,0,0,0,0,0,,,,True,False,False,False,False
2026-03-26,8.9,8.91,8.56,8.59,569901.1,-3.374578177727794,1.7181068513134532,,,,,,,,,,,,,,,,,,,,10.961833333333335,11.67844,0.6666666666666666,0.3,2.4668236875423375,,0,0,,0,0,0,0,0,,,,False,False,False,False,False
2026-03-27,8.5,8.67,8.48,8.63,392768.55,0.465657741559955,1.184097270097304,,,,,,,,,,,,,,,,,,,,10.913333333333332,11.65788,0.6666666666666666,0.3,2.449288110568338,,0,0,,0,0,0,0,0,,,,True,False,False,False,False
2026-03-30,8.5,8.65,8.36,8.64,515277.05,0.11587485515642815,1.5534292352297352,,,,,,,,,,,,,,,,,,,,10.869583333333333,11.6376,0.8181818181818182,0.35,2.3654000157024835,,0,0,,0,0,0,0,0,,,,True,False,False,False,False
2026-03-31,8.61,8.77,8.59,8.64,415173.47,0.0,1.2515361081619079,,,,,,,,,,,,,,,,,,,,10.8255,11.618199999999998,1.0,0.35,2.2607995558196476,,0,0,,0,0,0,0,0,,,,True,False,False,False,False
2026-04-01,8.77,8.88,8.69,8.83,560742.69,2.19907407407407,1.6903530081602738,,,,,,,,,,,,,,,,,,,,10.786083333333334,11.59792,1.0,0.4,2.2580671695354937,,0,0,,0,0,0,0,0,,,,True,False,False,False,False
2026-04-02,8.94,9.18,8.72,8.8,839976.18,-0.3397508493771184,2.5320994601748184,,,,,,,,,,,,,,,,,,,,10.752666666666666,11.576,0.8181818181818182,0.35,2.150163650832435,,0,0,,0,0,0,0,0,,,,False,False,False,False,False
2026-04-03,8.88,8.89,8.53,8.55,445658.35,-2.840909090909094,1.3434324619269564,,,,,,,,,,,,,,,,,,,,10.715749999999998,11.55296,0.8181818181818182,0.35,2.0058777609542138,,0,0,,0,0,0,0,0,,,,False,False,False,False,False
2026-04-07,8.55,8.71,8.55,8.65,338560.72,1.1695906432748426,1.0205877699393784,,,,,,,,,,,,,,,,,,,,10.67875,11.52984,0.8181818181818182,0.4,1.933122889189948,,0,0,,0,0,0,0,0,,,,True,False,False,False,False
2026-04-08,8.81,9.04,8.81,9.03,764809.72,4.393063583815016,2.305510948118141,,,,,,,,,,,,,,,,,,,,10.64175,11.508799999999999,0.8181818181818182,0.4,1.9378681346874937,,0,0,,0,0,0,0,0,,,,True,False,False,False,False
2026-04-09,8.91,9.12,8.89,9.0,545773.74,-0.33222591362125353,1.6452292640388821,,,,,,,,,,,,,,,,,,,,10.609833333333334,11.489600000000001,1.0,0.4,1.9300771787706588,,0,0,,0,0,0,0,0,,,,True,False,False,False,False
2026-04-10,9.05,9.81,9.03,9.35,1859933.99,3.888888888888875,5.606751672457897,,,,,,,,,,,,,,,,,,,,10.583666666666666,11.471,1.0,0.4,2.004039842240448,,0,0,,0,0,0,0,0,,,,True,False,True,True,False
2026-04-13,9.16,9.56,9.13,9.41,1058014.59,0.64171122994654,3.189373979862241,,,,,,,,,,,,,,,,,,,,10.561333333333332,11.45088,1.2222222222222223,0.45,2.041279960564432,,0,0,,0,0,0,0,0,,,,True,False,False,False,False
2026-04-14,9.47,9.59,9.36,9.47,740199.56,0.6376195536663243,2.2313238767052157,,,,,,,,,,,,,,,,,,,,10.538583333333333,11.4316,1.375,0.5,2.0710656516233525,,0,0,,0,0,0,0,0,,,,False,False,False,False,False
2026-04-15,9.5,9.62,9.33,9.35,798822.07,-1.2671594508975814,2.4080408235180326,,,,,,,,,,,,,,,,,,,,10.5165,11.4124,1.375,0.5,2.098508193660218,,0,0,,0,0,0,0,0,,,,False,False,False,False,False
2026-04-16,9.34,9.45,9.31,9.4,561603.44,0.5347593582887722,1.6929477300848235,,,,,,,,,,,,,,,,,,,,10.498,11.39376,1.7142857142857142,0.55,2.100806056209255,,0,0,,0,0,0,0,0,,,,True,False,False,False,False
2026-04-17,9.35,9.48,9.34,9.44,542570.77,0.42553191489360653,1.6355739442797481,,,,,,,,,,,,,,,,,,,,10.478583333333335,11.37908,2.1666666666666665,0.6,2.1016420394135134,,0,0,,0,0,0,0,0,,,,True,False,False,False,False
2026-04-20,9.4,9.65,9.39,9.5,741868.33,0.6355932203389925,2.236354366517624,,,,,,,,,,,,,,,,,,,,10.458583333333335,11.36584,2.8,0.65,2.0843281964239404,,0,0,,0,0,0,0,0,,,,True,False,False,False,False
2026-04-21,9.46,9.62,9.25,9.43,1021951.89,-0.736842105263158,3.080663345707774,,,,,,,,,,,,,,,,,,,,10.439083333333333,11.35376,2.8,0.65,2.092827763747631,,0,0,,0,0,0,0,0,,,,False,False,False,False,False
2026-04-22,9.37,9.51,9.35,9.4,582442.63,-0.31813361611876534,1.7557672516449234,,,,,,,,,,,,,,,,,,,,10.419083333333333,11.341520000000001,2.8,0.6,2.0889451777094505,,0,0,,0,0,0,0,0,,,,True,False,False,False,False
2026-04-23,9.36,9.42,9.15,9.17,628164.32,-2.4468085106382986,1.8935948107160392,,,,,,,,,,,,,,,,,,,,10.396416666666669,11.32784,2.1666666666666665,0.55,2.0987387089327583,,0,0,,0,0,0,0,0,,,,False,False,False,False,False
2026-04-24,9.12,9.2,8.99,9.08,489039.5,-0.9814612868047967,1.4742044875060185,,,,,,,,,,,,,,,,,,,,10.372833333333334,11.31456,2.1666666666666665,0.55,2.086543590742387,,0,0,,0,0,0,0,0,,,,False,False,False,False,False
2026-04-27,8.51,9.0,8.36,8.9,1646404.79,-1.9823788546255439,4.962943327146339,,,,,,,,,,,,,,,,,,,,10.348333333333334,11.30124,2.1666666666666665,0.5,2.2754858935948383,,0,0,,0,0,0,0,0,,,,True,False,False,False,False
2026-04-28,8.86,8.87,8.6,8.65,711905.17,-2.8089887640449396,2.145975907305566,,,,,,,,,,,,,,,,,,,,10.321083333333332,11.28468,1.7142857142857142,0.45,2.30511322719863,,0,0,,0,0,0,0,0,,,,False,False,False,False,False
2026-04-29,8.64,8.85,8.61,8.73,527097.29,0.9248554913294793,1.5888887071097617,,,,,,,,,,,,,,,,,,,,10.2945,11.27044,1.7142857142857142,0.5,2.3219808571460225,,0,0,,0,0,0,0,0,,,,True,False,False,False,False
2026-04-30,8.72,8.76,8.62,8.71,421977.23,-0.22909507445589838,1.2720134747884182,,,,,,,,,,,,,,,,,,,,10.264333333333333,11.25804,1.375,0.45,2.3010638804774297,,0,0,,0,0,0,0,0,,,,False,False,False,False,False
2026-05-06,8.78,8.93,8.78,8.78,615175.68,0.8036739380022695,1.8543933148291627,,,,,,,,,,,,,,,,,,,,10.234166666666665,11.2448,1.5714285714285714,0.5,2.2671785732101473,,0,0,,0,0,0,0,0,,,,False,False,False,False,False
2026-05-07,8.82,9.0,8.81,8.99,693481.84,2.3917995444191487,2.0904403894045793,,,,,,,,,,,,,,,,,,,,10.205416666666668,11.233199999999998,2.0,0.55,2.304528969584028,,0,0,,0,0,0,0,0,,,,True,False,False,False,False
2026-05-08,8.93,9.03,8.89,8.96,509422.44,-0.33370411568408587,1.5356094167441083,,,,,,,,,,,,,,,,,,,,10.174416666666668,11.22132,2.0,0.5,2.330280051924265,,0,0,,0,0,0,0,0,,,,True,False,False,False,False
2026-05-11,9.0,9.09,8.98,9.0,618297.32,0.44642857142855874,1.8638032257464854,,,,,,,,,,,,,,,,,,,,10.145083333333334,11.211,1.8333333333333333,0.5,2.308194665805682,,0,0,,0,0,0,0,0,,,,False,False,False,False,False
2026-05-12,9.0,9.0,8.75,8.78,635753.76,-2.444444444444449,1.9164241382583653,,,,,,,,,,,,,,,,,,,,10.115916666666667,11.20096,1.4285714285714286,0.5,2.3217544095166565,,0,0,,0,0,0,0,0,,,,False,False,False,False,False
2026-05-13,8.78,9.16,8.69,9.13,955385.87,3.9863325740319144,2.8799271947978236,,,,,,,,,,,,,,,,,,,,10.088333333333333,11.19336,1.4285714285714286,0.5,2.1854131856336525,,0,0,,0,0,0,0,0,,,,True,False,True,False,False
2026-05-14,9.2,9.25,8.88,8.88,643319.78,-2.7382256297918905,1.9392312442022541,,,,,,,,,,,,,,,,,,,,10.061166666666667,11.184439999999999,1.125,0.45,2.122906048850653,,0,0,,0,0,0,0,0,,,,False,False,False,False,False
2026-05-15,8.91,9.05,8.68,8.75,693164.22,-1.4639639639639768,2.0894829516777564,,,,,,,,,,,,,,,,,,,,10.033666666666667,11.174359999999998,1.0,0.4,2.11581400259928,,0,0,,0,0,0,0,0,,,,False,False,False,False,False
2026-05-18,8.68,8.94,8.56,8.86,563278.54,1.2571428571428456,1.6979539226302496,,,,,,,,,,,,,,,,,,,,10.006083333333333,11.162279999999999,1.25,0.45,2.080309657554891,,0,0,,0,0,0,0,0,,,,True,False,False,False,False
2026-05-19,8.84,8.94,8.71,8.91,508963.82,0.5643340857787837,1.5342269468421008,,,,,,,,,,,,,,,,,,,,9.978416666666668,11.15,1.25,0.45,2.072373618392755,,0,0,,0,0,0,0,0,,,,True,False,False,False,False
2026-05-20,8.88,8.91,8.6,8.62,639777.39,-3.2547699214365955,1.9285530191877058,,,,,,,,,,,,,,,,,,,,9.949333333333334,11.13632,1.0,0.4,2.0870225721381526,,0,0,,0,0,0,0,0,,,,False,False,False,False,False
2026-05-21,8.75,9.05,8.61,8.64,1106261.72,0.23201856148493682,3.33472925655873,,,,,,,,,,,,,,,,,,,,9.922500000000001,11.123520000000001,0.8,0.4,2.141941316640208,,0,0,,0,0,0,0,0,,,,False,False,False,False,False
2026-05-22,8.75,8.93,8.45,8.89,1022572.37,2.893518518518512,3.0824550262731667,,,,,,,,,,,,,,,,,,,,9.8995,11.11084,1.0,0.45,2.1420309006684777,,0,0,,0,0,0,0,0,,,,True,False,False,False,False
2026-05-25,8.85,9.45,8.8,9.24,1677628.19,3.937007874015741,5.057063537207694,,,,,,,,,,,,,,,,,,,,9.879333333333333,11.09988,1.0,0.5,2.307095714946616,,0,0,,0,0,0,0,0,,,,True,False,True,False,False
2026-05-26,9.18,9.4,9.09,9.27,1246285.86,0.32467532467532756,3.7568197870730424,,,,,,,,,,,,,,,,,,,,9.863083333333334,11.089120000000001,1.25,0.55,2.4002569637644666,,0,0,,0,0,0,0,0,,,,True,False,False,False,False
2026-05-27,9.21,9.49,9.16,9.37,1502309.86,1.0787486515641875,4.528581756004944,,,,,,,,,,,,,,,,,,,,9.846,11.07976,1.5714285714285714,0.6,2.5529758271894125,,0,0,,0,0,0,0,0,,,,True,False,False,False,False
2026-05-28,9.38,9.72,9.28,9.62,2014252.15,2.6680896478121774,6.071787040313863,,,,,,,,,,,,,,,,,,,,9.831333333333333,11.070519999999998,1.5714285714285714,0.65,2.608418012847789,,0,0,,0,0,0,0,0,,,,True,False,True,True,True
2026-05-29,9.51,9.57,8.96,8.96,1595134.52,-6.860706860706845,4.808393579767694,,,,,,,,,,,,,,,,,,,,9.810666666666666,11.057799999999999,1.5714285714285714,0.65,2.741538896470895,,0,0,,0,0,0,0,0,,,,False,False,False,False,False
2026-06-01,8.96,9.85,8.92,9.5,2366427.87,6.026785714285698,7.133389964560067,,,,,,,,,,,,,,,,,,,,9.796,11.042399999999999,1.5714285714285714,0.65,3.018763959343411,,0,0,,0,0,0,0,0,,,,True,False,False,False,False
2026-06-02,9.41,9.66,9.24,9.52,1862024.72,0.21052631578946102,5.6129107587846185,,,,,,,,,,,,,,,,,,,,9.781333333333333,11.02908,2.0,0.7,3.2358088235432207,,0,0,,0,0,0,0,0,,,,True,False,False,False,False
2026-06-03,9.52,9.97,9.46,9.82,2288240.01,3.1512605042016917,6.89724396113784,,,,,,,,,,,,,,,,,,,,9.76675,11.01796,2.1666666666666665,0.7,3.4879513558586543,,0,0,,0,0,0,0,0,,,,True,False,False,False,True
2026-06-04,9.66,10.22,9.63,10.05,2484886.68,2.3421588594704668,7.489979011310906,,,,,,,,,,,,,,,,,,,,9.755500000000001,11.00928,2.1666666666666665,0.7,3.757928286953971,,0,0,,0,0,0,0,0,,,,True,False,True,True,True
2026-06-05,9.95,10.19,9.76,9.86,2099321.35,-1.8905472636816079,6.3278027831421575,,,,,,,,,,,,,,,,,,,,9.745,10.999319999999999,1.7142857142857142,0.7,3.997537955273873,,0,0,,0,0,0,0,0,,,,False,False,False,False,False
2026-06-08,9.4,9.8,9.15,9.24,1710270.0,-6.288032454361048,5.155118946379762,,,,,,,,,,,,,,,,,,,,9.729166666666666,10.98724,1.5,0.65,4.162103741305538,,0,0,,0,0,0,0,0,,,,False,False,False,False,False
2026-06-09,9.36,9.62,9.11,9.54,1372125.02,3.246753246753231,4.135877778013827,,,,,,,,,,,,,,,,,,,,9.7155,10.97792,1.8571428571428572,0.7,4.27307642329331,,0,0,,0,0,0,0,0,,,,True,False,False,False,False
2026-06-10,9.41,9.42,8.94,8.96,1481498.57,-6.079664570230592,4.465553010484615,,,,,,,,,,,,,,,,,,,,9.697083333333332,10.965399999999999,1.5,0.65,4.35235771407765,,0,0,,0,0,0,0,0,,,,False,False,False,False,False
2026-06-11,8.8,8.94,8.52,8.67,987311.34,-3.236607142857151,2.9759671834327857,,,,,,,,,,,,,,,,,,,,9.6775,10.95308,1.5,0.65,4.404194511039176,,0,0,,0,0,0,0,0,,,,False,False,False,False,False
2026-06-12,8.81,9.05,8.68,8.7,816696.8,0.34602076124565784,2.461698531300743,,,,,,,,,,,,,,,,,,,,9.658916666666666,10.94068,1.5,0.7,4.422805290020325,,0,0,,0,0,0,0,0,,,,False,False,False,False,False
2026-06-15,8.79,8.97,8.79,8.93,738048.42,2.643678160919549,2.224635521460148,,,,,,,,,,,,,,,,,,,,9.64475,10.92856,1.5,0.7,4.449139369961821,,0,0,,0,0,0,0,0,,,,True,False,False,False,False
2026-06-16,8.89,9.63,8.7,9.36,1703552.12,4.815229563269874,5.134869821699152,,,,,,,,,,,,,,,,,,,,9.635,10.917879999999998,1.5,0.7,4.629171513704674,,0,0,,0,0,0,0,0,,,,True,False,False,False,False
2026-06-17,9.28,9.74,9.26,9.62,1553286.61,2.777777777777768,4.681937490787414,,,,,,,,,,,,,,,,,,,,9.628666666666668,10.9086,1.8571428571428572,0.75,4.766840737284658,,0,0,,0,0,0,0,0,,,,True,False,False,False,False
2026-06-18,9.51,9.55,9.28,9.3,1104833.88,-3.3264033264033155,3.3302052116860286,,,,,,,,,,,,,,,,,,,,9.61825,10.89648,1.8571428571428572,0.7,4.766614535041024,,0,0,,0,0,0,0,0,,,,False,False,False,False,False
2026-06-22,9.25,9.45,8.99,9.19,1151815.19,-1.1827956989247435,3.4718169111877097,,,,,,,,,,,,,,,,,,,,9.607583333333334,10.8846,1.5,0.65,4.786082629286751,,0,0,,0,0,0,0,0,,,,False,False,False,False,False
2026-06-23,9.17,9.38,9.0,9.05,957677.78,-1.5233949945592906,2.8866453064164777,,,,,,,,,,,,,,,,,,,,9.59625,10.87192,1.2222222222222223,0.6,4.67756171774719,,0,0,,0,0,0,0,0,,,,False,False,False,False,False
2026-06-24,9.07,9.38,8.88,9.18,997241.95,1.4364640883977708,3.0059001622958355,,,,,,,,,,,,,,,,,,,,9.584499999999998,10.86036,1.2222222222222223,0.6,4.64001573650833,,0,0,,0,0,0,0,0,,,,True,False,False,False,False
2026-06-25,9.1,9.2,8.7,8.75,1224645.94,-4.684095860566451,3.691344342063564,,,,,,,,,,,,,,,,,,,,9.568499999999998,10.848120000000002,1.0,0.55,4.598153865811261,,0,0,,0,0,0,0,0,,,,False,False,False,False,False
2026-06-26,8.7,9.6,8.55,9.52,2654660.02,8.799999999999986,8.001712107035074,,,,,,,,,,,,,,,,,,,,9.560750000000002,10.838880000000001,1.0,0.55,4.6946501191473216,,0,0,,0,0,0,0,0,,,,True,False,False,False,False
2026-06-29,9.35,9.51,8.86,8.93,1859678.66,-6.197478991596639,5.605468548442133,,,,,,,,,,,,,,,,,,,,9.54675,10.82736,1.0,0.55,4.734503867581043,,0,0,,0,0,0,0,0,,,,False,False,False,False,False
2026-06-30,8.94,9.65,8.89,9.46,1923936.73,5.935050391937313,5.799156091411837,,,,,,,,,,,,,,,,,,,,9.536499999999998,10.817879999999999,1.0,0.55,4.667792173923631,,0,0,,0,0,0,0,0,,,,True,False,False,False,False
2026-07-01,9.5,9.62,9.32,9.5,1440726.7,0.42283298097249844,4.342657888944547,,,,,,,,,,,,,,,,,,,,9.526916666666667,10.8098,0.9,0.55,4.6042795304316275,,0,0,,0,0,0,0,0,,,,False,False,False,False,False
2026-07-02,9.4,10.1,9.25,9.47,2108569.46,-0.3157894736842026,6.3556785612819855,,,,,,,,,,,,,,,,,,,,9.517416666666666,10.80204,0.9,0.5,4.5772012604388355,,0,0,,0,0,0,0,0,,,,True,False,False,False,False
2026-07-03,9.39,9.45,9.13,9.26,1365022.98,-2.2175290390707536,4.114470713069727,,,,,,,,,,,,,,,,,,,,9.506166666666667,10.79312,0.7272727272727273,0.45,4.408425845526776,,0,0,,0,0,0,0,0,,,,False,False,False,False,False
2026-07-06,9.26,9.26,8.97,9.05,970926.16,-2.2678185745140245,2.9265787524494655,,,,,,,,,,,,,,,,,,,,9.493083333333333,10.782320000000002,0.7272727272727273,0.45,4.238364643992142,,0,0,,0,0,0,0,0,,,,False,False,False,False,False
2026-07-07,9.0,9.3,8.99,9.09,804254.01,0.44198895027622864,2.4241933055324,,,,,,,,,,,,,,,,,,,,9.478833333333334,10.771199999999999,0.9,0.5,4.101818361949773,,0,0,,0,0,0,0,0,,,,True,False,False,False,False
2026-07-08,8.71,9.09,8.67,8.78,1080214.95,-3.4103410341034146,3.255998500182817,,,,,,,,,,,,,,,,,,,,9.459750000000001,10.75952,0.9,0.45,4.057824398058223,,0,0,,0,0,0,0,0,,,,True,False,False,False,False
2026-07-09,8.81,9.66,8.79,9.51,2672703.33,8.314350797266524,8.05609849587216,,,,,,,,,,,,,,,,,,,,9.448333333333332,10.75024,1.1111111111111112,0.5,4.2373516723276,,0,0,,0,0,0,0,0,,,,True,False,False,False,False
2026-07-10,9.5,9.99,9.25,9.47,3386534.45,-0.4206098843322681,10.207737904402677,,,,,,,,,,,,,,,,,,,,9.435916666666667,10.740720000000001,1.1111111111111112,0.5,4.598940208376095,,0,0,,0,0,0,0,0,,,,False,False,False,False,False
2026-07-13,9.3,9.53,8.77,8.79,2519839.96,-7.180570221752925,7.59533566024126,,,,,,,,,,,,,,,,,,,,9.417250000000001,10.72884,1.1111111111111112,0.45,4.855622064823121,,0,0,,0,0,0,0,0,,,,False,False,False,False,False
2026-07-14,8.79,9.1,8.67,8.91,1490171.24,1.3651877133106005,4.491694289600018,,,,,,,,,,,,,,,,,,,,9.396166666666666,10.71868,1.1111111111111112,0.45,4.968975003230114,,0,0,,0,0,0,0,0,,,,True,False,False,False,False
2026-07-15,8.83,8.88,8.4,8.57,1798014.26,-3.8159371492704763,5.4195988806369675,,,,,,,,,,,,,,,,,,,,9.375750000000002,10.70672,0.9,0.4,4.9832114561770045,,0,0,,0,0,0,0,0,,,,False,False,False,False,False
2026-07-16,8.4,8.45,7.95,8.01,1643459.65,-6.534422403733964,4.9537382865428565,,,,,,,,,,,,,,,,,,,,9.350083333333334,10.693119999999999,0.7272727272727273,0.35,4.996801495964777,,0,0,,0,0,0,0,0,,,,False,False,False,False,False
2026-07-17,8.0,8.01,7.58,7.58,1181146.39,-5.368289637952561,3.5602274106059624,,,,,,,,,,,,,,,,,,,,9.321,10.678120000000002,0.7272727272727273,0.35,5.008302605910774,,0,0,,0,0,0,0,0,,,,False,False,False,False,False
2026-07-20,7.57,7.67,6.82,7.0,1576142.0,-7.6517,,,,,,,,,,,,,,,,,,,,,9.287666666666667,10.660160000000001,0.7272727272727273,0.35,,,0,0,,0,0,0,0,0,,,,False,False,False,False,False
2026-07-21,7.01,7.24,6.91,7.15,1245172.0,2.1429,,,,,,,,,,,,,,,,,,,,,9.256833333333335,10.64324,0.9,0.4,,,0,0,,0,0,0,0,0,,,,True,False,False,False,False
2026-07-22,7.07,7.14,6.82,6.83,1358818.0,-4.4755,,,,,,,,,,,,,,,,,,,,,9.225333333333333,10.62508,0.7272727272727273,0.35,,,0,0,,0,0,0,0,0,,,,False,False,False,False,False
2026-07-23,6.78,6.87,6.68,6.84,830544.0,0.1464,,,,,,,,,,,,,,,,,,,,,9.194083333333333,10.60672,0.9,0.4,,,0,0,,0,0,0,0,0,,,,True,False,False,False,False
2026-07-24,6.73,6.8,6.63,6.67,687897.0,-2.4854,,,,,,,,,,,,,,,,,,,,,9.161333333333333,10.58792,0.7272727272727273,0.35,,,0,0,,0,0,0,0,0,,,,False,False,False,False,False
2026-07-27,6.63,6.85,6.61,6.84,642536.0,2.5487,,,,,,,,,,,,,,,,,,,,,9.127916666666666,10.570800000000002,0.9,0.4,,,0,0,,0,0,0,0,0,,,,True,False,False,False,False
2026-07-28,6.76,6.9,6.75,6.83,600317.0,-0.1462,,,,,,,,,,,,,,,,,,,,,9.097416666666668,10.553040000000001,0.9,0.35,,,0,0,,0,0,0,0,0,,,,True,False,False,False,False
2026-07-29,6.82,7.08,6.79,7.05,917241.0,3.2211,,,,,,,,,,,,,,,,,,,,,9.0695,10.535279999999998,1.0,0.35,,,0,0,,0,0,0,0,0,,,,True,False,False,False,False
2026-07-30,7.0,7.15,6.95,7.03,746055.0,-0.2837,,,,,,,,,,,,,,,,,,,,,9.044083333333333,10.51764,1.0,0.35,,,0,0,,0,0,0,0,0,,,,True,False,False,False,False
2026-07-31,7.17,7.29,7.1,7.22,974249.0,2.7027,,,,,,,,,,,,,,,,,,,,,9.021166666666666,10.500599999999999,1.2222222222222223,0.4,,,0,0,,0,0,0,0,0,,,,True,False,True,False,False
2026-08-03,7.21,7.4,7.16,7.35,779639.0,1.8006,,,,,,,,,,,,,,,,,,,,,9.001083333333332,10.4844,1.5,0.45,,,0,0,,0,0,0,0,0,,,,True,False,True,False,False
2026-08-04,7.36,7.83,7.32,7.73,1462178.0,5.1701,,,,,,,,,,,,,,,,,,,,,8.985333333333333,10.470120000000001,1.5,0.45,,,0,0,,0,0,0,0,0,,,,True,False,True,True,False
2026-08-05,7.68,8.1,7.65,7.87,1285290.0,1.8111,,,,,,,,,,,,,,,,,,,,,8.96925,10.455720000000001,1.5,0.5,,,0,0,,0,0,0,0,0,,,,True,False,True,True,False
2026-08-06,7.8,8.04,7.67,7.99,1375338.0,1.5248,,,,,,,,,,,,,,,,,,,,,8.95325,10.44176,1.5,0.5,,,0,0,,0,0,0,0,0,,,,True,False,False,False,False
2026-08-07,7.99,8.05,7.58,7.62,1553978.0,-4.6308,,,,,,,,,,,,,,,,,,,,,8.935166666666667,10.42608,1.5,0.5,,,0,0,,0,0,0,0,0,,,,False,False,False,False,False
2026-08-10,7.61,7.62,7.33,7.4,1110428.0,-2.8871,,,,,,,,,,,,,,,,,,,,,8.915750000000001,10.4096,1.5,0.5,,,0,0,,0,0,0,0,0,,,,False,False,False,False,False
2026-08-11,7.31,7.35,7.06,7.26,1216419.0,-1.8919,,,,,,,,,,,,,,,,,,,,,8.893916666666666,10.393,1.2222222222222223,0.45,,,0,0,,0,0,0,0,0,,,,False,False,False,False,False
2026-08-12,7.27,7.57,7.27,7.41,966157.0,2.0661,,,,,,,,,,,,,,,,,,,,,8.872499999999999,10.377559999999999,1.5,0.5,,,0,0,,0,0,0,0,0,,,,True,False,False,False,False
2026-08-13,7.48,7.49,7.27,7.34,776130.0,-0.9447,,,,,,,,,,,,,,,,,,,,,8.851083333333333,10.36184,1.5,0.5,,,0,0,,0,0,0,0,0,,,,False,False,False,False,False
2026-08-14,7.36,7.4,7.21,7.27,580554.0,-0.9537,,,,,,,,,,,,,,,,,,,,,8.829749999999999,10.3446,1.5,0.5,,,0,0,,0,0,0,0,0,,,,False,False,False,False,False
2026-08-17,7.26,7.27,7.11,7.2,804332.0,-0.9629,,,,,,,,,,,,,,,,,,,,,8.808083333333334,10.3272,1.5,0.5,,,0,0,,0,0,0,0,0,,,,False,False,False,False,False
2026-08-18,7.18,7.2,7.04,7.13,830577.0,-0.9722,,,,,,,,,,,,,,,,,,,,,8.785416666666666,10.3092,1.2222222222222223,0.45,,,0,0,,0,0,0,0,0,,,,False,False,False,False,False
2026-08-19,7.06,7.11,6.73,6.75,1109851.0,-5.3296,,,,,,,,,,,,,,,,,,,,,8.759166666666665,10.28948,1.2222222222222223,0.45,,,0,0,,0,0,0,0,0,,,,False,False,False,False,False
2026-08-20,6.83,6.93,6.79,6.83,637630.0,1.1852,,,,,,,,,,,,,,,,,,,,,8.734583333333331,10.27084,1.1111111111111112,0.45,,,0,0,,0,0,0,0,0,,,,False,False,False,False,False
2026-08-21,6.77,7.14,6.73,7.09,978560.0,3.8067,,,,,,,,,,,,,,,,,,,,,8.71175,10.25208,1.375,0.5,,,0,0,,0,0,0,0,0,,,,True,False,False,False,False
2026-08-24,7.04,7.07,6.9,6.94,578805.0,-2.1157,,6.948,7.122,7.2655,7.323666666666667,8.296333333333333,8.5892,9.577,40.0809532123834,-0.275484476012247,-0.2828244948335826,827084.6,847901.5,39.32498601476702,23.78278243730841,23.02474362180573,25.298860068313765,7.944802273621543,7.2655,6.586197726378457,8.691,10.232880000000002,1.1111111111111112,0.45,,0.6998135378170505,0,0,-0.1634858772951906,0,0,1,0,0,0.2604159351148113,0.18699395048421802,39.32498601476702,False,False,False,False,False
2026-08-25,6.9,7.19,6.85,7.16,781682.0,3.17,,6.954000000000001,7.112,7.282000000000001,7.265333333333333,8.257333333333333,8.574399999999999,9.553199999999999,44.93143743626304,-0.25343850689286285,-0.27694729724543865,817305.6,804427.8,51.809911239763466,34.71483741434594,26.921441552652468,50.3016291377329,7.932169208744947,7.282000000000001,6.631830791255055,8.675749999999999,10.214319999999999,1.1111111111111112,0.5,,0.9564133660652759,0,0,-0.1328919748102696,0,0,1,0,0,0.40617826993414263,0.1785688571120422,51.809911239763466,True,True,False,False,False
2026-08-26,7.11,7.26,7.09,7.18,600578.0,0.2793,,7.040000000000001,7.089,7.288500000000001,7.219,8.218333333333332,8.5579,9.52745,45.36443716089751,-0.2316823942563886,-0.26789431664762864,715451.0,767869.9,52.86790085282993,45.5312846443898,33.12472258323158,70.34440876670622,7.931462714806706,7.288500000000001,6.645537285193296,8.6615,10.1954,1.1111111111111112,0.5,,0.8394397380114081,0,0,-0.12634354086392197,0,0,1,0,0,0.41562496743483823,0.17643210943450782,52.86790085282993,True,True,False,False,False
2026-08-27,7.18,7.63,7.14,7.58,1668049.0,5.571,,7.19,7.1129999999999995,7.316,7.204666666666666,8.181000000000001,8.5457,9.503350000000001,53.27718863812529,-0.18008791974910743,-0.2503330372679244,921534.8,857061.8,69.13232860716768,61.83567124440802,42.695038803623724,100.11693612597661,7.9594577645322735,7.316,6.672542235467726,8.643166666666666,10.178,1.1111111111111112,0.55,,1.8100770584030033,0,0,-0.07346290184574022,0,0,1,0,0,0.7051416693929403,0.17590425492954448,69.13232860716768,True,True,True,True,False
2026-08-28,7.52,7.89,7.48,7.61,1521034.0,0.3958,,7.294,7.147,7.335500000000001,7.2056666666666676,8.140333333333333,8.5363,9.4792,53.817415634766895,-0.13521945203258579,-0.22731032022085668,1030029.6,951109.8,70.0621200753328,66.51113715144444,50.633738252897295,98.26593494853874,7.990247038336605,7.335500000000001,6.680752961663396,8.627083333333333,10.159199999999998,1.1111111111111112,0.55,,1.4766896019298863,0,0,-0.06514884730355008,0,0,1,0,0,0.7096229413250738,0.17851463113260296,70.0621200753328,True,True,False,False,False
2026-08-31,7.5,7.74,7.37,7.71,1029265.0,1.3141,,7.448,7.198,7.3534999999999995,7.229333333333333,8.1045,8.526900000000001,9.45435,55.65787912472195,-0.09054792374149301,-0.19995784092498395,1120121.6,973603.1,73.28137775017998,72.50167764119286,57.92305138232915,101.65893015892027,8.029378375854263,7.3534999999999995,6.677621624145736,8.612333333333334,10.13956,1.1111111111111112,0.55,,0.9188868422856946,0,0,-0.048676661114195774,0,0,1,0,0,0.763730881720701,0.18382494753634684,73.28137775017998,True,True,False,False,False
2026-09-01,7.7,8.07,7.68,7.99,1534911.0,3.6316,,7.614,7.284000000000001,7.3665,7.257333333333333,8.083666666666668,8.5165,9.4317,60.41478635890241,-0.032180795607541945,-0.16640243186149556,1270767.4,1044036.5,80.37278773198011,79.67773534288479,65.17461270251437,108.68398062362564,8.08172613280882,7.3665,6.65127386719118,8.599,10.118720000000001,1.1111111111111112,0.55,,1.2078614859021408,0,0,-0.011587151045317823,0,0,1,0,0,0.9358761316168673,0.19418343387193915,80.37278773198011,True,True,True,True,False
2026-09-02,7.9,7.95,7.68,7.71,911797.0,-3.5044,,7.720000000000001,7.380000000000001,7.358500000000001,7.286666666666666,8.053166666666666,8.503599999999999,9.40885,54.157945809923554,-0.008421013786270137,-0.13480614824645049,1333011.2,1024231.1,60.95807311921068,77.49659968132616,69.28194169545162,93.92591565307524,8.053300993848355,7.358500000000001,6.6636990061516475,8.58375,10.09876,0.9,0.5,,0.6840130075426223,1,0,-0.04261263685092809,0,0,1,0,0,0.7529501275272475,0.18884310493941797,60.95807311921068,False,False,False,False,False
2026-09-03,7.8,7.8,7.52,7.65,711225.0,-0.7782,,7.734,7.462000000000001,7.341500000000001,7.313666666666667,8.031333333333333,8.486600000000001,9.3849,52.8938075476522,0.005503841074114391,-0.1067441503823375,1141646.4,1031590.6,57.39310102321441,73.52232328481854,70.6954022252406,79.17616540397444,7.986065132881345,7.341500000000001,6.696934867118657,8.565916666666665,10.076559999999999,0.7272727272727273,0.45,,0.6229818619845865,1,1,-0.04748070058935816,0,0,0,0,0,0.7393086317133991,0.17559494187328042,57.39310102321441,False,False,False,False,False
2026-09-04,7.68,7.77,7.47,7.51,723025.0,-1.8301,,7.714,7.5040000000000004,7.336,7.341666666666667,8.011999999999999,8.4676,9.36175,49.96328640637455,0.005182814641947253,-0.08435875737748055,982044.6,1006037.1,49.317354044120556,67.04766907512493,69.47949117520204,62.1840248749707,7.972384524605936,7.336,6.699615475394064,8.547833333333333,10.05328,0.7272727272727273,0.45,,0.7362445656745121,1,1,-0.06265601597603587,0,0,0,0,0,0.6367097982998128,0.17349632622844494,49.317354044120556,False,False,False,False,False
