date,open,high,low,close,volume,change_rate,turnover,MA5,MA10,MA20,MA30,MA60,MA100,MA200,RSI14,DIF,DEA,VOL_MA5,VOL_MA10,RSI6,K,D,J,BOLL_UPPER,BOLL_MIDDLE,BOLL_LOWER,MA120,MA250,updown_ratio_20,up_days_ratio_20,turnover_ma20,vol_ratio,ma_bull,dif_above_zero,bias60,macd_gold,macd_gold3,dif_below0,kdj_gold,kdj_gold3,boll_pos,boll_width,rsi6,is_yang,above_ma5,break_high5,break_high10,break_close40
2024-08-14,7.94,8.0,7.71,7.71,128406.0,-2.405063291139242,0.7186100753455213,,,,,,,,,,,,,,,,,,,,,,,,,,0,0,,0,0,0,0,0,,,,False,False,False,False,False
2024-08-15,7.68,7.83,7.62,7.71,135876.0,0.0,0.7604151098675145,,,,,,,,,,,,,,,,,,,,,,,,,,0,0,,0,0,0,0,0,,,,True,False,False,False,False
2024-08-16,7.71,7.73,7.5,7.51,158230.0,-2.5940337224383936,0.8855168155843329,,,,,,,,,,,,,,,,,,,,,,,,,,0,0,,0,0,0,0,0,,,,False,False,False,False,False
2024-08-19,7.48,7.55,7.28,7.3,169400.13,-2.79627163781625,0.9480292212423183,,,,,,,,,,,,,,,,,,,,,,,,,,0,0,,0,0,0,0,0,,,,False,False,False,False,False
2024-08-20,7.36,7.39,7.03,7.16,175062.0,-1.9178082191780743,0.9797152548178253,,,,,,,,,,,,,,,,,,,,,,,,,,0,0,,0,0,0,0,0,,,,False,False,False,False,False
2024-08-21,7.11,7.2,7.05,7.17,104755.0,0.13966480446927498,0.586249851586531,,,,,,,,,,,,,,,,,,,,,,,,,,0,0,,0,0,0,0,0,,,,True,False,False,False,False
2024-08-22,7.29,7.33,7.02,7.05,148296.9,-1.673640167364021,0.8299273124504092,,,,,,,,,,,,,,,,,,,,,,,,,,0,0,,0,0,0,0,0,,,,False,False,False,False,False
2024-08-23,6.98,7.07,6.81,6.86,169601.4,-2.6950354609929006,0.9491556066905434,,,,,,,,,,,,,,,,,,,,,,,,,,0,0,,0,0,0,0,0,,,,False,False,False,False,False
2024-08-26,6.86,7.06,6.86,6.9,164246.17,0.5830903790087438,0.9191856501947987,,,,,,,,,,,,,,,,,,,,,,,,,,0,0,,0,0,0,0,0,,,,True,False,False,False,False
2024-08-27,6.84,6.85,6.53,6.58,286089.0,-4.637681159420293,1.6010656655103723,,,,,,,,,,,,,,,,,,,,,,,,,,0,0,,0,0,0,0,0,,,,False,False,False,False,False
2024-08-28,6.56,6.78,6.36,6.71,303206.9,1.9756838905774954,1.6968641126916342,,,,,,,,,,,,,,,,,,,,,,,,,,0,0,,0,0,0,0,0,,,,True,False,False,False,False
2024-08-29,6.66,7.15,6.62,6.97,370535.15,3.874813710879277,2.0736592687231443,,,,,,,,,,,,,,,,,,,,,,,,,,0,0,,0,0,0,0,0,,,,True,False,False,False,False
2024-08-30,6.88,7.27,6.78,7.15,303287.9,2.582496413199431,1.6973174202948846,,,,,,,,,,,,,,,,,,,,,,,,,,0,0,,0,0,0,0,0,,,,True,False,False,False,False
2024-09-02,7.15,7.17,6.85,6.87,198137.38,-3.9160839160839234,1.1088540844708519,,,,,,,,,,,,,,,,,,,,,,,,,,0,0,,0,0,0,0,0,,,,False,False,False,False,False
2024-09-03,6.87,7.1,6.86,7.06,161387.93,2.7656477438136706,0.9031898239736285,,,,,,,,,,,,,,,,,,,,,,,,,,0,0,,0,0,0,0,0,,,,True,False,False,False,False
2024-09-04,7.0,7.12,6.98,7.0,141148.78,-0.8498583569405027,0.7899236439942715,,,,,,,,,,,,,,,,,,,,,,,,,,0,0,,0,0,0,0,0,,,,False,False,False,False,False
2024-09-05,7.0,7.15,6.99,7.03,119750.07,0.4285714285714226,0.6701681138368258,,,,,,,,,,,,,,,,,,,,,,,,,,0,0,,0,0,0,0,0,,,,True,False,False,False,False
2024-09-06,7.02,7.04,6.85,6.86,113306.67,-2.4182076813655695,0.634108333456771,,,,,,,,,,,,,,,,,,,,,,,,,,0,0,,0,0,0,0,0,,,,False,False,False,False,False
2024-09-09,6.79,6.88,6.78,6.81,85416.67,-0.7288629737609464,0.4780250117943362,,,,,,,,,,,,,,,,,,,,,,,,,,0,0,,0,0,0,0,0,,,,True,False,False,False,False
2024-09-10,6.81,6.87,6.68,6.79,82180.76,-0.2936857562408135,0.4599155969000842,,,,,,,,,,,,,,,,,,,,,,0.9,0.35,0.9844947986713299,,0,0,,0,0,0,0,0,,,,False,False,False,False,False
2024-09-11,6.74,6.88,6.71,6.84,93183.35,0.7363770250368162,0.5214903833500623,,,,,,,,,,,,,,,,,,,,,,1.1111111111111112,0.4,0.9746388140715571,,0,0,,0,0,0,0,0,,,,True,False,False,False,False
2024-09-12,6.8,7.05,6.8,6.86,135821.66,0.29239766081872176,0.7601110020260252,,,,,,,,,,,,,,,,,,,,,,1.1111111111111112,0.45,0.9746236086794825,,0,0,,0,0,0,0,0,,,,True,False,False,False,False
2024-09-13,7.0,7.43,6.82,6.84,432097.44,-0.291545189504383,2.41818586292702,,,,,,,,,,,,,,,,,,,,,,1.1111111111111112,0.45,1.051257061046617,,0,0,,0,0,0,0,0,,,,False,False,False,False,False
2024-09-18,6.8,6.92,6.73,6.87,187629.24,0.43859649122808264,1.0500464331372594,,,,,,,,,,,,,,,,,,,,,,1.375,0.5,1.0563579216413639,,0,0,,0,0,0,0,0,,,,True,False,False,False,False
2024-09-19,6.95,7.01,6.81,6.88,192499.73,0.14556040756914523,1.0773035954651071,,,,,,,,,,,,,,,,,,,,,,1.375,0.55,1.061237338673728,,0,0,,0,0,0,0,0,,,,False,False,False,False,False
2024-09-20,6.85,6.91,6.63,6.74,199032.5,-2.034883720930225,1.1138635252340818,,,,,,,,,,,,,,,,,,,,,,1.1111111111111112,0.5,1.0876180223561058,,0,0,,0,0,0,0,0,,,,False,False,False,False,False
2024-09-23,6.68,6.77,6.64,6.68,91577.5,-0.8902077151335397,0.5125034202058665,,,,,,,,,,,,,,,,,,,,,,1.25,0.5,1.0717468277438784,,0,0,,0,0,0,0,0,,,,False,False,False,False,False
2024-09-24,6.7,7.05,6.69,7.05,341204.38,5.53892215568863,1.9095128360047189,,,,,,,,,,,,,,,,,,,,,,1.5714285714285714,0.55,1.1197646892095872,,0,0,,0,0,0,0,0,,,,True,False,False,False,False
2024-09-25,7.13,7.34,7.05,7.06,295630.12,0.14184397163119478,1.654461495627973,,,,,,,,,,,,,,,,,,,,,,1.25,0.55,1.156528481481246,,0,0,,0,0,0,0,0,,,,False,False,True,False,False
2024-09-26,7.05,7.36,7.0,7.36,245030.0,4.249291784702569,1.3712834817836637,,,,,,,,,,,,,,,,,,,,,,1.5714285714285714,0.6,1.1450393722949106,,0,0,,0,0,0,0,0,,,,True,False,True,False,False
2024-09-27,7.47,8.09,7.47,7.87,425537.25,6.929347826086962,2.3814724801397595,,,,,,,,,,,,,,,,,,,,,,1.5714285714285714,0.6,1.1792697906673166,,0,0,,0,0,0,0,0,,,,True,False,True,True,False
2024-09-30,8.19,8.65,8.13,8.65,539202.88,9.911054637865323,3.0175896938096516,,,,,,,,,,,,,,,,,,,,,,1.5714285714285714,0.6,1.2264663119216421,,0,0,,0,0,0,0,0,,,,True,False,True,True,False
2024-10-08,9.52,9.52,8.78,9.09,717844.83,5.086705202312136,4.01733974559361,,,,,,,,,,,,,,,,,,,,,,1.25,0.6,1.3424674281865783,,0,0,,0,0,0,0,0,,,,False,False,True,True,False
2024-10-09,8.97,8.97,8.47,8.56,558973.99,-5.830583058305827,3.1282365393368434,,,,,,,,,,,,,,,,,,,,,,1.25,0.6,1.4434365509298779,,0,0,,0,0,0,0,0,,,,False,False,False,False,False
2024-10-10,8.54,8.95,8.53,8.69,453571.78,1.5186915887850372,2.5383646480725375,,,,,,,,,,,,,,,,,,,,,,1.25,0.6,1.5251952921348235,,0,0,,0,0,0,0,0,,,,True,False,False,False,False
2024-10-11,8.56,8.56,8.1,8.22,271863.19,-5.408515535097802,1.5214524823573181,,,,,,,,,,,,,,,,,,,,,,1.1111111111111112,0.6,1.5617717340529755,,0,0,,0,0,0,0,0,,,,False,False,False,False,False
2024-10-14,8.27,8.4,8.06,8.34,226253.84,1.4598540145985384,1.2662047646497325,,,,,,,,,,,,,,,,,,,,,,1.1111111111111112,0.6,1.591573566593621,,0,0,,0,0,0,0,0,,,,True,False,False,False,False
2024-10-15,8.25,8.31,8.0,8.01,249055.87,-3.9568345323740983,1.3938138210515427,,,,,,,,,,,,,,,,,,,,,,1.1111111111111112,0.6,1.6295588409733597,,0,0,,0,0,0,0,0,,,,False,False,False,False,False
2024-10-16,7.93,8.04,7.7,7.86,326387.75,-1.872659176029956,1.8265931936152144,,,,,,,,,,,,,,,,,,,,,,0.9,0.6,1.6969872500644037,,0,0,,0,0,0,0,0,,,,False,False,False,False,False
2024-10-17,7.9,8.01,7.69,7.71,194032.76,-1.9083969465648942,1.0858830294775905,,,,,,,,,,,,,,,,,,,,,,0.9,0.6,1.728285621693279,,0,0,,0,0,0,0,0,,,,False,False,False,False,False
2024-10-18,7.68,8.07,7.66,7.9,302037.33,2.4643320363164856,1.690318742648008,,,,,,,,,,,,,,,,,,,,,,0.9,0.6,1.7867270396581763,,0,0,,0,0,0,0,0,,,,True,False,False,False,False
2024-10-21,7.95,8.13,7.88,7.92,348810.96,0.25316455696202667,1.9520822254952546,,,,,,,,,,,,,,,,,,,,,,0.7272727272727273,0.6,1.8463256008316375,,0,0,,0,0,0,0,0,,,,False,False,False,False,False
2024-10-22,7.92,8.7,7.85,8.7,456112.35,9.84848484848484,2.5525826690304414,,,,,,,,,,,,,,,,,,,,,,0.9,0.65,1.8530454411368087,,0,0,,0,0,0,0,0,,,,True,False,True,False,False
2024-10-23,9.02,9.57,8.98,9.57,1480471.46,10.000000000000009,8.285295916214928,,,,,,,,,,,,,,,,,,,,,,0.9,0.65,2.214807915290692,,0,0,,0,0,0,0,0,,,,True,False,True,True,True
2024-10-24,9.27,9.32,8.94,9.11,1396077.34,-4.806687565308265,7.812993493182368,,,,,,,,,,,,,,,,,,,,,,0.9,0.6,2.5515924101765552,,0,0,,0,0,0,0,0,,,,False,False,False,False,False
2024-10-25,9.09,9.84,9.08,9.74,1183024.02,6.915477497255762,6.620663988814866,,,,,,,,,,,,,,,,,,,,,,1.1111111111111112,0.65,2.8269324333555947,,0,0,,0,0,0,0,0,,,,True,False,True,True,True
2024-10-28,9.57,9.84,9.27,9.55,975014.49,-1.9507186858316206,5.456561501190561,,,,,,,,,,,,,,,,,,,,,,1.0,0.65,3.074135337404829,,0,0,,0,0,0,0,0,,,,False,False,False,False,False
2024-10-29,9.46,9.49,8.98,8.99,683400.0,-5.863874345549746,3.824573037795191,,,,,,,,,,,,,,,,,,,,,,0.8181818181818182,0.6,3.1698883474943527,,0,0,,0,0,0,0,0,,,,False,False,False,False,False
2024-10-30,8.86,9.33,8.84,8.88,583312.64,-1.2235817575083408,3.2644451207918244,,,,,,,,,,,,,,,,,,,,,,1.0,0.55,3.250387528752545,,0,0,,0,0,0,0,0,,,,True,False,False,False,False
2024-10-31,9.13,9.24,8.95,9.13,559412.96,2.8153153153153143,3.130693186726953,,,,,,,,,,,,,,,,,,,,,,0.9,0.55,3.33835801399971,,0,0,,0,0,0,0,0,,,,False,False,False,False,False
2024-11-01,8.99,9.32,8.9,9.03,539580.84,-1.0952902519167695,3.019704905435881,,,,,,,,,,,,,,,,,,,,,,0.9,0.5,3.3702696352645156,,0,0,,0,0,0,0,0,,,,True,False,False,False,False
2024-11-04,9.09,9.65,9.09,9.46,638926.73,4.761904761904789,3.5756832670246532,,,,,,,,,,,,,,,,,,,,,,0.9,0.5,3.398174313925266,,0,0,,0,0,0,0,0,,,,True,False,False,False,False
2024-11-05,9.37,9.57,9.34,9.53,513719.38,0.7399577167018778,2.8749740850758885,,,,,,,,,,,,,,,,,,,,,,1.1111111111111112,0.5,3.34105603089938,,0,0,,0,0,0,0,0,,,,True,False,False,False,False
2024-11-06,9.52,10.05,9.45,9.77,742395.0,2.5183630640083887,4.154732075495992,,,,,,,,,,,,,,,,,,,,,,1.375,0.55,3.3923808077073376,,0,0,,0,0,0,0,0,,,,True,False,True,False,True
2024-11-07,9.56,9.82,9.47,9.72,478119.16,-0.5117707267144223,2.675741364046364,,,,,,,,,,,,,,,,,,,,,,1.375,0.5,3.399249643506029,,0,0,,0,0,0,0,0,,,,True,False,False,False,False
2024-11-08,9.76,9.92,9.43,9.45,513338.1,-2.77777777777779,2.872840293434316,,,,,,,,,,,,,,,,,,,,,,1.375,0.5,3.4668190340598786,,0,0,,0,0,0,0,0,,,,False,False,False,False,False
2024-11-11,9.35,9.57,9.32,9.57,400448.79,1.2698412698412875,2.24106766937622,,,,,,,,,,,,,,,,,,,,,,1.375,0.5,3.5155621792962024,,0,0,,0,0,0,0,0,,,,True,False,False,False,False
2024-11-12,9.57,9.68,9.19,9.28,426988.92,-3.0303030303030387,2.389596591848534,,,,,,,,,,,,,,,,,,,,,,1.375,0.5,3.5653513178360527,,0,0,,0,0,0,0,0,,,,False,False,False,False,False
2024-11-13,9.2,9.37,9.07,9.26,276002.49,-0.21551724137930384,1.544617620161453,,,,,,,,,,,,,,,,,,,,,,1.7142857142857142,0.5,3.5512525391633645,,0,0,,0,0,0,0,0,,,,True,False,False,False,False
2024-11-14,9.3,9.3,8.98,9.01,271804.76,-2.699784017278617,1.5211254852800598,,,,,,,,,,,,,,,,,,,,,,1.7142857142857142,0.5,3.5730146619534877,,0,0,,0,0,0,0,0,,,,False,False,False,False,False
2024-11-15,8.97,9.05,8.61,8.63,304045.38,-4.21753607103218,1.7015565739159983,,,,,,,,,,,,,,,,,,,,,,1.375,0.45,3.5735765535168875,,0,0,,0,0,0,0,0,,,,False,False,False,False,False
2024-11-18,8.63,9.16,8.52,8.62,454496.3,-0.11587485515645035,2.543538622706577,,,,,,,,,,,,,,,,,,,,,,1.375,0.4,3.603149373377453,,0,0,,0,0,0,0,0,,,,False,False,False,False,False
2024-11-19,8.66,8.78,8.44,8.7,269825.77,0.9280742459396807,1.5100502851102233,,,,,,,,,,,,,,,,,,,,,,1.375,0.4,3.551022754181443,,0,0,,0,0,0,0,0,,,,True,False,False,False,False
2024-11-20,8.66,9.05,8.63,8.82,345926.92,1.379310344827589,1.935942012407864,,,,,,,,,,,,,,,,,,,,,,1.375,0.4,3.2335550589910893,,0,0,,0,0,0,0,0,,,,True,False,False,False,False
2024-11-21,8.78,8.84,8.58,8.67,220321.03,-1.7006802721088454,1.2330024451233035,,,,,,,,,,,,,,,,,,,,,,1.375,0.4,2.904555506588136,,0,0,,0,0,0,0,0,,,,False,False,False,False,False
2024-11-22,8.67,8.93,8.3,8.3,372280.7,-4.2675893886966465,2.0834280475731934,,,,,,,,,,,,,,,,,,,,,,1.1111111111111112,0.35,2.6776937095260522,,0,0,,0,0,0,0,0,,,,False,False,False,False,False
2024-11-25,8.35,8.57,8.31,8.44,249892.49,1.6867469879517927,1.3984958729902026,,,,,,,,,,,,,,,,,,,,,,1.375,0.4,2.4747904281160347,,0,0,,0,0,0,0,0,,,,True,False,False,False,False
2024-11-26,8.43,8.71,8.43,8.55,310073.49,1.3033175355450455,1.7352922294250173,,,,,,,,,,,,,,,,,,,,,,1.7142857142857142,0.45,2.370326387697526,,0,0,,0,0,0,0,0,,,,True,False,False,False,False
2024-11-27,8.52,9.12,8.5,9.1,610607.69,6.432748538011679,3.417198870126433,,,,,,,,,,,,,,,,,,,,,,1.7142857142857142,0.5,2.3779640751642566,,0,0,,0,0,0,0,0,,,,True,False,True,False,False
2024-11-28,9.0,9.37,8.98,9.0,340968.83,-1.098901098901095,1.9081946063016857,,,,,,,,,,,,,,,,,,,,,,1.7142857142857142,0.45,2.316839146142993,,0,0,,0,0,0,0,0,,,,False,False,False,False,False
2024-11-29,8.97,9.24,8.9,9.15,339195.03,1.6666666666666607,1.8982677294295158,,,,,,,,,,,,,,,,,,,,,,1.7142857142857142,0.5,2.2607672873426745,,0,0,,0,0,0,0,0,,,,True,False,False,False,False
2024-12-02,9.2,9.42,9.15,9.35,316364.68,2.1857923497267784,1.7705001832582727,,,,,,,,,,,,,,,,,,,,,,1.7142857142857142,0.5,2.170508133154356,,0,0,,0,0,0,0,0,,,,True,False,False,False,False
2024-12-03,9.32,9.77,9.27,9.49,377846.85,1.497326203208571,2.114578394682242,,,,,,,,,,,,,,,,,,,,,,1.7142857142857142,0.5,2.1324883486346735,,0,0,,0,0,0,0,0,,,,True,False,True,True,False
2024-12-04,9.36,9.41,8.98,9.02,328935.0,-4.952581664910438,1.8408485984594107,,,,,,,,,,,,,,,,,,,,,,1.375,0.45,2.016794174782844,,0,0,,0,0,0,0,0,,,,False,False,False,False,False
2024-12-05,9.03,9.11,8.77,9.07,283849.6,0.5543237250554389,1.5885331093780362,,,,,,,,,,,,,,,,,,,,,,1.375,0.5,1.9624337620494277,,0,0,,0,0,0,0,0,,,,True,False,False,False,False
2024-12-06,9.07,9.11,8.89,9.05,201649.4,-0.22050716648290836,1.1285087186531717,,,,,,,,,,,,,,,,,,,,,,1.375,0.5,1.8752171833103706,,0,0,,0,0,0,0,0,,,,False,False,False,False,False
2024-12-09,9.04,9.05,8.91,8.98,187180.2,-0.7734806629834279,1.0475334300982024,,,,,,,,,,,,,,,,,,,,,,1.1111111111111112,0.45,1.8155404713464698,,0,0,,0,0,0,0,0,,,,False,False,False,False,False
2024-12-10,9.19,9.27,8.94,8.94,243911.6,-0.44543429844099425,1.3650244790247081,,,,,,,,,,,,,,,,,,,,,,1.1111111111111112,0.45,1.7643118657052785,,0,0,,0,0,0,0,0,,,,False,False,False,False,False
2024-12-11,8.94,9.04,8.91,8.93,168120.4,-0.11185682326622093,0.9408673528582714,,,,,,,,,,,,,,,,,,,,,,0.9,0.45,1.7341243523401197,,0,0,,0,0,0,0,0,,,,False,False,False,False,False
2024-12-12,8.92,9.04,8.84,8.97,201143.36,0.44792833146698463,1.1256767213747905,,,,,,,,,,,,,,,,,,,,,,1.1111111111111112,0.5,1.714351914144856,,0,0,,0,0,0,0,0,,,,True,False,False,False,False
2024-12-13,8.96,9.07,8.89,8.93,228238.07,-0.4459308807134965,1.2773092899040261,,,,,,,,,,,,,,,,,,,,,,1.1111111111111112,0.5,1.6931395499442572,,0,0,,0,0,0,0,0,,,,False,False,False,False,False
2024-12-16,8.95,9.17,8.75,8.79,283551.52,-1.5677491601343796,1.5868649373980743,,,,,,,,,,,,,,,,,,,,,,1.1111111111111112,0.5,1.6453058656788322,,0,0,,0,0,0,0,0,,,,False,False,False,False,False
2024-12-17,8.76,8.84,8.5,8.57,195637.05,-2.5028441410693825,1.0948612622531309,,,,,,,,,,,,,,,,,,,,,,0.9,0.45,1.6245464145359776,,0,0,,0,0,0,0,0,,,,False,False,False,False,False
2024-12-18,8.59,8.64,8.49,8.52,123099.1,-0.583430571761967,0.6889105923863829,,,,,,,,,,,,,,,,,,,,,,0.7272727272727273,0.4,1.5621948435349036,,0,0,,0,0,0,0,0,,,,False,False,False,False,False
2024-12-19,8.47,8.53,8.37,8.47,154790.6,-0.5868544600938885,0.8662685912556926,,,,,,,,,,,,,,,,,,,,,,0.8,0.4,1.543858150841523,,0,0,,0,0,0,0,0,,,,False,False,False,False,False
2024-12-20,8.79,9.02,8.5,8.67,309251.35,2.3612750885477984,1.7306912132159264,,,,,,,,,,,,,,,,,,,,,,0.8,0.45,1.5262213091236596,,0,0,,0,0,0,0,0,,,,False,False,False,False,False
2024-12-23,8.61,8.63,8.37,8.4,199105.74,-3.114186851211065,1.1142734048496628,,,,,,,,,,,,,,,,,,,,,,0.6363636363636364,0.4,1.5120101857166328,,0,0,,0,0,0,0,0,,,,False,False,False,False,False
2024-12-24,8.43,8.92,8.43,8.59,369377.04,2.261904761904754,2.067178033310793,,,,,,,,,,,,,,,,,,,,,,0.6363636363636364,0.4,1.5286044759109214,,0,0,,0,0,0,0,0,,,,True,False,False,False,False
2024-12-25,8.59,8.63,8.23,8.28,250285.59,-3.60884749708964,1.4006958139635086,,,,,,,,,,,,,,,,,,,,,,0.5,0.35,1.4277793231027753,,0,0,,0,0,0,0,0,,,,False,False,False,False,False
2024-12-26,8.25,8.29,8.03,8.05,328417.58,-2.777777777777757,1.8379529142609676,,,,,,,,,,,,,,,,,,,,,,0.46153846153846156,0.35,1.4242672385007393,,0,0,,0,0,0,0,0,,,,False,False,False,False,False
2024-12-27,8.04,8.1,7.99,8.02,191528.23,-0.3726708074534346,1.0718667024211825,,,,,,,,,,,,,,,,,,,,,,0.35714285714285715,0.3,1.3829471871503227,,0,0,,0,0,0,0,0,,,,False,False,False,False,False
2024-12-30,8.0,8.03,7.85,7.9,191047.84,-1.4962593516209433,1.069178252550497,,,,,,,,,,,,,,,,,,,,,,0.26666666666666666,0.25,1.3478810906149339,,0,0,,0,0,0,0,0,,,,False,False,False,False,False
2024-12-31,7.91,8.07,7.86,7.89,271330.24,-0.12658227848102444,1.5184698862196346,,,,,,,,,,,,,,,,,,,,,,0.1875,0.2,1.3180756651918035,,0,0,,0,0,0,0,0,,,,False,False,False,False,False
2025-01-02,7.89,7.9,7.41,7.5,362985.62,-4.942965779467679,2.0314091532914413,,,,,,,,,,,,,,,,,,,,,,0.1875,0.2,1.3276036929334052,,0,0,,0,0,0,0,0,,,,False,False,False,False,False
2025-01-03,7.56,7.87,7.46,7.6,376056.52,1.3333333333333197,2.1045590094806674,,,,,,,,,,,,,,,,,,,,,,0.1875,0.2,1.3534049879385366,,0,0,,0,0,0,0,0,,,,True,False,False,False,False
2025-01-06,7.58,7.66,7.4,7.47,221579.33,-1.7105263157894735,1.2400443828661445,,,,,,,,,,,,,,,,,,,,,,0.1875,0.2,1.3589817711491852,,0,0,,0,0,0,0,0,,,,False,False,False,False,False
2025-01-07,7.45,7.55,7.36,7.48,275129.48,0.1338688085676054,1.53973191558474,,,,,,,,,,,,,,,,,,,,,,0.26666666666666666,0.25,1.3835916954235121,,0,0,,0,0,0,0,0,,,,True,False,False,False,False
2025-01-08,7.44,7.58,7.2,7.54,310407.67,0.8021390374331583,1.7371624310898848,,,,,,,,,,,,,,,,,,,,,,0.35714285714285715,0.3,1.4021985930267709,,0,0,,0,0,0,0,0,,,,True,False,False,False,False
2025-01-09,7.51,7.84,7.46,7.6,283710.44,0.7957559681697646,1.5877543157228713,,,,,,,,,,,,,,,,,,,,,,0.46153846153846156,0.35,1.434542941170001,,0,0,,0,0,0,0,0,,,,True,False,False,False,False
2025-01-10,7.55,7.78,7.43,7.69,316900.84,1.1842105263158098,1.7735007438083816,,,,,,,,,,,,,,,,,,,,,,0.46153846153846156,0.35,1.4669341422916804,,0,0,,0,0,0,0,0,,,,True,False,False,False,False
2025-01-13,7.61,7.98,7.57,7.68,251275.55,-0.13003901170351995,1.406236016369853,,,,,,,,,,,,,,,,,,,,,,0.5833333333333334,0.35,1.4733804786149718,,0,0,,0,0,0,0,0,,,,True,False,False,False,False
2025-01-14,7.66,7.85,7.61,7.85,295164.3,2.213541666666674,1.6518545851619715,,,,,,,,,,,,,,,,,,,,,,0.7272727272727273,0.4,1.4766299610031666,,0,0,,0,0,0,0,0,,,,True,False,False,False,False
2025-01-15,7.83,7.83,7.56,7.59,266928.1,-3.3121019108280247,1.4938337932249028,,,,,,,,,,,,,,,,,,,,,,0.7272727272727273,0.4,1.4965785875517554,,0,0,,0,0,0,0,0,,,,False,False,False,False,False
2025-01-16,7.59,7.78,7.46,7.57,271929.16,-0.26350461133068936,1.52182167621641,,,,,,,,,,,,,,,,,,,,,,0.7272727272727273,0.4,1.5382241417432565,,0,0,,0,0,0,0,0,,,,False,False,False,False,False
2025-01-17,7.58,8.32,7.54,8.02,845512.81,5.944517833553498,4.7318195730706005,,,,,,,,,,,,,,,,,,,,,,0.8181818181818182,0.45,1.731501690834002,,0,0,,0,0,0,0,0,,,,True,False,True,True,False
2025-01-20,7.86,8.02,7.81,7.81,541059.52,-2.6184538653366562,3.0279801756429734,,,,,,,,,,,,,,,,,,,,,,0.8181818181818182,0.4,1.7963661389553542,,0,0,,0,0,0,0,0,,,,False,False,False,False,False
2025-01-21,7.86,7.93,7.64,7.87,350638.18,0.768245838668391,1.9623080615299635,,,,,,,,,,,,,,,,,,,,,,1.0,0.45,1.8387678717893692,,0,0,,0,0,0,0,0,,,,True,False,False,False,False
2025-01-22,7.72,7.93,7.58,7.62,456747.13,-3.1766200762388785,2.556135145578483,,,,,,,,,,,,,,,,,,,,,,0.8181818181818182,0.4,1.863215727402754,,0,0,,0,0,0,0,0,,,,False,False,False,False,False
2025-01-23,7.69,7.71,7.41,7.42,374495.67,-2.6246719160105014,2.095823883893833,,,,,,,,,,,,,,,,,,,,,,0.8181818181818182,0.4,1.89797213089927,,0,0,,0,0,0,0,0,,,,False,False,False,False,False
2025-01-24,7.4,7.44,7.28,7.33,307250.97,-1.212938005390829,1.7194963062604904,,,,,,,,,,,,,,,,,,,,,,0.8181818181818182,0.4,1.8920493004992465,,0,0,,0,0,0,0,0,,,,False,False,False,False,False
2025-01-27,7.34,7.38,7.14,7.14,198453.97,-2.592087312414737,1.1106258456327418,,,,,,,,,,,,,,,,,,,,,,0.8181818181818182,0.4,1.8939872576598245,,0,0,,0,0,0,0,0,,,,False,False,False,False,False
2025-02-05,7.18,7.2,7.08,7.1,219870.0,-0.5602240896358524,1.2304783052678208,,,,,,,,,,,,,,,,,,,,,,0.8181818181818182,0.4,1.9020522602956906,,0,0,,0,0,0,0,0,,,,False,False,False,False,False
2025-02-06,7.1,7.21,7.03,7.2,297947.93,1.4084507042253502,1.667432864713036,,,,,,,,,,,,,,,,,,,,,,1.0,0.45,1.9095004092203607,,0,0,,0,0,0,0,0,,,,True,False,False,False,False
2025-02-07,7.2,7.47,7.18,7.38,401409.52,2.499999999999991,2.2464442892980827,,,,,,,,,,,,,,,,,,,,,,1.2222222222222223,0.5,1.9202521660206926,,0,0,,0,0,0,0,0,,,,True,False,False,False,False
2025-02-10,7.44,7.47,7.28,7.37,327119.8,-0.13550135501354532,1.830690031034468,,,,,,,,,,,,,,,,,,,,,,1.0,0.45,1.9065587170983824,,0,0,,0,0,0,0,0,,,,False,False,False,False,False
2025-02-11,7.37,7.37,7.24,7.27,233455.94,-1.3568521031207648,1.3065105262469008,,,,,,,,,,,,,,,,,,,,,,1.0,0.45,1.9098820242674204,,0,0,,0,0,0,0,0,,,,False,False,False,False,False
2025-02-12,7.27,7.32,7.2,7.31,207332.81,0.5502063273727709,1.1603152984728025,,,,,,,,,,,,,,,,,,,,,,1.0,0.45,1.8909111934118237,,0,0,,0,0,0,0,0,,,,True,False,False,False,False
2025-02-13,7.3,7.33,7.26,7.27,182108.05,-0.5471956224350261,1.0191476997299658,,,,,,,,,,,,,,,,,,,,,,0.8181818181818182,0.4,1.8550104568438275,,0,0,,0,0,0,0,0,,,,False,False,False,False,False
2025-02-14,7.27,7.39,7.25,7.32,216319.87,0.687757909215958,1.2106103926563665,,,,,,,,,,,,,,,,,,,,,,0.8181818181818182,0.4,1.8361532606905027,,0,0,,0,0,0,0,0,,,,True,False,False,False,False
2025-02-17,7.34,7.4,7.26,7.38,275961.0,0.8196721311475308,1.5443854259335656,,,,,,,,,,,,,,,,,,,,8.051583333333333,,0.8181818181818182,0.4,1.8246974947967616,,0,0,,0,0,0,0,0,,,,True,False,False,False,False
2025-02-18,7.45,7.46,7.19,7.23,260918.81,-2.0325203252032464,1.4602034617787627,,,,,,,,,,,,,,,,,,,,8.047583333333332,,0.6666666666666666,0.4,1.8273958670672072,,0,0,,0,0,0,0,0,,,,False,False,False,False,False
2025-02-19,7.17,7.42,7.17,7.39,284573.62,2.2130013831258566,1.5925850077842763,,,,,,,,,,,,,,,,,,,,8.044916666666667,,0.6666666666666666,0.4,1.8244323881983224,,0,0,,0,0,0,0,0,,,,True,False,False,False,False
2025-02-20,7.38,7.38,7.24,7.33,202068.17,-0.8119079837618393,1.130852318961977,,,,,,,,,,,,,,,,,,,,8.043416666666667,,0.6666666666666666,0.4,1.8062833144851762,,0,0,,0,0,0,0,0,,,,False,False,False,False,False
2025-02-21,7.3,7.35,7.21,7.26,241670.97,-0.9549795361528002,1.3524850393324708,,,,,,,,,,,,,,,,,,,,8.043083333333334,,0.6666666666666666,0.4,1.7978164826409793,,0,0,,0,0,0,0,0,,,,False,False,False,False,False
2025-02-24,7.25,7.32,7.19,7.28,178015.4,0.27548209366392573,0.9962436335269624,,,,,,,,,,,,,,,,,,,,8.044083333333333,,0.6666666666666666,0.4,1.611037685663797,,0,0,,0,0,0,0,0,,,,True,False,False,False,False
2025-02-25,7.22,7.45,7.19,7.38,388059.37,1.3736263736263687,2.1717316411556746,,,,,,,,,,,,,,,,,,,,8.045833333333333,,0.8181818181818182,0.45,1.568225258939432,,0,0,,0,0,0,0,0,,,,True,False,False,False,False
2025-02-26,7.37,7.52,7.34,7.45,289408.8,0.9485094850948617,1.619644561575448,,,,,,,,,,,,,,,,,,,,8.049166666666666,,0.8181818181818182,0.45,1.5510920839417064,,0,0,,0,0,0,0,0,,,,True,False,False,False,False
2025-02-27,7.48,7.51,7.26,7.35,294630.65,-1.34228187919464,1.6488680715511732,,,,,,,,,,,,,,,,,,,,8.05325,,0.8181818181818182,0.45,1.505728730240341,,0,0,,0,0,0,0,0,,,,False,False,False,False,False
2025-02-28,7.32,7.38,7.19,7.21,202048.71,-1.904761904761898,1.1307434132093936,,,,,,,,,,,,,,,,,,,,8.055833333333334,,0.8181818181818182,0.45,1.457474706706119,,0,0,,0,0,0,0,0,,,,False,False,False,False,False
2025-03-03,7.2,7.38,7.2,7.31,278236.99,1.386962552011095,1.5571227539819874,,,,,,,,,,,,,,,,,,,,8.061916666666667,,1.0,0.5,1.4493560290921939,,0,0,,0,0,0,0,0,,,,True,False,False,False,False
2025-03-04,7.27,7.29,7.2,7.28,162046.02,-0.41039671682625567,0.9068727523763833,,,,,,,,,,,,,,,,,,,,8.066666666666666,,1.2222222222222223,0.5,1.439168374429376,,0,0,,0,0,0,0,0,,,,True,False,False,False,False
2025-03-05,7.25,7.41,7.24,7.35,206462.35,0.9615384615384581,1.1554438646910068,,,,,,,,,,,,,,,,,,,,8.069833333333333,,1.5,0.55,1.4354166524005352,,0,0,,0,0,0,0,0,,,,True,False,False,False,False
2025-03-06,7.35,7.43,7.32,7.41,244967.4,0.8163265306122547,1.370933147759423,,,,,,,,,,,,,,,,,,,,8.072,,1.5,0.55,1.4205916665528544,,0,0,,0,0,0,0,0,,,,True,False,False,False,False
2025-03-07,7.38,7.52,7.29,7.45,326461.45,0.5398110661268607,1.8270056475702705,,,,,,,,,,,,,,,,,,,,8.076833333333333,,1.5,0.55,1.3996197344664638,,0,0,,0,0,0,0,0,,,,True,False,True,False,False
2025-03-10,7.46,7.48,7.33,7.4,188905.81,-0.6711409395973145,1.0571906169283893,,,,,,,,,,,,,,,,,,,,8.079666666666666,,1.5,0.55,1.36094476376116,,0,0,,0,0,0,0,0,,,,False,False,False,False,False
2025-03-11,7.32,7.41,7.29,7.41,146710.6,0.13513513513512265,0.8210497587339115,,,,,,,,,,,,,,,,,,,,8.083083333333333,,1.8571428571428572,0.6,1.3366717253855105,,0,0,,0,0,0,0,0,,,,True,False,False,False,False
2025-03-12,7.41,7.44,7.35,7.37,137799.93,-0.5398110661268607,0.771182172794944,,,,,,,,,,,,,,,,,,,,8.085916666666666,,1.5,0.55,1.3172150691016176,,0,0,,0,0,0,0,0,,,,False,False,False,False,False
2025-03-13,7.37,7.43,7.28,7.34,197712.02,-0.4070556309362261,1.1064736039508687,,,,,,,,,,,,,,,,,,,,8.089916666666666,,1.5,0.55,1.3215813643126626,,0,0,,0,0,0,0,0,,,,False,False,False,False,False
2025-03-14,7.34,7.59,7.34,7.48,298130.5,1.9073569482289,1.6684545976652025,,,,,,,,,,,,,,,,,,,,8.0955,,1.5,0.55,1.3444735745631045,,0,0,,0,0,0,0,0,,,,True,False,False,False,False
2025-03-17,7.49,7.87,7.48,7.64,458885.82,2.1390374331550666,2.5681040892574445,,,,,,,,,,,,,,,,,,,,8.102583333333333,,1.5,0.55,1.3956595077292984,,0,0,,0,0,0,0,0,,,,True,False,True,True,False
2025-03-18,7.62,7.68,7.54,7.61,220781.14,-0.3926701570680535,1.2355774002014712,,,,,,,,,,,,,,,,,,,,8.109,,1.5,0.55,1.384428204650434,,0,0,,0,0,0,0,0,,,,False,False,False,False,False
2025-03-19,7.6,7.67,7.52,7.57,199988.11,-0.5256241787122251,1.1192114916383067,,,,,,,,,,,,,,,,,,,,8.114916666666668,,1.2222222222222223,0.5,1.3607595288431356,,0,0,,0,0,0,0,0,,,,False,False,False,False,False
2025-03-20,7.56,7.82,7.53,7.69,418394.42,1.5852047556142779,2.341498416587587,,,,,,,,,,,,,,,,,,,,8.122,,1.5,0.55,1.421291833724416,,0,0,,0,0,0,0,0,,,,True,False,False,False,False
2025-03-21,7.63,8.03,7.63,7.84,613655.52,1.950585175552666,3.434255715958718,,,,,,,,,,,,,,,,,,,,8.130083333333333,,1.8571428571428572,0.6,1.5253803675557283,,0,0,,0,0,0,0,0,,,,True,False,False,False,False
2025-03-24,8.03,8.08,7.66,7.86,523763.62,0.25510204081633514,2.9311855710125934,,,,,,,,,,,,,,,,,,,,8.138250000000001,,1.5,0.6,1.6221274644300099,,0,0,,0,0,0,0,0,,,,False,False,False,False,False
2025-03-25,7.78,7.87,7.68,7.73,265572.35,-1.653944020356235,1.4862464872606203,,,,,,,,,,,,,,,,,,,,8.1465,,1.2222222222222223,0.55,1.587853206735257,,0,0,,0,0,0,0,0,,,,False,False,False,False,False
2025-03-26,7.7,7.79,7.66,7.7,211762.66,-0.38809831824062613,1.1851064674389673,,,,,,,,,,,,,,,,,,,,8.155,,1.1111111111111112,0.5,1.566126302028433,,0,0,,0,0,0,0,0,,,,False,False,False,False,False
2025-03-27,7.7,7.7,7.38,7.48,334656.01,-2.857142857142858,1.872865602549192,,,,,,,,,,,,,,,,,,,,8.158583333333333,,1.1111111111111112,0.5,1.5773261785783341,,0,0,,0,0,0,0,0,,,,False,False,False,False,False
2025-03-28,7.45,7.5,7.35,7.36,180195.29,-1.6042780748663166,1.0084431484806635,,,,,,,,,,,,,,,,,,,,8.161083333333334,,1.1111111111111112,0.5,1.5712111653418974,,0,0,,0,0,0,0,0,,,,False,False,False,False,False
2025-03-31,7.3,7.37,7.23,7.27,165890.36,-1.22282608695653,0.9283871789378664,,,,,,,,,,,,,,,,,,,,8.160333333333334,,0.9,0.45,1.5397743865896916,,0,0,,0,0,0,0,0,,,,False,False,False,False,False
2025-04-01,7.34,7.43,7.31,7.36,145269.7,1.237964236588729,0.8129859201471995,,,,,,,,,,,,,,,,,,,,8.156083333333333,,0.9,0.5,1.5350800449782322,,0,0,,0,0,0,0,0,,,,True,False,False,False,False
2025-04-02,7.35,7.45,7.3,7.38,122017.57,0.27173913043476716,0.6828579285327588,,,,,,,,,,,,,,,,,,,,8.1455,,0.9,0.5,1.5114507481703199,,0,0,,0,0,0,0,0,,,,True,False,False,False,False
2025-04-03,7.32,7.38,7.3,7.33,121635.15,-0.6775067750677488,0.6807177570064,,,,,,,,,,,,,,,,,,,,8.130833333333333,,0.9,0.45,1.476939978632669,,0,0,,0,0,0,0,0,,,,True,False,False,False,False
2025-04-07,6.98,7.0,6.6,6.6,286639.06,-9.959072305593452,1.6041440158837548,,,,,,,,,,,,,,,,,,,,8.1145,,0.7272727272727273,0.4,1.465796897048343,,0,0,,0,0,0,0,0,,,,False,False,False,False,False
2025-04-08,6.6,6.73,6.43,6.62,239891.16,0.3030303030303161,1.3425245281554175,,,,,,,,,,,,,,,,,,,,8.097249999999999,,0.9,0.45,1.4800635926096943,,0,0,,0,0,0,0,0,,,,True,False,False,False,False
2025-04-09,6.53,6.65,6.08,6.58,299191.62,-0.6042296072507614,1.6743930391955875,,,,,,,,,,,,,,,,,,,,8.083583333333333,,0.9,0.4,1.5227307566327783,,0,0,,0,0,0,0,0,,,,True,False,False,False,False
2025-04-10,6.68,6.76,6.59,6.62,250264.16,0.6079027355623046,1.400575883322303,,,,,,,,,,,,,,,,,,,,8.06925,,0.9,0.45,1.5542004421591462,,0,0,,0,0,0,0,0,,,,False,False,False,False,False
2025-04-11,6.58,6.67,6.53,6.62,138943.79,0.0,0.7775836596474643,,,,,,,,,,,,,,,,,,,,8.057666666666668,,1.1111111111111112,0.45,1.5377559449439757,,0,0,,0,0,0,0,0,,,,True,False,False,False,False
2025-04-14,6.66,6.9,6.66,6.85,271329.6,3.4743202416918306,1.51846630452993,,,,,,,,,,,,,,,,,,,,8.04925,,1.1111111111111112,0.45,1.5302565302872124,,0,0,,0,0,0,0,0,,,,True,False,False,False,False
2025-04-15,6.81,7.1,6.77,7.0,273223.02,2.1897810218978186,1.5290626215934684,,,,,,,,,,,,,,,,,,,,8.043333333333333,,1.1111111111111112,0.45,1.4783044569040134,,0,0,,0,0,0,0,0,,,,True,False,True,False,False
2025-04-16,6.95,7.01,6.77,6.82,169776.0,-2.571428571428569,0.9501327364131057,,,,,,,,,,,,,,,,,,,,8.034333333333333,,1.1111111111111112,0.45,1.4640322237145953,,0,0,,0,0,0,0,0,,,,False,False,False,False,False
2025-04-17,6.77,6.87,6.71,6.8,109047.2,-0.2932551319648202,0.6102706774466781,,,,,,,,,,,,,,,,,,,,8.025,,1.375,0.45,1.4385851830050138,,0,0,,0,0,0,0,0,,,,True,False,False,False,False
2025-04-18,6.81,6.93,6.8,6.84,98252.64,0.588235294117645,0.549860108042431,,,,,,,,,,,,,,,,,,,,8.0095,,1.375,0.45,1.349003267577756,,0,0,,0,0,0,0,0,,,,True,False,False,False,False
2025-04-21,6.82,6.97,6.8,6.92,113972.0,1.1695906432748648,0.6378317797243102,,,,,,,,,,,,,,,,,,,,7.987416666666666,,1.375,0.45,1.2091820707660357,,0,0,,0,0,0,0,0,,,,True,False,False,False,False
2025-04-22,6.95,6.98,6.89,6.89,93429.16,-0.43352601156069204,0.5228660320161735,,,,,,,,,,,,,,,,,,,,7.968916666666667,,1.375,0.4,1.0887660938162145,,0,0,,0,0,0,0,0,,,,False,False,False,False,False
2025-04-23,6.92,6.96,6.82,6.82,118816.79,-1.01596516690855,0.6649451148249537,,,,,,,,,,,,,,,,,,,,7.944583333333332,,1.375,0.4,1.0477010251944312,,0,0,,0,0,0,0,0,,,,False,False,False,False,False
2025-04-24,6.82,6.92,6.77,6.86,139068.71,0.5865102639296182,0.7782827607066996,,,,,,,,,,,,,,,,,,,,7.922166666666667,,1.5,0.45,1.027359839857818,,0,0,,0,0,0,0,0,,,,True,False,False,False,False
2025-04-25,6.68,6.82,6.58,6.74,238441.55,-1.7492711370262426,1.3344119450103804,,,,,,,,,,,,,,,,,,,,7.903416666666667,,1.8571428571428572,0.45,1.0004371569808774,,0,0,,0,0,0,0,0,,,,True,False,False,False,False
2025-04-28,6.74,6.78,6.44,6.46,296023.57,-4.154302670623144,1.6566633953378367,,,,,,,,,,,,,,,,,,,,7.88325,,1.8571428571428572,0.45,1.0328481693237361,,0,0,,0,0,0,0,0,,,,False,False,False,False,False
2025-04-29,6.45,6.48,6.37,6.4,166365.58,-0.9287925696594312,0.9310466954714061,,,,,,,,,,,,,,,,,,,,7.8605,,1.8571428571428572,0.45,1.032981145150413,,0,0,,0,0,0,0,0,,,,False,False,False,False,False
2025-04-30,6.43,6.45,6.39,6.41,129911.48,0.15624999999999112,0.727035328808998,,,,,,,,,,,,,,,,,,,,7.838666666666667,,1.5,0.45,1.0286836155835029,,0,0,,0,0,0,0,0,,,,False,False,False,False,False
2025-05-06,6.41,6.56,6.41,6.55,139044.08,2.1840873634945357,0.7781449216169705,,,,,,,,,,,,,,,,,,,,7.814416666666667,,1.5,0.45,1.0334479652377135,,0,0,,0,0,0,0,0,,,,True,False,False,False,False
2025-05-07,6.62,6.74,6.6,6.7,214235.86,2.2900763358778775,1.1989474595915501,,,,,,,,,,,,,,,,,,,,7.7908333333333335,,1.5,0.5,1.059359450366971,,0,0,,0,0,0,0,0,,,,True,False,False,False,False
2025-05-08,6.66,6.74,6.62,6.68,142087.67,-0.29850746268657025,0.7951780387549614,,,,,,,,,,,,,,,,,,,,7.765083333333334,,1.8571428571428572,0.5,1.0189111515105311,,0,0,,0,0,0,0,0,,,,True,False,False,False,False
2025-05-09,6.69,6.71,6.5,6.52,223101.0,-2.395209580838331,1.2485602418863695,,,,,,,,,,,,,,,,,,,,7.738416666666667,,1.5,0.45,1.014212937197079,,0,0,,0,0,0,0,0,,,,False,False,False,False,False
2025-05-12,6.58,6.66,6.56,6.65,157701.88,1.9938650306748684,0.8825612500111395,,,,,,,,,,,,,,,,,,,,7.715083333333333,,1.5,0.5,0.9746213477378565,,0,0,,0,0,0,0,0,,,,True,False,False,False,False
2025-05-13,6.71,6.78,6.65,6.68,174143.26,0.4511278195488577,0.9745736273189316,,,,,,,,,,,,,,,,,,,,7.691000000000001,,1.5,0.5,0.9533212349376878,,0,0,,0,0,0,0,0,,,,False,False,False,False,False
2025-05-14,6.64,6.68,6.57,6.66,137068.8,-0.29940119760478723,0.7670904840546408,,,,,,,,,,,,,,,,,,,,7.669166666666667,,1.5,0.5,0.9527965761580468,,0,0,,0,0,0,0,0,,,,True,False,False,False,False
2025-05-15,6.64,6.65,6.56,6.57,121008.6,-1.3513513513513487,0.6772113387494048,,,,,,,,,,,,,,,,,,,,7.646749999999999,,1.2222222222222223,0.45,0.9107338278690206,,0,0,,0,0,0,0,0,,,,False,False,False,False,False
2025-05-16,6.55,6.59,6.51,6.53,96076.2,-0.60882800608828,0.5376799006347942,,,,,,,,,,,,,,,,,,,,7.626083333333333,,1.0,0.4,0.8611646918210868,,0,0,,0,0,0,0,0,,,,False,False,False,False,False
2025-05-19,6.53,6.59,6.46,6.58,112848.74,0.7656967840734996,0.6315455785091597,,,,,,,,,,,,,,,,,,,,7.608999999999999,,1.2222222222222223,0.45,0.8452353339258896,,0,0,,0,0,0,0,0,,,,True,False,False,False,False
2025-05-20,6.58,6.62,6.52,6.59,120747.24,0.1519756838905817,0.6757486662162496,,,,,,,,,,,,,,,,,,,,7.592083333333333,,1.2222222222222223,0.5,0.848509233364368,,0,0,,0,0,0,0,0,,,,True,False,False,False,False
2025-05-21,6.59,6.62,6.53,6.55,98759.73,-0.6069802731411222,0.5526979815304842,,,,,,,,,,,,,,,,,,,,7.574166666666667,,1.0,0.45,0.8486511270387707,,0,0,,0,0,0,0,0,,,,False,False,False,False,False
2025-05-22,6.53,6.54,6.42,6.43,147534.0,-1.8320610687022953,0.8256578263946089,,,,,,,,,,,,,,,,,,,,7.55425,,0.8181818181818182,0.4,0.8580424293722857,,0,0,,0,0,0,0,0,,,,False,False,False,False,False
2025-05-23,6.42,6.47,6.31,6.32,183168.92,-1.710730948678063,1.02508474216281,,,,,,,,,,,,,,,,,,,,7.534666666666666,,0.8181818181818182,0.4,0.8831533648796175,,0,0,,0,0,0,0,0,,,,False,False,False,False,False
2025-05-26,6.32,6.38,6.3,6.34,79723.0,0.31645569620253333,0.44616101301162725,,,,,,,,,,,,,,,,,,,,7.518333333333333,,1.0,0.45,0.8722141597889512,,0,0,,0,0,0,0,0,,,,True,False,False,False,False
2025-05-27,6.35,6.37,6.29,6.34,79643.25,0.0,0.4457147008960812,,,,,,,,,,,,,,,,,,,,7.5008333333333335,,0.8181818181818182,0.4,0.8555857567984202,,0,0,,0,0,0,0,0,,,,False,False,False,False,False
2025-05-28,6.34,6.36,6.31,6.35,74171.58,0.1577287066246047,0.41509310072968847,,,,,,,,,,,,,,,,,,,,7.482500000000001,,0.8181818181818182,0.45,0.8096198145843856,,0,0,,0,0,0,0,0,,,,True,False,False,False,False
2025-05-29,6.35,6.67,6.34,6.6,327199.55,3.937007874015741,1.8311363431500143,,,,,,,,,,,,,,,,,,,,7.461666666666667,,1.0,0.5,0.8183434619749945,,0,0,,0,0,0,0,0,,,,True,False,True,False,False
2025-05-30,6.58,6.72,6.53,6.62,219098.09,0.3030303030303161,1.2261583957366464,,,,,,,,,,,,,,,,,,,,7.441833333333333,,1.2222222222222223,0.55,0.8330990469882564,,0,0,,0,0,0,0,0,,,,True,False,False,False,False
2025-06-03,6.54,6.67,6.49,6.64,185750.07,0.302114803625364,1.039529864633552,,,,,,,,,,,,,,,,,,,,7.420916666666668,,1.5,0.55,0.8487237737794843,,0,0,,0,0,0,0,0,,,,True,False,False,False,False
2025-06-04,6.65,6.73,6.58,6.72,206755.67,1.2048192771084265,1.15708539785379,,,,,,,,,,,,,,,,,,,,7.399,,1.5,0.55,0.8676707975913253,,0,0,,0,0,0,0,0,,,,True,False,False,False,False
2025-06-05,6.72,6.79,6.64,6.68,162418.0,-0.5952380952380931,0.9089544975894343,,,,,,,,,,,,,,,,,,,,7.375583333333334,,1.2222222222222223,0.5,0.8531711494912194,,0,0,,0,0,0,0,0,,,,False,False,False,False,False
2025-06-06,6.68,6.71,6.6,6.62,106168.18,-0.8982035928143617,0.5941585582379085,,,,,,,,,,,,,,,,,,,,7.355583333333334,,1.0,0.5,0.8431201754653668,,0,0,,0,0,0,0,0,,,,False,False,False,False,False
2025-06-09,6.61,6.86,6.61,6.75,248885.01,1.9637462235649439,1.3928576218281923,,,,,,,,,,,,,,,,,,,,7.336250000000001,,1.2222222222222223,0.55,0.8503350444624578,,0,0,,0,0,0,0,0,,,,True,False,False,False,False
2025-06-10,6.75,6.77,6.52,6.6,232726.0,-2.2222222222222254,1.3024254972108922,,,,,,,,,,,,,,,,,,,,7.315833333333333,,1.0,0.5,0.8713282568224455,,0,0,,0,0,0,0,0,,,,False,False,False,False,False
2025-06-11,6.61,6.72,6.59,6.66,141683.85,0.909090909090926,0.7929181044791018,,,,,,,,,,,,,,,,,,,,7.2965,,1.2222222222222223,0.5,0.862245480680454,,0,0,,0,0,0,0,0,,,,True,False,False,False,False
2025-06-12,6.65,6.67,6.59,6.66,146394.0,0.0,0.81927794160812,,,,,,,,,,,,,,,,,,,,7.2775,,1.2222222222222223,0.5,0.8648548535581281,,0,0,,0,0,0,0,0,,,,True,False,False,False,False
2025-06-13,6.65,6.99,6.61,6.81,638108.74,2.2522522522522515,3.571105475834741,,,,,,,,,,,,,,,,,,,,7.259833333333334,,1.5,0.55,1.009549560412395,,0,0,,0,0,0,0,0,,,,True,False,False,False,False
2025-06-16,6.84,7.22,6.83,7.1,478211.01,4.2584434654919345,2.6762553924828896,,,,,,,,,,,,,,,,,,,,7.244249999999999,,1.8571428571428572,0.6,1.1164783350047995,,0,0,,0,0,0,0,0,,,,True,False,True,True,True
2025-06-17,7.05,7.25,7.03,7.12,283098.19,0.28169014084507005,1.5843279258452154,,,,,,,,,,,,,,,,,,,,7.229166666666667,,1.8571428571428572,0.6,1.1641174523716025,,0,0,,0,0,0,0,0,,,,True,False,False,False,True
2025-06-18,7.12,7.2,7.05,7.1,216571.99,-0.2808988764045006,1.21202135454441,,,,,,,,,,,,,,,,,,,,7.215083333333333,,1.5,0.55,1.1909310867880103,,0,0,,0,0,0,0,0,,,,False,False,False,False,False
2025-06-19,7.08,7.15,6.9,6.94,228190.6,-2.2535211267605493,1.2770436292629608,,,,,,,,,,,,,,,,,,,,7.2015,,1.5,0.55,1.227148369174634,,0,0,,0,0,0,0,0,,,,False,False,False,False,False
2025-06-20,6.93,6.97,6.78,6.79,176248.69,-2.1613832853025983,0.986356435061052,,,,,,,,,,,,,,,,,,,,7.187083333333334,,1.5,0.55,1.2351832996079564,,0,0,,0,0,0,0,0,,,,False,False,False,False,False
2025-06-23,6.81,7.07,6.78,6.97,256333.0,2.6509572901325384,1.434539479802685,,,,,,,,,,,,,,,,,,,,7.1745833333333335,,1.8571428571428572,0.6,1.25565603648995,,0,0,,0,0,0,0,0,,,,True,False,False,False,False
2025-06-24,6.97,7.02,6.92,7.01,163779.97,0.5738880918221057,0.9165766131005346,,,,,,,,,,,,,,,,,,,,7.160750000000001,,1.8571428571428572,0.6,1.2791768164943955,,0,0,,0,0,0,0,0,,,,True,False,False,False,False
2025-06-25,7.0,7.07,6.95,7.06,186081.0,0.7132667617689048,1.0413818780303876,,,,,,,,,,,,,,,,,,,,7.149583333333333,,2.3333333333333335,0.65,1.3089601753511109,,0,0,,0,0,0,0,0,,,,True,False,False,False,False
2025-06-26,7.08,7.22,7.02,7.04,222628.49,-0.28328611898016387,1.2459158915701734,,,,,,,,,,,,,,,,,,,,7.136666666666668,,1.8571428571428572,0.6,1.350501314893135,,0,0,,0,0,0,0,0,,,,False,False,False,False,False
2025-06-27,7.01,7.12,7.0,7.05,162413.0,0.14204545454545858,0.9089265156386164,,,,,,,,,,,,,,,,,,,,7.126416666666667,,1.8571428571428572,0.6,1.3043908235175652,,0,0,,0,0,0,0,0,,,,True,False,False,False,False
2025-06-30,7.07,7.16,7.05,7.14,190945.0,1.2765957446808418,1.0686027197860737,,,,,,,,,,,,,,,,,,,,7.118833333333333,,1.8571428571428572,0.6,1.2965130397200366,,0,0,,0,0,0,0,0,,,,True,False,False,False,True
2025-07-01,7.1,7.13,7.03,7.08,123954.25,-0.8403361344537785,0.6936963454347741,,,,,,,,,,,,,,,,,,,,7.111000000000001,,1.5,0.55,1.2792213637600978,,0,0,,0,0,0,0,0,,,,False,False,False,False,False
2025-07-02,7.31,7.38,6.98,7.07,322691.64,-0.14124293785310327,1.8059083199676795,,,,,,,,,,,,,,,,,,,,7.1040833333333335,,1.2222222222222223,0.5,1.311662509865792,,0,0,,0,0,0,0,0,,,,False,False,False,False,False
2025-07-03,7.05,7.09,6.99,7.07,189232.16,0.0,1.0590169988582758,,,,,,,,,,,,,,,,,,,,7.097250000000001,,1.5,0.5,1.319165634929234,,0,0,,0,0,0,0,0,,,,True,False,False,False,False
2025-07-04,7.08,7.09,6.92,6.93,175432.0,-1.980198019801993,0.9817859191783523,,,,,,,,,,,,,,,,,,,,7.0925,,1.5,0.5,1.3385470029762563,,0,0,,0,0,0,0,0,,,,False,False,False,False,False
2025-07-07,6.91,6.96,6.87,6.88,116845.64,-0.721500721500723,0.6539137903539995,,,,,,,,,,,,,,,,,,,,7.0865,,1.2222222222222223,0.45,1.3015998114025469,,0,0,,0,0,0,0,0,,,,False,False,False,False,False
2025-07-08,6.89,7.2,6.86,7.11,329789.8,3.3430232558139705,1.8456323927712446,,,,,,,,,,,,,,,,,,,,7.0835,,1.5,0.5,1.3287601561805642,,0,0,,0,0,0,0,0,,,,True,False,False,False,False
2025-07-09,7.1,7.18,7.05,7.07,182535.0,-0.5625879043600568,1.021537078510309,,,,,,,,,,,,,,,,,,,,7.0800833333333335,,1.2222222222222223,0.45,1.3401911048821247,,0,0,,0,0,0,0,0,,,,False,False,False,False,False
2025-07-10,7.06,7.1,6.98,7.05,157672.0,-0.28288543140029265,0.8823940298730515,,,,,,,,,,,,,,,,,,,,7.076,,1.0,0.45,1.3433469092953714,,0,0,,0,0,0,0,0,,,,False,False,False,False,False
2025-07-11,7.05,7.09,6.98,7.04,137865.0,-0.14184397163120588,0.7715463299028885,,,,,,,,,,,,,,,,,,,,7.071333333333333,,0.8181818181818182,0.4,1.2033689519987787,,0,0,,0,0,0,0,0,,,,False,False,False,False,False
2025-07-14,7.04,7.18,7.02,7.09,201089.76,0.7102272727272707,1.1253767548620222,,,,,,,,,,,,,,,,,,,,7.066333333333333,,0.8181818181818182,0.4,1.1258250201177353,,0,0,,0,0,0,0,0,,,,True,False,False,False,False
2025-07-15,7.01,7.01,6.65,6.69,585201.07,-5.641748942172065,3.2750135118684467,,,,,,,,,,,,,,,,,,,,7.058083333333333,,0.6666666666666666,0.35,1.2103592994188968,,0,0,,0,0,0,0,0,,,,False,False,False,False,False
2025-07-16,6.67,6.72,6.63,6.71,150471.79,0.2989536621823552,0.8420988454532924,,,,,,,,,,,,,,,,,,,,7.048583333333332,,0.8181818181818182,0.4,1.191863173964341,,0,0,,0,0,0,0,0,,,,True,False,False,False,False
2025-07-17,6.71,6.72,6.64,6.67,214825.4,-0.5961251862891204,1.202246755448591,,,,,,,,,,,,,,,,,,,,7.040916666666667,,0.8181818181818182,0.4,1.1881233302736223,,0,0,,0,0,0,0,0,,,,False,False,False,False,False
2025-07-18,6.67,6.71,6.6,6.66,231300.33,-0.14992503748125774,1.2944468916463714,,,,,,,,,,,,,,,,,,,,7.033333333333333,,0.8181818181818182,0.4,1.2035278531028886,,0,0,,0,0,0,0,0,,,,False,False,False,False,False
2025-07-21,6.66,6.7,6.64,6.7,195402.59,0.6006006006006093,1.0935491326153763,,,,,,,,,,,,,,,,,,,,7.022333333333334,,0.8181818181818182,0.4,1.1864783357435231,,0,0,,0,0,0,0,0,,,,True,False,False,False,False
2025-07-22,6.7,6.77,6.66,6.77,243382.72,1.044776119402968,1.3620646601949904,,,,,,,,,,,,,,,,,,,,7.0136666666666665,,0.8181818181818182,0.4,1.208752738098246,,0,0,,0,0,0,0,0,,,,True,False,False,False,False
2025-07-23,6.78,6.79,6.67,6.69,224759.4,-1.1816838995568513,1.257841295333662,,,,,,,,,,,,,,,,,,,,7.003833333333333,,0.6666666666666666,0.35,1.2195757089634094,,0,0,,0,0,0,0,0,,,,False,False,False,False,False
2025-07-24,6.68,6.83,6.67,6.83,222353.54,2.0926756352765308,1.244377164094695,,,,,,,,,,,,,,,,,,,,6.997249999999999,,0.8181818181818182,0.4,1.2194987725896356,,0,0,,0,0,0,0,0,,,,True,False,True,False,False
2025-07-25,6.83,6.83,6.74,6.75,170254.27,-1.171303074670571,0.9528093219366442,,,,,,,,,,,,,,,,,,,,6.991666666666666,,0.6666666666666666,0.35,1.221692912904537,,0,0,,0,0,0,0,0,,,,False,False,False,False,False
2025-07-28,6.75,6.76,6.71,6.72,127882.36,-0.4444444444444473,0.7156795816002609,,,,,,,,,,,,,,,,,,,,6.986583333333333,,0.5384615384615384,0.3,1.2040467559952464,,0,0,,0,0,0,0,0,,,,False,False,False,False,False
2025-07-29,6.71,6.73,6.64,6.7,152069.4,-0.29761904761904656,0.8510396943425403,,,,,,,,,,,,,,,,,,,,6.982916666666666,,0.5384615384615384,0.3,1.2119139234406346,,0,0,,0,0,0,0,0,,,,False,False,False,False,False
2025-07-30,6.68,6.71,6.61,6.64,170553.4,-0.8955223880597107,0.9544833701262779,,,,,,,,,,,,,,,,,,,,6.979083333333333,,0.5384615384615384,0.3,1.1693426759485646,,0,0,,0,0,0,0,0,,,,False,False,False,False,False
2025-07-31,6.63,6.66,6.48,6.5,272952.52,-2.108433734939752,1.5275487980542184,,,,,,,,,,,,,,,,,,,,6.973249999999999,,0.42857142857142855,0.3,1.1927692659083617,,0,0,,0,0,0,0,0,,,,False,False,False,False,False
2025-08-01,6.5,6.59,6.48,6.52,129318.8,0.3076923076922977,0.7237184602868434,,,,,,,,,,,,,,,,,,,,6.966083333333334,,0.5384615384615384,0.35,1.1798658929637864,,0,0,,0,0,0,0,0,,,,True,False,False,False,False
2025-08-04,6.5,6.52,6.46,6.5,140640.37,-0.30674846625766694,0.7870783832712024,,,,,,,,,,,,,,,,,,,,6.958833333333334,,0.5833333333333334,0.35,1.1865241226096463,,0,0,,0,0,0,0,0,,,,False,False,False,False,False
2025-08-05,6.53,6.57,6.5,6.57,114957.83,1.0769230769230864,0.6433488690392789,,,,,,,,,,,,,,,,,,,,6.953,,0.5833333333333334,0.35,1.1264099464230481,,0,0,,0,0,0,0,0,,,,True,False,False,False,False
2025-08-06,6.58,6.59,6.53,6.58,100223.17,0.15220700152207556,0.5608879627514836,,,,,,,,,,,,,,,,,,,,6.946916666666667,,0.6363636363636364,0.4,1.1033774906351068,,0,0,,0,0,0,0,0,,,,False,False,False,False,False
2025-08-07,6.59,6.6,6.54,6.56,98712.32,-0.3039513677811634,0.5524326566728286,,,,,,,,,,,,,,,,,,,,6.941,,0.6363636363636364,0.4,1.086879421975096,,0,0,,0,0,0,0,0,,,,False,False,False,False,False
2025-08-08,6.56,6.69,6.55,6.66,244612.0,1.5243902439024515,1.3689441906952844,,,,,,,,,,,,,,,,,,,,6.935500000000001,,0.8,0.45,1.1167493150147156,,0,0,,0,0,0,0,0,,,,True,False,True,False,False
2025-08-11,6.65,6.72,6.62,6.7,180493.58,0.6006006006006093,1.0101124957025598,,,,,,,,,,,,,,,,,,,,6.929833333333333,,0.8,0.45,1.1109861020567424,,0,0,,0,0,0,0,0,,,,True,False,True,False,False
2025-08-12,6.69,6.7,6.63,6.66,165648.4,-0.5970149253731294,0.927033076373885,,,,,,,,,,,,,,,,,,,,6.925083333333333,,0.8,0.45,0.9935870802820143,,0,0,,0,0,0,0,0,,,,False,False,False,False,False
2025-08-13,6.66,6.69,6.64,6.67,147630.83,0.15015015015014122,0.8261997248541492,,,,,,,,,,,,,,,,,,,,6.919083333333334,,0.8,0.45,0.992792124252057,,0,0,,0,0,0,0,0,,,,True,False,False,False,False
2025-08-14,6.68,6.69,6.51,6.53,240136.24,-2.0989505247376306,1.3438960914567093,,,,,,,,,,,,,,,,,,,,6.912416666666667,,0.8,0.45,0.9998745910524631,,0,0,,0,0,0,0,0,,,,False,False,False,False,False
2025-08-15,6.52,6.9,6.52,6.87,703353.97,5.206738131699851,3.9362432392276965,,,,,,,,,,,,,,,,,,,,6.909166666666667,,1.0,0.5,1.1319644084315292,,0,0,,0,0,0,0,0,,,,True,False,True,True,False
2025-08-18,6.94,6.97,6.83,6.86,335512.6,-0.14556040756913413,1.877659414399419,,,,,,,,,,,,,,,,,,,,6.905666666666667,,0.8,0.45,1.1711699225207315,,0,0,,0,0,0,0,0,,,,False,False,False,False,False
2025-08-19,6.86,6.91,6.8,6.87,246439.48,0.1457725947521915,1.379171481791436,,,,,,,,,,,,,,,,,,,,6.901416666666667,,0.8,0.45,1.1720252636005537,,0,0,,0,0,0,0,0,,,,True,False,False,False,False
2025-08-20,6.88,7.01,6.81,7.01,359613.74,2.0378457059679667,2.012538797226646,,,,,,,,,,,,,,,,,,,,6.89775,,1.0,0.5,1.209760138695203,,0,0,,0,0,0,0,0,,,,True,False,True,True,False
2025-08-21,6.99,7.0,6.92,6.98,248608.29,-0.42796005706132734,1.3913089887421246,,,,,,,,,,,,,,,,,,,,6.894666666666667,,0.8,0.45,1.2171067299275744,,0,0,,0,0,0,0,0,,,,False,False,False,False,False
2025-08-22,6.95,7.02,6.92,6.99,222667.16,0.14326647564468775,1.2461323039777992,,,,,,,,,,,,,,,,,,,,6.892833333333333,,1.0,0.5,1.231772879029632,,0,0,,0,0,0,0,0,,,,True,False,False,False,False
2025-08-25,7.05,7.23,7.02,7.15,464844.12,2.2889842632331847,2.601449060769143,,,,,,,,,,,,,,,,,,,,6.8915,7.465439999999999,1.25,0.55,1.3260613529880763,,0,0,,0,0,0,0,0,,,,True,False,True,True,True
2025-08-26,7.14,7.15,7.06,7.1,209041.4,-0.6993006993007089,1.1698772347424053,,,,,,,,,,,,,,,,,,,,6.890000000000001,7.463,1.25,0.55,1.3420032300080693,,0,0,,0,0,0,0,0,,,,False,False,False,False,False
2025-08-27,7.11,7.12,6.86,6.87,333100.8,-3.2394366197183055,1.8641620406028805,,,,,,,,,,,,,,,,,,,,6.886,7.459639999999999,1.25,0.55,1.3874871635318997,,0,0,,0,0,0,0,0,,,,False,False,False,False,False
2025-08-28,6.87,6.98,6.68,6.89,341094.04,0.29112081513826826,1.9088953303140686,,,,,,,,,,,,,,,,,,,,6.881666666666667,7.45716,1.5714285714285714,0.6,1.406554490144892,,0,0,,0,0,0,0,0,,,,True,False,False,False,False
2025-08-29,6.89,6.9,6.81,6.81,178417.95,-1.1611030478955064,0.9984964603873143,,,,,,,,,,,,,,,,,,,,6.876333333333333,7.4552,1.25,0.55,1.4202933901499155,,0,0,,0,0,0,0,0,,,,False,False,False,False,False
2025-09-01,6.82,6.85,6.73,6.83,186326.49,0.2936857562408246,1.0427557358516466,,,,,,,,,,,,,,,,,,,,6.871583333333334,7.453879999999999,1.375,0.6,1.4330772577789381,,0,0,,0,0,0,0,0,,,,True,False,False,False,False
2025-09-02,6.82,6.87,6.68,6.71,225873.86,-1.7569546120058566,1.2640782483153727,,,,,,,,,,,,,,,,,,,,6.865750000000001,7.45204,1.1111111111111112,0.55,1.4641137267427426,,0,0,,0,0,0,0,0,,,,False,False,False,False,False
2025-09-03,6.72,7.15,6.62,7.01,670238.2,4.470938897168408,3.750914469740095,,,,,,,,,,,,,,,,,,,,6.862750000000001,7.45188,1.2222222222222223,0.55,1.6236150520921733,,0,0,,0,0,0,0,0,,,,True,False,False,False,False
2025-09-04,7.03,7.14,6.94,7.08,463693.71,0.9985734664764712,2.5950109175610514,,,,,,,,,,,,,,,,,,,,6.8605833333333335,7.4527600000000005,1.5,0.6,1.7257439651365842,,0,0,,0,0,0,0,0,,,,True,False,False,False,False
2025-09-05,7.06,7.65,7.03,7.59,1100143.08,7.203389830508478,6.156829911450042,,,,,,,,,,,,,,,,,,,,6.8615,7.455520000000001,1.5,0.6,1.9651382511743223,,0,0,,0,0,0,0,0,,,,True,False,True,True,True
2025-09-08,7.68,7.79,7.54,7.72,667680.62,1.7127799736495364,3.7366012541855094,,,,,,,,,,,,,,,,,,,,6.862166666666667,7.46008,1.5,0.6,2.1014626890984696,,0,0,,0,0,0,0,0,,,,True,False,True,True,True
2025-09-09,7.65,7.74,7.47,7.51,481634.97,-2.720207253886009,2.6954172085474037,,,,,,,,,,,,,,,,,,,,6.8613333333333335,7.46328,1.5,0.6,2.1898818957071455,,0,0,,0,0,0,0,0,,,,False,False,False,False,False
2025-09-10,7.48,7.57,7.29,7.51,448027.76,0.0,2.5073381490778095,,,,,,,,,,,,,,,,,,,,6.860833333333333,7.465439999999999,1.5,0.55,2.2739388169183288,,0,0,,0,0,0,0,0,,,,True,False,False,False,False
2025-09-11,7.52,7.52,7.39,7.48,271243.86,-0.3994673768308865,1.517986470037304,,,,,,,,,,,,,,,,,,,,6.859083333333333,7.46676,1.5,0.55,2.282643335847358,,0,0,,0,0,0,0,0,,,,False,False,False,False,False
2025-09-12,7.45,7.48,7.33,7.36,263588.06,-1.6042780748663166,1.4751416262229164,,,,,,,,,,,,,,,,,,,,6.855083333333334,7.468719999999999,1.2222222222222223,0.5,2.1595882551971193,,0,0,,0,0,0,0,0,,,,False,False,False,False,False
2025-09-15,7.36,7.45,7.31,7.33,202585.29,-0.40760869565217295,1.1337463242433712,,,,,,,,,,,,,,,,,,,,6.850666666666666,7.4698,1.2222222222222223,0.5,2.122392600689317,,0,0,,0,0,0,0,0,,,,False,False,False,False,False
2025-09-16,7.33,7.46,7.23,7.39,289325.76,0.8185538881309684,1.6191798373362636,,,,,,,,,,,,,,,,,,,,6.847833333333333,7.47136,1.2222222222222223,0.5,2.1343930184665583,,0,0,,0,0,0,0,0,,,,True,False,False,False,False
2025-09-17,7.4,8.03,7.36,7.81,728498.75,5.683355886332886,4.0769632386852495,,,,,,,,,,,,,,,,,,,,6.84875,7.47448,1.2222222222222223,0.5,2.2376142405394885,,0,0,,0,0,0,0,0,,,,True,False,True,True,True
2025-09-18,7.8,8.3,7.69,7.98,1090323.4,2.1766965428937413,6.101875150888471,,,,,,,,,,,,,,,,,,,,6.852916666666667,7.47896,1.5,0.55,2.473142548646806,,0,0,,0,0,0,0,0,,,,True,False,False,False,True
2025-09-19,7.96,8.05,7.77,7.99,542481.45,0.12531328320801727,3.035937850708282,,,,,,,,,,,,,,,,,,,,6.8581666666666665,7.48368,1.5,0.55,2.56263282598333,,0,0,,0,0,0,0,0,,,,True,False,False,False,True
2025-09-22,8.0,8.07,7.77,7.88,427983.59,-1.3767209011264159,2.3951631532525486,,,,,,,,,,,,,,,,,,,,6.86325,7.48804,1.2222222222222223,0.5,2.5523185306075,,0,0,,0,0,0,0,0,,,,False,False,False,False,False
2025-09-23,7.88,7.97,7.64,7.81,398436.84,-0.8883248730964466,2.2298080121865915,,,,,,,,,,,,,,,,,,,,6.867,7.49192,1.2222222222222223,0.5,2.6053150694797096,,0,0,,0,0,0,0,0,,,,False,False,False,False,False
2025-09-24,7.75,8.04,7.71,7.96,349733.71,1.9206145966709443,1.9572462945187041,,,,,,,,,,,,,,,,,,,,6.871833333333333,7.49632,1.5,0.55,2.6099692821755007,,0,0,,0,0,0,0,0,,,,True,False,False,False,False
2025-09-25,7.9,8.05,7.83,7.92,345441.2,-0.5025125628140725,1.9332237337776066,,,,,,,,,,,,,,,,,,,,6.8767499999999995,7.500640000000001,1.5,0.5,2.6111857023486778,,0,0,,0,0,0,0,0,,,,True,False,False,False,False
2025-09-26,7.91,8.54,7.89,8.25,780474.77,4.166666666666674,4.367841325755639,,,,,,,,,,,,,,,,,,,,6.8905,7.50616,1.8571428571428572,0.55,2.7796529456170935,,0,0,,0,0,0,0,0,,,,True,False,True,False,True
2025-09-29,8.25,8.41,8.03,8.13,547570.07,-1.4545454545454417,3.064415753622513,,,,,,,,,,,,,,,,,,,,6.903083333333333,7.51116,1.5,0.5,2.880735946505637,,0,0,,0,0,0,0,0,,,,False,False,False,False,False
2025-09-30,8.1,8.39,8.04,8.21,436544.4,0.9840098400984099,2.4430727861288837,,,,,,,,,,,,,,,,,,,,6.916666666666667,7.51704,1.8571428571428572,0.55,2.939685673396313,,0,0,,0,0,0,0,0,,,,True,False,False,False,False
2025-10-09,8.26,8.71,8.12,8.53,567650.68,3.897685749086466,3.176794681905335,,,,,,,,,,,,,,,,,,,,6.932583333333333,7.524439999999999,1.8571428571428572,0.55,2.910979684004575,,0,0,,0,0,0,0,0,,,,True,False,False,False,True
2025-10-10,8.43,8.6,8.35,8.47,411728.21,-0.7033997655333968,2.3041917045151834,,,,,,,,,,,,,,,,,,,,6.9479999999999995,7.53012,1.8571428571428572,0.5,2.8964387233522815,,0,0,,0,0,0,0,0,,,,True,False,False,False,False
2025-10-13,8.1,8.6,8.06,8.55,438398.8,0.9445100354191327,2.453450732048239,,,,,,,,,,,,,,,,,,,,6.962166666666666,7.53608,1.8571428571428572,0.5,2.7112697643821915,,0,0,,0,0,0,0,0,,,,True,False,False,False,True
2025-10-14,8.5,8.75,8.25,8.39,484296.44,-1.8713450292397682,2.7103118330760854,,,,,,,,,,,,,,,,,,,,6.973749999999999,7.5402,1.5,0.45,2.6599552933267203,,0,0,,0,0,0,0,0,,,,False,False,False,False,False
2025-10-15,8.3,8.67,8.21,8.55,405752.39,1.9070321811680557,2.2707486842478186,,,,,,,,,,,,,,,,,,,,6.988166666666667,7.5429200000000005,1.8571428571428572,0.5,2.638721867111741,,0,0,,0,0,0,0,0,,,,True,False,False,False,False
2025-10-16,8.49,8.51,8.19,8.24,392586.66,-3.6257309941520544,2.1970681223793793,,,,,,,,,,,,,,,,,,,,7.000166666666667,7.5412799999999995,1.5,0.5,2.6232083657768195,,0,0,,0,0,0,0,0,,,,False,False,False,False,False
2025-10-17,8.21,8.25,7.72,7.79,483691.46,-5.461165048543693,2.7069261289549185,,,,,,,,,,,,,,,,,,,,7.008083333333333,7.53608,1.5,0.5,2.6826553487227,,0,0,,0,0,0,0,0,,,,False,False,False,False,False
2025-10-20,7.96,8.0,7.67,7.71,332332.56,-1.0269576379974388,1.8598626698236067,,,,,,,,,,,,,,,,,,,,7.014666666666667,7.53268,1.5,0.5,2.7018914009027344,,0,0,,0,0,0,0,0,,,,False,False,False,False,False
2025-10-21,7.76,8.2,7.73,7.91,360623.2,2.5940337224384047,2.0181881292411807,,,,,,,,,,,,,,,,,,,,7.023166666666667,7.52956,1.8571428571428572,0.55,2.746113491152625,,0,0,,0,0,0,0,0,,,,True,False,False,False,False
2025-10-22,7.94,8.09,7.81,7.92,243400.35,0.12642225031604948,1.3621633245535745,,,,,,,,,,,,,,,,,,,,7.032333333333333,7.528359999999999,1.5,0.55,2.7332626655134904,,0,0,,0,0,0,0,0,,,,False,False,False,False,False
2025-10-23,7.86,7.94,7.69,7.91,242179.96,-0.12626262626261875,1.3553335459618348,,,,,,,,,,,,,,,,,,,,7.041083333333334,7.52664,1.5,0.5,2.59718118087732,,0,0,,0,0,0,0,0,,,,True,False,False,False,False
2025-10-24,7.9,8.16,7.9,8.1,313455.07,2.402022756005051,1.7542168704743992,,,,,,,,,,,,,,,,,,,,7.052416666666667,7.527,1.5,0.5,2.379798266856616,,0,0,,0,0,0,0,0,,,,True,False,False,False,False
2025-10-27,8.12,8.16,7.82,7.86,357049.7,-2.962962962962956,1.9981894289916031,,,,,,,,,,,,,,,,,,,,7.064083333333333,7.527,1.2222222222222223,0.45,2.327910845770782,,0,0,,0,0,0,0,0,,,,False,False,False,False,False
2025-10-28,7.88,7.89,7.71,7.76,244373.2,-1.2722646310432628,1.36760777272422,,,,,,,,,,,,,,,,,,,,7.0754166666666665,7.5272,1.2222222222222223,0.45,2.2765330767443657,,0,0,,0,0,0,0,0,,,,False,False,False,False,False
2025-10-29,7.67,7.77,7.45,7.76,439245.69,0.0,2.458190258913879,,,,,,,,,,,,,,,,,,,,7.086666666666668,7.52664,1.5,0.45,2.28795218908073,,0,0,,0,0,0,0,0,,,,True,False,False,False,False
2025-10-30,7.73,7.93,7.55,7.63,393526.98,-1.675257731958757,2.202330519978003,,,,,,,,,,,,,,,,,,,,7.095666666666667,7.52548,1.2222222222222223,0.4,2.3002064003536953,,0,0,,0,0,0,0,0,,,,False,False,False,False,False
2025-10-31,7.63,7.92,7.63,7.66,404896.83,0.3931847968545288,2.2659606366794605,,,,,,,,,,,,,,,,,,,,7.103666666666667,7.521319999999999,1.2222222222222223,0.45,2.3168432454987875,,0,0,,0,0,0,0,0,,,,True,False,False,False,False
2025-11-03,7.7,7.72,7.4,7.52,473277.6,-1.8276762402088864,2.648646105285949,,,,,,,,,,,,,,,,,,,,7.110666666666666,7.51312,1.0,0.4,2.2308834844753034,,0,0,,0,0,0,0,0,,,,False,False,False,False,False
2025-11-04,7.49,7.51,7.27,7.34,344886.0,-2.393617021276595,1.9301166179587832,,,,,,,,,,,,,,,,,,,,7.117500000000001,7.50604,1.0,0.4,2.174168527692117,,0,0,,0,0,0,0,0,,,,False,False,False,False,False
2025-11-05,7.27,7.59,7.23,7.51,375495.96,2.3160762942779245,2.1014218970105674,,,,,,,,,,,,,,,,,,,,7.124666666666667,7.49712,1.0,0.4,2.1570859832362013,,0,0,,0,0,0,0,0,,,,True,False,False,False,False
2025-11-06,7.55,7.63,7.42,7.47,282153.8,-0.5326231691078598,1.5790427509386258,,,,,,,,,,,,,,,,,,,,7.13125,7.4888,0.8181818181818182,0.35,2.077198386687866,,0,0,,0,0,0,0,0,,,,False,False,False,False,False
2025-11-07,7.42,7.57,7.36,7.5,239954.45,0.40160642570281624,1.3428787236888708,,,,,,,,,,,,,,,,,,,,7.13825,7.48284,0.8181818181818182,0.4,2.0291327376465498,,0,0,,0,0,0,0,0,,,,True,False,False,False,False
2025-11-10,7.52,7.67,7.51,7.57,264778.8,0.9333333333333416,1.4818054718463058,,,,,,,,,,,,,,,,,,,,7.146583333333334,7.477600000000001,0.8181818181818182,0.4,1.980550474636453,,0,0,,0,0,0,0,0,,,,True,False,False,False,False
2025-11-11,7.6,7.8,7.58,7.62,282897.39,0.6605019815059343,1.5832041707003672,,,,,,,,,,,,,,,,,,,,7.155666666666666,7.47156,1.0,0.45,1.9241950915176673,,0,0,,0,0,0,0,0,,,,True,False,False,False,False
2025-11-12,7.58,7.63,7.25,7.31,402688.0,-4.0682414698162805,2.2535991621944254,,,,,,,,,,,,,,,,,,,,7.1617500000000005,7.4646799999999995,0.8181818181818182,0.4,1.9233376154149977,,0,0,,0,0,0,0,0,,,,False,False,False,False,False
2025-11-13,7.32,7.49,7.3,7.42,281220.45,1.5047879616963078,1.5738193601794421,,,,,,,,,,,,,,,,,,,,7.168666666666667,7.45652,1.0,0.45,1.8921751773050008,,0,0,,0,0,0,0,0,,,,True,False,False,False,False
2025-11-14,7.37,7.63,7.33,7.46,249325.33,0.5390835579514919,1.3953218243450227,,,,,,,,,,,,,,,,,,,,7.1762500000000005,7.44824,1.2222222222222223,0.5,1.8265949620745061,,0,0,,0,0,0,0,0,,,,True,False,False,False,False
2025-11-17,7.47,7.48,7.28,7.41,216714.0,-0.6702412868632712,1.212816097911541,,,,,,,,,,,,,,,,,,,,7.1844166666666665,7.4388,1.2222222222222223,0.5,1.7942426334789026,,0,0,,0,0,0,0,0,,,,False,False,False,False,False
2025-11-18,7.38,7.46,7.19,7.23,286540.11,-2.429149797570851,1.6035902530770678,,,,,,,,,,,,,,,,,,,,7.192000000000001,7.428839999999999,1.0,0.45,1.7735127396706971,,0,0,,0,0,0,0,0,,,,False,False,False,False,False
2025-11-19,7.2,7.29,7.11,7.13,172572.85,-1.3831258644536715,0.9657850002421333,,,,,,,,,,,,,,,,,,,,7.198583333333334,7.419560000000001,1.0,0.4,1.7536938234551251,,0,0,,0,0,0,0,0,,,,False,False,False,False,False
2025-11-20,7.14,7.22,7.1,7.13,127934.1,0.0,0.7159691388273248,,,,,,,,,,,,,,,,,,,,7.205166666666667,7.409799999999999,0.8181818181818182,0.4,1.7217256030983994,,0,0,,0,0,0,0,0,,,,False,False,False,False,False
2025-11-21,7.06,7.1,6.88,6.89,276192.0,-3.3660589060308554,1.5456781920613543,,,,,,,,,,,,,,,,,,,,7.209666666666666,7.40024,0.6666666666666666,0.35,1.7112986691777476,,0,0,,0,0,0,0,0,,,,False,False,False,False,False
2025-11-24,6.92,7.08,6.92,7.01,205269.0,1.7416545718432541,1.1487654124892905,,,,,,,,,,,,,,,,,,,,7.2130833333333335,7.39124,0.8181818181818182,0.4,1.668827468352632,,0,0,,0,0,0,0,0,,,,True,False,False,False,False
2025-11-25,7.05,7.05,6.96,6.96,201451.32,-0.7132667617688937,1.1274001856895688,,,,,,,,,,,,,,,,,,,,7.215916666666668,7.38304,0.8181818181818182,0.4,1.6568170890008993,,0,0,,0,0,0,0,0,,,,False,False,False,False,False
2025-11-26,6.96,7.07,6.91,6.96,198214.2,0.0,1.1092839991632186,,,,,,,,,,,,,,,,,,,,7.218583333333332,7.376360000000001,0.7272727272727273,0.4,1.589371776013366,,0,0,,0,0,0,0,0,,,,False,False,False,False,False
2025-11-27,6.96,7.09,6.93,6.97,201695.02,0.1436781609195359,1.1287640259724347,,,,,,,,,,,,,,,,,,,,7.220666666666667,7.36976,0.9,0.45,1.5356934513130878,,0,0,,0,0,0,0,0,,,,True,False,False,False,False
2025-11-28,6.97,7.09,6.92,7.06,168820.99,1.2912482065997155,0.9447881278429786,,,,,,,,,,,,,,,,,,,,7.223833333333333,7.3632,0.9,0.45,1.4696348258712635,,0,0,,0,0,0,0,0,,,,True,False,False,False,False
2025-12-01,7.05,7.08,6.99,7.05,180074.5,-0.14164305949008194,1.007767160512804,,,,,,,,,,,,,,,,,,,,7.227416666666667,7.35612,1.0,0.45,1.3875908786326066,,0,0,,0,0,0,0,0,,,,False,False,False,False,False
2025-12-02,7.03,7.04,6.93,7.0,132074.4,-0.7092198581560294,0.7391398730216231,,,,,,,,,,,,,,,,,,,,7.2295,7.3494399999999995,1.0,0.45,1.3280420413857483,,0,0,,0,0,0,0,0,,,,False,False,False,False,False
2025-12-03,7.0,7.08,6.99,7.02,217447.99,0.28571428571428914,1.216923792327712,,,,,,,,,,,,,,,,,,,,7.2330000000000005,7.34432,1.0,0.45,1.2838171361516055,,0,0,,0,0,0,0,0,,,,True,False,False,False,False
2025-12-04,7.02,7.04,6.93,6.95,148977.06,-0.9971509971509862,0.8337337531840745,,,,,,,,,,,,,,,,,,,,7.235416666666667,7.33836,1.0,0.45,1.2465516862638781,,0,0,,0,0,0,0,0,,,,False,False,False,False,False
2025-12-05,6.95,7.15,6.93,7.09,220668.16,2.0143884892086295,1.2349451200407893,,,,,,,,,,,,,,,,,,,,7.239,7.33252,1.0,0.45,1.241155006081474,,0,0,,0,0,0,0,0,,,,True,False,False,False,False
2025-12-08,7.07,7.11,6.97,6.98,232335.13,-1.5514809590973067,1.300238036187651,,,,,,,,,,,,,,,,,,,,7.240416666666666,7.32404,0.8,0.4,1.2320766342985412,,0,0,,0,0,0,0,0,,,,False,False,False,False,False
2025-12-09,6.97,6.99,6.75,6.77,328666.0,-3.008595988538698,1.8393431695054057,,,,,,,,,,,,,,,,,,,,7.237666666666667,7.31512,0.6363636363636364,0.35,1.244883584238793,,0,0,,0,0,0,0,0,,,,False,False,False,False,False
2025-12-10,6.78,6.79,6.67,6.78,130890.38,0.1477104874446189,0.7325136351401331,,,,,,,,,,,,,,,,,,,,7.2348333333333334,7.3056399999999995,0.7,0.4,1.1688293078860785,,0,0,,0,0,0,0,0,,,,False,False,False,False,False
2025-12-11,6.79,6.91,6.77,6.81,207362.09,0.4424778761061843,1.1604791607767924,,,,,,,,,,,,,,,,,,,,7.2324166666666665,7.29548,0.7,0.4,1.148162297915946,,0,0,,0,0,0,0,0,,,,True,False,False,False,False
2025-12-12,6.82,6.88,6.76,6.84,176703.04,0.4405286343612369,0.9888991549318777,,,,,,,,,,,,,,,,,,,,7.231583333333333,7.28488,0.7,0.4,1.1278411644452888,,0,0,,0,0,0,0,0,,,,True,False,False,False,False
2025-12-15,6.81,6.95,6.77,6.81,208782.19,-0.43859649122807154,1.1684265944481018,,,,,,,,,,,,,,,,,,,,7.23175,7.27604,0.7777777777777778,0.4,1.125621689272117,,0,0,,0,0,0,0,0,,,,False,False,False,False,False
2025-12-16,6.79,6.8,6.54,6.6,229702.33,-3.083700440528636,1.2855038601649598,,,,,,,,,,,,,,,,,,,,7.228666666666666,7.266160000000001,0.7777777777777778,0.4,1.1097173696265112,,0,0,,0,0,0,0,0,,,,False,False,False,False,False
2025-12-17,6.58,6.66,6.53,6.65,126958.0,0.7575757575757791,0.7105065023886478,,,,,,,,,,,,,,,,,,,,7.225666666666666,7.2565599999999995,1.0,0.45,1.0969534447338372,,0,0,,0,0,0,0,0,,,,True,False,False,False,False
2025-12-18,6.63,6.72,6.58,6.65,128364.86,0.0,0.7183798398541915,,,,,,,,,,,,,,,,,,,,7.222250000000001,7.24724,1.2857142857142858,0.45,1.0970739797851805,,0,0,,0,0,0,0,0,,,,True,False,False,False,False
2025-12-19,6.64,6.7,6.61,6.67,133060.1,0.3007518796992459,0.7446562348058705,,,,,,,,,,,,,,,,,,,,7.219166666666666,7.23816,1.6666666666666667,0.5,1.0570228819224063,,0,0,,0,0,0,0,0,,,,True,False,False,False,False
2025-12-22,6.67,6.76,6.65,6.69,154728.7,0.2998500749625155,0.8659221747045667,,,,,,,,,,,,,,,,,,,,7.216166666666666,7.2292,1.6666666666666667,0.5,1.0428807200331702,,0,0,,0,0,0,0,0,,,,True,False,False,False,False
2025-12-23,6.69,6.73,6.58,6.6,165124.96,-1.3452914798206428,0.9241037019066571,,,,,,,,,,,,,,,,,,,,7.211666666666667,7.219720000000001,1.6666666666666667,0.5,1.0327158958440246,,0,0,,0,0,0,0,0,,,,False,False,False,False,False
2025-12-24,6.6,6.73,6.54,6.72,193807.0,1.81818181818183,1.084619588434259,,,,,,,,,,,,,,,,,,,,7.208666666666667,7.21088,1.8333333333333333,0.55,1.0314826753075765,,0,0,,0,0,0,0,0,,,,True,False,False,False,False
2025-12-25,6.72,6.9,6.69,6.87,251472.7,2.2321428571428603,1.407339344690604,,,,,,,,,,,,,,,,,,,,7.207,7.2032,1.8333333333333333,0.55,1.045411441243485,,0,0,,0,0,0,0,0,,,,True,False,True,False,False
2025-12-26,6.86,6.9,6.82,6.88,182345.0,0.14556040756914523,1.0204737643792277,,,,,,,,,,,,,,,,,,,,7.205416666666666,7.196440000000001,1.8333333333333333,0.55,1.0491957230702975,,0,0,,0,0,0,0,0,,,,True,False,False,False,False
2025-12-29,6.89,6.98,6.85,6.88,181416.8,0.0,1.0152791950293865,,,,,,,,,,,,,,,,,,,,7.205,7.1898800000000005,1.5714285714285714,0.55,1.0495713247961267,,0,0,,0,0,0,0,0,,,,False,False,False,False,False
2025-12-30,6.83,6.97,6.82,6.84,174318.02,-0.5813953488372103,0.9755516524639201,,,,,,,,,,,,,,,,,,,,7.204666666666667,7.1833599999999995,2.0,0.55,1.0613919137682415,,0,0,,0,0,0,0,0,,,,True,False,False,False,False
2025-12-31,6.84,6.89,6.69,6.86,190796.66,0.29239766081872176,1.0678208518213244,,,,,,,,,,,,,,,,,,,,7.202583333333334,7.17612,2.0,0.55,1.0539367667429222,,0,0,,0,0,0,0,0,,,,True,False,False,False,False
2026-01-05,6.86,6.95,6.82,6.94,193764.18,1.1661807580174877,1.084429002793133,,,,,,,,,,,,,,,,,,,,7.201499999999999,7.170280000000001,2.6,0.6,1.0664715292233748,,0,0,,0,0,0,0,0,,,,True,False,False,False,False
2026-01-06,6.93,7.08,6.91,7.07,274797.05,1.8731988472622474,1.5379410730197642,,,,,,,,,,,,,,,,,,,,7.201666666666667,7.1642,2.6,0.6,1.0816213268723236,,0,0,,0,0,0,0,0,,,,True,False,True,True,False
2026-01-07,7.04,7.13,6.96,6.99,224489.0,-1.1315417256011373,1.2563848612681026,,,,,,,,,,,,,,,,,,,,7.201250000000001,7.15904,2.6,0.6,1.0794286681263463,,0,0,,0,0,0,0,0,,,,False,False,False,False,False
2026-01-08,7.0,7.28,6.97,7.22,383987.0,3.290414878397696,2.1490382768142533,,,,,,,,,,,,,,,,,,,,7.202333333333333,7.1557200000000005,3.5,0.65,1.0949134234917888,,0,0,,0,0,0,0,0,,,,True,False,True,True,False
2026-01-09,7.27,7.41,7.14,7.19,391405.87,-0.41551246537395725,2.1905590460088065,,,,,,,,,,,,,,,,,,,,7.2065,7.152399999999999,2.8,0.6,1.1678156940352225,,0,0,,0,0,0,0,0,,,,False,False,False,False,False
2026-01-12,7.19,7.32,7.17,7.26,340465.63,0.9735744089012455,1.9054646923194771,,,,,,,,,,,,,,,,,,,,7.211083333333334,7.14984,2.8,0.6,1.2050649706123564,,0,0,,0,0,0,0,0,,,,True,False,False,False,False
2026-01-13,7.24,7.39,7.11,7.26,432152.88,0.0,2.4186055271546087,,,,,,,,,,,,,,,,,,,,7.215999999999999,7.147320000000001,2.8,0.55,1.276550289223493,,0,0,,0,0,0,0,0,,,,True,False,False,False,False
2026-01-14,7.34,7.34,7.05,7.14,403920.13,-1.6528925619834767,2.260596895587062,,,,,,,,,,,,,,,,,,,,7.22,7.14588,2.3333333333333335,0.55,1.3311588042804412,,0,0,,0,0,0,0,0,,,,False,False,False,False,False
2026-01-15,7.24,7.45,7.15,7.2,339203.55,0.8403361344537785,1.8984012807237678,,,,,,,,,,,,,,,,,,,,7.224166666666666,7.14428,2.3333333333333335,0.6,1.3618036753083815,,0,0,,0,0,0,0,0,,,,False,False,False,False,False
2026-01-16,7.2,7.25,7.11,7.15,223614.27,-0.694444444444442,1.2514893094606774,,,,,,,,,,,,,,,,,,,,7.227333333333333,7.143,1.8571428571428572,0.55,1.3888528156619828,,0,0,,0,0,0,0,0,,,,False,False,False,False,False
2026-01-19,7.1,7.32,7.09,7.3,334954.87,2.0979020979020824,1.8746229342017886,,,,,,,,,,,,,,,,,,,,7.2324166666666665,7.14228,1.8571428571428572,0.6,1.4466649703793628,,0,0,,0,0,0,0,0,,,,True,False,False,False,True
2026-01-20,7.31,7.36,7.19,7.25,238590.77,-0.6849315068493178,1.335307438076252,,,,,,,,,,,,,,,,,,,,7.235916666666666,7.14112,1.5,0.55,1.476197530542882,,0,0,,0,0,0,0,0,,,,False,False,False,False,False
2026-01-21,7.21,7.32,7.19,7.22,211974.0,-0.4137931034482789,1.1863428701737935,,,,,,,,,,,,,,,,,,,,7.239833333333333,7.139600000000001,1.5,0.5,1.4922185653163431,,0,0,,0,0,0,0,0,,,,True,False,False,False,False
2026-01-22,7.22,7.33,7.19,7.31,252064.22,1.2465373961218829,1.410713531956365,,,,,,,,,,,,,,,,,,,,7.24475,7.1380799999999995,1.8571428571428572,0.55,1.5165490568188287,,0,0,,0,0,0,0,0,,,,True,False,False,False,True
2026-01-23,7.31,7.54,7.31,7.52,428948.92,2.8727770177838563,2.400674105837268,,,,,,,,,,,,,,,,,,,,7.2515833333333335,7.137440000000001,1.8571428571428572,0.55,1.582351782688979,,0,0,,0,0,0,0,0,,,,True,False,True,True,True
2026-01-26,7.53,7.57,7.32,7.36,315195.89,-2.127659574468077,1.7640389708623856,,,,,,,,,,,,,,,,,,,,7.257583333333334,7.135479999999999,1.5,0.5,1.6001867639975682,,0,0,,0,0,0,0,0,,,,False,False,False,False,False
2026-01-27,7.31,7.53,7.27,7.45,381064.34,1.2228260869565188,2.132681191261581,,,,,,,,,,,,,,,,,,,,7.2655,7.13492,1.5,0.5,1.655797135341686,,0,0,,0,0,0,0,0,,,,True,False,False,False,False
2026-01-28,7.43,7.43,7.28,7.38,272437.8,-0.9395973154362469,1.5247371922775148,,,,,,,,,,,,,,,,,,,,7.272666666666666,7.13416,1.5,0.5,1.6812700352040924,,0,0,,0,0,0,0,0,,,,False,False,False,False,False
2026-01-29,7.36,7.52,7.28,7.5,331397.19,1.6260162601626105,1.8547118682108656,,,,,,,,,,,,,,,,,,,,7.281,7.13208,1.5,0.55,1.7252280459914395,,0,0,,0,0,0,0,0,,,,True,False,False,False,False
2026-01-30,7.33,7.98,7.27,7.87,1151625.49,4.933333333333345,6.445237100643954,,,,,,,,,,,,,,,,,,,,7.291833333333333,7.13232,1.5,0.55,1.9940988584325712,,0,0,,0,0,0,0,0,,,,True,False,True,True,True
2026-02-02,7.89,8.35,7.86,7.98,908815.64,1.3977128335451061,5.086316976687864,,,,,,,,,,,,,,,,,,,,7.3035,7.13276,1.5,0.55,2.1941932571273073,,0,0,,0,0,0,0,0,,,,True,False,False,False,True
2026-02-03,8.06,8.7,8.01,8.59,1152590.81,7.644110275689209,6.450639652369336,,,,,,,,,,,,,,,,,,,,7.3204166666666675,7.136639999999999,1.5,0.55,2.439828186094786,,0,0,,0,0,0,0,0,,,,True,False,True,True,True
2026-02-04,8.55,8.86,8.42,8.8,634283.08,2.4447031431897637,3.549856159858633,,,,,,,,,,,,,,,,,,,,7.3382499999999995,7.1421600000000005,1.8571428571428572,0.6,2.5545017510243127,,0,0,,0,0,0,0,0,,,,True,False,True,True,True
2026-02-05,8.69,8.8,8.45,8.63,597678.87,-1.931818181818179,3.3449954526405583,,,,,,,,,,,,,,,,,,,,7.354333333333333,7.14736,1.5,0.55,2.6142996098156277,,0,0,,0,0,0,0,0,,,,False,False,False,False,False
2026-02-06,8.56,9.14,8.52,8.93,777086.36,3.476245654692911,4.3490751823115374,,,,,,,,,,,,,,,,,,,,7.3732500000000005,7.154520000000001,1.8571428571428572,0.6,2.7222254166307644,,0,0,,0,0,0,0,0,,,,True,False,True,True,True
2026-02-09,9.05,9.56,9.01,9.37,905558.32,4.927211646136609,5.068086918483203,,,,,,,,,,,,,,,,,,,,7.3957500000000005,7.1636,1.8571428571428572,0.6,2.880356527938951,,0,0,,0,0,0,0,0,,,,True,False,True,True,True
2026-02-10,9.36,9.41,8.97,9.15,505321.52,-2.347918890074696,2.828104307119666,,,,,,,,,,,,,,,,,,,,7.417583333333334,7.171399999999999,1.5,0.6,2.9008314669372037,,0,0,,0,0,0,0,0,,,,False,False,False,False,False
2026-02-11,9.31,9.82,9.31,9.56,855218.86,4.480874316939887,4.786354916165,,,,,,,,,,,,,,,,,,,,7.4399999999999995,7.18012,1.8571428571428572,0.65,3.0271193679661006,,0,0,,0,0,0,0,0,,,,True,False,False,False,True
2026-02-12,9.57,9.84,9.41,9.68,467509.0,1.2552301255229992,2.6164811198169593,,,,,,,,,,,,,,,,,,,,7.4635,7.18936,2.3333333333333335,0.65,3.06302335992076,,0,0,,0,0,0,0,0,,,,True,False,False,False,True
2026-02-13,9.6,9.67,9.39,9.46,386524.67,-2.2727272727272596,2.1632407106568654,,,,,,,,,,,,,,,,,,,,7.485083333333334,7.19812,2.3333333333333335,0.65,3.1086109299805695,,0,0,,0,0,0,0,0,,,,False,False,False,False,False
2026-02-24,9.56,9.75,9.3,9.69,480497.94,2.4312896405919604,2.6891755840442473,,,,,,,,,,,,,,,,,,,,7.507416666666667,7.2076400000000005,2.3333333333333335,0.65,3.149338562472692,,0,0,,0,0,0,0,0,,,,True,False,False,False,True
2026-02-25,9.71,10.06,9.68,9.81,429580.29,1.2383900928792713,2.4042076585274166,,,,,,,,,,,,,,,,,,,,7.531000000000001,7.2178,3.0,0.7,3.2027835734952506,,0,0,,0,0,0,0,0,,,,True,False,False,False,True
2026-02-26,9.76,10.55,9.67,10.38,658469.57,5.810397553516822,3.6852193174441377,,,,,,,,,,,,,,,,,,,,7.5592500000000005,7.23004,3.0,0.75,3.327727395858768,,0,0,,0,0,0,0,0,,,,True,False,True,True,True
2026-02-27,10.37,10.44,10.03,10.12,509935.48,-2.5048169556840194,2.853926995511955,,,,,,,,,,,,,,,,,,,,7.5840000000000005,7.241,2.3333333333333335,0.7,3.3998880690365474,,0,0,,0,0,0,0,0,,,,False,False,False,False,False
2026-03-02,9.9,10.26,9.77,9.87,469843.93,-2.4703557312252933,2.6295488901937736,,,,,,,,,,,,,,,,,,,,7.607083333333333,7.25156,1.8571428571428572,0.65,3.411331808254373,,0,0,,0,0,0,0,0,,,,False,False,False,False,False
2026-03-03,9.93,10.74,9.93,10.32,953318.23,4.55927051671734,5.335382099536739,,,,,,,,,,,,,,,,,,,,7.635833333333333,7.263280000000001,2.3333333333333335,0.7,3.5898989646880906,,0,0,,0,0,0,0,0,,,,True,False,False,False,False
2026-03-04,10.17,10.75,10.1,10.37,502324.6,0.4844961240309864,2.81133161483438,,,,,,,,,,,,,,,,,,,,7.664833333333333,7.27544,2.3333333333333335,0.7,3.62383148586673,,0,0,,0,0,0,0,0,,,,True,False,False,False,False
2026-03-05,10.64,10.75,10.25,10.43,489593.28,0.5785920925747368,2.7400789578580476,,,,,,,,,,,,,,,,,,,,7.694999999999999,7.28812,2.3333333333333335,0.75,3.684598574145757,,0,0,,0,0,0,0,0,,,,False,False,False,False,True
2026-03-06,10.4,10.95,10.3,10.67,542560.41,2.301054650047951,3.0365170919172644,,,,,,,,,,,,,,,,,,,,7.727,7.301679999999999,2.3333333333333335,0.75,3.7436888353310764,,0,0,,0,0,0,0,0,,,,True,False,False,False,True
2026-03-09,10.48,10.79,10.1,10.72,499450.5,0.46860356138707093,2.7952463022811114,,,,,,,,,,,,,,,,,,,,7.760416666666667,7.31504,2.3333333333333335,0.75,3.5611892954129347,,0,0,,0,0,0,0,0,,,,True,False,False,False,True
2026-03-10,10.58,11.3,10.53,10.87,601319.27,1.399253731343264,3.3653694729665444,,,,,,,,,,,,,,,,,,,,7.792583333333334,7.328720000000001,2.3333333333333335,0.75,3.4751419202268687,,0,0,,0,0,0,0,0,,,,True,False,False,False,True
2026-03-11,10.96,11.24,10.77,11.05,564346.72,1.6559337626494974,3.1584472981496137,,,,,,,,,,,,,,,,,,,,7.825666666666667,7.343520000000001,2.3333333333333335,0.75,3.3105323025158824,,0,0,,0,0,0,0,0,,,,True,False,False,False,True
2026-03-12,11.0,11.58,10.7,11.29,827470.16,2.1719457013574583,4.631055339794353,,,,,,,,,,,,,,,,,,,,7.8565,7.35984,2.3333333333333335,0.75,3.3645922615126684,,0,0,,0,0,0,0,0,,,,True,False,False,False,True
2026-03-13,11.5,12.42,11.31,12.42,1145742.32,10.008857395925608,6.412311096589115,,,,,,,,,,,,,,,,,,,,7.895666666666667,7.38028,3.0,0.8,3.5179580437100966,,0,0,,0,0,0,0,0,,,,True,False,True,True,True
2026-03-16,12.8,13.4,11.94,12.19,1540641.94,-1.85185185185186,8.62242341518168,,,,,,,,,,,,,,,,,,,,7.934666666666667,7.39992,2.3333333333333335,0.75,3.731625455353604,,0,0,,0,0,0,0,0,,,,False,False,False,False,False
2026-03-17,11.99,12.75,11.58,11.79,1407989.35,-3.281378178835115,7.880014184065659,,,,,,,,,,,,,,,,,,,,7.970333333333333,7.417680000000001,1.8571428571428572,0.7,3.8722218186327266,,0,0,,0,0,0,0,0,,,,False,False,False,False,False
2026-03-18,11.8,11.88,10.98,11.62,1282057.38,-1.4418999151823542,7.175217865949097,,,,,,,,,,,,,,,,,,,,8.004833333333332,7.434519999999999,1.8571428571428572,0.7,4.089577496574198,,0,0,,0,0,0,0,0,,,,False,False,False,False,False
2026-03-19,11.66,11.66,11.1,11.2,720099.65,-3.6144578313253017,4.030140892713938,,,,,,,,,,,,,,,,,,,,8.036833333333332,7.449520000000001,1.5,0.65,4.051766795401645,,0,0,,0,0,0,0,0,,,,False,False,False,False,False
2026-03-20,11.14,11.83,10.93,11.19,909739.95,-0.08928571428571397,5.091490010070874,,,,,,,,,,,,,,,,,,,,8.068999999999999,7.46468,1.5,0.6,4.175517239914341,,0,0,,0,0,0,0,0,,,,True,False,False,False,False
2026-03-23,11.08,11.48,10.89,10.95,669689.92,-2.144772117962468,3.7480156142699492,,,,,,,,,,,,,,,,,,,,8.098666666666666,7.47884,1.5,0.6,4.254755985094995,,0,0,,0,0,0,0,0,,,,False,False,False,False,False
2026-03-24,11.1,11.26,10.5,11.25,682842.25,2.7397260273972712,3.821624514048568,,,,,,,,,,,,,,,,,,,,8.127333333333333,7.49436,1.5,0.6,4.311378431595211,,0,0,,0,0,0,0,0,,,,True,False,False,False,False
2026-03-25,11.12,11.58,11.01,11.26,504239.21,0.0888888888888939,2.822047004092796,,,,,,,,,,,,,,,,,,,,8.154666666666666,7.51004,1.5,0.6,4.332270398873479,,0,0,,0,0,0,0,0,,,,True,False,False,False,False
2026-03-26,11.18,11.5,10.82,10.94,595442.29,-2.841918294849022,3.332478112133829,,,,,,,,,,,,,,,,,,,,8.17925,7.52388,1.2222222222222223,0.55,4.314633338607964,,0,0,,0,0,0,0,0,,,,False,False,False,False,False
2026-03-27,10.71,11.03,10.64,10.89,506325.9,-0.457038391224851,2.833725463732954,,,,,,,,,,,,,,,,,,,,8.204333333333333,7.53688,1.5,0.55,4.313623262019014,,0,0,,0,0,0,0,0,,,,True,False,False,False,False
2026-03-30,10.85,11.46,10.76,11.19,579599.46,2.754820936639102,3.2438114435146805,,,,,,,,,,,,,,,,,,,,8.2325,7.551200000000001,1.8571428571428572,0.6,4.3443363896850595,,0,0,,0,0,0,0,0,,,,True,False,False,False,False
2026-03-31,11.18,11.72,10.92,11.13,752404.71,-0.5361930294906059,4.210940790821898,,,,,,,,,,,,,,,,,,,,8.258916666666666,7.56544,1.5,0.55,4.288114324249318,,0,0,,0,0,0,0,0,,,,False,False,False,False,False
2026-04-01,11.2,11.67,11.2,11.52,706760.12,3.5040431266846195,3.955484301306645,,,,,,,,,,,,,,,,,,,,8.288916666666667,7.58076,1.5,0.55,4.345321958572931,,0,0,,0,0,0,0,0,,,,True,False,False,False,False
2026-04-02,11.48,11.8,11.19,11.29,574766.75,-1.996527777777779,3.2167644893971117,,,,,,,,,,,,,,,,,,,,8.31425,7.5945599999999995,1.5,0.5,4.369156235149884,,0,0,,0,0,0,0,0,,,,False,False,False,False,False
2026-04-03,11.3,11.34,10.2,10.99,1031937.88,-2.6572187776793488,5.77538823818138,,,,,,,,,,,,,,,,,,,,8.338083333333334,7.60708,1.2222222222222223,0.45,4.50609979246309,,0,0,,0,0,0,0,0,,,,False,False,False,False,False
2026-04-07,11.07,11.1,10.78,11.06,460255.62,0.6369426751592355,2.575886539124699,,,,,,,,,,,,,,,,,,,,8.361833333333333,7.620400000000001,1.0,0.45,4.495131804305268,,0,0,,0,0,0,0,0,,,,False,False,False,False,False
2026-04-08,11.2,11.29,10.96,11.07,589934.74,0.09041591320071429,3.301654319241184,,,,,,,,,,,,,,,,,,,,8.383000000000001,7.63388,0.8181818181818182,0.45,4.4919460466190015,,0,0,,0,0,0,0,0,,,,False,False,False,False,False
2026-04-09,10.91,11.53,10.71,11.31,678664.27,2.168021680216814,3.798241850208999,,,,,,,,,,,,,,,,,,,,8.406666666666666,7.6491999999999996,0.8181818181818182,0.45,4.52393577422197,,0,0,,0,0,0,0,0,,,,True,False,False,False,False
2026-04-10,11.4,11.73,11.35,11.39,519836.0,0.7073386383731117,2.9093366745905826,,,,,,,,,,,,,,,,,,,,8.430333333333333,7.66532,0.6666666666666666,0.45,4.437849840961782,,0,0,,0,0,0,0,0,,,,False,False,False,False,False
2026-04-13,11.33,11.98,11.28,11.66,547514.06,2.3705004389815487,3.064240904077418,,,,,,,,,,,,,,,,,,,,8.457583333333334,7.68288,0.6666666666666666,0.45,4.270446331336197,,0,0,,0,0,0,0,0,,,,True,False,False,False,False
2026-04-14,11.68,11.96,11.16,11.94,561562.0,2.401372212692965,3.142862213575891,,,,,,,,,,,,,,,,,,,,8.485833333333334,7.7012,0.8181818181818182,0.5,3.9964682712559076,,0,0,,0,0,0,0,0,,,,True,False,False,False,False
2026-04-15,11.92,12.12,11.76,11.86,446452.0,-0.670016750418756,2.498632601521085,,,,,,,,,,,,,,,,,,,,8.516,7.719120000000001,0.8181818181818182,0.5,3.7273991921286784,,0,0,,0,0,0,0,0,,,,False,False,False,False,False
2026-04-16,11.88,12.28,11.8,12.16,444334.2,2.5295109612141653,2.4867800303073793,,,,,,,,,,,,,,,,,,,,8.552416666666666,7.73844,1.0,0.55,3.492977300346593,,0,0,,0,0,0,0,0,,,,True,False,True,True,False
2026-04-17,12.29,12.88,12.28,12.61,798652.31,3.7006578947368363,4.469772112222869,,,,,,,,,,,,,,,,,,,,8.593250000000001,7.76248,1.2222222222222223,0.6,3.5149588613220404,,0,0,,0,0,0,0,0,,,,True,False,True,True,True
2026-04-20,12.57,12.61,12.07,12.25,744264.08,-2.8548770816812064,4.165380588347901,,,,,,,,,,,,,,,,,,,,8.629416666666666,7.785,1.0,0.6,3.4686533902358905,,0,0,,0,0,0,0,0,,,,False,False,False,False,False
2026-04-21,12.17,12.38,11.86,12.22,434495.26,-0.2448979591836653,2.431714992524124,,,,,,,,,,,,,,,,,,,,8.665249999999999,7.80756,1.2222222222222223,0.6,3.4028383591486,,0,0,,0,0,0,0,0,,,,True,False,False,False,False
2026-04-22,12.18,13.08,12.08,13.05,658263.46,6.792144026186575,3.684065793290367,,,,,,,,,,,,,,,,,,,,8.708083333333333,7.83328,1.2222222222222223,0.6,3.3959604231106892,,0,0,,0,0,0,0,0,,,,True,False,True,True,True
2026-04-23,13.1,13.18,12.52,12.68,443195.44,-2.8352490421456045,2.480406796765345,,,,,,,,,,,,,,,,,,,,8.74625,7.857519999999999,1.0,0.55,3.378878412744317,,0,0,,0,0,0,0,0,,,,False,False,False,False,False
2026-04-24,12.63,13.24,12.1,12.29,568804.14,-3.075709779179814,3.1833938879972843,,,,,,,,,,,,,,,,,,,,8.783166666666666,7.8792800000000005,1.0,0.55,3.37142420153749,,0,0,,0,0,0,0,0,,,,False,False,False,False,False
2026-04-27,12.2,12.41,11.8,11.88,565638.2,-3.3360455655003896,3.165675251058801,,,,,,,,,,,,,,,,,,,,8.8175,7.8988000000000005,0.8181818181818182,0.55,3.388021690903782,,0,0,,0,0,0,0,0,,,,False,False,False,False,False
2026-04-28,11.81,11.86,11.26,11.37,603953.93,-4.292929292929304,3.380114725244334,,,,,,,,,,,,,,,,,,,,8.847583333333334,7.917,0.6666666666666666,0.5,3.3948368549902654,,0,0,,0,0,0,0,0,,,,False,False,False,False,False
2026-04-29,11.22,12.0,11.15,11.84,513201.8,4.1336851363236615,2.8722074235064543,,,,,,,,,,,,,,,,,,,,8.882666666666665,7.9371599999999995,0.8181818181818182,0.55,3.3279001866244924,,0,0,,0,0,0,0,0,,,,True,False,False,False,False
2026-04-30,11.84,12.1,11.28,12.02,652814.03,1.520270270270263,3.6535672773072214,,,,,,,,,,,,,,,,,,,,8.919000000000002,7.95788,0.8181818181818182,0.55,3.3128043354245214,,0,0,,0,0,0,0,0,,,,True,False,False,False,False
2026-05-06,12.02,12.19,11.62,11.66,562321.94,-2.9950083194675514,3.1471153266971217,,,,,,,,,,,,,,,,,,,,8.953499999999998,7.97684,0.8181818181818182,0.55,3.309321877289522,,0,0,,0,0,0,0,0,,,,False,False,False,False,False
2026-05-07,11.66,11.8,11.37,11.69,405668.6,0.2572898799313883,2.2703824585250296,,,,,,,,,,,,,,,,,,,,8.989749999999999,7.99604,1.0,0.6,3.1340715883067047,,0,0,,0,0,0,0,0,,,,True,False,False,False,False
2026-05-08,11.66,11.8,11.5,11.68,455302.16,-0.08554319931565191,2.548163790326775,,,,,,,,,,,,,,,,,,,,9.0245,8.01548,1.2222222222222223,0.55,3.1326854508668083,,0,0,,0,0,0,0,0,,,,True,False,False,False,False
2026-05-11,11.68,11.82,11.28,11.31,539396.57,-3.167808219178081,3.0188102079297443,,,,,,,,,,,,,,,,,,,,9.0565,8.03328,1.2222222222222223,0.5,3.1185432453012365,,0,0,,0,0,0,0,0,,,,False,False,False,False,False
2026-05-12,11.31,11.86,11.12,11.56,587067.03,2.2104332449160102,3.2856047692387023,,,,,,,,,,,,,,,,,,,,9.090333333333332,8.05256,1.2222222222222223,0.5,3.0929113912527213,,0,0,,0,0,0,0,0,,,,True,False,False,False,False
2026-05-13,11.56,11.9,11.4,11.48,430148.91,-0.692041522491349,2.4073900218495137,,,,,,,,,,,,,,,,,,,,9.122916666666667,8.07264,1.2222222222222223,0.45,3.067814058615668,,0,0,,0,0,0,0,0,,,,False,False,False,False,False
2026-05-14,11.51,11.91,11.26,11.67,646076.33,1.6550522648083543,3.6158587736399324,,,,,,,,,,,,,,,,,,,,9.156666666666666,8.09372,1.2222222222222223,0.45,3.095394952093794,,0,0,,0,0,0,0,0,,,,True,False,False,False,False
2026-05-15,11.87,12.84,11.81,12.44,1359067.94,6.598114824335899,7.606218501801094,,,,,,,,,,,,,,,,,,,,9.199416666666666,8.11784,1.2222222222222223,0.45,3.318562766505054,,0,0,,0,0,0,0,0,,,,True,False,True,True,False
2026-05-18,12.38,12.56,11.77,12.05,838141.15,-3.1350482315112393,4.690777064648325,,,,,,,,,,,,,,,,,,,,9.238000000000001,8.13984,1.2222222222222223,0.45,3.4281699896614155,,0,0,,0,0,0,0,0,,,,False,False,False,False,False
2026-05-19,11.98,12.1,11.6,11.96,507946.02,-0.7468879668049766,2.842792697501369,,,,,,,,,,,,,,,,,,,,9.275500000000001,8.16088,1.0,0.4,3.4459706230211156,,0,0,,0,0,0,0,0,,,,False,False,False,False,False
2026-05-20,11.95,12.19,11.79,11.81,356782.75,-1.2541806020066937,1.9967857928967658,,,,,,,,,,,,,,,,,,,,9.312166666666666,8.1814,0.8181818181818182,0.35,3.3223213070548097,,0,0,,0,0,0,0,0,,,,False,False,False,False,False
2026-05-21,11.82,12.03,11.19,11.23,498028.96,-4.911092294665542,2.7872904499423017,,,,,,,,,,,,,,,,,,,,9.3455,8.200239999999999,0.8181818181818182,0.35,3.25341680013453,,0,0,,0,0,0,0,0,,,,False,False,False,False,False
2026-05-22,11.31,11.79,11.11,11.63,486606.7,3.5618878005342802,2.7233641348646445,,,,,,,,,,,,,,,,,,,,9.383000000000001,8.22016,0.8181818181818182,0.4,3.2679992572515566,,0,0,,0,0,0,0,0,,,,True,False,False,False,False
2026-05-25,11.71,12.55,11.58,12.44,699927.74,6.96474634565778,3.9172459074502384,,,,,,,,,,,,,,,,,,,,9.427249999999999,8.2432,0.8181818181818182,0.4,3.2796582629595497,,0,0,,0,0,0,0,0,,,,True,False,False,False,False
2026-05-26,12.46,12.79,11.83,12.17,664797.04,-2.170418006430863,3.7206319101240823,,,,,,,,,,,,,,,,,,,,9.471250000000001,8.265240000000002,0.8181818181818182,0.4,3.3416695186274863,,0,0,,0,0,0,0,0,,,,False,False,False,False,False
2026-05-27,12.22,12.28,11.64,11.89,539428.56,-2.300739523418238,3.018989244549409,,,,,,,,,,,,,,,,,,,,9.511916666666666,8.286520000000001,0.8181818181818182,0.4,3.3334492864550933,,0,0,,0,0,0,0,0,,,,False,False,False,False,False
2026-05-28,11.9,12.05,11.33,11.49,493776.76,-3.3641715727502186,2.7634924032358517,,,,,,,,,,,,,,,,,,,,9.549666666666667,8.306359999999998,0.8181818181818182,0.4,3.3133401440639454,,0,0,,0,0,0,0,0,,,,False,False,False,False,False
2026-05-29,11.49,11.75,10.8,11.03,603389.13,-4.0034812880765935,3.3769537410997024,,,,,,,,,,,,,,,,,,,,9.583583333333333,8.32416,0.8181818181818182,0.4,3.313182094856714,,0,0,,0,0,0,0,0,,,,False,False,False,False,False
2026-06-01,11.03,11.25,10.55,10.6,466023.06,-3.898458748866729,2.608164843648627,,,,,,,,,,,,,,,,,,,,9.613833333333334,8.3402,0.6666666666666666,0.35,3.2999799658638223,,0,0,,0,0,0,0,0,,,,False,False,False,False,False
2026-06-02,10.61,10.71,10.17,10.55,507292.15,-0.4716981132075415,2.8391332203366195,,,,,,,,,,,,,,,,,,,,9.642916666666668,8.356200000000001,0.5384615384615384,0.3,3.2592582630152926,,0,0,,0,0,0,0,0,,,,False,False,False,False,False
2026-06-03,10.52,10.85,10.31,10.5,401571.88,-0.4739336492891044,2.247454577921284,,,,,,,,,,,,,,,,,,,,9.671666666666665,8.372480000000001,0.5384615384615384,0.3,3.2142752255765004,,0,0,,0,0,0,0,0,,,,False,False,False,False,False
2026-06-04,10.4,10.46,9.88,9.99,551353.36,-4.857142857142859,3.0857280967588707,,,,,,,,,,,,,,,,,,,,9.696583333333333,8.38716,0.42857142857142855,0.25,3.2550425074881923,,0,0,,0,0,0,0,0,,,,False,False,False,False,False
2026-06-05,10.05,10.11,9.47,9.77,496315.16,-2.202202202202208,2.7776989226280846,,,,,,,,,,,,,,,,,,,,9.7195,8.400879999999999,0.3333333333333333,0.25,3.266519264103258,,0,0,,0,0,0,0,0,,,,False,False,False,False,False
2026-06-08,9.64,9.67,9.09,9.27,433172.26,-5.117707267144322,2.42431063341763,,,,,,,,,,,,,,,,,,,,9.738833333333334,8.412600000000001,0.3333333333333333,0.25,3.236794285377653,,0,0,,0,0,0,0,0,,,,False,False,False,False,False
2026-06-09,9.4,9.56,9.17,9.42,407682.08,1.6181229773462924,2.2816511879080554,,,,,,,,,,,,,,,,,,,,9.75825,8.42488,0.3333333333333333,0.25,3.18659660631112,,0,0,,0,0,0,0,0,,,,True,False,False,False,False
2026-06-10,9.42,9.44,8.8,9.19,412042.0,-2.441613588110403,2.306052105032458,,,,,,,,,,,,,,,,,,,,9.776666666666666,8.43524,0.3333333333333333,0.25,3.1815297104702673,,0,0,,0,0,0,0,0,,,,False,False,False,False,False
2026-06-11,9.14,9.77,9.1,9.7,510872.87,5.549510337323182,2.8591732329895336,,,,,,,,,,,,,,,,,,,,9.801083333333333,8.44756,0.3333333333333333,0.25,3.143695433437747,,0,0,,0,0,0,0,0,,,,True,False,False,False,False
2026-06-12,9.99,9.99,9.28,9.58,474876.57,-1.2371134020618513,2.6577147812094237,,,,,,,,,,,,,,,,,,,,9.824416666666668,8.459320000000002,0.25,0.2,2.8962702474081636,,0,0,,0,0,0,0,0,,,,False,False,False,False,False
2026-06-15,9.62,9.88,9.3,9.45,446590.01,-1.3569937369519947,2.4994049942650665,,,,,,,,,,,,,,,,,,,,9.846416666666666,8.47024,0.25,0.2,2.7867016438890007,,0,0,,0,0,0,0,0,,,,False,False,False,False,False
2026-06-16,9.38,9.88,9.32,9.55,423163.66,1.0582010582010692,2.3682960691294563,,,,,,,,,,,,,,,,,,,,9.869000000000002,8.481720000000001,0.3333333333333333,0.25,2.7629768124704053,,0,0,,0,0,0,0,0,,,,True,False,False,False,False
2026-06-17,9.5,9.56,9.13,9.2,380287.47,-3.664921465968596,2.1283333269690172,,,,,,,,,,,,,,,,,,,,9.888916666666665,8.492040000000001,0.3333333333333333,0.25,2.7695541891740176,,0,0,,0,0,0,0,0,,,,False,False,False,False,False
2026-06-18,9.16,9.32,9.02,9.07,321748.6,-1.4130434782608559,1.8007121514827282,,,,,,,,,,,,,,,,,,,,9.909500000000001,8.501320000000002,0.3333333333333333,0.25,2.7202252742510393,,0,0,,0,0,0,0,0,,,,False,False,False,False,False
2026-06-22,9.13,9.21,8.86,9.21,305967.34,1.5435501653803918,1.7123900681925188,,,,,,,,,,,,,,,,,,,,9.930833333333332,8.511759999999999,0.3333333333333333,0.25,2.6696765709174324,,0,0,,0,0,0,0,0,,,,True,False,False,False,False
2026-06-23,9.22,9.78,9.16,9.28,560562.45,0.7600434310531812,3.1372680887498166,,,,,,,,,,,,,,,,,,,,9.952750000000002,8.52224,0.3333333333333333,0.25,2.6306776799824116,,0,0,,0,0,0,0,0,,,,True,False,False,False,False
2026-06-24,9.28,9.32,8.8,8.96,429262.79,-3.44827586206895,2.4024307242747245,,,,,,,,,,,,,,,,,,,,9.971833333333333,8.53144,0.3333333333333333,0.25,2.5647676206899437,,0,0,,0,0,0,0,0,,,,False,False,False,False,False
2026-06-25,8.95,9.08,8.7,8.79,321275.59,-1.8973214285714524,1.7980648832280324,,,,,,,,,,,,,,,,,,,,9.989333333333333,8.53936,0.3333333333333333,0.25,2.503721402623875,,0,0,,0,0,0,0,0,,,,False,False,False,False,False
2026-06-26,8.79,9.01,8.45,8.46,356022.76,-3.7542662116040737,1.992532399943369,,,,,,,,,,,,,,,,,,,,10.004833333333332,8.544799999999999,0.3333333333333333,0.25,2.465173402459251,,0,0,,0,0,0,0,0,,,,False,False,False,False,False
2026-06-29,8.37,8.63,8.1,8.41,378441.34,-0.5910165484633634,2.1180011958448515,,,,,,,,,,,,,,,,,,,,10.018916666666666,8.549959999999999,0.42857142857142855,0.25,2.4022257751965084,,0,0,,0,0,0,0,0,,,,True,False,False,False,False
2026-06-30,8.4,8.79,8.33,8.43,327217.6,0.23781212841853527,1.831320193775559,,,,,,,,,,,,,,,,,,,,10.031916666666667,8.55528,0.5384615384615384,0.3,2.363383542702855,,0,0,,0,0,0,0,0,,,,True,False,False,False,False
2026-07-01,8.36,8.5,8.08,8.31,380768.61,-1.4234875444839812,2.1310260959338687,,,,,,,,,,,,,,,,,,,,10.043833333333334,8.56076,0.5384615384615384,0.3,2.327978186482717,,0,0,,0,0,0,0,0,,,,False,False,False,False,False
2026-07-02,8.16,8.41,8.16,8.2,372479.0,-1.3237063778580138,2.084632105538719,,,,,,,,,,,,,,,,,,,,10.054833333333333,8.5664,0.6666666666666666,0.3,2.319837062863589,,0,0,,0,0,0,0,0,,,,True,False,False,False,False
2026-07-03,8.24,8.61,8.2,8.52,437203.6,3.9024390243902474,2.446872605481404,,,,,,,,,,,,,,,,,,,,10.068833333333334,8.5726,0.8181818181818182,0.35,2.2878942882997158,,0,0,,0,0,0,0,0,,,,True,False,False,False,False
2026-07-06,8.43,8.72,7.85,7.95,596500.15,-6.690140845070413,3.3383985772316342,,,,,,,,,,,,,,,,,,,,10.077916666666669,8.576360000000001,0.8181818181818182,0.35,2.3159292710298933,,0,0,,0,0,0,0,0,,,,False,False,False,False,False
2026-07-07,8.12,8.26,7.77,7.78,290952.02,-2.1383647798742134,1.6283546778834337,,,,,,,,,,,,,,,,,,,,10.084916666666667,8.57924,0.8181818181818182,0.35,2.276131473253183,,0,0,,0,0,0,0,0,,,,False,False,False,False,False
2026-07-08,7.78,8.12,7.43,7.55,428179.0,-2.9562982005141403,2.396365138215747,,,,,,,,,,,,,,,,,,,,10.088916666666668,8.581280000000001,0.6666666666666666,0.3,2.2818671707685683,,0,0,,0,0,0,0,0,,,,False,False,False,False,False
2026-07-09,7.55,7.59,7.28,7.52,368725.1,-0.3973509933774877,2.063622866196416,,,,,,,,,,,,,,,,,,,,10.093333333333334,8.58316,0.6666666666666666,0.3,2.269745708826766,,0,0,,0,0,0,0,0,,,,False,False,False,False,False
2026-07-10,7.48,7.73,7.38,7.56,385357.08,0.5319148936170137,2.156706125888044,,,,,,,,,,,,,,,,,,,,10.096166666666667,8.58484,0.6666666666666666,0.3,2.234622353471692,,0,0,,0,0,0,0,0,,,,True,False,False,False,False
2026-07-13,7.6,7.75,7.17,7.36,520208.67,-2.64550264550264,2.9114223756549946,,,,,,,,,,,,,,,,,,,,10.097583333333334,8.585960000000002,0.6666666666666666,0.3,2.2473077331939697,,0,0,,0,0,0,0,0,,,,False,False,False,False,False
2026-07-14,7.28,7.7,7.22,7.62,549322.82,3.532608695652173,3.0743638886408813,,,,,,,,,,,,,,,,,,,,10.100583333333333,8.58816,0.8181818181818182,0.35,2.276055677912761,,0,0,,0,0,0,0,0,,,,True,False,False,False,False
2026-07-15,7.27,7.4,6.86,6.86,814454.72,-9.973753280839892,4.558212564519202,,,,,,,,,,,,,,,,,,,,10.09725,8.587320000000002,0.6666666666666666,0.3,2.3855515026822482,,0,0,,0,0,0,0,0,,,,False,False,False,False,False
2026-07-16,6.71,6.87,6.2,6.3,1047080.11,-8.163265306122458,5.860133898493643,,,,,,,,,,,,,,,,,,,,10.09025,8.5848,0.6666666666666666,0.3,2.5721415312584797,,0,0,,0,0,0,0,0,,,,False,False,False,False,False
2026-07-17,6.26,6.38,6.08,6.14,794472.19,-2.5396825396825418,4.4463774715666045,,,,,,,,,,,,,,,,,,,,10.081416666666666,8.581839999999998,0.6666666666666666,0.3,2.704424797262673,,0,0,,0,0,0,0,0,,,,False,False,False,False,False
2026-07-20,6.14,6.29,5.93,6.04,663694.0,-1.6287,,,,,,,,,,,,,,,,,,,,,10.072166666666668,8.577560000000002,0.5384615384615384,0.25,,,0,0,,0,0,0,0,0,,,,False,False,False,False,False
2026-07-21,6.0,6.08,5.8,6.07,636105.0,0.4967,,,,,,,,,,,,,,,,,,,,,10.061916666666667,8.573559999999999,0.5384615384615384,0.25,,,0,0,,0,0,0,0,0,,,,True,False,False,False,False
2026-07-22,6.05,6.22,5.99,6.06,503385.0,-0.1647,,,,,,,,,,,,,,,,,,,,,10.052,8.569599999999998,0.6666666666666666,0.25,,,0,0,,0,0,0,0,0,,,,True,False,False,False,False
2026-07-23,6.03,6.35,6.0,6.33,575183.0,4.4554,,,,,,,,,,,,,,,,,,,,,10.044583333333332,8.566759999999999,0.8181818181818182,0.3,,,0,0,,0,0,0,0,0,,,,True,False,False,False,False
2026-07-24,6.28,6.51,6.06,6.08,420385.0,-3.9494,,,,,,,,,,,,,,,,,,,,,10.034333333333334,8.56272,0.8181818181818182,0.3,,,0,0,,0,0,0,0,0,,,,False,False,False,False,False
2026-07-27,6.08,6.33,6.04,6.32,356393.0,3.9474,,,,,,,,,,,,,,,,,,,,,10.024333333333335,8.56124,0.8181818181818182,0.35,,,0,0,,0,0,0,0,0,,,,True,False,False,False,False
2026-07-28,6.4,6.6,6.33,6.41,614835.0,1.4241,,,,,,,,,,,,,,,,,,,,,10.016416666666666,8.56004,0.8181818181818182,0.35,,,0,0,,0,0,0,0,0,,,,True,False,False,False,False
2026-07-29,6.3,6.51,6.2,6.45,658360.0,0.624,,,,,,,,,,,,,,,,,,,,,10.008083333333333,8.55916,1.0,0.4,,,0,0,,0,0,0,0,0,,,,True,False,False,False,False
2026-07-30,6.36,6.51,6.23,6.3,410828.0,-2.3256,,,,,,,,,,,,,,,,,,,,,9.999083333333335,8.557720000000002,0.8181818181818182,0.4,,,0,0,,0,0,0,0,0,,,,False,False,False,False,False
2026-07-31,6.32,6.47,6.32,6.38,423057.0,1.2698,,,,,,,,,,,,,,,,,,,,,9.989749999999999,8.556439999999998,0.8181818181818182,0.4,,,0,0,,0,0,0,0,0,,,,True,False,False,False,False
2026-08-03,6.47,6.87,6.45,6.79,678399.0,6.4263,,,,,,,,,,,,,,,,,,,,,9.980749999999999,8.556519999999999,1.0,0.45,,,0,0,,0,0,0,0,0,,,,True,False,True,True,False
2026-08-04,6.77,6.98,6.7,6.92,503149.0,1.9146,,,,,,,,,,,,,,,,,,,,,9.971916666666665,8.557439999999998,1.2222222222222223,0.5,,,0,0,,0,0,0,0,0,,,,True,False,True,True,False
2026-08-05,6.9,6.98,6.82,6.9,471051.0,-0.289,,,,,,,,,,,,,,,,,,,,,9.957833333333333,8.55772,1.375,0.5,,,0,0,,0,0,0,0,0,,,,False,False,False,False,False
2026-08-06,6.88,6.94,6.58,6.65,546320.0,-3.6232,,,,,,,,,,,,,,,,,,,,,9.939916666666667,8.557319999999999,1.375,0.5,,,0,0,,0,0,0,0,0,,,,False,False,False,False,False
2026-08-07,6.61,6.69,6.48,6.67,432890.0,0.3008,,,,,,,,,,,,,,,,,,,,,9.923583333333333,8.557120000000001,1.375,0.5,,,0,0,,0,0,0,0,0,,,,True,False,False,False,False
2026-08-10,6.63,6.74,6.54,6.71,348945.0,0.5997,,,,,,,,,,,,,,,,,,,,,9.905083333333334,8.55716,1.7142857142857142,0.55,,,0,0,,0,0,0,0,0,,,,True,False,False,False,False
2026-08-11,6.68,6.69,6.51,6.61,271369.0,-1.4903,,,,,,,,,,,,,,,,,,,,,9.882083333333332,8.557039999999999,1.375,0.5,,,0,0,,0,0,0,0,0,,,,False,False,False,False,False
2026-08-12,6.61,6.75,6.59,6.72,288270.0,1.6641,,,,,,,,,,,,,,,,,,,,,9.861833333333333,8.55792,1.7142857142857142,0.55,,,0,0,,0,0,0,0,0,,,,True,False,False,False,False
2026-08-13,6.75,6.79,6.61,6.64,301242.0,-1.1905,,,,,,,,,,,,,,,,,,,,,9.8375,8.558399999999999,1.7142857142857142,0.55,,,0,0,,0,0,0,0,0,,,,False,False,False,False,False
2026-08-14,6.65,6.65,6.49,6.54,286828.0,-1.506,,,,,,,,,,,,,,,,,,,,,9.811333333333334,8.55856,1.7142857142857142,0.55,,,0,0,,0,0,0,0,0,,,,False,False,False,False,False
2026-08-17,6.58,6.58,6.43,6.55,313752.0,0.1529,,,,,,,,,,,,,,,,,,,,,9.787083333333333,8.55848,1.7142857142857142,0.6,,,0,0,,0,0,0,0,0,,,,False,False,False,False,False
2026-08-18,6.53,6.53,6.33,6.37,361196.0,-2.7481,,,,,,,,,,,,,,,,,,,,,9.759416666666668,8.55764,1.375,0.55,,,0,0,,0,0,0,0,0,,,,False,False,False,False,False
2026-08-19,6.38,6.39,6.06,6.08,408445.0,-4.5526,,,,,,,,,,,,,,,,,,,,,9.728333333333333,8.555719999999999,1.1111111111111112,0.55,,,0,0,,0,0,0,0,0,,,,False,False,False,False,False
2026-08-20,6.12,6.18,6.06,6.11,284741.0,0.4934,,,,,,,,,,,,,,,,,,,,,9.692749999999998,8.55352,0.9,0.55,,,0,0,,0,0,0,0,0,,,,False,False,False,False,False
2026-08-21,6.07,6.18,6.04,6.15,242027.0,0.6547,,,,,,,,,,,,,,,,,,,,,9.659666666666668,8.55132,1.1111111111111112,0.6,,,0,0,,0,0,0,0,0,,,,True,False,False,False,False
2026-08-24,6.13,6.2,5.97,6.04,277631.0,-1.7886,,6.15,6.381,6.4995,6.460333333333334,7.699,9.3272,8.7935,32.186870428556134,-0.2997458080042321,-0.31070532310103205,314808.0,303550.1,23.411512713320334,12.25889434082812,18.874742403551664,-0.9728017846189729,7.031565488648276,6.4995,5.967434511351724,9.627749999999999,8.54884,0.9,0.55,,0.8819057965490077,0,0,-0.2154825301987271,0,0,1,0,0,0.06819225283022005,0.16372505228041415,23.411512713320334,False,False,False,False,False
2026-08-25,6.03,6.16,5.99,6.12,232350.0,1.3245,,6.1000000000000005,6.332,6.485000000000001,6.410333333333333,7.624333333333334,9.277099999999999,8.78595,35.108645744622564,-0.2955675893044507,-0.3076777763417158,289038.8,299648.2,33.282893612312066,14.270157202828514,17.33988066997728,8.130710268530983,7.042532156259315,6.485000000000001,5.927467843740687,9.59275,8.54664,0.9,0.55,,0.8038713141626661,0,0,-0.19730686836007527,0,0,1,0,0,0.1726646204149741,0.17194515227735202,33.282893612312066,True,True,False,False,False
2026-08-26,6.12,6.23,6.12,6.2,201252.0,1.3072,,6.1240000000000006,6.279999999999999,6.472499999999999,6.388333333333334,7.551833333333334,9.2239,8.77865,37.98608941380775,-0.2825439981373341,-0.3026510207008395,247600.2,290946.4,42.21957716625272,20.787947939140587,18.489236426365046,25.385370964691667,7.044362147540362,6.472499999999999,5.900637852459637,9.558,8.54532,0.9,0.55,,0.8128103289092657,0,0,-0.1790073050694092,0,0,1,1,1,0.26174327923954277,0.17670518270849364,42.21957716625272,True,True,False,False,False
2026-08-27,6.16,6.21,6.08,6.2,211292.0,0.0,,6.142,6.236000000000001,6.467499999999999,6.385,7.480166666666666,9.173,8.77205,37.98608941380775,-0.2691204552213611,-0.29594490760494385,232910.4,281951.4,42.21957716625272,26.426937970356036,21.135136941028712,37.010540029010684,7.047404710865683,6.467499999999999,5.887595289134316,9.52275,8.54264,1.1111111111111112,0.55,,0.9071814740775852,0,0,-0.1711414629798801,0,0,1,0,1,0.26935865928673497,0.17932886304311826,42.21957716625272,True,True,False,False,False
2026-08-28,6.18,6.22,6.14,6.16,231906.0,-0.6452,,6.144,6.198,6.4565,6.385666666666667,7.416333333333333,9.1247,8.76615,37.0338241906185,-0.2587274178345291,-0.2885014096508609,230886.2,276459.2,38.505940511031035,28.927482456427846,23.732585446161757,39.31727647696003,7.051541794197775,6.4565,5.861458205802225,9.485166666666666,8.53984,0.9,0.5,,1.0044168945567122,0,0,-0.1694008719493011,0,0,1,0,1,0.25085783646530574,0.18432333127786735,38.505940511031035,False,True,False,False,False
2026-08-31,6.25,6.32,6.17,6.3,366729.0,2.2727,,6.196,6.173,6.432,6.394333333333334,7.358500000000001,9.0771,8.7601,42.46985070955614,-0.23646817295499467,-0.27809476231168767,248705.8,281756.9,55.09521636600988,45.475464494761425,30.980211795694977,74.46596989289434,7.009311372703357,6.432,5.854688627296643,9.448333333333332,8.537560000000001,0.9,0.5,,1.4745494475802334,0,0,-0.1438472514778829,0,0,1,0,0,0.38567694467728175,0.17951224275601896,55.09521636600988,True,True,True,False,False
2026-09-01,6.3,6.4,6.27,6.29,288771.0,-0.1587,,6.2299999999999995,6.165000000000001,6.400499999999999,6.401666666666666,7.308833333333333,9.029300000000001,8.754199999999999,42.18967077265734,-0.21713152043735295,-0.2659021139368207,259990.0,274514.4,53.85003261069766,55.12317788022853,39.02786715720616,87.31379932627328,6.932684178644952,6.400499999999999,5.868315821355046,9.410166666666667,8.53468,0.7272727272727273,0.45,,1.1107004115542904,0,0,-0.13939753266595212,0,0,1,0,0,0.39618255818751114,0.16629456406373036,53.85003261069766,False,True,False,False,False
2026-09-02,6.28,6.28,6.15,6.17,230618.0,-1.9078,,6.224,6.174,6.364,6.405333333333333,7.254666666666667,8.9779,8.74755,38.87533592567824,-0.20907993774760847,-0.2545376786989783,265863.2,256731.7,40.62778718072545,52.252661222477926,43.436131845630086,69.88571997617362,6.850075584332534,6.364,5.877924415667466,9.3695,8.53144,0.6666666666666666,0.45,,0.8674310698133476,0,0,-0.14951295717698954,0,0,1,0,0,0.3004425584691776,0.15275788319689942,40.62778718072545,False,False,False,False,False
2026-09-03,6.21,6.26,6.14,6.17,201967.0,0.0,,6.218,6.18,6.340000000000001,6.4,7.204333333333334,8.925699999999999,8.74055,38.87533592567824,-0.20038904033829041,-0.24370795102684076,263998.2,248454.3,40.62778718072545,50.33898345064419,45.73708238063479,59.54278559066299,6.813864293253941,6.340000000000001,5.866135706746061,9.326833333333331,8.52816,0.6666666666666666,0.45,,0.7650317312769557,0,0,-0.1435709989358258,0,0,1,0,0,0.32062374985816966,0.14948400418105365,40.62778718072545,False,False,False,False,False
2026-09-04,6.2,6.29,6.16,6.2,270353.0,0.4862,,6.226000000000001,6.1850000000000005,6.3165,6.404,7.146,8.8711,8.73345,40.236577125882384,-0.18890313450092489,-0.23274698772165758,271687.6,251286.9,45.44969524300669,50.63249303213677,47.36888593113545,57.159707234139404,6.767523397689257,6.3165,5.865476602310742,9.275,8.52436,0.5833333333333334,0.45,,0.9950877404784025,0,0,-0.13238175202910718,0,0,1,0,0,0.3708492723472136,0.1428080100338028,45.44969524300669,False,False,False,False,False
