date,open,high,low,close,volume,change_rate,turnover,MA5,MA10,MA20,MA30,MA60,MA100,MA200,RSI14,DIF,DEA,VOL_MA5,VOL_MA10,RSI6,K,D,J,BOLL_UPPER,BOLL_MIDDLE,BOLL_LOWER,MA120,MA250,updown_ratio_20,up_days_ratio_20,turnover_ma20,vol_ratio,ma_bull,dif_above_zero,bias60,macd_gold,macd_gold3,dif_below0,kdj_gold,kdj_gold3,boll_pos,boll_width,rsi6,is_yang,above_ma5,break_high5,break_high10,break_close40
2024-08-14,9.97,10.12,9.92,10.0,29454.65,0.30090270812437314,1.0270935969523436,,,,,,,,,,,,,,,,,,,,,,,,,,0,0,,0,0,0,0,0,,,,True,False,False,False,False
2024-08-15,10.0,10.32,9.86,10.16,52897.0,1.6000000000000014,1.8445362616085446,,,,,,,,,,,,,,,,,,,,,,,,,,0,0,,0,0,0,0,0,,,,True,False,False,False,False
2024-08-16,10.16,10.24,9.96,10.0,31890.95,-1.5748031496062964,1.1120482010727455,,,,,,,,,,,,,,,,,,,,,,,,,,0,0,,0,0,0,0,0,,,,False,False,False,False,False
2024-08-19,9.85,9.99,9.77,9.82,52270.0,-1.8000000000000016,1.822672559772362,,,,,,,,,,,,,,,,,,,,,,,,,,0,0,,0,0,0,0,0,,,,False,False,False,False,False
2024-08-20,9.76,10.09,9.6,9.92,86275.72,1.0183299389002087,3.0084635052344284,,,,,,,,,,,,,,,,,,,,,,,,,,0,0,,0,0,0,0,0,,,,True,False,False,False,False
2024-08-21,9.81,10.09,9.59,9.62,66158.52,-3.0241935483870996,2.306969944502602,,,,,,,,,,,,,,,,,,,,,,,,,,0,0,,0,0,0,0,0,,,,False,False,False,False,False
2024-08-22,9.56,9.83,9.37,9.39,45644.24,-2.3908523908523716,1.591630070014617,,,,,,,,,,,,,,,,,,,,,,,,,,0,0,,0,0,0,0,0,,,,False,False,False,False,False
2024-08-23,9.4,9.42,9.15,9.26,37934.7,-1.3844515441959637,1.3227958054944828,,,,,,,,,,,,,,,,,,,,,,,,,,0,0,,0,0,0,0,0,,,,False,False,False,False,False
2024-08-26,9.31,9.42,9.21,9.34,23839.69,0.8639308855291628,0.8312980447002023,,,,,,,,,,,,,,,,,,,,,,,,,,0,0,,0,0,0,0,0,,,,True,False,False,False,False
2024-08-27,9.4,9.4,9.09,9.1,27559.0,-2.569593147751603,0.9609916409941941,,,,,,,,,,,,,,,,,,,,,,,,,,0,0,,0,0,0,0,0,,,,False,False,False,False,False
2024-08-28,9.14,9.35,9.0,9.29,33983.91,2.0879120879120805,1.1850304233934106,,,,,,,,,,,,,,,,,,,,,,,,,,0,0,,0,0,0,0,0,,,,True,False,False,False,False
2024-08-29,9.18,9.52,9.16,9.51,36159.98,2.3681377825619077,1.2609107194933502,,,,,,,,,,,,,,,,,,,,,,,,,,0,0,,0,0,0,0,0,,,,True,False,False,False,False
2024-08-30,9.5,9.94,9.46,9.84,53594.0,3.4700315457413256,1.8688408870947,,,,,,,,,,,,,,,,,,,,,,,,,,0,0,,0,0,0,0,0,,,,True,False,True,False,False
2024-09-02,9.84,9.88,9.56,9.58,32702.0,-2.6422764227642226,1.1403297885914632,,,,,,,,,,,,,,,,,,,,,,,,,,0,0,,0,0,0,0,0,,,,False,False,False,False,False
2024-09-03,9.68,10.04,9.65,9.79,50682.81,2.192066805845494,1.7673267082295059,,,,,,,,,,,,,,,,,,,,,,,,,,0,0,,0,0,0,0,0,,,,True,False,False,False,False
2024-09-04,9.68,9.79,9.62,9.63,29282.8,-1.6343207354443168,1.021101129391661,,,,,,,,,,,,,,,,,,,,,,,,,,0,0,,0,0,0,0,0,,,,False,False,False,False,False
2024-09-05,9.63,9.88,9.6,9.86,48895.99,2.388369678089286,1.7050196911403064,,,,,,,,,,,,,,,,,,,,,,,,,,0,0,,0,0,0,0,0,,,,True,False,False,False,False
2024-09-06,9.84,9.93,9.63,9.65,33478.0,-2.129817444219062,1.167389170768302,,,,,,,,,,,,,,,,,,,,,,,,,,0,0,,0,0,0,0,0,,,,False,False,False,False,False
2024-09-09,9.59,9.72,9.49,9.6,26315.0,-0.5181347150259086,0.9176129407003961,,,,,,,,,,,,,,,,,,,,,,,,,,0,0,,0,0,0,0,0,,,,True,False,False,False,False
2024-09-10,9.63,9.86,9.54,9.8,47763.7,2.083333333333348,1.665536356288486,,,,,,,,,,,,,,,,,,,,,,1.2222222222222223,0.45,1.4763798722719053,,0,0,,0,0,0,0,0,,,,True,False,False,False,False
2024-09-11,9.84,9.84,9.55,9.59,36060.3,-2.1428571428571463,1.2574348442157892,,,,,,,,,,,,,,,,,,,,,,1.0,0.45,1.4878969346350774,,0,0,,0,0,0,0,0,,,,False,False,False,False,False
2024-09-12,9.59,9.74,9.52,9.52,24902.0,-0.7299270072992692,0.8683411533088072,,,,,,,,,,,,,,,,,,,,,,0.8181818181818182,0.4,1.4390871792200906,,0,0,,0,0,0,0,0,,,,False,False,False,False,False
2024-09-13,9.51,9.59,9.3,9.3,25974.0,-2.310924369747891,0.9057221554912441,,,,,,,,,,,,,,,,,,,,,,0.8181818181818182,0.4,1.4287708769410155,,0,0,,0,0,0,0,0,,,,False,False,False,False,False
2024-09-18,9.3,9.34,9.01,9.15,27600.0,-1.6129032258064502,0.9624213248463208,,,,,,,,,,,,,,,,,,,,,,0.8181818181818182,0.4,1.3857583151947135,,0,0,,0,0,0,0,0,,,,False,False,False,False,False
2024-09-19,9.23,9.63,9.18,9.58,50868.0,4.699453551912569,1.7737843460971976,,,,,,,,,,,,,,,,,,,,,,0.8181818181818182,0.4,1.3240243572378518,,0,0,,0,0,0,0,0,,,,True,False,False,False,False
2024-09-20,9.62,10.54,9.56,10.54,139762.77,10.020876826722326,4.873575009695349,,,,,,,,,,,,,,,,,,,,,,1.0,0.45,1.4523546104974894,,0,0,,0,0,0,0,0,,,,True,False,True,True,False
2024-09-23,10.92,11.28,10.4,10.74,358578.0,1.8975332068311257,12.503736007997974,,,,,,,,,,,,,,,,,,,,,,1.0,0.5,1.9979599073966572,,0,0,,0,0,0,0,0,,,,False,False,True,True,False
2024-09-24,10.74,10.85,10.36,10.78,256535.51,0.3724394785847185,8.945479905953862,,,,,,,,,,,,,,,,,,,,,,1.2222222222222223,0.55,2.379094112419626,,0,0,,0,0,0,0,0,,,,True,False,False,False,False
2024-09-25,10.75,11.53,10.68,11.22,331212.11,4.081632653061229,11.549478177947295,,,,,,,,,,,,,,,,,,,,,,1.2222222222222223,0.55,2.915003119081981,,0,0,,0,0,0,0,0,,,,True,False,False,False,False
2024-09-26,11.11,11.45,11.06,11.34,287984.5,1.0695187165775222,10.042116812507437,,,,,,,,,,,,,,,,,,,,,,1.5,0.6,3.369059377657643,,0,0,,0,0,0,0,0,,,,True,False,False,False,False
2024-09-27,11.31,12.06,11.24,11.92,290606.89,5.1146384479717755,10.133560437799602,,,,,,,,,,,,,,,,,,,,,,1.5,0.6,3.8164858783779523,,0,0,,0,0,0,0,0,,,,True,False,True,True,False
2024-09-30,12.74,13.07,12.18,13.04,362598.53,9.395973154362402,12.643933247461176,,,,,,,,,,,,,,,,,,,,,,1.5,0.6,4.385637004776344,,0,0,,0,0,0,0,0,,,,True,False,True,True,False
2024-10-08,14.32,14.32,12.6,13.47,398321.52,3.2975460122699474,13.889605978014503,,,,,,,,,,,,,,,,,,,,,,1.2222222222222223,0.6,4.986675259322334,,0,0,,0,0,0,0,0,,,,False,False,True,True,False
2024-10-09,13.03,13.03,12.12,12.12,240722.78,-10.02227171492206,8.394084668416284,,,,,,,,,,,,,,,,,,,,,,1.2222222222222223,0.6,5.349363003313575,,0,0,,0,0,0,0,0,,,,False,False,False,False,False
2024-10-10,12.12,12.39,11.58,11.75,145028.89,-3.052805280528048,5.05720639328954,,,,,,,,,,,,,,,,,,,,,,1.0,0.55,5.513856987566577,,0,0,,0,0,0,0,0,,,,False,False,False,False,False
2024-10-11,11.64,12.06,11.34,11.62,120806.21,-1.106382978723408,4.2463406448221175,,,,,,,,,,,,,,,,,,,,,,1.0,0.55,5.675118963338099,,0,0,,0,0,0,0,0,,,,False,False,False,False,False
2024-10-14,11.63,11.85,11.31,11.79,98848.05,1.462994836488818,3.474510891256409,,,,,,,,,,,,,,,,,,,,,,1.0,0.55,5.763593523343905,,0,0,,0,0,0,0,0,,,,True,False,False,False,False
2024-10-15,11.64,12.15,11.61,11.78,133225.17,-0.08481764206954567,4.682867331773228,,,,,,,,,,,,,,,,,,,,,,1.2222222222222223,0.55,5.939367431394151,,0,0,,0,0,0,0,0,,,,True,False,False,False,False
2024-10-16,11.54,11.77,11.42,11.53,88404.24,-2.1222410865874397,3.1074107654449983,,,,,,,,,,,,,,,,,,,,,,1.0,0.55,6.048857322631381,,0,0,,0,0,0,0,0,,,,False,False,False,False,False
2024-10-17,11.6,11.81,11.46,11.49,87894.65,-0.3469210754553309,3.089498666975931,,,,,,,,,,,,,,,,,,,,,,0.8181818181818182,0.5,6.120055438165753,,0,0,,0,0,0,0,0,,,,False,False,False,False,False
2024-10-18,11.39,11.89,11.33,11.7,126580.0,1.8276762402088753,4.449289476274305,,,,,,,,,,,,,,,,,,,,,,1.0,0.55,6.279648169768679,,0,0,,0,0,0,0,0,,,,True,False,False,False,False
2024-10-21,11.75,12.0,11.71,11.83,129029.03,1.1111111111111072,4.53537292868448,,,,,,,,,,,,,,,,,,,,,,1.2222222222222223,0.6,6.462999758537462,,0,0,,0,0,0,0,0,,,,True,False,False,False,False
2024-10-22,11.75,12.37,11.75,12.24,187865.29,3.465765004226551,6.603468618693477,,,,,,,,,,,,,,,,,,,,,,1.5,0.65,6.7478870816975745,,0,0,,0,0,0,0,0,,,,True,False,True,False,False
2024-10-23,12.23,12.23,11.92,11.99,128254.5,-2.042483660130723,4.508148184032413,,,,,,,,,,,,,,,,,,,,,,1.5,0.65,6.925173424656879,,0,0,,0,0,0,0,0,,,,False,False,False,False,False
2024-10-24,12.0,12.01,11.74,11.82,73826.39,-1.4178482068390341,2.594999052759698,,,,,,,,,,,,,,,,,,,,,,1.2222222222222223,0.6,6.966234159990004,,0,0,,0,0,0,0,0,,,,False,False,False,False,False
2024-10-25,11.78,11.97,11.72,11.86,109427.21,0.33840947546530664,3.846368572215661,,,,,,,,,,,,,,,,,,,,,,1.2222222222222223,0.6,6.91487383811602,,0,0,,0,0,0,0,0,,,,True,False,False,False,False
2024-10-28,11.84,12.24,11.81,12.22,139767.86,3.0354131534570117,4.874701426941506,,,,,,,,,,,,,,,,,,,,,,1.5,0.6,6.533422109063196,,0,0,,0,0,0,0,0,,,,True,False,False,False,False
2024-10-29,12.29,12.35,11.97,12.02,127749.74,-1.6366612111293088,4.455543927405102,,,,,,,,,,,,,,,,,,,,,,1.2222222222222223,0.55,6.308925310135757,,0,0,,0,0,0,0,0,,,,False,False,False,False,False
2024-10-30,11.92,12.05,11.65,11.8,93224.6,-1.8302828618968259,3.2514062292006987,,,,,,,,,,,,,,,,,,,,,,1.0,0.5,5.894021712698428,,0,0,,0,0,0,0,0,,,,False,False,False,False,False
2024-10-31,11.72,12.17,11.68,12.11,135777.38,2.627118644067794,4.735524948528074,,,,,,,,,,,,,,,,,,,,,,1.0,0.5,5.62869211949946,,0,0,,0,0,0,0,0,,,,True,False,False,False,False
2024-11-01,12.11,12.5,11.71,12.4,244924.38,2.3947151114781295,8.542258747316898,,,,,,,,,,,,,,,,,,,,,,1.0,0.5,5.549127034975325,,0,0,,0,0,0,0,0,,,,True,False,True,True,False
2024-11-04,12.48,13.64,12.46,13.64,387435.95,10.000000000000009,13.512652896835064,,,,,,,,,,,,,,,,,,,,,,1.0,0.5,5.59256301744402,,0,0,,0,0,0,0,0,,,,True,False,True,True,True
2024-11-05,13.85,14.08,13.46,13.9,442430.6,1.9061583577712593,15.430708298335444,,,,,,,,,,,,,,,,,,,,,,1.2222222222222223,0.5,5.669618133460067,,0,0,,0,0,0,0,0,,,,True,False,True,True,True
2024-11-06,13.83,14.29,13.7,14.03,309344.75,0.9352517985611541,10.721074671731134,,,,,,,,,,,,,,,,,,,,,,1.5,0.55,5.785967633625809,,0,0,,0,0,0,0,0,,,,True,False,False,False,True
2024-11-07,13.96,15.38,13.79,14.73,396925.14,4.989308624376343,13.756380430013227,,,,,,,,,,,,,,,,,,,,,,1.8571428571428572,0.6,6.220926335461993,,0,0,,0,0,0,0,0,,,,True,False,True,True,True
2024-11-08,14.76,15.12,14.31,14.38,307588.13,-2.3761031907671426,10.660194846908324,,,,,,,,,,,,,,,,,,,,,,1.8571428571428572,0.6,6.541619045566304,,0,0,,0,0,0,0,0,,,,False,False,False,False,False
2024-11-11,14.13,14.58,13.93,14.47,261720.46,0.6258692628650975,9.070542153308958,,,,,,,,,,,,,,,,,,,,,,1.8571428571428572,0.6,6.82142060866893,,0,0,,0,0,0,0,0,,,,True,False,False,False,False
2024-11-12,14.31,14.61,14.0,14.09,171574.11,-2.6261230131306212,5.946306976426176,,,,,,,,,,,,,,,,,,,,,,1.5,0.6,6.884592590901579,,0,0,,0,0,0,0,0,,,,False,False,False,False,False
2024-11-13,13.97,14.57,13.93,14.35,193692.69,1.8452803406671325,6.7128787311194715,,,,,,,,,,,,,,,,,,,,,,1.8571428571428572,0.65,7.064865989185302,,0,0,,0,0,0,0,0,,,,True,False,False,False,False
2024-11-14,14.23,14.67,13.9,13.95,194913.99,-2.7874564459930307,6.75520577399505,,,,,,,,,,,,,,,,,,,,,,1.8571428571428572,0.65,7.248151344536258,,0,0,,0,0,0,0,0,,,,False,False,False,False,False
2024-11-15,13.93,14.45,13.8,13.96,158079.74,0.07168458781363629,5.47862763673165,,,,,,,,,,,,,,,,,,,,,,1.8571428571428572,0.65,7.299618252559125,,0,0,,0,0,0,0,0,,,,True,False,False,False,False
2024-11-18,14.12,14.17,13.17,13.45,137133.44,-3.6532951289398374,4.7818893842584576,,,,,,,,,,,,,,,,,,,,,,1.5,0.6,7.311944075337824,,0,0,,0,0,0,0,0,,,,False,False,False,False,False
2024-11-19,13.5,14.68,13.5,14.61,285980.8,8.624535315985128,9.972247116543867,,,,,,,,,,,,,,,,,,,,,,1.5,0.6,7.480383000230343,,0,0,,0,0,0,0,0,,,,True,False,False,False,False
2024-11-20,14.47,15.08,14.29,14.9,286706.8,1.9849418206707714,9.997562981827867,,,,,,,,,,,,,,,,,,,,,,1.8571428571428572,0.65,7.754853740120117,,0,0,,0,0,0,0,0,,,,True,False,True,False,True
2024-11-21,14.85,15.21,14.55,14.95,243864.29,0.3355704697986406,8.503630183496645,,,,,,,,,,,,,,,,,,,,,,2.3333333333333335,0.7,8.050285296656963,,0,0,,0,0,0,0,0,,,,True,False,False,False,True
2024-11-22,15.25,15.33,14.61,14.62,284176.94,-2.2073578595317778,9.909345908897588,,,,,,,,,,,,,,,,,,,,,,1.8571428571428572,0.65,8.35343416349106,,0,0,,0,0,0,0,0,,,,False,False,False,False,False
2024-11-25,14.59,14.89,14.28,14.83,162006.57,1.4363885088919393,5.649223830913341,,,,,,,,,,,,,,,,,,,,,,1.8571428571428572,0.65,8.392160283689652,,0,0,,0,0,0,0,0,,,,True,False,False,False,False
2024-11-26,14.82,15.14,14.22,14.24,163802.08,-3.9784221173297385,5.7118338712385155,,,,,,,,,,,,,,,,,,,,,,1.8571428571428572,0.65,8.454974780881322,,0,0,,0,0,0,0,0,,,,False,False,False,False,False
2024-11-27,13.98,14.87,13.8,14.87,151170.81,4.424157303370779,5.271377218778675,,,,,,,,,,,,,,,,,,,,,,2.3333333333333335,0.7,8.55597333036022,,0,0,,0,0,0,0,0,,,,True,False,False,False,False
2024-11-28,14.9,15.24,14.62,15.14,227141.0,1.81573638197714,7.920483411120223,,,,,,,,,,,,,,,,,,,,,,2.3333333333333335,0.7,8.715221253489828,,0,0,,0,0,0,0,0,,,,True,False,False,False,True
2024-11-29,15.11,16.03,15.01,15.71,382231.7,3.7648612945838877,13.328548518560199,,,,,,,,,,,,,,,,,,,,,,2.3333333333333335,0.7,8.954535742051995,,0,0,,0,0,0,0,0,,,,True,False,True,True,True
2024-12-02,15.68,15.89,15.38,15.83,271442.46,0.7638446849140612,9.465290288867552,,,,,,,,,,,,,,,,,,,,,,2.3333333333333335,0.7,8.752167611653618,,0,0,,0,0,0,0,0,,,,True,False,False,False,True
2024-12-03,16.24,16.24,15.07,15.14,335521.86,-4.358812381554012,11.699760616525428,,,,,,,,,,,,,,,,,,,,,,1.8571428571428572,0.65,8.565620227563118,,0,0,,0,0,0,0,0,,,,False,False,False,False,False
2024-12-04,14.9,15.1,14.55,14.69,196176.22,-2.97225891677676,6.840731070860265,,,,,,,,,,,,,,,,,,,,,,1.5,0.6,8.371603047519574,,0,0,,0,0,0,0,0,,,,False,False,False,False,False
2024-12-05,14.7,15.27,14.53,15.26,201174.28,3.8801906058543167,7.015015111688576,,,,,,,,,,,,,,,,,,,,,,1.5,0.6,8.034534781603341,,0,0,,0,0,0,0,0,,,,True,False,False,False,False
2024-12-06,15.37,15.37,14.9,14.98,162912.22,-1.834862385321101,5.680804152393307,,,,,,,,,,,,,,,,,,,,,,1.5,0.6,7.78556524687759,,0,0,,0,0,0,0,0,,,,False,False,False,False,False
2024-12-09,14.91,14.96,14.6,14.82,124279.86,-1.0680907877169576,4.333680706989684,,,,,,,,,,,,,,,,,,,,,,1.2222222222222223,0.55,7.548722174561628,,0,0,,0,0,0,0,0,,,,False,False,False,False,False
2024-12-10,15.11,15.66,14.85,15.62,305128.67,5.39811066126854,10.639939812681009,,,,,,,,,,,,,,,,,,,,,,1.5,0.6,7.783403816374369,,0,0,,0,0,0,0,0,,,,True,False,False,False,False
2024-12-11,15.47,15.77,15.09,15.41,175519.89,-1.3444302176696454,6.120437864879729,,,,,,,,,,,,,,,,,,,,,,1.2222222222222223,0.55,7.75378177306238,,0,0,,0,0,0,0,0,,,,False,False,False,False,False
2024-12-12,15.37,15.44,15.03,15.36,130542.25,-0.32446463335497056,4.552052362080421,,,,,,,,,,,,,,,,,,,,,,1.2222222222222223,0.55,7.64362410246665,,0,0,,0,0,0,0,0,,,,False,False,False,False,False
2024-12-13,15.21,15.7,15.15,15.37,229519.34,0.06510416666667407,8.003416930458448,,,,,,,,,,,,,,,,,,,,,,1.2222222222222223,0.55,7.76986356715299,,0,0,,0,0,0,0,0,,,,True,False,False,False,False
2024-12-16,15.29,15.34,14.66,14.83,146153.21,-3.513337670787242,5.096411811548643,,,,,,,,,,,,,,,,,,,,,,1.2222222222222223,0.55,7.785589688517499,,0,0,,0,0,0,0,0,,,,False,False,False,False,False
2024-12-17,14.88,14.96,13.94,14.07,150012.73,-5.124747134187457,5.230994577913529,,,,,,,,,,,,,,,,,,,,,,1.0,0.5,7.548527061585982,,0,0,,0,0,0,0,0,,,,False,False,False,False,False
2024-12-18,14.14,14.45,13.82,14.24,89318.99,1.2082444918265711,3.1145833583237423,,,,,,,,,,,,,,,,,,,,,,1.0,0.5,7.204378080410775,,0,0,,0,0,0,0,0,,,,True,False,False,False,False
2024-12-19,14.04,14.47,13.83,14.46,87401.8,1.54494382022472,3.047730295288158,,,,,,,,,,,,,,,,,,,,,,1.0,0.5,6.931583086000352,,0,0,,0,0,0,0,0,,,,True,False,False,False,False
2024-12-20,14.59,15.91,14.59,15.16,370738.99,4.8409405255878335,12.927793837970539,,,,,,,,,,,,,,,,,,,,,,1.2222222222222223,0.55,7.082505482453999,,0,0,,0,0,0,0,0,,,,True,False,False,False,False
2024-12-23,14.67,14.96,13.65,13.65,279372.5,-9.96042216358839,9.7418134628851,,,,,,,,,,,,,,,,,,,,,,1.0,0.5,7.287134964052588,,0,0,,0,0,0,0,0,,,,False,False,False,False,False
2024-12-24,13.71,13.96,13.43,13.9,143224.5,1.831501831501825,4.994286704364199,,,,,,,,,,,,,,,,,,,,,,1.2222222222222223,0.55,7.2512576057088705,,0,0,,0,0,0,0,0,,,,True,False,False,False,False
2024-12-25,13.75,13.83,13.05,13.23,112640.0,-4.820143884892081,3.927794856184405,,,,,,,,,,,,,,,,,,,,,,1.0,0.5,7.184078487579159,,0,0,,0,0,0,0,0,,,,False,False,False,False,False
2024-12-26,13.26,13.79,13.21,13.37,98390.4,1.058201058201047,3.4309064898608495,,,,,,,,,,,,,,,,,,,,,,1.0,0.5,6.959599641516189,,0,0,,0,0,0,0,0,,,,True,False,False,False,False
2024-12-27,13.4,13.46,13.12,13.23,103539.85,-1.0471204188481575,3.610469551137295,,,,,,,,,,,,,,,,,,,,,,0.8181818181818182,0.45,6.473695693145044,,0,0,,0,0,0,0,0,,,,False,False,False,False,False
2024-12-30,13.15,13.34,12.95,13.03,63106.12,-1.511715797430091,2.200531725228656,,,,,,,,,,,,,,,,,,,,,,0.6666666666666666,0.4,6.110457764963099,,0,0,,0,0,0,0,0,,,,False,False,False,False,False
2024-12-31,12.94,13.08,12.33,12.33,115637.25,-5.372217958557169,4.004473273397599,,,,,,,,,,,,,,,,,,,,,,0.6666666666666666,0.4,5.725693397806707,,0,0,,0,0,0,0,0,,,,False,False,False,False,False
2025-01-02,12.45,12.82,12.24,12.37,103357.01,0.32441200324411223,3.579213308542778,,,,,,,,,,,,,,,,,,,,,,0.6666666666666666,0.45,5.562617509690833,,0,0,,0,0,0,0,0,,,,False,False,False,False,False
2025-01-03,12.33,12.54,11.67,11.72,91669.0,-5.254648342764745,3.174462039689499,,,,,,,,,,,,,,,,,,,,,,0.5384615384615384,0.4,5.370589856090879,,0,0,,0,0,0,0,0,,,,False,False,False,False,False
2025-01-06,11.68,11.72,11.21,11.56,79537.99,-1.3651877133105783,2.7543698520568887,,,,,,,,,,,,,,,,,,,,,,0.5384615384615384,0.4,5.224268141074059,,0,0,,0,0,0,0,0,,,,False,False,False,False,False
2025-01-07,11.55,11.89,11.54,11.88,63801.0,2.768166089965396,2.209403970745069,,,,,,,,,,,,,,,,,,,,,,0.6666666666666666,0.45,5.118054304261827,,0,0,,0,0,0,0,0,,,,True,False,False,False,False
2025-01-08,11.79,12.19,11.65,12.11,81241.4,1.9360269360269244,2.813358281984427,,,,,,,,,,,,,,,,,,,,,,0.6666666666666666,0.45,4.726725227726999,,0,0,,0,0,0,0,0,,,,True,False,False,False,False
2025-01-09,12.01,12.24,11.91,12.14,55233.0,0.24772914946327163,1.9126974422996879,,,,,,,,,,,,,,,,,,,,,,0.8181818181818182,0.5,4.516338206597997,,0,0,,0,0,0,0,0,,,,True,False,False,False,False
2025-01-10,12.01,12.18,11.57,11.59,57082.79,-4.530477759472817,1.9767549550509695,,,,,,,,,,,,,,,,,,,,,,0.8181818181818182,0.5,4.387573336246524,,0,0,,0,0,0,0,0,,,,False,False,False,False,False
2025-01-13,11.49,11.61,11.17,11.5,53266.0,-0.7765314926660882,1.8445809925503807,,,,,,,,,,,,,,,,,,,,,,0.8181818181818182,0.45,4.07963153935112,,0,0,,0,0,0,0,0,,,,True,False,False,False,False
2025-01-14,11.57,12.23,11.57,12.23,96678.17,6.347826086956521,3.3479276607320694,,,,,,,,,,,,,,,,,,,,,,1.0,0.5,3.9922073318102926,,0,0,,0,0,0,0,0,,,,True,False,False,False,False
2025-01-15,12.35,12.53,12.23,12.36,90495.0,1.062959934587071,3.133806873443598,,,,,,,,,,,,,,,,,,,,,,1.2222222222222223,0.55,3.8873479465867953,,0,0,,0,0,0,0,0,,,,True,False,True,False,False
2025-01-16,12.39,12.74,12.36,12.54,85746.73,1.4563106796116498,2.9693761185624883,,,,,,,,,,,,,,,,,,,,,,1.2222222222222223,0.55,3.8800875845987326,,0,0,,0,0,0,0,0,,,,True,False,True,False,False
2025-01-17,12.48,12.55,12.32,12.4,49170.99,-1.1164274322168932,1.702772378982556,,,,,,,,,,,,,,,,,,,,,,1.0,0.5,3.812839688783453,,0,0,,0,0,0,0,0,,,,False,False,False,False,False
2025-01-20,12.56,12.63,12.25,12.44,59468.0,0.3225806451612856,2.0593538554610076,,,,,,,,,,,,,,,,,,,,,,0.8181818181818182,0.5,3.2694176896579763,,0,0,,0,0,0,0,0,,,,False,False,False,False,False
2025-01-21,12.51,12.59,12.27,12.37,44271.99,-0.562700964630225,1.5331219024589893,,,,,,,,,,,,,,,,,,,,,,0.8181818181818182,0.5,2.858983111636671,,0,0,,0,0,0,0,0,,,,False,False,False,False,False
2025-01-22,12.31,12.33,12.13,12.15,42240.0,-1.7784963621665262,1.4627548741284886,,,,,,,,,,,,,,,,,,,,,,0.6666666666666666,0.45,2.682406520124885,,0,0,,0,0,0,0,0,,,,False,False,False,False,False
2025-01-23,12.26,12.52,12.15,12.16,60191.99,0.08230452674897748,2.084425349336961,,,,,,,,,,,,,,,,,,,,,,0.6666666666666666,0.5,2.5902380447825126,,0,0,,0,0,0,0,0,,,,False,False,False,False,False
2025-01-24,12.09,12.67,12.06,12.65,95441.72,4.029605263157898,3.305109875123259,,,,,,,,,,,,,,,,,,,,,,0.6666666666666666,0.5,2.583948214045633,,0,0,,0,0,0,0,0,,,,True,False,True,False,False
2025-01-27,12.75,12.9,12.51,12.51,64478.0,-1.1067193675889375,2.2328482190827814,,,,,,,,,,,,,,,,,,,,,,0.6666666666666666,0.5,2.5150671474429074,,0,0,,0,0,0,0,0,,,,False,False,False,False,False
2025-02-05,12.7,13.14,12.65,13.0,114650.0,3.9168665067945696,3.9702851874723297,,,,,,,,,,,,,,,,,,,,,,0.8181818181818182,0.55,2.6035548205550914,,0,0,,0,0,0,0,0,,,,True,False,True,True,False
2025-02-06,12.84,13.6,12.64,13.38,159340.8,2.9230769230769393,5.517910318360149,,,,,,,,,,,,,,,,,,,,,,1.0,0.6,2.6792266728032184,,0,0,,0,0,0,0,0,,,,True,False,True,True,False
2025-02-07,13.28,13.81,13.18,13.47,170928.83,0.6726457399103047,5.919199318455962,,,,,,,,,,,,,,,,,,,,,,1.2222222222222223,0.6,2.796225973298878,,0,0,,0,0,0,0,0,,,,True,False,False,False,False
2025-02-10,13.38,13.68,13.29,13.66,119257.2,1.410541945063093,4.129830742777367,,,,,,,,,,,,,,,,,,,,,,1.5,0.65,2.8439944084532716,,0,0,,0,0,0,0,0,,,,True,False,False,False,False
2025-02-11,13.64,13.73,13.5,13.57,93730.0,-0.658857979502192,3.245833673107558,,,,,,,,,,,,,,,,,,,,,,1.5,0.65,2.8685675995058046,,0,0,,0,0,0,0,0,,,,False,False,False,False,False
2025-02-12,13.49,13.66,13.42,13.51,98345.09,-0.44215180545320587,3.4056524560630894,,,,,,,,,,,,,,,,,,,,,,1.5,0.6,2.928380023771706,,0,0,,0,0,0,0,0,,,,True,False,False,False,False
2025-02-13,13.52,13.65,13.32,13.35,84324.13,-1.1843079200592133,2.920112030401144,,,,,,,,,,,,,,,,,,,,,,1.2222222222222223,0.55,2.933717711192542,,0,0,,0,0,0,0,0,,,,False,False,False,False,False
2025-02-14,13.32,13.46,13.09,13.41,85242.52,0.44943820224718767,2.951915521140984,,,,,,,,,,,,,,,,,,,,,,1.2222222222222223,0.55,2.9856786151346064,,0,0,,0,0,0,0,0,,,,True,False,False,False,False
2025-02-17,13.42,13.62,13.37,13.5,74535.99,0.6711409395973034,2.581152525343094,,,,,,,,,,,,,,,,,,,,12.447916666666666,,1.5,0.6,3.015898493649213,,0,0,,0,0,0,0,0,,,,True,False,False,False,False
2025-02-18,13.47,13.5,12.93,12.95,95416.43,-4.074074074074074,3.3042340921979108,,,,,,,,,,,,,,,,,,,,12.4725,,1.2222222222222223,0.6,3.0888811486315895,,0,0,,0,0,0,0,0,,,,False,False,False,False,False
2025-02-19,12.96,13.46,12.92,13.42,89536.04,3.62934362934364,3.1005984592841696,,,,,,,,,,,,,,,,,,,,12.499666666666664,,1.2222222222222223,0.6,3.076514688559194,,0,0,,0,0,0,0,0,,,,True,False,False,False,False
2025-02-20,13.36,13.65,13.36,13.6,90801.36,1.3412816691505292,3.144416001834649,,,,,,,,,,,,,,,,,,,,12.529666666666666,,1.2222222222222223,0.6,3.077045144978747,,0,0,,0,0,0,0,0,,,,True,False,False,False,False
2025-02-21,13.72,13.73,13.28,13.52,94467.77,-0.588235294117645,3.2713823630575054,,,,,,,,,,,,,,,,,,,,12.5605,,1.0,0.55,3.0921454572034976,,0,0,,0,0,0,0,0,,,,False,False,False,False,False
2025-02-24,13.5,13.56,13.26,13.41,87549.18,-0.8136094674556116,3.031794265410805,,,,,,,,,,,,,,,,,,,,12.589583333333334,,1.0,0.55,3.1585965515249104,,0,0,,0,0,0,0,0,,,,False,False,False,False,False
2025-02-25,13.31,13.47,13.18,13.32,66738.6,-0.6711409395973145,2.3111319233549135,,,,,,,,,,,,,,,,,,,,12.620416666666667,,1.2222222222222223,0.5,3.1711854549196055,,0,0,,0,0,0,0,0,,,,True,False,False,False,False
2025-02-26,13.32,13.55,13.27,13.4,105182.78,0.6006006006006093,3.6424390179778534,,,,,,,,,,,,,,,,,,,,12.653833333333331,,1.5,0.55,3.2766513106955486,,0,0,,0,0,0,0,0,,,,True,False,False,False,False
2025-02-27,13.4,13.56,13.03,13.3,92866.26,-0.7462686567164201,3.215922690745348,,,,,,,,,,,,,,,,,,,,12.6875,,1.5,0.55,3.364309701526391,,0,0,,0,0,0,0,0,,,,False,False,False,False,False
2025-02-28,13.18,13.22,12.47,12.5,93997.26,-6.015037593984962,3.255088783610862,,,,,,,,,,,,,,,,,,,,12.713833333333334,,1.5,0.5,3.422842873240087,,0,0,,0,0,0,0,0,,,,False,False,False,False,False
2025-03-03,12.56,12.92,12.42,12.61,88966.6,0.8799999999999919,3.080878972174233,,,,,,,,,,,,,,,,,,,,12.743083333333335,,1.5,0.5,3.4116313280926356,,0,0,,0,0,0,0,0,,,,True,False,False,False,False
2025-03-04,12.56,12.84,12.51,12.73,51538.0,0.951625693893754,1.7847410204269425,,,,,,,,,,,,,,,,,,,,12.771749999999999,,1.8571428571428572,0.55,3.389225968159843,,0,0,,0,0,0,0,0,,,,True,False,False,False,False
2025-03-05,12.72,12.93,12.48,12.8,62599.0,0.54988216810683,2.167779175321242,,,,,,,,,,,,,,,,,,,,12.799166666666666,,1.8571428571428572,0.55,3.299100667552289,,0,0,,0,0,0,0,0,,,,True,False,False,False,False
2025-03-06,12.9,13.41,12.87,13.35,120159.96,4.296875,4.161092972658244,,,,,,,,,,,,,,,,,,,,12.828416666666667,,1.8571428571428572,0.55,3.231259800267194,,0,0,,0,0,0,0,0,,,,True,False,False,False,False
2025-03-07,13.27,13.39,12.98,13.09,83797.78,-1.9475655430711614,2.9018847333368085,,,,,,,,,,,,,,,,,,,,12.857666666666667,,1.5,0.5,3.080394071011236,,0,0,,0,0,0,0,0,,,,False,False,False,False,False
2025-03-10,13.1,13.11,12.83,12.9,60714.0,-1.4514896867838023,2.102502353878718,,,,,,,,,,,,,,,,,,,,12.883583333333336,,1.2222222222222223,0.45,2.979027651566304,,0,0,,0,0,0,0,0,,,,False,False,False,False,False
2025-03-11,12.78,12.95,12.68,12.93,50098.09,0.23255813953488857,1.7348774936559588,,,,,,,,,,,,,,,,,,,,12.911083333333332,,1.5,0.5,2.903479842593724,,0,0,,0,0,0,0,0,,,,True,False,False,False,False
2025-03-12,13.02,13.12,12.9,12.99,65232.08,0.46403712296985145,2.258961718028871,,,,,,,,,,,,,,,,,,,,12.937166666666666,,1.2222222222222223,0.55,2.846145305692013,,0,0,,0,0,0,0,0,,,,False,False,False,False,False
2025-03-13,12.98,12.98,12.57,12.71,65031.0,-2.155504234026173,2.2519983953468214,,,,,,,,,,,,,,,,,,,,12.962666666666667,,1.2222222222222223,0.55,2.8127396239392963,,0,0,,0,0,0,0,0,,,,False,False,False,False,False
2025-03-14,12.72,13.06,12.64,12.99,72348.0,2.202989771833197,2.505383277307005,,,,,,,,,,,,,,,,,,,,12.990916666666667,,1.2222222222222223,0.55,2.7904130117475976,,0,0,,0,0,0,0,0,,,,True,False,False,False,False
2025-03-17,13.02,13.08,12.91,12.95,58084.0,-0.3079291762894565,2.0114264703806612,,,,,,,,,,,,,,,,,,,,13.017166666666666,,1.0,0.5,2.761926708999476,,0,0,,0,0,0,0,0,,,,False,False,False,False,False
2025-03-18,12.94,13.08,12.87,13.01,52817.1,0.4633204633204713,1.8290357590514155,,,,,,,,,,,,,,,,,,,,13.045666666666667,,1.2222222222222223,0.55,2.6881667923421513,,0,0,,0,0,0,0,0,,,,True,False,False,False,False
2025-03-19,13.0,13.0,12.77,12.8,47408.0,-1.6141429669484952,1.6417207166828454,,,,,,,,,,,,,,,,,,,,13.073,,1.0,0.5,2.615222905212085,,0,0,,0,0,0,0,0,,,,False,False,False,False,False
2025-03-20,12.82,12.9,12.67,12.71,41316.19,-0.7031249999999933,1.4307636908834924,,,,,,,,,,,,,,,,,,,,13.101416666666667,,0.8181818181818182,0.45,2.5295402896645274,,0,0,,0,0,0,0,0,,,,False,False,False,False,False
2025-03-21,12.72,12.76,12.51,12.53,50383.89,-1.4162077104642123,1.7447746371935042,,,,,,,,,,,,,,,,,,,,13.129583333333333,,0.8181818181818182,0.45,2.4532099033713273,,0,0,,0,0,0,0,0,,,,False,False,False,False,False
2025-03-24,12.53,12.66,12.08,12.34,77156.0,-1.5163607342378205,2.6718824590023122,,,,,,,,,,,,,,,,,,,,13.152583333333332,,0.8181818181818182,0.45,2.4352143130509023,,0,0,,0,0,0,0,0,,,,False,False,False,False,False
2025-03-25,12.31,12.36,12.07,12.24,48096.65,-0.8103727714748765,1.6655684000178024,,,,,,,,,,,,,,,,,,,,13.16675,,0.6666666666666666,0.45,2.4029361368840467,,0,0,,0,0,0,0,0,,,,False,False,False,False,False
2025-03-26,12.28,12.42,12.23,12.34,32750.45,0.8169934640522847,1.1341354253646156,,,,,,,,,,,,,,,,,,,,13.180083333333334,,0.6666666666666666,0.45,2.277520957253385,,0,0,,0,0,0,0,0,,,,True,False,False,False,False
2025-03-27,12.3,12.59,12.16,12.43,47648.43,0.7293354943273878,1.6500467146560158,,,,,,,,,,,,,,,,,,,,13.193833333333334,,0.8181818181818182,0.5,2.1992271584489185,,0,0,,0,0,0,0,0,,,,True,False,False,False,False
2025-03-28,12.48,12.93,12.42,12.67,129631.0,1.9308125502815798,4.489071427276281,,,,,,,,,,,,,,,,,,,,13.205916666666667,,1.0,0.55,2.2609262906321894,,0,0,,0,0,0,0,0,,,,True,False,False,False,False
2025-03-31,12.64,12.64,12.01,12.28,122897.0,-3.0781373322809835,4.2558756099850585,,,,,,,,,,,,,,,,,,,,13.21375,,0.8181818181818182,0.5,2.319676122522731,,0,0,,0,0,0,0,0,,,,False,False,False,False,False
2025-04-01,12.32,12.64,12.22,12.58,96159.99,2.442996742671011,3.3299832876100077,,,,,,,,,,,,,,,,,,,,13.21925,,0.8181818181818182,0.5,2.3969382358818843,,0,0,,0,0,0,0,0,,,,True,False,False,False,False
2025-04-02,12.48,12.65,12.15,12.18,96760.0,-3.1796502384737746,3.350761402004559,,,,,,,,,,,,,,,,,,,,13.212083333333332,,0.6666666666666666,0.45,2.45608734721605,,0,0,,0,0,0,0,0,,,,False,False,False,False,False
2025-04-03,12.11,12.53,12.06,12.28,71505.39,0.8210180623973606,2.4762040186779943,,,,,,,,,,,,,,,,,,,,13.202166666666667,,0.6666666666666666,0.45,2.3718428995170373,,0,0,,0,0,0,0,0,,,,True,False,False,False,False
2025-04-07,11.4,11.76,11.06,11.06,63910.02,-9.934853420195433,2.213179291208551,,,,,,,,,,,,,,,,,,,,13.193333333333333,,0.6666666666666666,0.45,2.3374076274106246,,0,0,,0,0,0,0,0,,,,False,False,False,False,False
2025-04-08,10.67,11.06,10.27,10.52,110201.31,-4.882459312839071,3.8162287722027592,,,,,,,,,,,,,,,,,,,,13.183083333333334,,0.6666666666666666,0.45,2.4230939483268266,,0,0,,0,0,0,0,0,,,,False,False,False,False,False
2025-04-09,10.21,10.99,9.66,10.95,105825.19,4.0874524714828775,3.664685427984692,,,,,,,,,,,,,,,,,,,,13.177500000000002,,0.6666666666666666,0.45,2.5195843450432633,,0,0,,0,0,0,0,0,,,,True,False,False,False,False
2025-04-10,11.02,12.05,11.02,12.05,139571.9,10.045662100456632,4.833320952092188,,,,,,,,,,,,,,,,,,,,13.179666666666668,,0.8181818181818182,0.45,2.6483023067464293,,0,0,,0,0,0,0,0,,,,True,False,False,False,False
2025-04-11,12.17,12.61,11.8,12.59,291994.39,4.48132780082986,10.111652869097416,,,,,,,,,,,,,,,,,,,,13.186416666666666,,1.0,0.5,3.0412850304339587,,0,0,,0,0,0,0,0,,,,True,False,True,False,False
2025-04-14,12.58,13.42,12.36,12.73,354360.14,1.1119936457506086,12.271354687070398,,,,,,,,,,,,,,,,,,,,13.196416666666666,,1.0,0.5,3.529583600922128,,0,0,,0,0,0,0,0,,,,True,False,True,False,False
2025-04-15,12.54,12.78,12.2,12.52,236427.44,-1.6496465043205122,8.187390867370285,,,,,,,,,,,,,,,,,,,,13.205,,1.0,0.5,3.838381820771609,,0,0,,0,0,0,0,0,,,,False,False,False,False,False
2025-04-16,12.85,13.13,12.17,12.24,204315.51,-2.2364217252396124,7.0753671428160025,,,,,,,,,,,,,,,,,,,,13.2095,,0.8181818181818182,0.45,4.100698389959839,,0,0,,0,0,0,0,0,,,,False,False,False,False,False
2025-04-17,12.34,12.63,12.09,12.29,158167.99,0.40849673202614234,5.47729636135431,,,,,,,,,,,,,,,,,,,,13.213333333333333,,0.8181818181818182,0.5,4.292477172193412,,0,0,,0,0,0,0,0,,,,False,False,False,False,False
2025-04-18,12.86,13.37,12.64,12.99,331046.83,5.695687550854367,11.464023772426259,,,,,,,,,,,,,,,,,,,,13.219583333333333,,1.0,0.55,4.794140176270551,,0,0,,0,0,0,0,0,,,,True,False,False,False,False
2025-04-21,12.67,14.1,12.67,13.79,416531.3,6.158583525789063,14.424317928552929,,,,,,,,,,,,,,,,,,,,13.234583333333331,,1.2222222222222223,0.6,5.428117340838521,,0,0,,0,0,0,0,0,,,,True,False,True,True,True
2025-04-22,13.68,14.19,13.63,13.7,354145.3,-0.6526468455402501,12.263914860906624,,,,,,,,,,,,,,,,,,,,13.25025,,1.5,0.6,5.907718960933737,,0,0,,0,0,0,0,0,,,,True,False,False,False,False
2025-04-23,13.73,14.35,13.47,13.51,261216.32,-1.3868613138686148,9.045820200802723,,,,,,,,,,,,,,,,,,,,13.264000000000001,,1.5,0.6,6.2767315509729835,,0,0,,0,0,0,0,0,,,,False,False,False,False,False
2025-04-24,13.7,13.76,13.29,13.41,155089.64,-0.7401924500370027,5.370694290644711,,,,,,,,,,,,,,,,,,,,13.273916666666668,,1.2222222222222223,0.55,6.488559494236988,,0,0,,0,0,0,0,0,,,,False,False,False,False,False
2025-04-25,13.5,13.65,13.31,13.33,159503.78,-0.5965697240865042,5.523554252767948,,,,,,,,,,,,,,,,,,,,13.284833333333333,,1.0,0.5,6.682234871142585,,0,0,,0,0,0,0,0,,,,False,False,False,False,False
2025-04-28,13.6,13.86,13.33,13.37,188893.58,0.30007501875468634,6.541311667532661,,,,,,,,,,,,,,,,,,,,13.297916666666667,,0.8181818181818182,0.5,6.784846883155403,,0,0,,0,0,0,0,0,,,,False,False,False,False,False
2025-04-29,13.39,13.57,13.18,13.46,124408.0,0.6731488406881203,4.3082009559795695,,,,,,,,,,,,,,,,,,,,13.309166666666666,,1.0,0.55,6.787463150455129,,0,0,,0,0,0,0,0,,,,True,False,False,False,False
2025-04-30,13.53,13.66,13.37,13.38,133217.59,-0.5943536404160454,4.613273652749777,,,,,,,,,,,,,,,,,,,,13.317333333333332,,0.8181818181818182,0.5,6.851627668712117,,0,0,,0,0,0,0,0,,,,False,False,False,False,False
2025-05-06,13.36,13.64,13.36,13.61,126643.0,1.718983557548559,4.385598142146169,,,,,,,,,,,,,,,,,,,,13.317083333333333,,1.0,0.55,6.9033695057191995,,0,0,,0,0,0,0,0,,,,True,False,False,False,False
2025-05-07,13.62,13.81,13.37,13.53,115335.0,-0.5878030859661987,3.994006472718022,,,,,,,,,,,,,,,,,,,,13.314,,0.8181818181818182,0.5,6.979259628421199,,0,0,,0,0,0,0,0,,,,False,False,False,False,False
2025-05-08,13.49,13.78,13.38,13.73,189000.0,1.4781966001478297,6.544996951001051,,,,,,,,,,,,,,,,,,,,13.311499999999999,,1.0,0.55,7.195850511410825,,0,0,,0,0,0,0,0,,,,True,False,False,False,False
2025-05-09,13.83,13.83,13.42,13.58,104717.45,-1.0924981791696986,3.6263248199291263,,,,,,,,,,,,,,,,,,,,13.301916666666667,,1.0,0.55,7.186355313797144,,0,0,,0,0,0,0,0,,,,False,False,False,False,False
2025-05-12,13.76,13.8,13.5,13.63,106679.44,0.3681885125184081,3.694267775314812,,,,,,,,,,,,,,,,,,,,13.295666666666667,,0.8181818181818182,0.55,7.187834431163649,,0,0,,0,0,0,0,0,,,,False,False,False,False,False
2025-05-13,13.79,14.01,13.57,13.59,180058.7,-0.29347028613353476,6.2353631878371045,,,,,,,,,,,,,,,,,,,,13.288333333333334,,0.6666666666666666,0.5,7.257936542950894,,0,0,,0,0,0,0,0,,,,False,False,False,False,False
2025-05-14,13.52,13.86,13.45,13.86,150329.09,1.9867549668874052,5.205838284109854,,,,,,,,,,,,,,,,,,,,13.286416666666666,,0.6666666666666666,0.5,7.012645813701516,,0,0,,0,0,0,0,0,,,,True,False,False,False,True
2025-05-15,13.82,14.28,13.63,13.65,194044.23,-1.5151515151515138,6.719676686292838,,,,,,,,,,,,,,,,,,,,13.280583333333334,,0.5384615384615384,0.45,6.735061913662639,,0,0,,0,0,0,0,0,,,,False,False,False,False,False
2025-05-16,13.44,13.68,13.26,13.54,113584.44,-0.8058608058608141,3.933385256514083,,,,,,,,,,,,,,,,,,,,13.277166666666666,,0.6666666666666666,0.45,6.522361633119829,,0,0,,0,0,0,0,0,,,,True,False,False,False,False
2025-05-19,13.47,13.89,13.29,13.86,123471.48,2.363367799113747,4.275769630347022,,,,,,,,,,,,,,,,,,,,13.276333333333332,,0.8181818181818182,0.5,6.38238175749638,,0,0,,0,0,0,0,0,,,,True,False,False,False,False
2025-05-20,13.79,14.36,13.71,14.23,204281.7,2.669552669552666,7.074196315583657,,,,,,,,,,,,,,,,,,,,13.282833333333334,,1.0,0.5,6.462226755207847,,0,0,,0,0,0,0,0,,,,True,False,False,False,True
2025-05-21,14.24,14.36,13.91,14.26,160139.87,0.21082220660575413,5.545581803617485,,,,,,,,,,,,,,,,,,,,13.279916666666667,,1.0,0.5,6.166304656767408,,0,0,,0,0,0,0,0,,,,True,False,False,False,True
2025-05-22,14.61,14.64,13.97,13.99,170334.65,-1.8934081346423492,5.898623094708101,,,,,,,,,,,,,,,,,,,,13.272333333333334,,0.8181818181818182,0.45,5.740019915075167,,0,0,,0,0,0,0,0,,,,False,False,False,False,False
2025-05-23,14.04,15.24,13.98,14.36,330830.86,2.6447462473195182,11.456544814799233,,,,,,,,,,,,,,,,,,,,13.267416666666668,,0.8181818181818182,0.5,5.699651412769797,,0,0,,0,0,0,0,0,,,,True,False,False,False,True
2025-05-26,14.04,14.54,13.92,14.25,207874.0,-0.7660167130919215,7.198596276150224,,,,,,,,,,,,,,,,,,,,13.264333333333333,,1.0,0.5,5.607290216537172,,0,0,,0,0,0,0,0,,,,True,False,False,False,False
2025-05-27,14.35,14.45,13.74,13.8,248208.0,-3.157894736842104,8.595347106952744,,,,,,,,,,,,,,,,,,,,13.25575,,1.0,0.5,5.768522857352574,,0,0,,0,0,0,0,0,,,,False,False,False,False,False
2025-05-28,13.46,13.59,12.91,13.04,250659.79,-5.507246376811603,8.680251647029436,,,,,,,,,,,,,,,,,,,,13.24575,,1.0,0.5,5.926357727065648,,0,0,,0,0,0,0,0,,,,False,False,False,False,False
2025-05-29,13.0,13.37,12.91,13.33,158736.34,2.223926380368102,5.496978102185535,,,,,,,,,,,,,,,,,,,,13.232916666666664,,1.2222222222222223,0.5,5.874141048798292,,0,0,,0,0,0,0,0,,,,True,False,False,False,False
2025-05-30,13.27,13.37,12.98,13.0,104867.0,-2.4756189047261845,3.6315036786276567,,,,,,,,,,,,,,,,,,,,13.215083333333332,,1.0,0.45,5.8403061849306965,,0,0,,0,0,0,0,0,,,,False,False,False,False,False
2025-06-03,12.98,13.44,12.96,13.09,111928.44,0.692307692307681,3.8760386165624547,,,,,,,,,,,,,,,,,,,,13.19325,,1.2222222222222223,0.5,5.80344443312133,,0,0,,0,0,0,0,0,,,,True,False,False,False,False
2025-06-04,13.02,13.39,12.97,13.3,87624.66,1.6042780748663166,3.0344081086375856,,,,,,,,,,,,,,,,,,,,13.172166666666667,,1.2222222222222223,0.5,5.735884931445901,,0,0,,0,0,0,0,0,,,,True,False,False,False,False
2025-06-05,13.29,13.47,13.12,13.25,71425.6,-0.3759398496240629,2.47344092181704,,,,,,,,,,,,,,,,,,,,13.156416666666667,,1.2222222222222223,0.5,5.659856653900851,,0,0,,0,0,0,0,0,,,,False,False,False,False,False
2025-06-06,13.21,13.29,13.01,13.04,75372.0,-1.584905660377367,2.610103228523022,,,,,,,,,,,,,,,,,,,,13.142666666666665,,1.0,0.45,5.463111967776951,,0,0,,0,0,0,0,0,,,,False,False,False,False,False
2025-06-09,13.06,13.51,13.05,13.46,102042.1,3.220858895705536,3.5336784834589645,,,,,,,,,,,,,,,,,,,,13.127666666666666,,1.2222222222222223,0.5,5.458479650953442,,0,0,,0,0,0,0,0,,,,True,False,False,False,False
2025-06-10,13.42,13.54,13.02,13.19,77192.0,-2.0059435364041756,2.6731291250882174,,,,,,,,,,,,,,,,,,,,13.11275,,1.2222222222222223,0.45,5.407422718442112,,0,0,,0,0,0,0,0,,,,False,False,False,False,False
2025-06-11,13.17,13.42,13.07,13.31,57333.0,0.909780136467031,1.9854196306441438,,,,,,,,,,,,,,,,,,,,13.100166666666667,,1.5,0.5,5.1949255405824655,,0,0,,0,0,0,0,0,,,,True,False,False,False,False
2025-06-12,13.32,13.42,13.21,13.4,55046.45,0.6761833208114298,1.9062372879017555,,,,,,,,,,,,,,,,,,,,13.081666666666667,,1.5,0.5,5.02994549077206,,0,0,,0,0,0,0,0,,,,True,False,False,False,False
2025-06-13,13.38,13.42,12.93,12.98,85518.99,-3.13432835820896,2.9614895703845994,,,,,,,,,,,,,,,,,,,,13.061416666666666,,1.5,0.5,4.842036134976648,,0,0,,0,0,0,0,0,,,,False,False,False,False,False
2025-06-16,12.99,13.51,12.79,13.35,104554.0,2.850539291217258,3.6206646096029833,,,,,,,,,,,,,,,,,,,,13.044666666666668,,1.5,0.55,4.826400102631093,,0,0,,0,0,0,0,0,,,,True,False,False,False,False
2025-06-17,13.39,13.47,13.05,13.13,65848.6,-1.6479400749063622,2.280311567342263,,,,,,,,,,,,,,,,,,,,13.026,,1.2222222222222223,0.5,4.726627199480855,,0,0,,0,0,0,0,0,,,,False,False,False,False,False
2025-06-18,13.04,13.11,12.94,13.05,57538.0,-0.6092916984006047,1.992518701411103,,,,,,,,,,,,,,,,,,,,13.011166666666668,,1.2222222222222223,0.45,4.472543318772227,,0,0,,0,0,0,0,0,,,,True,False,False,False,False
2025-06-19,13.04,13.09,12.8,12.84,53184.0,-1.6091954022988575,1.841741364243597,,,,,,,,,,,,,,,,,,,,13.000916666666667,,1.0,0.4,4.287351296803533,,0,0,,0,0,0,0,0,,,,False,False,False,False,False
2025-06-20,12.83,12.9,12.58,12.61,47308.0,-1.7912772585669812,1.6382577553331095,,,,,,,,,,,,,,,,,,,,12.987333333333334,,1.0,0.4,4.074333029834784,,0,0,,0,0,0,0,0,,,,False,False,False,False,False
2025-06-23,12.58,12.8,12.49,12.78,47493.99,1.3481363996827866,1.6446985171474835,,,,,,,,,,,,,,,,,,,,12.973333333333333,,1.0,0.4,3.583740714952196,,0,0,,0,0,0,0,0,,,,True,False,False,False,False
2025-06-24,12.79,13.05,12.76,13.03,48935.0,1.9561815336463173,1.694600136493314,,,,,,,,,,,,,,,,,,,,12.955583333333333,,1.0,0.45,3.3085409079693506,,0,0,,0,0,0,0,0,,,,True,False,False,False,False
2025-06-25,13.03,13.14,12.94,13.12,49088.0,0.6907137375287808,1.6998984673584103,,,,,,,,,,,,,,,,,,,,12.951166666666666,,1.2222222222222223,0.5,2.963768475989634,,0,0,,0,0,0,0,0,,,,True,False,True,False,False
2025-06-26,13.12,14.44,13.0,13.8,344498.16,5.182926829268308,11.929838131351703,,,,,,,,,,,,,,,,,,,,12.950333333333333,,1.5,0.55,3.126247800205747,,0,0,,0,0,0,0,0,,,,True,False,True,True,False
2025-06-27,13.77,14.05,13.66,13.72,241228.49,-0.5797101449275366,8.353649373251784,,,,,,,,,,,,,,,,,,,,12.954416666666667,,1.2222222222222223,0.5,3.2690813637590592,,0,0,,0,0,0,0,0,,,,False,False,False,False,False
2025-06-30,13.78,14.04,13.57,14.02,180037.18,2.186588921282784,6.234617958554641,,,,,,,,,,,,,,,,,,,,12.959833333333332,,1.5,0.55,3.3992370777554086,,0,0,,0,0,0,0,0,,,,True,False,False,False,False
2025-07-01,13.98,14.11,13.84,13.96,101515.98,-0.42796005706132734,3.515459151205733,,,,,,,,,,,,,,,,,,,,12.965916666666667,,1.2222222222222223,0.5,3.3812081044875724,,0,0,,0,0,0,0,0,,,,False,False,False,False,False
2025-07-02,13.93,14.07,13.76,13.92,92499.0,-0.2865329512894088,3.203204618892307,,,,,,,,,,,,,,,,,,,,12.973333333333333,,1.0,0.45,3.389647930000309,,0,0,,0,0,0,0,0,,,,False,False,False,False,False
2025-07-03,14.5,14.72,13.97,14.32,324631.46,2.8735632183908066,11.2418619888837,,,,,,,,,,,,,,,,,,,,12.989916666666666,,1.0,0.5,3.828068983353641,,0,0,,0,0,0,0,0,,,,False,False,False,False,False
2025-07-04,14.23,14.63,14.2,14.35,261217.27,0.20949720670391248,9.045853098935545,,,,,,,,,,,,,,,,,,,,13.006416666666667,,1.2222222222222223,0.55,4.149856476874268,,0,0,,0,0,0,0,0,,,,True,False,False,False,False
2025-07-07,14.52,15.79,14.45,15.79,318999.98,10.034843205574905,11.046846013065586,,,,,,,,,,,,,,,,,,,,13.040333333333335,,1.2222222222222223,0.55,4.525514853354599,,0,0,,0,0,0,0,0,,,,True,False,True,True,True
2025-07-08,16.42,17.15,15.84,16.0,786328.56,1.3299556681444002,27.230254114735697,,,,,,,,,,,,,,,,,,,,13.077333333333335,,1.2222222222222223,0.6,5.753371102836973,,0,0,,0,0,0,0,0,,,,False,False,True,True,True
2025-07-09,15.88,16.54,15.74,15.85,551837.69,-0.9375000000000022,19.109925917975993,,,,,,,,,,,,,,,,,,,,13.110416666666667,,1.0,0.55,6.609596417203565,,0,0,,0,0,0,0,0,,,,False,False,False,False,False
2025-07-10,15.67,15.82,15.3,15.55,450407.28,-1.8927444794952564,15.597430022797228,,,,,,,,,,,,,,,,,,,,13.139083333333334,,0.8181818181818182,0.5,7.294156053948339,,0,0,,0,0,0,0,0,,,,False,False,False,False,False
2025-07-11,15.52,15.63,15.19,15.25,267512.57,-1.9292604501607746,9.263856904785477,,,,,,,,,,,,,,,,,,,,13.165,,0.8181818181818182,0.5,7.609274420668383,,0,0,,0,0,0,0,0,,,,False,False,False,False,False
2025-07-14,15.31,15.45,15.1,15.17,172606.6,-0.5245901639344241,5.977299845093428,,,,,,,,,,,,,,,,,,,,13.194833333333333,,0.6666666666666666,0.45,7.727106182442905,,0,0,,0,0,0,0,0,,,,False,False,False,False,False
2025-07-15,15.12,15.2,14.94,15.13,168521.96,-0.2636783124587927,5.835850340617571,,,,,,,,,,,,,,,,,,,,13.225083333333334,,0.8181818181818182,0.45,7.904883121106671,,0,0,,0,0,0,0,0,,,,True,False,False,False,False
2025-07-16,15.12,15.33,15.1,15.23,192962.93,0.6609385327164485,6.682231685218143,,,,,,,,,,,,,,,,,,,,13.250083333333333,,0.8181818181818182,0.5,8.139368770297022,,0,0,,0,0,0,0,0,,,,True,False,False,False,False
2025-07-17,15.21,15.4,15.09,15.36,210879.83,0.8535784635587573,7.302687007288994,,,,,,,,,,,,,,,,,,,,13.275083333333333,,1.0,0.55,8.412416052449291,,0,0,,0,0,0,0,0,,,,True,False,False,False,False
2025-07-18,15.41,15.53,15.22,15.33,179176.45,-0.1953125,6.2048112113290586,,,,,,,,,,,,,,,,,,,,13.298333333333334,,1.0,0.55,8.640743725249092,,0,0,,0,0,0,0,0,,,,False,False,False,False,False
2025-07-21,15.3,15.35,15.13,15.18,138527.68,-0.9784735812133127,4.797160017085974,,,,,,,,,,,,,,,,,,,,13.321500000000002,,0.8181818181818182,0.5,8.798366800246013,,0,0,,0,0,0,0,0,,,,False,False,False,False,False
2025-07-22,15.27,15.27,14.96,15.03,122745.0,-0.988142292490124,4.25061190873346,,,,,,,,,,,,,,,,,,,,13.343083333333334,,0.6666666666666666,0.45,8.926167388858023,,0,0,,0,0,0,0,0,,,,False,False,False,False,False
2025-07-23,15.0,15.07,14.84,14.88,97683.51,-0.9980039920159611,3.3827421963655055,,,,,,,,,,,,,,,,,,,,13.363999999999999,,0.5384615384615384,0.4,9.010309575308378,,0,0,,0,0,0,0,0,,,,False,False,False,False,False
2025-07-24,14.9,15.06,14.84,15.06,93780.13,1.2096774193548265,3.2475696556321805,,,,,,,,,,,,,,,,,,,,13.388250000000001,,0.5384615384615384,0.4,8.5761961515224,,0,0,,0,0,0,0,0,,,,True,False,False,False,False
2025-07-25,15.11,16.22,15.02,15.89,477229.04,5.511288180610885,16.52625720491618,,,,,,,,,,,,,,,,,,,,13.419333333333332,,0.6666666666666666,0.45,8.984826543105621,,0,0,,0,0,0,0,0,,,,True,False,True,True,False
2025-07-28,16.1,16.65,15.92,16.42,393208.8,3.3354310887350636,13.61666876776075,,,,,,,,,,,,,,,,,,,,13.45075,,0.6666666666666666,0.45,9.353929083565925,,0,0,,0,0,0,0,0,,,,True,False,True,True,True
2025-07-29,16.38,16.58,16.18,16.46,205300.46,0.24360535931788885,7.109475580630227,,,,,,,,,,,,,,,,,,,,13.483666666666666,,0.8181818181818182,0.5,9.533629905037149,,0,0,,0,0,0,0,0,,,,True,False,False,False,True
2025-07-30,16.38,16.98,15.85,16.32,201487.83,-0.8505467800729027,6.977445677321787,,,,,,,,,,,,,,,,,,,,13.511333333333333,,0.8181818181818182,0.5,9.722341957958625,,0,0,,0,0,0,0,0,,,,False,False,False,False,False
2025-07-31,16.22,16.99,16.13,16.56,281419.41,1.4705882352941124,9.745445398955102,,,,,,,,,,,,,,,,,,,,13.537833333333333,,1.0,0.5,9.647521128462195,,0,0,,0,0,0,0,0,,,,True,False,False,False,True
2025-08-01,16.49,16.6,16.08,16.23,166686.75,-1.9927536231883924,5.772297727631081,,,,,,,,,,,,,,,,,,,,13.560833333333333,,0.8181818181818182,0.45,9.483843359896971,,0,0,,0,0,0,0,0,,,,False,False,False,False,False
2025-08-04,16.2,16.47,15.89,16.42,131537.43,1.1706715958102354,4.555090361336053,,,,,,,,,,,,,,,,,,,,13.583833333333333,,0.8181818181818182,0.45,9.159255577310494,,0,0,,0,0,0,0,0,,,,True,False,False,False,False
2025-08-05,16.13,16.54,16.08,16.44,158081.68,0.12180267965895553,5.474307479413352,,,,,,,,,,,,,,,,,,,,13.607750000000001,,1.0,0.45,8.071458245544376,,0,0,,0,0,0,0,0,,,,True,False,False,False,False
2025-08-06,16.42,16.84,16.34,16.38,148925.96,-0.36496350364965124,5.157248434523303,,,,,,,,,,,,,,,,,,,,13.631666666666666,,1.0,0.45,7.373824371371744,,0,0,,0,0,0,0,0,,,,False,False,False,False,False
2025-08-07,16.43,16.99,16.39,16.49,122223.0,0.6715506715506692,4.232535250487838,,,,,,,,,,,,,,,,,,,,13.657833333333334,,1.2222222222222223,0.5,6.805579632756273,,0,0,,0,0,0,0,0,,,,True,False,False,False,False
2025-08-08,16.49,16.66,16.29,16.34,106915.89,-0.90964220739842,3.702455947426263,,,,,,,,,,,,,,,,,,,,13.68225,,1.2222222222222223,0.5,6.527509584888312,,0,0,,0,0,0,0,0,,,,False,False,False,False,False
2025-08-11,16.33,16.73,16.31,16.47,102262.99,0.7955936352509019,3.541327818784396,,,,,,,,,,,,,,,,,,,,13.706999999999999,,1.5,0.55,6.405710983572861,,0,0,,0,0,0,0,0,,,,True,False,False,False,False
2025-08-12,16.49,16.78,16.37,16.47,111626.08,0.0,3.8655680066253932,,,,,,,,,,,,,,,,,,,,13.736333333333333,,1.2222222222222223,0.55,6.3071968668732525,,0,0,,0,0,0,0,0,,,,False,False,False,False,False
2025-08-13,16.42,16.55,16.18,16.47,110296.7,0.0,3.8195320910342723,,,,,,,,,,,,,,,,,,,,13.761750000000001,,1.2222222222222223,0.5,6.164061887164059,,0,0,,0,0,0,0,0,,,,True,False,False,False,False
2025-08-14,16.48,16.57,16.04,16.06,99537.93,-2.4893746205221667,3.4469600442272803,,,,,,,,,,,,,,,,,,,,13.78225,,1.0,0.45,5.971275539010973,,0,0,,0,0,0,0,0,,,,False,False,False,False,False
2025-08-15,16.24,16.3,16.03,16.22,87294.55,0.9962640099626441,3.022976526925972,,,,,,,,,,,,,,,,,,,,13.80475,,1.0,0.5,5.812183804790818,,0,0,,0,0,0,0,0,,,,False,False,False,False,False
2025-08-18,16.32,16.63,16.29,16.45,103306.52,1.4180024660912505,3.577464859357296,,,,,,,,,,,,,,,,,,,,13.830083333333333,,1.2222222222222223,0.55,5.751199046904384,,0,0,,0,0,0,0,0,,,,True,False,False,False,False
2025-08-19,16.5,16.51,16.24,16.45,73911.35,0.0,2.559521483568103,,,,,,,,,,,,,,,,,,,,13.856166666666667,,1.2222222222222223,0.55,5.666644525646117,,0,0,,0,0,0,0,0,,,,False,False,False,False,False
2025-08-20,16.38,16.68,16.33,16.68,123920.78,1.3981762917933072,4.291328715691386,,,,,,,,,,,,,,,,,,,,13.883500000000002,,1.5,0.6,5.712073851612411,,0,0,,0,0,0,0,0,,,,True,False,True,False,True
2025-08-21,16.93,18.28,16.93,17.27,395828.27,3.537170263788969,13.707380001428678,,,,,,,,,,,,,,,,,,,,13.916583333333334,,1.5,0.6,6.235064368902236,,0,0,,0,0,0,0,0,,,,True,False,True,True,True
2025-08-22,17.16,17.3,16.96,17.2,220275.38,-0.4053271569195105,7.6280512723841145,,,,,,,,,,,,,,,,,,,,13.955749999999998,,1.5,0.55,5.790154072275632,,0,0,,0,0,0,0,0,,,,True,False,False,False,False
2025-08-25,17.33,17.79,17.0,17.73,315181.88,3.0813953488372237,10.914626685771317,,,,,,,,,,,,,,,,,,,,13.998416666666666,13.22236,1.5,0.55,5.655051968176161,,0,0,,0,0,0,0,0,,,,True,False,False,False,True
2025-08-26,17.83,19.17,17.53,18.46,419491.98,4.1173152848279715,14.526845132642293,,,,,,,,,,,,,,,,,,,,14.046166666666666,13.256200000000002,1.5,0.55,6.025920445776764,,0,0,,0,0,0,0,0,,,,True,False,True,True,True
2025-08-27,18.62,18.87,17.88,17.9,343019.59,-3.0335861321776902,11.878635823722911,,,,,,,,,,,,,,,,,,,,14.088666666666667,13.28716,1.5,0.55,6.270979953096821,,0,0,,0,0,0,0,0,,,,False,False,False,False,False
2025-08-28,17.79,18.2,17.2,18.17,245820.54,1.5083798882681743,8.512670289912338,,,,,,,,,,,,,,,,,,,,14.128833333333331,13.319840000000001,1.5,0.55,6.209341197644682,,0,0,,0,0,0,0,0,,,,True,False,False,False,False
2025-08-29,18.16,18.16,17.43,17.62,183029.15,-3.026967528893787,6.338228723250337,,,,,,,,,,,,,,,,,,,,14.166583333333334,13.35104,1.5,0.55,6.237637747425645,,0,0,,0,0,0,0,0,,,,False,False,False,False,False
2025-09-01,17.46,17.75,17.21,17.26,137391.2,-2.0431328036322305,4.757804153938495,,,,,,,,,,,,,,,,,,,,14.202916666666665,13.3804,1.2222222222222223,0.5,6.247773437055767,,0,0,,0,0,0,0,0,,,,False,False,False,False,False
2025-09-02,17.26,17.47,16.91,17.13,130151.35,-0.7531865585168163,4.507090946659632,,,,,,,,,,,,,,,,,,,,14.237916666666667,13.410440000000001,1.0,0.45,6.199412610418081,,0,0,,0,0,0,0,0,,,,False,False,False,False,False
2025-09-03,17.18,17.46,16.65,16.68,117436.1,-2.626970227670744,4.066766753637325,,,,,,,,,,,,,,,,,,,,14.268666666666666,13.4396,1.0,0.45,6.144888526373782,,0,0,,0,0,0,0,0,,,,False,False,False,False,False
2025-09-04,16.8,17.0,16.07,16.38,140768.49,-1.7985611510791366,4.874758401306994,,,,,,,,,,,,,,,,,,,,14.29925,13.46808,0.8181818181818182,0.4,6.176999683914739,,0,0,,0,0,0,0,0,,,,False,False,False,False,False
2025-09-05,16.33,16.65,16.1,16.64,98315.35,1.5873015873016039,3.4046225713576774,,,,,,,,,,,,,,,,,,,,14.329666666666666,13.497279999999998,1.0,0.45,6.16210801511131,,0,0,,0,0,0,0,0,,,,True,False,False,False,False
2025-09-08,16.64,16.84,16.51,16.66,82684.21,0.12019230769231282,2.8633222346345533,,,,,,,,,,,,,,,,,,,,14.360583333333333,13.527519999999999,1.0,0.45,6.1282077359038185,,0,0,,0,0,0,0,0,,,,True,False,False,False,False
2025-09-09,16.68,17.0,16.58,16.65,129071.25,-0.06002400960385401,4.469687501121133,,,,,,,,,,,,,,,,,,,,14.390916666666667,13.556959999999998,1.0,0.45,6.158413710628606,,0,0,,0,0,0,0,0,,,,False,False,False,False,False
2025-09-10,16.58,16.91,16.52,16.57,79956.0,-0.48048048048047187,2.7688453767949204,,,,,,,,,,,,,,,,,,,,14.422333333333334,13.5852,0.8181818181818182,0.45,6.105879374916638,,0,0,,0,0,0,0,0,,,,False,False,False,False,False
2025-09-11,16.57,16.64,16.25,16.6,91918.01,0.18105009052504784,3.1830851597464767,,,,,,,,,,,,,,,,,,,,14.454749999999999,13.61224,1.0,0.5,6.092685630692598,,0,0,,0,0,0,0,0,,,,True,False,False,False,False
2025-09-12,16.69,16.77,16.38,16.38,90821.88,-1.3253012048192958,3.1451266015036152,,,,,,,,,,,,,,,,,,,,14.486833333333333,13.63944,1.0,0.45,6.098793134421479,,0,0,,0,0,0,0,0,,,,False,False,False,False,False
2025-09-15,16.33,16.61,16.25,16.39,72255.3,0.06105006105006083,2.5021731121357997,,,,,,,,,,,,,,,,,,,,14.520583333333333,13.66584,1.0,0.45,6.045028547060405,,0,0,,0,0,0,0,0,,,,True,False,False,False,False
2025-09-16,16.63,16.97,16.52,16.72,141140.0,2.0134228187919323,4.8876236490173985,,,,,,,,,,,,,,,,,,,,14.557916666666667,13.6942,1.2222222222222223,0.5,6.1614336553328695,,0,0,,0,0,0,0,0,,,,True,False,False,False,False
2025-09-17,16.71,17.79,16.57,17.4,222363.76,4.066985645933019,7.700371064619732,,,,,,,,,,,,,,,,,,,,14.600083333333334,13.724359999999999,1.2222222222222223,0.5,6.331885772779287,,0,0,,0,0,0,0,0,,,,True,False,True,False,False
2025-09-18,17.43,18.86,17.4,17.84,332413.98,2.5287356321839205,11.511367648519174,,,,,,,,,,,,,,,,,,,,14.645166666666666,13.757119999999999,1.2222222222222223,0.5,6.222085155133812,,0,0,,0,0,0,0,0,,,,True,False,True,True,False
2025-09-19,17.89,18.07,17.48,17.55,152229.98,-1.6255605381165883,5.271665370110851,,,,,,,,,,,,,,,,,,,,14.685833333333333,13.788920000000001,1.0,0.5,6.104265860020148,,0,0,,0,0,0,0,0,,,,False,False,False,False,False
2025-09-22,17.76,18.66,17.72,18.12,159088.06,3.2478632478632585,5.509158029844826,,,,,,,,,,,,,,,,,,,,14.7345,13.8222,1.0,0.5,5.833992427223825,,0,0,,0,0,0,0,0,,,,True,False,False,False,False
2025-09-23,17.98,18.18,17.31,18.04,178851.05,-0.44150110375277274,6.193542735097018,,,,,,,,,,,,,,,,,,,,14.78,13.856,1.0,0.45,5.417327307346561,,0,0,,0,0,0,0,0,,,,True,False,False,False,False
2025-09-24,17.72,18.78,17.72,18.72,198224.9,3.7694013303769314,6.864451672552847,,,,,,,,,,,,,,,,,,,,14.8345,13.8928,1.2222222222222223,0.5,5.1666180997880575,,0,0,,0,0,0,0,0,,,,True,False,False,False,True
2025-09-25,18.56,18.92,18.51,18.62,147165.96,-0.5341880341880212,5.09630031476795,,,,,,,,,,,,,,,,,,,,14.887333333333334,13.93008,1.2222222222222223,0.45,4.995799601030837,,0,0,,0,0,0,0,0,,,,True,False,False,False,False
2025-09-26,20.48,20.48,20.07,20.48,236003.63,9.98925886143931,8.172714490873968,,,,,,,,,,,,,,,,,,,,14.965833333333332,13.975400000000002,1.375,0.5,5.08752388941202,,0,0,,0,0,0,0,0,,,,False,False,True,True,True
2025-09-29,19.05,19.66,18.43,18.44,590515.86,-9.9609375,20.44933599586118,,,,,,,,,,,,,,,,,,,,15.031833333333333,14.01084,1.375,0.5,5.872100481508154,,0,0,,0,0,0,0,0,,,,False,False,False,False,False
2025-09-30,18.45,18.7,18.05,18.26,332591.14,-0.9761388286333994,11.517502630846367,,,,,,,,,,,,,,,,,,,,15.092749999999999,14.04172,1.375,0.5,6.22262106571749,,0,0,,0,0,0,0,0,,,,False,False,False,False,False
2025-10-09,18.88,19.23,18.1,18.75,399142.54,2.68346111719604,13.822151890554574,,,,,,,,,,,,,,,,,,,,15.148583333333333,14.07376,1.375,0.55,6.710390322563353,,0,0,,0,0,0,0,0,,,,False,False,False,False,False
2025-10-10,18.42,19.27,18.42,18.65,254859.0,-0.5333333333333412,8.825668666323686,,,,,,,,,,,,,,,,,,,,15.199083333333334,14.10524,1.7142857142857142,0.55,6.907935835814188,,0,0,,0,0,0,0,0,,,,True,False,False,False,False
2025-10-13,17.65,18.33,17.51,18.27,186624.73,-2.037533512064338,6.462742268949176,,,,,,,,,,,,,,,,,,,,15.24525,14.13344,1.7142857142857142,0.5,7.060841820693762,,0,0,,0,0,0,0,0,,,,True,False,False,False,False
2025-10-14,18.29,18.5,17.55,17.64,170818.41,-3.4482758620689613,5.915375516533584,,,,,,,,,,,,,,,,,,,,15.287916666666666,14.15864,1.375,0.45,7.213444484788714,,0,0,,0,0,0,0,0,,,,False,False,False,False,False
2025-10-15,17.74,18.6,17.64,18.32,166378.27,3.8548752834467015,5.761615184459415,,,,,,,,,,,,,,,,,,,,15.338583333333334,14.184239999999999,1.7142857142857142,0.5,7.278040868955628,,0,0,,0,0,0,0,0,,,,True,False,False,False,False
2025-10-16,18.22,18.31,17.94,17.96,83626.43,-1.9650655021834051,2.8959509490640354,,,,,,,,,,,,,,,,,,,,15.385833333333332,14.20392,1.7142857142857142,0.5,7.284396147569083,,0,0,,0,0,0,0,0,,,,False,False,False,False,False
2025-10-17,17.91,18.21,17.4,17.41,90385.71,-3.0623608017817383,3.1300222029844713,,,,,,,,,,,,,,,,,,,,15.422666666666666,14.21968,1.375,0.45,7.281742999730985,,0,0,,0,0,0,0,0,,,,False,False,False,False,False
2025-10-20,17.74,18.15,17.6,18.02,119416.17,3.503733486502014,4.135335812435042,,,,,,,,,,,,,,,,,,,,15.457916666666668,14.24328,1.7142857142857142,0.5,7.331253460277556,,0,0,,0,0,0,0,0,,,,True,False,False,False,False
2025-10-21,17.97,18.17,17.87,18.04,85040.5,0.11098779134295356,2.9449196466222474,,,,,,,,,,,,,,,,,,,,15.494083333333332,14.26844,1.7142857142857142,0.5,7.353390787001876,,0,0,,0,0,0,0,0,,,,True,False,False,False,False
2025-10-22,17.98,18.1,17.76,17.83,59162.29,-1.164079822616415,2.0487672363187297,,,,,,,,,,,,,,,,,,,,15.530083333333334,14.29328,1.375,0.45,7.211447966366944,,0,0,,0,0,0,0,0,,,,False,False,False,False,False
2025-10-23,17.76,17.99,17.57,17.87,60850.72,0.22434099831745158,2.1072369146360774,,,,,,,,,,,,,,,,,,,,15.56725,14.3176,1.375,0.45,6.9317912588677615,,0,0,,0,0,0,0,0,,,,True,False,False,False,False
2025-10-24,17.92,18.3,17.69,18.09,103160.55,1.231113598209288,3.5724099746750864,,,,,,,,,,,,,,,,,,,,15.606916666666667,14.34284,1.375,0.45,6.534843375175557,,0,0,,0,0,0,0,0,,,,True,False,False,False,False
2025-10-27,18.38,18.66,18.1,18.2,113587.36,0.6080707573244748,3.9334863749854954,,,,,,,,,,,,,,,,,,,,15.647166666666665,14.36952,1.375,0.5,6.467934425419289,,0,0,,0,0,0,0,0,,,,False,False,False,False,False
2025-10-28,18.09,18.54,17.79,18.34,186455.06,0.7692307692307665,6.456866662427078,,,,,,,,,,,,,,,,,,,,15.687833333333336,14.39692,1.375,0.5,6.515319857048402,,0,0,,0,0,0,0,0,,,,True,False,False,False,False
2025-10-29,18.24,18.37,17.61,18.2,145090.49,-0.7633587786259555,5.024427590842584,,,,,,,,,,,,,,,,,,,,15.728,14.42292,1.1111111111111112,0.5,6.45686409983568,,0,0,,0,0,0,0,0,,,,False,False,False,False,False
2025-10-30,18.24,18.31,17.84,17.97,128886.86,-1.2637362637362703,4.463302146688355,,,,,,,,,,,,,,,,,,,,15.764333333333333,14.447479999999999,0.9,0.45,6.336806623542455,,0,0,,0,0,0,0,0,,,,False,False,False,False,False
2025-10-31,18.07,18.84,17.97,18.49,183799.09,2.893711741791871,6.364891447866496,,,,,,,,,,,,,,,,,,,,15.805666666666665,14.472480000000001,0.9,0.5,6.400236180197382,,0,0,,0,0,0,0,0,,,,True,False,False,False,False
2025-11-03,18.5,18.51,17.69,17.92,176698.0,-3.0827474310437863,6.118983445756527,,,,,,,,,,,,,,,,,,,,15.840583333333335,14.496199999999998,0.8181818181818182,0.45,6.29754962794151,,0,0,,0,0,0,0,0,,,,False,False,False,False,False
2025-11-04,17.84,17.87,16.68,16.88,239036.17,-5.803571428571441,8.277730178989252,,,,,,,,,,,,,,,,,,,,15.868083333333333,14.51644,0.8181818181818182,0.45,5.688969337097914,,0,0,,0,0,0,0,0,,,,False,False,False,False,False
2025-11-05,16.66,16.8,16.42,16.54,127204.11,-2.0142180094786744,4.405029164575673,,,,,,,,,,,,,,,,,,,,15.892333333333335,14.53516,0.8181818181818182,0.45,5.33334566378438,,0,0,,0,0,0,0,0,,,,False,False,False,False,False
2025-11-06,16.58,16.6,16.31,16.41,95312.3,-0.7859733978234473,3.3006281105444306,,,,,,,,,,,,,,,,,,,,15.915833333333332,14.55192,0.8181818181818182,0.4,4.807269474783872,,0,0,,0,0,0,0,0,,,,False,False,False,False,False
2025-11-07,16.43,16.47,16.26,16.28,77007.9,-0.7921998781230899,2.6667538132433535,,,,,,,,,,,,,,,,,,,,15.936,14.568959999999999,0.6666666666666666,0.4,4.499323732129856,,0,0,,0,0,0,0,0,,,,False,False,False,False,False
2025-11-10,16.35,16.43,16.27,16.32,83625.86,0.24570024570023108,2.895931210184342,,,,,,,,,,,,,,,,,,,,15.95825,14.58704,0.5384615384615384,0.45,4.320983179191614,,0,0,,0,0,0,0,0,,,,False,False,False,False,False
2025-11-11,16.35,16.43,16.16,16.26,84483.51,-0.367647058823517,2.925631298200353,,,,,,,,,,,,,,,,,,,,15.980916666666667,14.603639999999999,0.5384615384615384,0.45,4.171495968274952,,0,0,,0,0,0,0,0,,,,False,False,False,False,False
2025-11-12,16.27,16.35,16.01,16.2,70788.19,-0.3690036900369176,2.451367659877688,,,,,,,,,,,,,,,,,,,,16.000416666666666,14.61884,0.42857142857142855,0.4,4.005983592045866,,0,0,,0,0,0,0,0,,,,False,False,False,False,False
2025-11-13,16.2,16.3,16.07,16.3,65260.05,0.6172839506172867,2.259930308318392,,,,,,,,,,,,,,,,,,,,16.017666666666667,14.62948,0.5384615384615384,0.45,3.9741825600085834,,0,0,,0,0,0,0,0,,,,True,False,False,False,False
2025-11-14,16.18,16.29,16.11,16.11,78958.72,-1.1656441717791455,2.734309955846273,,,,,,,,,,,,,,,,,,,,16.033083333333334,14.63832,0.5384615384615384,0.45,3.9543969476516745,,0,0,,0,0,0,0,0,,,,False,False,False,False,False
2025-11-17,16.08,16.15,15.82,15.91,95454.16,-1.2414649286157653,3.305540667515166,,,,,,,,,,,,,,,,,,,,16.049083333333336,14.64584,0.42857142857142855,0.4,3.9129071904056802,,0,0,,0,0,0,0,0,,,,False,False,False,False,False
2025-11-18,15.94,16.36,15.79,16.13,121730.3,1.3827781269641681,4.215473239917689,,,,,,,,,,,,,,,,,,,,16.06383333333333,14.651440000000001,0.42857142857142855,0.4,3.9764348700704515,,0,0,,0,0,0,0,0,,,,True,False,False,False,False
2025-11-19,16.08,16.08,15.65,15.65,103660.06,-2.9758214507129455,3.589707812913153,,,,,,,,,,,,,,,,,,,,16.075499999999998,14.65652,0.42857142857142855,0.4,4.0534818989001735,,0,0,,0,0,0,0,0,,,,False,False,False,False,False
2025-11-20,15.74,15.84,15.5,15.5,66465.41,-0.9584664536741228,2.3016714592435696,,,,,,,,,,,,,,,,,,,,16.089666666666666,14.660639999999999,0.3333333333333333,0.35,4.063203626130548,,0,0,,0,0,0,0,0,,,,False,False,False,False,False
2025-11-21,15.49,15.83,15.19,15.44,107694.25,-0.3870967741935516,3.729410253388068,,,,,,,,,,,,,,,,,,,,16.109666666666666,14.66604,0.25,0.3,4.0710536400661965,,0,0,,0,0,0,0,0,,,,False,False,False,False,False
2025-11-24,15.48,16.15,15.25,15.95,109072.21,3.303108808290145,3.7771284756028902,,,,,,,,,,,,,,,,,,,,16.1315,14.672439999999998,0.3333333333333333,0.3,4.063235745097066,,0,0,,0,0,0,0,0,,,,True,False,False,False,False
2025-11-25,15.99,16.73,15.99,16.4,167089.36,2.8213166144200663,5.7862399563212525,,,,,,,,,,,,,,,,,,,,16.159833333333335,14.68224,0.3333333333333333,0.3,4.029704409791775,,0,0,,0,0,0,0,0,,,,True,False,True,False,False
2025-11-26,16.2,16.72,16.2,16.37,137576.09,-0.18292682926828174,4.7642068231780215,,,,,,,,,,,,,,,,,,,,16.187166666666666,14.69188,0.42857142857142855,0.3,4.0166933714085475,,0,0,,0,0,0,0,0,,,,True,False,False,False,False
2025-11-27,16.37,16.46,16.12,16.14,89871.2,-1.4050091631032435,3.112204920543945,,,,,,,,,,,,,,,,,,,,16.210833333333333,14.70264,0.42857142857142855,0.3,3.9491385101013265,,0,0,,0,0,0,0,0,,,,False,False,False,False,False
2025-11-28,16.11,16.23,15.93,16.04,65433.0,-0.619578686493194,2.2659194999727603,,,,,,,,,,,,,,,,,,,,16.234083333333334,14.70836,0.3333333333333333,0.25,3.74418991270664,,0,0,,0,0,0,0,0,,,,False,False,False,False,False
2025-12-01,15.55,15.94,15.44,15.76,117467.19,-1.74563591022443,4.067843388320958,,,,,,,,,,,,,,,,,,,,16.25675,14.711799999999998,0.42857142857142855,0.25,3.641632909834861,,0,0,,0,0,0,0,0,,,,True,False,False,False,False
2025-12-02,15.74,16.52,15.56,16.35,176489.57,3.7436548223350297,6.111765595415272,,,,,,,,,,,,,,,,,,,,16.280833333333334,14.7174,0.5384615384615384,0.3,3.533334680656163,,0,0,,0,0,0,0,0,,,,True,False,False,False,False
2025-12-03,16.38,16.73,16.26,16.28,131755.6,-0.4281345565749217,4.562645504112773,,,,,,,,,,,,,,,,,,,,16.306583333333332,14.72404,0.5384615384615384,0.3,3.5412154976330172,,0,0,,0,0,0,0,0,,,,False,False,False,False,False
2025-12-04,16.28,16.36,15.8,15.85,77966.91,-2.6412776412776506,2.6999639588834565,,,,,,,,,,,,,,,,,,,,16.327749999999998,14.728119999999999,0.5384615384615384,0.3,3.5111822900499687,,0,0,,0,0,0,0,0,,,,False,False,False,False,False
2025-12-05,15.89,16.42,15.75,16.33,95267.12,3.0283911671924235,3.2990635446066197,,,,,,,,,,,,,,,,,,,,16.35216666666667,14.73648,0.6666666666666666,0.35,3.542797776618132,,0,0,,0,0,0,0,0,,,,True,False,False,False,False
2025-12-08,16.33,16.83,16.27,16.66,130778.92,2.020820575627691,4.528823453202171,,,,,,,,,,,,,,,,,,,,16.382833333333334,14.743640000000001,0.8181818181818182,0.35,3.6244423887690234,,0,0,,0,0,0,0,0,,,,True,False,False,False,False
2025-12-09,16.58,16.85,16.38,16.76,149137.23,0.6002400960384291,5.164564632966891,,,,,,,,,,,,,,,,,,,,16.41125,14.750119999999999,1.0,0.4,3.7363890555073502,,0,0,,0,0,0,0,0,,,,True,False,False,False,False
2025-12-10,16.82,17.36,16.68,16.69,242988.5,-0.417661097852029,8.414597839303273,,,,,,,,,,,,,,,,,,,,16.440916666666666,14.754040000000002,1.0,0.4,4.03455056447863,,0,0,,0,0,0,0,0,,,,False,False,False,False,False
2025-12-11,16.72,16.77,15.96,15.96,162665.5,-4.3738765727980855,5.6330433943548215,,,,,,,,,,,,,,,,,,,,16.465166666666665,14.75456,0.8181818181818182,0.35,4.203206218780451,,0,0,,0,0,0,0,0,,,,False,False,False,False,False
2025-12-12,15.9,15.97,15.66,15.67,100771.0,-1.8170426065162948,3.48966078174247,,,,,,,,,,,,,,,,,,,,16.48875,14.756680000000001,0.8181818181818182,0.35,4.240973760075261,,0,0,,0,0,0,0,0,,,,False,False,False,False,False
2025-12-15,15.64,16.28,15.58,15.99,113517.3,2.042118698149342,3.93106022426387,,,,,,,,,,,,,,,,,,,,16.516916666666667,14.76188,1.0,0.4,4.272249737912697,,0,0,,0,0,0,0,0,,,,True,False,False,False,False
2025-12-16,15.87,15.98,15.51,15.51,85285.0,-3.001876172607887,2.953386587122352,,,,,,,,,,,,,,,,,,,,16.539666666666665,14.762880000000001,0.8181818181818182,0.35,4.209145405272929,,0,0,,0,0,0,0,0,,,,False,False,False,False,False
2025-12-17,15.49,15.62,15.24,15.56,68963.31,0.3223726627981982,2.3881727707986253,,,,,,,,,,,,,,,,,,,,16.56075,14.7652,1.0,0.4,4.149068653167203,,0,0,,0,0,0,0,0,,,,True,False,False,False,False
2025-12-18,15.43,15.84,15.36,15.56,65802.0,0.0,2.278697827353286,,,,,,,,,,,,,,,,,,,,16.581083333333332,14.76816,1.2222222222222223,0.4,4.147919971572689,,0,0,,0,0,0,0,0,,,,True,False,False,False,False
2025-12-19,15.6,16.69,15.6,16.5,173550.06,6.041131105398456,6.009971500243648,,,,,,,,,,,,,,,,,,,,16.603583333333333,14.77168,1.5,0.45,4.261948033915468,,0,0,,0,0,0,0,0,,,,True,False,True,False,False
2025-12-22,16.52,16.57,16.25,16.36,95360.09,-0.848484848484854,3.302283059773469,,,,,,,,,,,,,,,,,,,,16.62558333333333,14.775480000000002,1.2222222222222223,0.4,4.238205763123997,,0,0,,0,0,0,0,0,,,,False,False,False,False,False
2025-12-23,16.37,16.57,16.21,16.45,81593.04,0.5501222493887514,2.825535439274639,,,,,,,,,,,,,,,,,,,,16.645833333333332,14.77984,1.2222222222222223,0.4,4.090170537271666,,0,0,,0,0,0,0,0,,,,True,False,False,False,False
2025-12-24,16.45,17.15,16.33,17.0,192986.24,3.3434650455927084,6.683038901508767,,,,,,,,,,,,,,,,,,,,16.671166666666668,14.78636,1.2222222222222223,0.45,4.186112141188204,,0,0,,0,0,0,0,0,,,,True,False,True,False,False
2025-12-25,17.29,17.51,16.88,16.97,154614.38,-0.17647058823530015,5.354236220533956,,,,,,,,,,,,,,,,,,,,16.696583333333333,14.79492,1.2222222222222223,0.45,4.298213706187704,,0,0,,0,0,0,0,0,,,,False,False,False,False,False
2025-12-26,16.87,16.88,16.24,16.6,149483.14,-2.1803182086034045,5.1765433625717625,,,,,,,,,,,,,,,,,,,,16.71558333333333,14.805040000000002,1.2222222222222223,0.45,4.443744899317654,,0,0,,0,0,0,0,0,,,,False,False,False,False,False
2025-12-29,16.11,16.38,15.82,16.28,129156.27,-1.927710843373498,4.4726317108606795,,,,,,,,,,,,,,,,,,,,16.73166666666667,14.813199999999998,1.2222222222222223,0.45,4.46398431544464,,0,0,,0,0,0,0,0,,,,True,False,False,False,False
2025-12-30,16.27,16.55,16.11,16.12,112334.16,-0.9828009828009798,3.890088543350604,,,,,,,,,,,,,,,,,,,,16.734416666666664,14.819840000000001,1.0,0.4,4.352900462841406,,0,0,,0,0,0,0,0,,,,False,False,False,False,False
2025-12-31,16.13,16.45,16.13,16.24,86049.38,0.7444168734491052,2.9799081096378464,,,,,,,,,,,,,,,,,,,,16.736416666666667,14.82416,1.2222222222222223,0.45,4.2737635931176605,,0,0,,0,0,0,0,0,,,,True,False,False,False,False
2026-01-05,16.25,17.22,16.18,17.12,178475.36,5.418719211822687,6.180639217092954,,,,,,,,,,,,,,,,,,,,16.747,14.83804,1.5,0.5,4.447797356028135,,0,0,,0,0,0,0,0,,,,True,False,False,False,True
2026-01-06,17.06,17.17,16.82,17.13,123857.4,0.05841121495326895,4.289207786257827,,,,,,,,,,,,,,,,,,,,16.760166666666667,14.850959999999999,1.5,0.5,4.497304568110695,,0,0,,0,0,0,0,0,,,,True,False,False,False,True
2026-01-07,17.2,17.49,16.99,17.28,125419.72,0.8756567425569406,4.343311256124192,,,,,,,,,,,,,,,,,,,,16.777083333333334,14.86716,1.5,0.5,4.4880289582567965,,0,0,,0,0,0,0,0,,,,True,False,True,False,True
2026-01-08,17.14,17.37,17.12,17.2,83442.01,-0.4629629629629761,2.889614338691136,,,,,,,,,,,,,,,,,,,,16.794,14.88248,1.5,0.45,4.374281443543009,,0,0,,0,0,0,0,0,,,,True,False,False,False,False
2026-01-09,17.22,17.84,17.21,17.84,147810.8,3.7209302325581506,5.118719061218776,,,,,,,,,,,,,,,,,,,,16.816583333333334,14.90092,1.8571428571428572,0.5,4.209487504638784,,0,0,,0,0,0,0,0,,,,True,False,True,True,True
2026-01-12,18.52,19.3,18.22,19.29,307882.46,8.127802690582953,10.662034280424214,,,,,,,,,,,,,,,,,,,,16.850416666666668,14.925960000000002,2.3333333333333335,0.55,4.460937048942254,,0,0,,0,0,0,0,0,,,,True,False,True,True,True
2026-01-13,19.61,19.61,18.58,18.61,250607.65,-3.5251425609123865,8.678595575845902,,,,,,,,,,,,,,,,,,,,16.8775,14.95108,2.3333333333333335,0.55,4.720383788647426,,0,0,,0,0,0,0,0,,,,False,False,False,False,False
2026-01-14,18.77,20.24,18.76,19.56,336339.79,5.104782375067174,11.647517597626969,,,,,,,,,,,,,,,,,,,,16.91275,14.97984,2.3333333333333335,0.55,5.10620665731558,,0,0,,0,0,0,0,0,,,,True,False,False,False,True
2026-01-15,19.17,19.5,19.12,19.39,147591.07,-0.8691206543967156,5.111109765150277,,,,,,,,,,,,,,,,,,,,16.94783333333333,15.01052,3.0,0.55,5.214092816216977,,0,0,,0,0,0,0,0,,,,True,False,False,False,False
2026-01-16,19.46,20.06,18.75,19.73,199993.68,1.7534811758638469,6.925823160007851,,,,,,,,,,,,,,,,,,,,16.987000000000002,15.0432,3.0,0.55,5.440975335677438,,0,0,,0,0,0,0,0,,,,True,False,False,False,True
2026-01-19,19.54,19.78,19.18,19.36,139226.7,-1.8753167764825163,4.821449874573362,,,,,,,,,,,,,,,,,,,,17.024333333333335,15.073120000000001,2.3333333333333335,0.55,5.568112938038442,,0,0,,0,0,0,0,0,,,,False,False,False,False,False
2026-01-20,19.63,20.06,19.39,19.66,180551.96,1.5495867768595017,6.252552311417096,,,,,,,,,,,,,,,,,,,,17.062666666666665,15.10332,2.3333333333333335,0.55,5.580241978597114,,0,0,,0,0,0,0,0,,,,True,False,False,False,False
2026-01-21,19.52,19.85,19.25,19.37,121680.86,-1.4750762970498377,4.2138337487348245,,,,,,,,,,,,,,,,,,,,17.091666666666665,15.13224,2.3333333333333335,0.55,5.625819513045181,,0,0,,0,0,0,0,0,,,,False,False,False,False,False
2026-01-22,19.46,19.86,19.24,19.64,120916.53,1.3939081053174984,4.187364840237872,,,,,,,,,,,,,,,,,,,,17.118499999999997,15.164439999999999,2.3333333333333335,0.55,5.693910983093344,,0,0,,0,0,0,0,0,,,,True,False,False,False,False
2026-01-23,19.64,20.69,19.64,20.25,177316.33,3.1059063136456233,6.140501764663737,,,,,,,,,,,,,,,,,,,,17.15008333333333,15.19944,2.3333333333333335,0.55,5.666784126251092,,0,0,,0,0,0,0,0,,,,True,False,True,True,True
2026-01-26,20.19,20.4,19.08,19.35,160668.67,-4.444444444444439,5.563989800946002,,,,,,,,,,,,,,,,,,,,17.175333333333334,15.22792,2.3333333333333335,0.55,5.677271805271694,,0,0,,0,0,0,0,0,,,,False,False,False,False,False
2026-01-27,19.39,20.1,19.26,20.0,159457.61,3.3591731266149782,5.522050538684519,,,,,,,,,,,,,,,,,,,,17.204,15.258480000000002,3.0,0.6,5.694547164077332,,0,0,,0,0,0,0,0,,,,True,False,False,False,False
2026-01-28,19.64,19.83,19.47,19.55,94661.56,-2.2499999999999964,3.2781497125832817,,,,,,,,,,,,,,,,,,,,17.23166666666667,15.286520000000001,2.3333333333333335,0.6,5.634823064163462,,0,0,,0,0,0,0,0,,,,False,False,False,False,False
2026-01-29,19.49,20.53,19.32,19.75,157619.53,1.0230179028132946,5.45839744207693,,,,,,,,,,,,,,,,,,,,17.259416666666667,15.31592,3.0,0.65,5.713238509099779,,0,0,,0,0,0,0,0,,,,True,False,False,False,False
2026-01-30,19.63,19.85,19.17,19.7,135644.85,-0.25316455696202667,4.697409656474099,,,,,,,,,,,,,,,,,,,,17.286583333333333,15.34496,3.0,0.6,5.799113586441591,,0,0,,0,0,0,0,0,,,,True,False,False,False,False
2026-02-02,19.85,20.09,19.16,19.19,117104.0,-2.5888324873096336,4.055336125269355,,,,,,,,,,,,,,,,,,,,17.31,15.37224,2.3333333333333335,0.55,5.692848431850411,,0,0,,0,0,0,0,0,,,,False,False,False,False,False
2026-02-03,19.36,19.9,19.31,19.85,123882.72,3.439291297550806,4.290084623177931,,,,,,,,,,,,,,,,,,,,17.338,15.40304,2.3333333333333335,0.55,5.692892273696416,,0,0,,0,0,0,0,0,,,,True,False,False,False,False
2026-02-04,19.82,19.82,18.81,19.0,141785.13,-4.282115869017645,4.9100488430370595,,,,,,,,,,,,,,,,,,,,17.360166666666665,15.430400000000002,1.8571428571428572,0.5,5.721229153042059,,0,0,,0,0,0,0,0,,,,False,False,False,False,False
2026-02-05,18.87,19.29,18.76,18.85,95392.45,-0.7894736842105177,3.303460586853999,,,,,,,,,,,,,,,,,,,,17.38,15.455200000000001,1.5,0.5,5.741921465450202,,0,0,,0,0,0,0,0,,,,False,False,False,False,False
2026-02-06,18.66,18.82,18.36,18.49,104122.59,-1.9098143236074394,3.605787169384562,,,,,,,,,,,,,,,,,,,,17.396833333333333,15.479119999999998,1.2222222222222223,0.45,5.6662748708584925,,0,0,,0,0,0,0,0,,,,False,False,False,False,False
2026-02-09,18.91,19.2,18.71,18.87,82827.8,2.0551649540292205,2.8683441173365987,,,,,,,,,,,,,,,,,,,,17.416833333333333,15.502600000000001,1.0,0.45,5.276590362704111,,0,0,,0,0,0,0,0,,,,False,False,False,False,False
2026-02-10,19.01,19.31,18.69,19.05,95465.89,0.9538950715421324,3.306003829484821,,,,,,,,,,,,,,,,,,,,17.441750000000003,15.525279999999999,1.2222222222222223,0.5,5.007960775386057,,0,0,,0,0,0,0,0,,,,True,False,False,False,False
2026-02-11,18.79,19.0,18.59,18.68,77000.39,-1.942257217847776,2.666539684612218,,,,,,,,,,,,,,,,,,,,17.462249999999997,15.54612,1.0,0.45,4.558911879735319,,0,0,,0,0,0,0,0,,,,False,False,False,False,False
2026-02-12,18.67,18.73,18.45,18.51,77840.0,-0.9100642398286785,2.6956155553266035,,,,,,,,,,,,,,,,,,,,17.47941666666667,15.565520000000001,0.8181818181818182,0.45,4.438137169244136,,0,0,,0,0,0,0,0,,,,False,False,False,False,False
2026-02-13,18.4,18.88,16.67,18.39,97227.45,-0.6482982171799101,3.3670070224144344,,,,,,,,,,,,,,,,,,,,17.495583333333336,15.5848,0.6666666666666666,0.4,4.260196362364465,,0,0,,0,0,0,0,0,,,,False,False,False,False,False
2026-02-24,18.66,18.66,17.88,17.92,97451.15,-2.5557368134855873,3.3747538004170887,,,,,,,,,,,,,,,,,,,,17.505916666666668,15.60244,0.6666666666666666,0.4,4.187861558656651,,0,0,,0,0,0,0,0,,,,False,False,False,False,False
2026-02-25,18.01,18.15,17.87,18.06,61609.73,0.7812499999999778,2.133557895008635,,,,,,,,,,,,,,,,,,,,17.5125,15.621279999999999,0.6666666666666666,0.4,3.981911837836228,,0,0,,0,0,0,0,0,,,,True,False,False,False,False
2026-02-26,17.99,18.39,17.92,18.23,74700.78,0.9413067552602516,2.5869037071304017,,,,,,,,,,,,,,,,,,,,17.521083333333333,15.640559999999999,0.8181818181818182,0.45,3.9005653357560073,,0,0,,0,0,0,0,0,,,,True,False,False,False,False
2026-02-27,18.3,19.19,18.16,18.89,106611.26,3.620405924300596,3.6919703343906596,,,,,,,,,,,,,,,,,,,,17.53075,15.662120000000002,0.8181818181818182,0.45,3.8757956104636464,,0,0,,0,0,0,0,0,,,,True,False,True,False,False
2026-03-02,18.55,18.65,17.6,17.93,143918.09,-5.082053996823721,4.983913696003265,,,,,,,,,,,,,,,,,,,,17.526333333333334,15.68204,0.6666666666666666,0.4,3.8179662070306235,,0,0,,0,0,0,0,0,,,,False,False,False,False,False
2026-03-03,17.93,18.05,17.05,17.1,88823.18,-4.629113218070269,3.0759653864539422,,,,,,,,,,,,,,,,,,,,17.51966666666667,15.69676,0.6666666666666666,0.4,3.6935649863060207,,0,0,,0,0,0,0,0,,,,False,False,False,False,False
2026-03-04,17.05,17.42,16.89,17.1,80366.88,0.0,2.7831219406611836,,,,,,,,,,,,,,,,,,,,17.510749999999998,15.71076,0.6666666666666666,0.35,3.556618556404853,,0,0,,0,0,0,0,0,,,,True,False,False,False,False
2026-03-05,17.37,17.57,17.2,17.32,47322.91,1.2865497076023358,1.638802316538038,,,,,,,,,,,,,,,,,,,,17.508249999999997,15.72596,0.6666666666666666,0.4,3.4746511866025913,,0,0,,0,0,0,0,0,,,,False,False,False,False,False
2026-03-06,17.32,17.72,17.09,17.62,50320.3,1.7321016166281789,1.7426025620336756,,,,,,,,,,,,,,,,,,,,17.511250000000004,15.742799999999999,0.6666666666666666,0.4,3.288861442600428,,0,0,,0,0,0,0,0,,,,True,False,False,False,False
2026-03-09,17.62,19.03,17.53,18.71,167896.36,6.186152099886488,5.8142862242897655,,,,,,,,,,,,,,,,,,,,17.52441666666667,15.76436,0.6666666666666666,0.45,3.344705270991212,,0,0,,0,0,0,0,0,,,,True,False,True,False,False
2026-03-10,18.6,19.0,18.41,18.51,105599.34,-1.0689470871191875,3.6569273321714135,,,,,,,,,,,,,,,,,,,,17.539666666666665,15.7848,0.6666666666666666,0.45,3.324784831336315,,0,0,,0,0,0,0,0,,,,False,False,False,False,False
2026-03-11,18.5,18.72,18.11,18.17,93529.73,-1.836844948676386,3.238954201869184,,,,,,,,,,,,,,,,,,,,17.554583333333333,15.804279999999999,0.5384615384615384,0.4,3.272228310270877,,0,0,,0,0,0,0,0,,,,False,False,False,False,False
2026-03-12,18.21,18.9,18.03,18.23,97155.53,0.3302146395156802,3.364516417702987,,,,,,,,,,,,,,,,,,,,17.567833333333333,15.8272,0.6666666666666666,0.45,3.1949516890041734,,0,0,,0,0,0,0,0,,,,True,False,False,False,False
2026-03-13,18.15,18.46,17.95,18.15,78080.52,-0.43883708173341196,2.7039448134633863,,,,,,,,,,,,,,,,,,,,17.58025,15.849359999999999,0.7272727272727273,0.45,3.1649759003346434,,0,0,,0,0,0,0,0,,,,False,False,False,False,False
2026-03-16,18.07,18.26,17.76,18.07,65370.85,-0.44077134986224564,2.2638062708751554,,,,,,,,,,,,,,,,,,,,17.59208333333333,15.870719999999999,0.8,0.45,3.097876855409173,,0,0,,0,0,0,0,0,,,,False,False,False,False,False
2026-03-17,18.14,18.2,17.63,17.65,67780.0,-2.3242944106253605,2.3472356415729343,,,,,,,,,,,,,,,,,,,,17.601083333333335,15.890120000000001,0.8,0.4,3.07182143162099,,0,0,,0,0,0,0,0,,,,False,False,False,False,False
2026-03-18,17.81,18.24,17.64,18.22,64055.01,3.2294617563739303,2.2182384551978567,,,,,,,,,,,,,,,,,,,,17.614583333333332,15.909600000000001,0.8,0.4,3.0174331629066415,,0,0,,0,0,0,0,0,,,,True,False,False,False,False
2026-03-19,17.95,18.06,17.63,17.7,58851.74,-2.8540065861690445,2.0380481218144517,,,,,,,,,,,,,,,,,,,,17.625583333333335,15.928040000000001,0.8,0.4,2.9860085847667532,,0,0,,0,0,0,0,0,,,,False,False,False,False,False
2026-03-20,17.76,18.14,17.43,17.45,72877.56,-1.412429378531077,2.5237652154451164,,,,,,,,,,,,,,,,,,,,17.634416666666663,15.94624,0.8,0.4,2.977416067772679,,0,0,,0,0,0,0,0,,,,False,False,False,False,False
2026-03-23,17.09,17.25,16.09,16.26,112632.22,-6.819484240687668,3.9004774442827364,,,,,,,,,,,,,,,,,,,,17.630583333333334,15.95956,0.8,0.4,3.0040895888660937,,0,0,,0,0,0,0,0,,,,False,False,False,False,False
2026-03-24,16.65,16.8,16.18,16.76,72277.52,3.075030750307506,2.5029857041679047,,,,,,,,,,,,,,,,,,,,17.625249999999998,15.974639999999999,1.0,0.45,2.9605011840536344,,0,0,,0,0,0,0,0,,,,True,False,False,False,False
2026-03-25,16.76,17.24,16.76,17.2,61059.95,2.6252983293555854,2.114518898091786,,,,,,,,,,,,,,,,,,,,17.619916666666665,15.992599999999998,1.0,0.45,2.9595492342077923,,0,0,,0,0,0,0,0,,,,True,False,False,False,False
2026-03-26,17.21,17.4,16.9,17.0,42523.0,-1.1627906976744096,1.4725804247064898,,,,,,,,,,,,,,,,,,,,17.615333333333336,16.00864,0.8,0.4,2.9038330700865966,,0,0,,0,0,0,0,0,,,,False,False,False,False,False
2026-03-27,16.8,17.73,16.76,17.52,65469.6,3.0588235294117583,2.2672260041239802,,,,,,,,,,,,,,,,,,,,17.610333333333337,16.02692,0.8,0.4,2.8325958535732623,,0,0,,0,0,0,0,0,,,,True,False,False,False,False
2026-03-30,17.2,17.91,17.2,17.69,67331.56,0.9703196347031984,2.331706070149108,,,,,,,,,,,,,,,,,,,,17.60741666666667,16.04564,1.0,0.45,2.699985472280555,,0,0,,0,0,0,0,0,,,,True,False,False,False,False
2026-03-31,17.66,17.87,16.94,16.98,82262.02,-4.013566986998307,2.848751037057916,,,,,,,,,,,,,,,,,,,,17.592916666666667,16.062359999999998,1.0,0.45,2.688624754810754,,0,0,,0,0,0,0,0,,,,False,False,False,False,False
2026-04-01,17.22,17.37,15.91,16.32,171719.99,-3.886925795053009,5.948366581628436,,,,,,,,,,,,,,,,,,,,17.57375,16.076800000000002,0.8,0.45,2.846886986859116,,0,0,,0,0,0,0,0,,,,False,False,False,False,False
2026-04-02,16.22,16.25,15.76,15.98,92718.32,-2.083333333333337,3.21175511478152,,,,,,,,,,,,,,,,,,,,17.53625,16.090600000000002,0.8,0.4,2.9255346267712903,,0,0,,0,0,0,0,0,,,,False,False,False,False,False
2026-04-03,15.94,16.18,15.44,15.5,67313.52,-3.0037546933667114,2.3317348950449936,,,,,,,,,,,,,,,,,,,,17.51175,16.10324,0.6363636363636364,0.35,2.954991243421856,,0,0,,0,0,0,0,0,,,,False,False,False,False,False
2026-04-07,15.78,16.12,15.64,15.82,78983.65,2.0645161290322678,2.735987255502617,,,,,,,,,,,,,,,,,,,,17.491416666666666,16.11756,0.6363636363636364,0.35,2.8010762949824985,,0,0,,0,0,0,0,0,,,,True,False,False,False,False
2026-04-08,16.18,16.48,16.11,16.46,99180.82,4.045512010113783,3.4356155927245586,,,,,,,,,,,,,,,,,,,,17.47233333333333,16.13404,0.8,0.4,2.790010708010156,,0,0,,0,0,0,0,0,,,,True,False,False,False,False
2026-04-09,16.3,16.44,15.97,15.99,63704.91,-2.8554070473876147,2.206732936157562,,,,,,,,,,,,,,,,,,,,17.450166666666668,16.14828,0.8,0.4,2.738399644724575,,0,0,,0,0,0,0,0,,,,False,False,False,False,False
2026-04-10,16.06,16.3,16.01,16.11,46371.54,0.7504690431519689,1.6063063995906723,,,,,,,,,,,,,,,,,,,,17.432166666666667,16.16204,0.8,0.4,2.6504891438189593,,0,0,,0,0,0,0,0,,,,True,False,False,False,False
2026-04-13,15.98,16.73,15.96,16.25,91266.53,0.8690254500310468,3.161465226460758,,,,,,,,,,,,,,,,,,,,17.420583333333333,16.17792,0.9,0.45,2.6733651644688274,,0,0,,0,0,0,0,0,,,,True,False,False,False,False
2026-04-14,16.43,16.68,16.11,16.31,65380.86,0.36923076923076614,2.2647877087701165,,,,,,,,,,,,,,,,,,,,17.403833333333335,16.19284,0.8181818181818182,0.5,2.673414236363576,,0,0,,0,0,0,0,0,,,,False,False,False,False,False
2026-04-15,16.45,16.49,16.17,16.25,56658.4,-0.3678724708767511,1.9626423989923165,,,,,,,,,,,,,,,,,,,,17.389583333333334,16.209120000000002,0.8181818181818182,0.5,2.6541845742345447,,0,0,,0,0,0,0,0,,,,False,False,False,False,False
2026-04-16,16.27,17.35,16.13,17.15,155796.45,5.5384615384615365,5.396776442371943,,,,,,,,,,,,,,,,,,,,17.387416666666663,16.2286,0.8181818181818182,0.5,2.813111473593249,,0,0,,0,0,0,0,0,,,,True,False,True,False,False
2026-04-17,17.06,17.41,17.01,17.32,78559.7,0.9912536443148712,2.7213016617503616,,,,,,,,,,,,,,,,,,,,17.38158333333333,16.25364,1.0,0.55,2.847274150590045,,0,0,,0,0,0,0,0,,,,True,False,False,False,False
2026-04-20,17.23,19.06,17.13,19.06,185057.46,10.046189376443415,6.410375464994152,,,,,,,,,,,,,,,,,,,,17.390083333333333,16.2878,1.2222222222222223,0.6,3.0416046630674964,,0,0,,0,0,0,0,0,,,,True,False,True,True,True
2026-04-21,19.06,19.06,17.95,18.1,263244.75,-5.036726128016777,9.118776874428727,,,,,,,,,,,,,,,,,,,,17.392333333333333,16.3164,1.2222222222222223,0.6,3.3025196345747956,,0,0,,0,0,0,0,0,,,,False,False,False,False,False
2026-04-22,18.1,19.05,17.7,18.65,234357.51,3.038674033149147,8.11812521441244,,,,,,,,,,,,,,,,,,,,17.398833333333336,16.3428,1.2222222222222223,0.6,3.5832766100870233,,0,0,,0,0,0,0,0,,,,True,False,False,False,False
2026-04-23,18.66,19.5,18.51,19.31,259523.59,3.538873994638081,8.989876192633368,,,,,,,,,,,,,,,,,,,,17.409,16.36968,1.2222222222222223,0.6,3.927044474814102,,0,0,,0,0,0,0,0,,,,True,False,True,True,True
2026-04-24,18.97,19.68,18.6,19.42,240666.79,0.569653029518391,8.336678163932975,,,,,,,,,,,,,,,,,,,,17.41916666666667,16.39644,1.5,0.65,4.270249361775425,,0,0,,0,0,0,0,0,,,,True,False,False,False,True
2026-04-27,19.56,20.0,19.22,19.48,177621.69,0.3089598352214118,6.1528009928743055,,,,,,,,,,,,,,,,,,,,17.42866666666667,16.42428,1.2222222222222223,0.65,4.464528111212942,,0,0,,0,0,0,0,0,,,,False,False,False,False,True
2026-04-28,19.36,19.95,19.33,19.56,180385.6,0.4106776180698102,6.2485426119987215,,,,,,,,,,,,,,,,,,,,17.44,16.453560000000003,1.2222222222222223,0.65,4.660369938305424,,0,0,,0,0,0,0,0,,,,True,False,False,False,True
2026-04-29,19.46,19.8,19.26,19.45,133995.7,-0.5623721881390598,4.641600223491216,,,,,,,,,,,,,,,,,,,,17.452333333333332,16.482200000000002,1.2222222222222223,0.65,4.750012397627088,,0,0,,0,0,0,0,0,,,,False,False,False,False,False
2026-04-30,19.41,19.85,19.27,19.77,138855.45,1.6452442159383018,4.80994157090842,,,,,,,,,,,,,,,,,,,,17.463,16.50932,1.5,0.7,4.693091147091087,,0,0,,0,0,0,0,0,,,,True,False,False,False,True
2026-05-06,19.77,20.34,19.64,19.68,214930.32,-0.4552352048558417,7.445168922189582,,,,,,,,,,,,,,,,,,,,17.477666666666668,16.532880000000002,1.5,0.7,4.90476183746149,,0,0,,0,0,0,0,0,,,,False,False,False,False,False
2026-05-07,19.68,21.33,19.25,21.24,257661.05,7.926829268292668,8.92535795749402,,,,,,,,,,,,,,,,,,,,17.514,16.563039999999997,1.8571428571428572,0.75,5.234442990583942,,0,0,,0,0,0,0,0,,,,True,False,True,True,True
2026-05-08,21.43,21.86,21.1,21.68,174213.75,2.0715630885122405,6.034750226576248,,,,,,,,,,,,,,,,,,,,17.55683333333333,16.59572,1.8571428571428572,0.75,5.399381139137622,,0,0,,0,0,0,0,0,,,,True,False,True,True,True
2026-05-11,21.5,22.12,21.46,21.99,156170.82,1.4298892988929834,5.409744588929395,,,,,,,,,,,,,,,,,,,,17.603333333333335,16.63004,1.8571428571428572,0.75,5.498087588947865,,0,0,,0,0,0,0,0,,,,True,False,True,True,True
2026-05-12,22.2,22.33,21.69,22.31,116781.44,1.4552069122328426,4.045299647702323,,,,,,,,,,,,,,,,,,,,17.653583333333334,16.66596,2.3333333333333335,0.8,5.590015924525103,,0,0,,0,0,0,0,0,,,,True,False,True,True,True
2026-05-13,22.32,23.55,22.04,23.32,227774.74,4.527117884356802,7.890098593385114,,,,,,,,,,,,,,,,,,,,17.71191666666667,16.705759999999998,2.3333333333333335,0.8,5.904205534214825,,0,0,,0,0,0,0,0,,,,True,False,True,True,True
2026-05-14,23.33,23.43,22.57,22.6,142737.92,-3.0874785591766707,4.9444300180727545,,,,,,,,,,,,,,,,,,,,17.76475,16.74232,1.8571428571428572,0.75,5.993353773795425,,0,0,,0,0,0,0,0,,,,False,False,False,False,False
2026-05-15,22.6,22.9,21.85,22.36,147627.78,-1.0619469026548756,5.113814373457597,,,,,,,,,,,,,,,,,,,,17.816083333333335,16.77824,1.8571428571428572,0.7,6.135805107029799,,0,0,,0,0,0,0,0,,,,False,False,False,False,False
2026-05-18,22.13,22.3,21.68,22.21,111661.95,-0.670840787119853,3.8679609276675673,,,,,,,,,,,,,,,,,,,,17.865333333333336,16.81264,2.3333333333333335,0.7,6.231071033463562,,0,0,,0,0,0,0,0,,,,True,False,False,False,False
2026-05-19,22.2,22.81,21.94,22.69,108621.0,2.1611886537595604,3.7626226653231365,,,,,,,,,,,,,,,,,,,,17.920166666666663,16.84928,2.3333333333333335,0.7,6.149363344611121,,0,0,,0,0,0,0,0,,,,True,False,False,False,False
2026-05-20,22.56,22.66,21.87,21.94,98143.5,-3.3054208902600246,3.39968291172187,,,,,,,,,,,,,,,,,,,,17.970416666666665,16.88212,1.8571428571428572,0.65,6.183282407109696,,0,0,,0,0,0,0,0,,,,False,False,False,False,False
2026-05-21,22.24,22.76,21.07,21.16,154686.83,-3.555150410209673,5.35833929520983,,,,,,,,,,,,,,,,,,,,18.012333333333334,16.91244,1.5,0.6,6.130680598620481,,0,0,,0,0,0,0,0,,,,False,False,False,False,False
2026-05-22,21.25,22.17,20.98,21.86,106068.54,3.3081285444234387,3.6742056571172585,,,,,,,,,,,,,,,,,,,,18.064083333333333,16.945359999999997,1.8571428571428572,0.65,5.8584520377549065,,0,0,,0,0,0,0,0,,,,True,False,False,False,False
2026-05-25,21.85,22.43,21.73,22.3,99365.24,2.0128087831656094,3.4420038866266482,,,,,,,,,,,,,,,,,,,,18.12075,16.9802,1.8571428571428572,0.65,5.624645971365617,,0,0,,0,0,0,0,0,,,,True,False,False,False,False
2026-05-26,22.33,22.47,21.78,22.01,78236.48,-1.3004484304932729,2.710105347060884,,,,,,,,,,,,,,,,,,,,18.1755,17.0128,1.5,0.6,5.3106574290869935,,0,0,,0,0,0,0,0,,,,False,False,False,False,False
2026-05-27,21.94,22.48,21.67,21.84,92126.0,-0.7723761926397121,3.191237197830615,,,,,,,,,,,,,,,,,,,,18.22458333333333,17.045560000000002,1.2222222222222223,0.55,5.053385380781876,,0,0,,0,0,0,0,0,,,,False,False,False,False,False
2026-05-28,21.98,22.09,21.33,21.78,78573.5,-0.27472527472527375,2.721779692635563,,,,,,,,,,,,,,,,,,,,18.269416666666665,17.07852,1.2222222222222223,0.5,4.881834315769938,,0,0,,0,0,0,0,0,,,,False,False,False,False,False
2026-05-29,22.01,22.34,21.16,21.64,133752.99,-0.6427915518824601,4.633192768697939,,,,,,,,,,,,,,,,,,,,18.313333333333333,17.10964,1.0,0.45,4.801066823604899,,0,0,,0,0,0,0,0,,,,False,False,False,False,False
2026-06-01,20.85,22.26,20.73,22.14,140134.36,2.310536044362288,4.854242909994863,,,,,,,,,,,,,,,,,,,,18.363333333333333,17.14128,1.2222222222222223,0.5,4.811698957930082,,0,0,,0,0,0,0,0,,,,True,False,False,False,False
2026-06-02,21.96,22.31,20.94,22.14,130362.56,0.0,4.515748547385379,,,,,,,,,,,,,,,,,,,,18.41416666666667,17.1728,1.2222222222222223,0.45,4.79698930675393,,0,0,,0,0,0,0,0,,,,True,False,False,False,False
2026-06-03,22.25,22.85,21.42,21.65,121253.92,-2.213188798554666,4.200225993604168,,,,,,,,,,,,,,,,,,,,18.46325,17.203439999999997,1.2222222222222223,0.45,4.634742160324659,,0,0,,0,0,0,0,0,,,,False,False,False,False,False
2026-06-04,21.45,21.55,21.08,21.25,108603.58,-1.8475750577367167,3.7620192379303683,,,,,,,,,,,,,,,,,,,,18.50408333333333,17.231,1.0,0.4,4.376575224346476,,0,0,,0,0,0,0,0,,,,False,False,False,False,False
2026-06-05,21.23,21.43,20.7,20.78,78163.0,-2.2117647058823464,2.7075600057967826,,,,,,,,,,,,,,,,,,,,18.541583333333335,17.257120000000004,0.8181818181818182,0.35,4.210215713307503,,0,0,,0,0,0,0,0,,,,False,False,False,False,False
2026-06-08,20.26,21.01,19.56,19.65,116599.94,-5.437921077959585,4.039012502364347,,,,,,,,,,,,,,,,,,,,18.573249999999998,17.28052,0.6666666666666666,0.3,4.14167910897925,,0,0,,0,0,0,0,0,,,,False,False,False,False,False
2026-06-09,19.85,20.94,19.52,20.51,105550.0,4.37659033078881,3.6562434734062204,,,,,,,,,,,,,,,,,,,,18.608083333333333,17.3104,0.6666666666666666,0.3,4.122226300264446,,0,0,,0,0,0,0,0,,,,True,False,False,False,False
2026-06-10,20.35,20.92,19.99,20.79,79445.0,1.3651877133105783,2.7519683822336067,,,,,,,,,,,,,,,,,,,,18.6425,17.34024,0.6666666666666666,0.3,3.86531978970687,,0,0,,0,0,0,0,0,,,,True,False,False,False,False
2026-06-11,20.63,21.63,20.45,20.92,111837.14,0.6253006253006399,3.8740294951152796,,,,,,,,,,,,,,,,,,,,18.677166666666665,17.371920000000003,0.8181818181818182,0.35,3.8117997635589966,,0,0,,0,0,0,0,0,,,,True,False,False,False,False
2026-06-12,21.32,22.01,20.91,21.41,94514.0,2.342256214149141,3.1762560019993806,,,,,,,,,,,,,,,,,,,,18.7165,17.4052,1.0,0.4,3.7149218449860855,,0,0,,0,0,0,0,0,,,,True,False,False,False,False
2026-06-15,21.52,21.95,21.14,21.85,92111.83,2.055114432508187,3.095528206325482,,,,,,,,,,,,,,,,,,,,18.765583333333336,17.439400000000003,1.0,0.45,3.676300208918981,,0,0,,0,0,0,0,0,,,,True,False,False,False,False
2026-06-16,21.84,22.19,21.67,21.85,75740.21,0.0,2.545340336936258,,,,,,,,,,,,,,,,,,,,18.817083333333336,17.4738,1.0,0.4,3.6154360924996367,,0,0,,0,0,0,0,0,,,,True,False,False,False,False
2026-06-17,21.63,22.65,21.59,22.5,108338.3,2.9748283752860427,3.640838136375664,,,,,,,,,,,,,,,,,,,,18.871333333333332,17.51164,1.2222222222222223,0.45,3.6274938537323265,,0,0,,0,0,0,0,0,,,,True,False,True,False,False
2026-06-18,22.53,23.95,22.38,23.72,152038.2,5.422222222222217,5.109425537837593,,,,,,,,,,,,,,,,,,,,18.93975,17.55268,1.5,0.5,3.6150481658637146,,0,0,,0,0,0,0,0,,,,True,False,True,True,True
2026-06-22,23.72,24.03,22.69,23.1,130932.51,-2.613827993254625,4.400143584488477,,,,,,,,,,,,,,,,,,,,19.002583333333337,17.592320000000004,1.2222222222222223,0.45,3.6513450622322763,,0,0,,0,0,0,0,0,,,,False,False,False,False,False
2026-06-23,23.1,24.08,23.01,23.75,118765.41,2.813852813852802,3.9912536380051344,,,,,,,,,,,,,,,,,,,,19.070833333333336,17.63408,1.2222222222222223,0.45,3.6788075498012005,,0,0,,0,0,0,0,0,,,,True,False,False,False,True
2026-06-24,23.79,26.13,23.57,26.13,211137.14,10.021052631578954,7.09551609465247,,,,,,,,,,,,,,,,,,,,19.151083333333336,17.685,1.5,0.5,3.8980780871807794,,0,0,,0,0,0,0,0,,,,True,False,True,True,True
2026-06-25,26.14,28.0,26.14,27.29,311829.5,4.439341752774584,10.479403273329515,,,,,,,,,,,,,,,,,,,,19.242166666666666,17.74224,1.8571428571428572,0.55,4.262486390955724,,0,0,,0,0,0,0,0,,,,True,False,True,True,True
2026-06-26,26.95,27.14,26.1,26.41,197852.12,-3.2246244045437855,6.6490571096165825,,,,,,,,,,,,,,,,,,,,19.325166666666668,17.794480000000004,1.8571428571428572,0.55,4.458850261804775,,0,0,,0,0,0,0,0,,,,False,False,False,False,False
2026-06-29,26.77,27.27,25.6,26.03,140506.61,-1.4388489208633004,4.721892664928859,,,,,,,,,,,,,,,,,,,,19.400416666666665,17.84608,1.8571428571428572,0.55,4.463285256616322,,0,0,,0,0,0,0,0,,,,False,False,False,False,False
2026-06-30,25.87,26.2,25.3,25.84,111236.4,-0.7299270072992803,3.738232252796452,,,,,,,,,,,,,,,,,,,,19.474333333333334,17.89724,1.5,0.5,4.407484723756402,,0,0,,0,0,0,0,0,,,,False,False,False,False,False
2026-07-01,25.8,27.0,25.51,26.59,146480.7,2.9024767801857587,4.922659103964182,,,,,,,,,,,,,,,,,,,,19.557583333333337,17.952240000000003,1.5,0.55,4.427830251585341,,0,0,,0,0,0,0,0,,,,True,False,False,False,False
2026-07-02,26.41,26.8,25.45,25.55,135350.35,-3.9112448288830315,4.548610381109855,,,,,,,,,,,,,,,,,,,,19.634833333333333,18.004,1.5,0.55,4.445249470960626,,0,0,,0,0,0,0,0,,,,False,False,False,False,False
2026-07-03,25.45,25.77,23.61,24.13,241764.89,-5.557729941291589,8.124798262005841,,,,,,,,,,,,,,,,,,,,19.701583333333335,18.0494,1.5,0.55,4.663388422164399,,0,0,,0,0,0,0,0,,,,False,False,False,False,False
2026-07-06,24.05,24.55,22.81,22.95,122397.54,-4.890178201409034,4.1133157104234215,,,,,,,,,,,,,,,,,,,,19.757499999999997,18.08908,1.5,0.55,4.733676207395731,,0,0,,0,0,0,0,0,,,,False,False,False,False,False
2026-07-07,22.82,24.59,22.62,23.88,132111.89,4.052287581699354,4.439778059842795,,,,,,,,,,,,,,,,,,,,19.81383333333333,18.13212,1.8571428571428572,0.6,4.753714485269653,,0,0,,0,0,0,0,0,,,,True,False,False,False,False
2026-07-08,23.69,24.4,23.02,23.06,78689.0,-3.4338358458961493,2.6444379514286696,,,,,,,,,,,,,,,,,,,,19.863249999999997,18.16916,1.5,0.55,4.703124209170776,,0,0,,0,0,0,0,0,,,,False,False,False,False,False
2026-07-09,23.31,23.58,22.56,23.42,85825.96,1.5611448395490113,2.8842840275235284,,,,,,,,,,,,,,,,,,,,19.914416666666668,18.20796,1.5,0.55,4.709739991435272,,0,0,,0,0,0,0,0,,,,True,False,False,False,False
2026-07-10,23.81,24.24,22.7,22.81,102173.92,-2.604611443210947,3.433676774317081,,,,,,,,,,,,,,,,,,,,19.961166666666667,18.243119999999998,1.2222222222222223,0.5,4.687722355395362,,0,0,,0,0,0,0,0,,,,False,False,False,False,False
2026-07-13,22.55,22.98,22.12,22.12,92174.27,-3.0249890398947765,3.097626577199266,,,,,,,,,,,,,,,,,,,,19.99683333333333,18.27576,1.0,0.45,4.683790884155356,,0,0,,0,0,0,0,0,,,,False,False,False,False,False
2026-07-14,22.21,22.55,21.25,22.32,104967.09,0.9041591320072317,3.5275445925990767,,,,,,,,,,,,,,,,,,,,20.022083333333335,18.30936,1.0,0.45,4.705391703469036,,0,0,,0,0,0,0,0,,,,True,False,False,False,False
2026-07-15,22.4,22.89,22.01,22.22,69379.22,-0.44802867383513245,2.331571660696145,,,,,,,,,,,,,,,,,,,,20.05216666666667,18.340960000000003,0.8181818181818182,0.45,4.6947032696570306,,0,0,,0,0,0,0,0,,,,False,False,False,False,False
2026-07-16,21.85,22.66,20.56,20.83,174572.47,-6.255625562556255,5.866716630566443,,,,,,,,,,,,,,,,,,,,20.06275,18.366880000000002,0.6666666666666666,0.4,4.80599719436657,,0,0,,0,0,0,0,0,,,,False,False,False,False,False
2026-07-17,20.94,21.2,19.8,20.1,153986.54,-3.5045607297167436,5.174901833613197,,,,,,,,,,,,,,,,,,,,20.06866666666667,18.38412,0.5384615384615384,0.35,4.80927100915535,,0,0,,0,0,0,0,0,,,,False,False,False,False,False
2026-07-20,20.09,20.27,18.09,18.3,144930.0,-8.9552,,,,,,,,,,,,,,,,,,,,,20.05675,18.39332,0.5384615384615384,0.35,,,0,0,,0,0,0,0,0,,,,False,False,False,False,False
2026-07-21,18.62,19.58,17.6,19.51,158352.0,6.612,,,,,,,,,,,,,,,,,,,,,20.058,18.407960000000003,0.5384615384615384,0.35,,,0,0,,0,0,0,0,0,,,,True,False,False,False,False
2026-07-22,19.51,19.72,17.95,17.96,147600.0,-7.9446,,,,,,,,,,,,,,,,,,,,,20.043833333333335,18.417600000000004,0.42857142857142855,0.3,,,0,0,,0,0,0,0,0,,,,False,False,False,False,False
2026-07-23,18.0,18.38,17.6,18.25,107793.0,1.6147,,,,,,,,,,,,,,,,,,,,,20.034499999999998,18.4296,0.42857142857142855,0.3,,,0,0,,0,0,0,0,0,,,,True,False,False,False,False
2026-07-24,18.09,18.37,17.73,17.84,59764.0,-2.2466,,,,,,,,,,,,,,,,,,,,,20.0195,18.44028,0.42857142857142855,0.3,,,0,0,,0,0,0,0,0,,,,False,False,False,False,False
2026-07-27,17.68,18.15,17.23,18.09,90675.0,1.4013,,,,,,,,,,,,,,,,,,,,,20.0015,18.45212,0.5384615384615384,0.35,,,0,0,,0,0,0,0,0,,,,True,False,False,False,False
2026-07-28,17.8,18.51,17.78,18.0,80761.0,-0.4975,,,,,,,,,,,,,,,,,,,,,19.99025,18.463199999999997,0.6666666666666666,0.35,,,0,0,,0,0,0,0,0,,,,True,False,False,False,False
2026-07-29,17.99,18.3,17.39,18.22,101169.0,1.2222,,,,,,,,,,,,,,,,,,,,,19.975416666666668,18.47464,0.6666666666666666,0.35,,,0,0,,0,0,0,0,0,,,,True,False,False,False,False
2026-07-30,18.18,18.45,17.35,17.45,92750.0,-4.2261,,,,,,,,,,,,,,,,,,,,,19.957916666666666,18.48312,0.6666666666666666,0.35,,,0,0,,0,0,0,0,0,,,,False,False,False,False,False
2026-07-31,17.97,18.3,17.39,17.5,174895.0,0.2865,,,,,,,,,,,,,,,,,,,,,19.939166666666665,18.492399999999996,0.6666666666666666,0.4,,,0,0,,0,0,0,0,0,,,,False,False,False,False,False
2026-08-03,17.57,19.25,17.57,19.25,159402.0,10.0,,,,,,,,,,,,,,,,,,,,,19.935416666666665,18.50928,0.8181818181818182,0.45,,,0,0,,0,0,0,0,0,,,,True,False,True,False,False
2026-08-04,19.32,19.99,18.8,19.79,274586.0,2.8052,,,,,,,,,,,,,,,,,,,,,19.940416666666668,18.52892,0.8181818181818182,0.45,,,0,0,,0,0,0,0,0,,,,True,False,True,True,False
2026-08-05,19.7,20.3,19.06,19.58,236169.0,-1.0611,,,,,,,,,,,,,,,,,,,,,19.938166666666667,18.547,0.8181818181818182,0.45,,,0,0,,0,0,0,0,0,,,,False,False,False,False,False
2026-08-06,19.59,20.56,19.49,19.98,165840.0,2.0429,,,,,,,,,,,,,,,,,,,,,19.94633333333333,18.56336,0.8181818181818182,0.45,,,0,0,,0,0,0,0,0,,,,True,False,False,False,False
2026-08-07,19.8,19.9,19.22,19.48,148093.0,-2.5025,,,,,,,,,,,,,,,,,,,,,19.951583333333335,18.575599999999998,0.8181818181818182,0.45,,,0,0,,0,0,0,0,0,,,,False,False,False,False,False
2026-08-10,19.47,19.54,18.85,19.54,106805.0,0.308,,,,,,,,,,,,,,,,,,,,,19.96033333333333,18.587919999999997,1.0,0.5,,,0,0,,0,0,0,0,0,,,,True,False,False,False,False
2026-08-11,19.44,19.5,18.57,18.73,173323.0,-4.1453,,,,,,,,,,,,,,,,,,,,,19.959166666666665,18.59756,0.8181818181818182,0.45,,,0,0,,0,0,0,0,0,,,,False,False,False,False,False
2026-08-12,18.58,20.11,18.58,19.82,205433.0,5.8195,,,,,,,,,,,,,,,,,,,,,19.96558333333333,18.610599999999998,1.0,0.5,,,0,0,,0,0,0,0,0,,,,True,False,False,False,False
2026-08-13,19.72,20.49,19.58,19.6,150193.0,-1.11,,,,,,,,,,,,,,,,,,,,,19.97325,18.624080000000003,1.0,0.5,,,0,0,,0,0,0,0,0,,,,False,False,False,False,False
2026-08-14,19.85,19.96,19.26,19.48,100804.0,-0.6122,,,,,,,,,,,,,,,,,,,,,19.981333333333332,18.63632,1.0,0.5,,,0,0,,0,0,0,0,0,,,,False,False,False,False,False
2026-08-17,19.56,19.97,19.2,19.97,110590.0,2.5154,,,,,,,,,,,,,,,,,,,,,19.994500000000002,18.65044,1.2222222222222223,0.55,,,0,0,,0,0,0,0,0,,,,True,False,False,False,False
2026-08-18,19.9,20.34,19.35,19.65,109690.0,-1.6024,,,,,,,,,,,,,,,,,,,,,20.008916666666664,18.66352,1.0,0.5,,,0,0,,0,0,0,0,0,,,,False,False,False,False,False
2026-08-19,19.38,19.38,18.2,18.3,148404.0,-6.8702,,,,,,,,,,,,,,,,,,,,,20.010916666666667,18.670759999999998,1.0,0.5,,,0,0,,0,0,0,0,0,,,,False,False,False,False,False
2026-08-20,18.45,18.75,18.28,18.54,72044.0,1.3115,,,,,,,,,,,,,,,,,,,,,20.0135,18.67956,1.0,0.5,,,0,0,,0,0,0,0,0,,,,True,False,False,False,False
2026-08-21,18.48,18.57,18.0,18.53,77467.0,-0.0539,,,,,,,,,,,,,,,,,,,,,20.0105,18.687800000000003,1.2222222222222223,0.5,,,0,0,,0,0,0,0,0,,,,True,False,False,False,False
2026-08-24,18.41,18.48,18.0,18.47,82319.0,-0.3238,,18.698,19.109,18.994,19.176666666666666,21.158666666666665,20.4937,18.98075,42.072462478589735,-0.4893541117445359,-0.522548858145138,97984.8,123026.7,37.26107319704102,25.526946622523084,36.02634880363818,4.528142260292896,20.627084263143253,18.994,17.360915736856747,20.015,18.6958,1.2222222222222223,0.45,,0.8401201002604486,0,0,-0.12707164912722924,0,0,1,0,0,0.3395673720499149,0.17195790914428274,37.26107319704102,True,False,False,False,False
2026-08-25,18.33,18.63,18.09,18.58,59489.0,0.5956,,18.484,19.094,19.023,19.052,21.099333333333334,20.5097,18.9838,43.01732293760091,-0.4862456320912081,-0.515288212934352,87944.6,111643.3,40.60993325403019,24.78235531193639,32.278350973070914,9.790363989667341,20.601448271996347,19.023,17.444551728003653,20.02733333333333,18.70424,1.2222222222222223,0.5,,0.6764372116082169,0,0,-0.11940345666529761,0,0,1,0,0,0.35967230986932636,0.1659515609521471,40.60993325403019,True,True,False,False,False
2026-08-26,18.57,18.87,18.28,18.67,74342.0,0.4844,,18.558,18.979,19.0455,18.933666666666667,21.0415,20.5332,18.9847,43.82467454169578,-0.4710894656153428,-0.5064484634705502,73132.2,98534.2,43.567407597301425,26.065729752117164,30.207477232753,17.782234790845493,20.588176757764632,19.0455,17.50282324223537,20.040416666666665,18.71468,1.2222222222222223,0.5,,1.0165426446900272,0,0,-0.11270584321459964,0,0,1,0,0,0.3782959560030886,0.1619990819631547,43.567407597301425,True,True,False,False,False
2026-08-27,18.7,19.01,18.55,18.75,74589.0,0.4285,,18.6,18.894,19.1105,18.86433333333333,20.99316666666667,20.5609,18.98885,44.57637864981343,-0.44746466891071535,-0.4946517045585832,73641.2,90973.8,46.41376318871172,28.060913851838794,29.491956105781597,25.198829343953193,20.468633006431155,19.1105,17.75236699356884,20.052333333333333,18.7248,1.5,0.55,,1.0128705127021287,0,0,-0.10685222969378938,0,0,1,0,0,0.36728104011428725,0.1421347433537748,46.41376318871172,True,True,False,False,False
2026-08-28,18.71,19.05,18.67,18.76,74801.0,0.0533,,18.645999999999997,18.822,19.173499999999997,18.819666666666667,20.951666666666668,20.5935,18.99825,44.676035994839665,-0.42305817953916147,-0.4803329995546989,73108.0,88373.5,46.81613753794801,29.533486727436713,29.5057996463333,29.58886088964354,20.317017656872327,19.173499999999997,18.029982343127667,20.061833333333333,18.73404,1.8571428571428572,0.55,,1.0231575203808065,0,0,-0.10460583883541485,0,0,1,1,1,0.31919824433189253,0.11928105529739799,46.81613753794801,True,True,False,False,False
2026-08-31,18.48,19.49,18.45,19.43,109357.0,3.5714,,18.838,18.768,19.182499999999997,18.857333333333333,20.929166666666667,20.6296,19.0127,51.029472347188985,-0.3456678168743892,-0.453399963018637,78515.6,88250.2,66.83711802415195,51.680042605763205,36.89721396614327,81.24569988500306,20.331373590224622,19.182499999999997,18.033626409775373,20.067833333333333,18.745960000000004,1.8571428571428572,0.55,,1.3928060156198259,0,0,-0.0716304997013737,0,0,1,0,1,0.6077142002853472,0.11978350999344453,66.83711802415195,True,True,True,False,False
2026-09-01,19.43,20.78,19.43,20.59,212627.0,5.9701,,19.240000000000002,18.862000000000002,19.2225,18.893333333333334,20.944833333333335,20.670900000000003,19.0336,59.66592448343187,-0.18855949493618596,-0.4004318694021468,109143.2,98543.9,81.39126491004967,65.50851761247522,46.43431518158725,103.65692247425116,20.508012390163156,19.2225,17.936987609836844,20.08516666666667,18.7616,1.8571428571428572,0.55,,1.948147021527681,0,0,-0.01694133000183029,0,0,1,0,1,1.0318890780299823,0.13375080142157947,81.39126491004967,True,True,True,True,False
2026-09-02,20.5,20.78,20.1,20.58,119314.0,-0.0486,,19.622,19.089999999999996,19.2725,18.980666666666664,20.946,20.716800000000003,19.0551,59.56839337320764,-0.06411782395968757,-0.333169060313655,118137.6,95634.9,81.02341699409007,74.6075968735446,55.82540907890636,112.17197246282106,20.68779799726152,19.2725,17.857202002738482,20.10525,18.77484,2.3333333333333335,0.55,,1.009957879625115,0,0,-0.017473503294185178,0,0,1,0,0,0.9619168551534373,0.14687227887004992,81.02341699409007,True,True,False,False,False
2026-09-03,20.76,21.26,20.62,20.77,116858.0,0.9232,,20.026,19.313,19.312,19.064666666666668,20.945666666666668,20.7634,19.077350000000003,60.87693618525925,0.04926659431488645,-0.2566819293879467,126591.4,100116.3,82.79617836673071,78.06150630015446,63.23744148598906,107.70963592848527,20.849278524912688,19.312,17.774721475087315,20.126416666666668,18.78912,2.3333333333333335,0.55,,0.923111680572298,1,1,-0.008386778490379942,0,0,0,0,0,0.9742146515325872,0.1592044868385135,82.79617836673071,True,True,False,False,False
2026-09-04,20.88,21.19,20.63,20.81,127111.0,0.1926,,20.436,19.541,19.3785,19.163666666666664,20.94383333333333,20.809,19.1001,61.161917112365586,0.1407299807771345,-0.1771995473549305,137053.4,105080.7,83.19283468272025,80.64247633469812,69.03911976889208,103.84918946631018,21.05512913703589,19.3785,17.701870862964107,20.14858333333333,18.801440000000003,2.3333333333333335,0.6,,0.9274560134954697,1,1,-0.006390106873144785,0,0,0,0,0,0.9268982234588695,0.17304013592753745,83.19283468272025,False,True,False,False,False
