date,open,high,low,close,volume,change_rate,turnover,MA5,MA10,MA20,MA30,MA60,MA100,MA200,RSI14,DIF,DEA,VOL_MA5,VOL_MA10,RSI6,K,D,J,BOLL_UPPER,BOLL_MIDDLE,BOLL_LOWER,MA120,MA250,updown_ratio_20,up_days_ratio_20,turnover_ma20,vol_ratio,ma_bull,dif_above_zero,bias60,macd_gold,macd_gold3,dif_below0,kdj_gold,kdj_gold3,boll_pos,boll_width,rsi6,is_yang,above_ma5,break_high5,break_high10,break_close40
2024-07-31,6.49,6.66,6.42,6.66,160275.79,3.095975232198156,2.4347851610852005,,,,,,,,,,,,,,,,,,,,,,,,,,0,0,,0,0,0,0,0,,,,True,False,False,False,False
2024-08-01,6.63,6.82,6.63,6.73,168365.26,1.0510510510510551,2.5576740984415154,,,,,,,,,,,,,,,,,,,,,,,,,,0,0,,0,0,0,0,0,,,,True,False,False,False,False
2024-08-02,6.69,6.81,6.54,6.58,153940.75,-2.2288261515601815,2.3385481599331164,,,,,,,,,,,,,,,,,,,,,,,,,,0,0,,0,0,0,0,0,,,,False,False,False,False,False
2024-08-05,6.51,6.65,6.21,6.21,162959.0,-5.623100303951367,2.47554640077134,,,,,,,,,,,,,,,,,,,,,,,,,,0,0,,0,0,0,0,0,,,,False,False,False,False,False
2024-08-06,6.29,6.52,6.29,6.45,158874.87,3.864734299516903,2.4135034738892274,,,,,,,,,,,,,,,,,,,,,,,,,,0,0,,0,0,0,0,0,,,,True,False,False,False,False
2024-08-07,6.42,6.66,6.4,6.53,128073.29,1.240310077519391,1.9455898237866216,,,,,,,,,,,,,,,,,,,,,,,,,,0,0,,0,0,0,0,0,,,,True,False,False,False,False
2024-08-08,6.53,6.53,6.32,6.35,127704.15,-2.7565084226646386,1.9399821359732408,,,,,,,,,,,,,,,,,,,,,,,,,,0,0,,0,0,0,0,0,,,,False,False,False,False,False
2024-08-09,6.42,6.47,6.27,6.27,85882.0,-1.2598425196850394,1.3046525567231282,,,,,,,,,,,,,,,,,,,,,,,,,,0,0,,0,0,0,0,0,,,,False,False,False,False,False
2024-08-12,6.29,6.3,6.17,6.21,76399.37,-0.9569377990430561,1.160599816056173,,,,,,,,,,,,,,,,,,,,,,,,,,0,0,,0,0,0,0,0,,,,False,False,False,False,False
2024-08-13,6.2,6.31,6.17,6.27,77641.27,0.9661835748792313,1.1794657950761593,,,,,,,,,,,,,,,,,,,,,,,,,,0,0,,0,0,0,0,0,,,,True,False,False,False,False
2024-08-14,6.26,6.3,6.19,6.21,62202.88,-0.9569377990430561,0.9449377800649954,,,,,,,,,,,,,,,,,,,,,,,,,,0,0,,0,0,0,0,0,,,,False,False,False,False,False
2024-08-15,6.2,6.36,6.14,6.29,99585.04,1.2882447665056418,1.512818484052246,,,,,,,,,,,,,,,,,,,,,,,,,,0,0,,0,0,0,0,0,,,,True,False,False,False,False
2024-08-16,6.29,6.33,6.18,6.19,81322.62,-1.5898251192368762,1.2353900014254837,,,,,,,,,,,,,,,,,,,,,,,,,,0,0,,0,0,0,0,0,,,,False,False,False,False,False
2024-08-19,6.18,6.27,6.11,6.18,72240.01,-0.1615508885298933,1.0974140535176677,,,,,,,,,,,,,,,,,,,,,,,,,,0,0,,0,0,0,0,0,,,,False,False,False,False,False
2024-08-20,6.2,6.2,6.06,6.08,81589.6,-1.6181229773462702,1.2394457539649442,,,,,,,,,,,,,,,,,,,,,,,,,,0,0,,0,0,0,0,0,,,,False,False,False,False,False
2024-08-21,6.06,6.14,6.05,6.06,54124.0,-0.328947368421062,0.8222097177532264,,,,,,,,,,,,,,,,,,,,,,,,,,0,0,,0,0,0,0,0,,,,False,False,False,False,False
2024-08-22,6.04,6.12,5.96,5.97,83300.0,-1.4851485148514865,1.2654288206496889,,,,,,,,,,,,,,,,,,,,,,,,,,0,0,,0,0,0,0,0,,,,False,False,False,False,False
2024-08-23,5.91,5.98,5.86,5.92,81048.88,-0.8375209380234505,1.231231556223027,,,,,,,,,,,,,,,,,,,,,,,,,,0,0,,0,0,0,0,0,,,,True,False,False,False,False
2024-08-26,5.88,5.98,5.86,5.95,56041.0,0.5067567567567544,0.8513312909727396,,,,,,,,,,,,,,,,,,,,,,,,,,0,0,,0,0,0,0,0,,,,True,False,False,False,False
2024-08-27,5.9,5.93,5.75,5.76,86404.87,-3.1932773109243806,1.3125955911463347,,,,,,,,,,,,,,,,,,,,,,0.8,0.3,1.563157523575304,,0,0,,0,0,0,0,0,,,,False,False,False,False,False
2024-08-28,5.76,5.86,5.73,5.81,62766.37,0.868055555555558,0.9534978819395199,,,,,,,,,,,,,,,,,,,,,,0.8,0.35,1.4890931596180197,,0,0,,0,0,0,0,0,,,,True,False,False,False,False
2024-08-29,5.77,6.1,5.77,6.07,113953.62,4.4750430292599175,1.7310947774953518,,,,,,,,,,,,,,,,,,,,,,0.8,0.35,1.4477641935707117,,0,0,,0,0,0,0,0,,,,True,False,False,False,False
2024-08-30,6.08,6.31,6.06,6.26,123286.72,3.13014827018121,1.8728759746862955,,,,,,,,,,,,,,,,,,,,,,1.0,0.4,1.4244805843083705,,0,0,,0,0,0,0,0,,,,True,False,True,False,False
2024-09-02,6.25,6.28,6.12,6.13,103234.0,-2.076677316293929,1.5682506467100836,,,,,,,,,,,,,,,,,,,,,,1.0,0.4,1.3791157966053078,,0,0,,0,0,0,0,0,,,,False,False,False,False,False
2024-09-03,6.27,6.46,6.16,6.26,139197.0,2.1207177814029254,2.1145725756059393,,,,,,,,,,,,,,,,,,,,,,0.8,0.4,1.3641692516911432,,0,0,,0,0,0,0,0,,,,False,False,False,False,False
2024-09-04,6.2,6.43,6.18,6.27,152632.48,0.15974440894568342,2.3186739394866414,,,,,,,,,,,,,,,,,,,,,,0.8,0.4,1.3828234574761444,,0,0,,0,0,0,0,0,,,,True,False,False,False,False
2024-09-05,6.29,6.4,6.26,6.36,116145.91,1.435406698564612,1.7643983423119438,,,,,,,,,,,,,,,,,,,,,,1.0,0.45,1.3740442677930793,,0,0,,0,0,0,0,0,,,,True,False,False,False,False
2024-09-06,6.34,6.4,6.24,6.26,112425.87,-1.572327044025168,1.707886387570411,,,,,,,,,,,,,,,,,,,,,,1.0,0.45,1.3942059593354437,,0,0,,0,0,0,0,0,,,,False,False,False,False,False
2024-09-09,6.2,6.33,6.18,6.25,86826.65,-0.15974440894568342,1.319002944903521,,,,,,,,,,,,,,,,,,,,,,1.25,0.45,1.4021261157778109,,0,0,,0,0,0,0,0,,,,True,False,False,False,False
2024-09-10,6.25,6.37,6.18,6.34,98994.21,1.4399999999999968,1.5038430541590353,,,,,,,,,,,,,,,,,,,,,,1.25,0.45,1.4183449787319549,,0,0,,0,0,0,0,0,,,,True,False,False,False,False
2024-09-11,6.37,6.37,6.24,6.3,71932.53,-0.6309148264984188,1.0927430564735698,,,,,,,,,,,,,,,,,,,,,,1.25,0.45,1.4257352425523835,,0,0,,0,0,0,0,0,,,,False,False,False,False,False
2024-09-12,6.3,6.42,6.3,6.34,80294.25,0.6349206349206327,1.2197678041110598,,,,,,,,,,,,,,,,,,,,,,1.25,0.45,1.4110827085553241,,0,0,,0,0,0,0,0,,,,True,False,False,False,False
2024-09-13,6.32,6.36,6.25,6.26,70249.0,-1.2618296529968487,1.067168177933013,,,,,,,,,,,,,,,,,,,,,,1.25,0.45,1.4026716173807006,,0,0,,0,0,0,0,0,,,,False,False,False,False,False
2024-09-18,6.26,6.28,6.1,6.19,59137.5,-1.118210862619795,0.898370910938427,,,,,,,,,,,,,,,,,,,,,,1.1111111111111112,0.45,1.3927194602517388,,0,0,,0,0,0,0,0,,,,False,False,False,False,False
2024-09-19,6.25,6.35,6.13,6.31,104266.54,1.9386106623586308,1.5839361914216519,,,,,,,,,,,,,,,,,,,,,,1.375,0.5,1.409943982124574,,0,0,,0,0,0,0,0,,,,True,False,False,False,False
2024-09-20,6.31,6.37,6.21,6.26,74388.21,-0.7923930269413626,1.130047837341433,,,,,,,,,,,,,,,,,,,,,,1.2222222222222223,0.5,1.4253358881039844,,0,0,,0,0,0,0,0,,,,False,False,False,False,False
2024-09-23,6.26,6.4,6.25,6.37,121579.03,1.757188498402562,1.8469340762140833,,,,,,,,,,,,,,,,,,,,,,1.5,0.55,1.4544111508822042,,0,0,,0,0,0,0,0,,,,True,False,False,False,False
2024-09-24,6.38,6.78,6.32,6.67,248622.29,4.709576138147553,3.7768764852572017,,,,,,,,,,,,,,,,,,,,,,1.5,0.6,1.581693397333913,,0,0,,0,0,0,0,0,,,,True,False,True,True,False
2024-09-25,6.67,7.35,6.63,7.07,430218.12,5.997001499250376,6.535539114210399,,,,,,,,,,,,,,,,,,,,,,1.5,0.6,1.8659037884957956,,0,0,,0,0,0,0,0,,,,True,False,True,True,False
2024-09-26,6.95,7.04,6.83,7.04,358743.49,-0.4243281471004279,5.449752118444819,,,,,,,,,,,,,,,,,,,,,,1.8571428571428572,0.6,2.07276161486072,,0,0,,0,0,0,0,0,,,,True,False,False,False,False
2024-09-27,7.09,7.49,7.03,7.4,403616.04,5.113636363636376,6.131421002310896,,,,,,,,,,,,,,,,,,,,,,1.8571428571428572,0.6,2.3316577708792887,,0,0,,0,0,0,0,0,,,,True,False,True,True,True
2024-09-30,7.73,8.88,7.73,8.88,836904.17,19.999999999999996,12.713597321007283,,,,,,,,,,,,,,,,,,,,,,1.8571428571428572,0.6,2.8807828980548855,,0,0,,0,0,0,0,0,,,,True,False,True,True,True
2024-10-08,10.66,10.66,9.92,10.66,1319666.12,20.04504504504503,20.047341439171078,,,,,,,,,,,,,,,,,,,,,,1.7142857142857142,0.6,3.7895061712791245,,0,0,,0,0,0,0,0,,,,False,False,True,True,True
2024-10-09,10.14,11.08,9.99,10.06,1272503.4,-5.628517823639767,19.330882073646087,,,,,,,,,,,,,,,,,,,,,,1.7142857142857142,0.6,4.677637742625924,,0,0,,0,0,0,0,0,,,,False,False,False,False,False
2024-10-10,9.9,10.4,9.4,9.75,727381.28,-3.0815109343936387,11.049810748055954,,,,,,,,,,,,,,,,,,,,,,1.7142857142857142,0.55,5.124399651248425,,0,0,,0,0,0,0,0,,,,False,False,False,False,False
2024-10-11,9.74,9.9,9.09,9.28,651025.07,-4.820512820512823,9.889866585155836,,,,,,,,,,,,,,,,,,,,,,1.375,0.5,5.502959283531885,,0,0,,0,0,0,0,0,,,,False,False,False,False,False
2024-10-14,9.4,9.79,9.27,9.64,528003.17,3.8793103448276023,8.021013549968753,,,,,,,,,,,,,,,,,,,,,,1.375,0.5,5.815790043914726,,0,0,,0,0,0,0,0,,,,True,False,False,False,False
2024-10-15,9.4,9.78,9.31,9.42,638541.68,-2.2821576763485507,9.700228632149711,,,,,,,,,,,,,,,,,,,,,,1.7142857142857142,0.5,6.215407156143691,,0,0,,0,0,0,0,0,,,,True,False,False,False,False
2024-10-16,9.16,9.47,8.96,9.01,475195.62,-4.352441613588109,7.218802316860716,,,,,,,,,,,,,,,,,,,,,,1.375,0.5,6.51039712474155,,0,0,,0,0,0,0,0,,,,False,False,False,False,False
2024-10-17,9.06,9.3,8.9,8.92,322951.39,-0.9988901220865709,4.9060263694463115,,,,,,,,,,,,,,,,,,,,,,1.1111111111111112,0.45,6.680506290505915,,0,0,,0,0,0,0,0,,,,False,False,False,False,False
2024-10-18,8.89,9.5,8.79,9.24,467566.93,3.587443946188351,7.10291319093272,,,,,,,,,,,,,,,,,,,,,,1.375,0.5,6.981014797228871,,0,0,,0,0,0,0,0,,,,True,False,False,False,False
2024-10-21,9.29,9.82,9.28,9.59,532525.34,3.7878787878787845,8.089710839883248,,,,,,,,,,,,,,,,,,,,,,1.375,0.5,7.324511949017482,,0,0,,0,0,0,0,0,,,,True,False,False,False,False
2024-10-22,9.6,9.63,9.24,9.43,369587.94,-1.6684045881126153,5.614492569514381,,,,,,,,,,,,,,,,,,,,,,1.375,0.5,7.5518781685965495,,0,0,,0,0,0,0,0,,,,False,False,False,False,False
2024-10-23,9.43,10.89,9.33,10.2,1095436.47,8.165429480381746,16.64101897153371,,,,,,,,,,,,,,,,,,,,,,1.7142857142857142,0.55,8.339010571626314,,0,0,,0,0,0,0,0,,,,True,False,True,False,False
2024-10-24,9.95,10.05,9.72,9.8,488151.75,-3.9215686274509665,7.411047143731335,,,,,,,,,,,,,,,,,,,,,,1.375,0.5,8.630366119241797,,0,0,,0,0,0,0,0,,,,False,False,False,False,False
2024-10-25,9.69,9.92,9.65,9.75,412240.49,-0.5102040816326592,6.285623554568652,,,,,,,,,,,,,,,,,,,,,,1.7142857142857142,0.5,8.88814490510316,,0,0,,0,0,0,0,0,,,,True,False,False,False,False
2024-10-28,9.75,10.12,9.68,9.95,372688.01,2.051282051282044,5.682548393442182,,,,,,,,,,,,,,,,,,,,,,1.7142857142857142,0.5,9.079925620964563,,0,0,,0,0,0,0,0,,,,True,False,False,False,False
2024-10-29,9.98,10.22,9.62,9.62,341958.15,-3.316582914572863,5.213995845766437,,,,,,,,,,,,,,,,,,,,,,1.375,0.45,9.151781588990024,,0,0,,0,0,0,0,0,,,,False,False,False,False,False
2024-10-30,9.53,9.72,9.36,9.55,314510.73,-0.7276507276507083,4.795492195957223,,,,,,,,,,,,,,,,,,,,,,1.375,0.4,9.064779243077368,,0,0,,0,0,0,0,0,,,,True,False,False,False,False
2024-10-31,9.52,9.94,9.5,9.81,356283.71,2.7225130890052407,5.432424359104335,,,,,,,,,,,,,,,,,,,,,,1.375,0.45,9.063912855110342,,0,0,,0,0,0,0,0,,,,True,False,False,False,False
2024-11-01,9.7,10.25,9.2,9.2,414574.27,-6.218144750254851,6.321207789729981,,,,,,,,,,,,,,,,,,,,,,1.1111111111111112,0.4,9.073402194481297,,0,0,,0,0,0,0,0,,,,False,False,False,False,False
2024-11-04,9.19,9.44,9.09,9.38,179202.0,1.9565217391304568,2.732376706193542,,,,,,,,,,,,,,,,,,,,,,1.1111111111111112,0.4,8.574341163740609,,0,0,,0,0,0,0,0,,,,True,False,False,False,False
2024-11-05,9.36,10.05,9.28,9.96,483269.65,6.183368869936023,7.368638377196158,,,,,,,,,,,,,,,,,,,,,,1.2222222222222223,0.4,7.940406010641864,,0,0,,0,0,0,0,0,,,,True,False,False,False,False
2024-11-06,10.27,11.4,10.27,10.5,1027782.54,5.421686746987953,15.671081077936808,,,,,,,,,,,,,,,,,,,,,,1.5,0.45,7.757415960856401,,0,0,,0,0,0,0,0,,,,True,False,True,False,False
2024-11-07,10.26,10.74,10.04,10.66,684853.19,1.5238095238095273,10.442276891543285,,,,,,,,,,,,,,,,,,,,,,1.8571428571428572,0.5,7.727039268030767,,0,0,,0,0,0,0,0,,,,True,False,False,False,False
2024-11-08,10.66,10.96,10.46,10.47,540424.13,-1.7823639774859235,8.240099464720876,,,,,,,,,,,,,,,,,,,,,,1.8571428571428572,0.5,7.644550912009018,,0,0,,0,0,0,0,0,,,,False,False,False,False,False
2024-11-11,10.57,10.73,10.37,10.6,418176.06,1.241642788920716,6.376125966405469,,,,,,,,,,,,,,,,,,,,,,1.8571428571428572,0.5,7.5623065328308545,,0,0,,0,0,0,0,0,,,,True,False,False,False,False
2024-11-12,10.59,10.64,10.0,10.16,480494.13,-4.150943396226414,7.326318725654465,,,,,,,,,,,,,,,,,,,,,,1.5,0.5,7.443611037506092,,0,0,,0,0,0,0,0,,,,False,False,False,False,False
2024-11-13,10.09,10.26,9.9,10.23,297738.0,0.6889763779527547,4.539750537095863,,,,,,,,,,,,,,,,,,,,,,1.8571428571428572,0.55,7.309658448517849,,0,0,,0,0,0,0,0,,,,True,False,False,False,False
2024-11-14,10.17,10.19,9.89,9.91,220559.7,-3.128054740957964,3.362976900955546,,,,,,,,,,,,,,,,,,,,,,1.8571428571428572,0.55,7.232505975093311,,0,0,,0,0,0,0,0,,,,False,False,False,False,False
2024-11-15,9.89,10.0,9.41,9.42,284636.3,-4.944500504540872,4.3399827895733125,,,,,,,,,,,,,,,,,,,,,,1.5,0.5,7.094359455025339,,0,0,,0,0,0,0,0,,,,False,False,False,False,False
2024-11-18,9.44,9.56,8.85,8.91,296375.11,-5.414012738853502,4.518969915846634,,,,,,,,,,,,,,,,,,,,,,1.2222222222222223,0.45,6.915822408823509,,0,0,,0,0,0,0,0,,,,False,False,False,False,False
2024-11-19,8.92,9.1,8.77,9.09,185395.91,2.020202020202011,2.8268181488351374,,,,,,,,,,,,,,,,,,,,,,1.5,0.5,6.776438687789548,,0,0,,0,0,0,0,0,,,,True,False,False,False,False
2024-11-20,9.06,9.65,9.0,9.56,306772.28,5.17051705170517,4.677500429559284,,,,,,,,,,,,,,,,,,,,,,1.5,0.5,6.178262760690826,,0,0,,0,0,0,0,0,,,,True,False,False,False,False
2024-11-21,9.43,9.52,9.23,9.4,227715.59,-1.673640167364021,3.4720861025720637,,,,,,,,,,,,,,,,,,,,,,1.5,0.5,5.981314708632863,,0,0,,0,0,0,0,0,,,,False,False,False,False,False
2024-11-22,9.35,9.59,9.06,9.06,250672.08,-3.6170212765957444,3.8221144422778983,,,,,,,,,,,,,,,,,,,,,,1.2222222222222223,0.5,5.858139253018325,,0,0,,0,0,0,0,0,,,,False,False,False,False,False
2024-11-25,9.06,9.12,8.86,9.1,152643.52,0.44150110375273943,2.3274271403186795,,,,,,,,,,,,,,,,,,,,,,1.2222222222222223,0.5,5.69038319036215,,0,0,,0,0,0,0,0,,,,True,False,False,False,False
2024-11-26,9.09,9.26,8.91,8.96,116229.14,-1.538461538461522,1.7722000575713888,,,,,,,,,,,,,,,,,,,,,,1.2222222222222223,0.5,5.518293400952397,,0,0,,0,0,0,0,0,,,,False,False,False,False,False
2024-11-27,8.91,9.13,8.68,9.11,152691.0,1.6741071428571175,2.3281510900849214,,,,,,,,,,,,,,,,,,,,,,1.2222222222222223,0.55,5.394926345658782,,0,0,,0,0,0,0,0,,,,True,False,False,False,False
2024-11-28,9.11,9.25,9.07,9.08,148775.36,-0.3293084522502654,2.2684474956728073,,,,,,,,,,,,,,,,,,,,,,1.0,0.5,5.236727502487207,,0,0,,0,0,0,0,0,,,,False,False,False,False,False
2024-11-29,9.05,9.34,8.99,9.17,166584.25,0.9911894273127775,2.539987970662836,,,,,,,,,,,,,,,,,,,,,,1.2222222222222223,0.55,5.0476665115338495,,0,0,,0,0,0,0,0,,,,True,False,False,False,False
2024-12-02,9.15,10.16,9.14,10.13,514023.76,10.468920392584513,7.837560675963546,,,,,,,,,,,,,,,,,,,,,,1.2222222222222223,0.55,5.302925710022349,,0,0,,0,0,0,0,0,,,,True,False,True,True,False
2024-12-03,10.04,10.15,9.69,9.96,361039.67,-1.6781836130306038,5.504940705571385,,,,,,,,,,,,,,,,,,,,,,1.0,0.5,5.209740826441111,,0,0,,0,0,0,0,0,,,,False,False,False,False,False
2024-12-04,9.81,9.87,9.59,9.64,232421.26,-3.2128514056224966,3.543835653888644,,,,,,,,,,,,,,,,,,,,,,0.8181818181818182,0.45,4.603378555238701,,0,0,,0,0,0,0,0,,,,False,False,False,False,False
2024-12-05,9.63,9.78,9.57,9.7,178990.5,0.6224066390041472,2.7291518667756787,,,,,,,,,,,,,,,,,,,,,,0.8181818181818182,0.45,4.217722304000321,,0,0,,0,0,0,0,0,,,,True,False,False,False,False
2024-12-06,9.76,9.97,9.51,9.83,270287.34,1.3402061855670278,4.121197485491311,,,,,,,,,,,,,,,,,,,,,,1.0,0.5,4.011777205038843,,0,0,,0,0,0,0,0,,,,True,False,False,False,False
2024-12-09,9.73,9.85,9.57,9.67,172797.49,-1.6276703967446626,2.6347241468550098,,,,,,,,,,,,,,,,,,,,,,0.8181818181818182,0.45,3.824707114061321,,0,0,,0,0,0,0,0,,,,False,False,False,False,False
2024-12-10,10.0,10.12,9.75,9.76,270404.66,0.9307135470527417,4.122986318401494,,,,,,,,,,,,,,,,,,,,,,0.8181818181818182,0.5,3.6645404936986723,,0,0,,0,0,0,0,0,,,,False,False,False,False,False
2024-12-11,9.77,9.87,9.71,9.84,165377.94,0.8196721311475308,2.5215947979055655,,,,,,,,,,,,,,,,,,,,,,0.8181818181818182,0.5,3.563632706739157,,0,0,,0,0,0,0,0,,,,True,False,False,False,False
2024-12-12,9.87,10.0,9.68,9.77,224667.45,-0.7113821138211462,3.425609686386883,,,,,,,,,,,,,,,,,,,,,,0.8181818181818182,0.5,3.5667643460107237,,0,0,,0,0,0,0,0,,,,False,False,False,False,False
2024-12-13,9.69,9.71,9.38,9.47,323923.15,-3.070624360286578,4.939007765855496,,,,,,,,,,,,,,,,,,,,,,0.8181818181818182,0.5,3.5967155948248335,,0,0,,0,0,0,0,0,,,,False,False,False,False,False
2024-12-16,9.47,9.54,9.08,9.16,303476.74,-3.2734952481520696,4.627251789865927,,,,,,,,,,,,,,,,,,,,,,0.8181818181818182,0.5,3.6021296885257974,,0,0,,0,0,0,0,0,,,,False,False,False,False,False
2024-12-17,9.16,9.23,8.78,8.8,228015.5,-3.9301310043668103,3.476658970608997,,,,,,,,,,,,,,,,,,,,,,0.6666666666666666,0.45,3.6346217296144907,,0,0,,0,0,0,0,0,,,,False,False,False,False,False
2024-12-18,8.82,9.04,8.69,8.91,142592.28,1.2499999999999956,2.1741711831063673,,,,,,,,,,,,,,,,,,,,,,0.6666666666666666,0.45,3.5094552672918446,,0,0,,0,0,0,0,0,,,,True,False,False,False,False
2024-12-19,8.86,9.18,8.77,9.1,184631.97,2.1324354657688005,2.81516999836288,,,,,,,,,,,,,,,,,,,,,,0.8181818181818182,0.5,3.4766094620813854,,0,0,,0,0,0,0,0,,,,True,False,False,False,False
2024-12-20,9.1,9.22,9.01,9.12,145503.0,0.219780219780219,2.2185522922806604,,,,,,,,,,,,,,,,,,,,,,1.0,0.55,3.396431354581524,,0,0,,0,0,0,0,0,,,,True,False,False,False,False
2024-12-23,9.12,9.13,8.65,8.71,176194.0,-4.495614035087703,2.6865123233617085,,,,,,,,,,,,,,,,,,,,,,0.8181818181818182,0.5,3.4143856137336757,,0,0,,0,0,0,0,0,,,,False,False,False,False,False
2024-12-24,8.77,8.88,8.53,8.62,172663.28,-1.0332950631458226,2.6326777842154288,,,,,,,,,,,,,,,,,,,,,,0.8181818181818182,0.5,3.4574095000658773,,0,0,,0,0,0,0,0,,,,False,False,False,False,False
2024-12-25,8.57,8.6,8.08,8.24,227806.07,-4.408352668213444,3.473465693449266,,,,,,,,,,,,,,,,,,,,,,0.6666666666666666,0.45,3.514675230234095,,0,0,,0,0,0,0,0,,,,False,False,False,False,False
2024-12-26,8.26,8.65,8.26,8.47,172776.92,2.7912621359223344,2.6344105064444876,,,,,,,,,,,,,,,,,,,,,,0.8181818181818182,0.5,3.5329733807726784,,0,0,,0,0,0,0,0,,,,True,False,False,False,False
2024-12-27,8.53,8.76,8.48,8.55,176489.46,0.9445100354191327,2.691017340167391,,,,,,,,,,,,,,,,,,,,,,0.8181818181818182,0.5,3.5405248492479062,,0,0,,0,0,0,0,0,,,,True,False,False,False,False
2024-12-30,8.86,9.11,8.7,8.7,455097.83,1.754385964912264,6.939089461787415,,,,,,,,,,,,,,,,,,,,,,0.6666666666666666,0.5,3.4956012885391,,0,0,,0,0,0,0,0,,,,False,False,False,False,False
2024-12-31,8.71,8.85,8.2,8.2,293494.98,-5.747126436781613,4.475055226709186,,,,,,,,,,,,,,,,,,,,,,0.6666666666666666,0.5,3.44410701459599,,0,0,,0,0,0,0,0,,,,False,False,False,False,False
2025-01-02,8.18,8.26,7.82,7.93,214653.0,-3.29268292682926,3.272914683511134,,,,,,,,,,,,,,,,,,,,,,0.6666666666666666,0.5,3.4305609660771146,,0,0,,0,0,0,0,0,,,,False,False,False,False,False
2025-01-03,7.95,7.99,7.54,7.56,180154.88,-4.6658259773013855,2.7469057132124237,,,,,,,,,,,,,,,,,,,,,,0.5384615384615384,0.45,3.4314486583989514,,0,0,,0,0,0,0,0,,,,False,False,False,False,False
2025-01-06,7.53,7.7,7.38,7.46,153902.3,-1.3227513227513144,2.3466203477059984,,,,,,,,,,,,,,,,,,,,,,0.42857142857142855,0.4,3.3427198015096864,,0,0,,0,0,0,0,0,,,,False,False,False,False,False
2025-01-07,7.52,7.9,7.46,7.88,187833.42,5.630026809651478,2.86398400382065,,,,,,,,,,,,,,,,,,,,,,0.5384615384615384,0.45,3.3541827943579676,,0,0,,0,0,0,0,0,,,,True,False,False,False,False
2025-01-08,7.81,8.28,7.78,8.17,313920.02,3.680203045685282,4.786485364314074,,,,,,,,,,,,,,,,,,,,,,0.6666666666666666,0.45,3.387357746653597,,0,0,,0,0,0,0,0,,,,True,False,False,False,False
2025-01-09,8.03,8.54,8.0,8.22,304578.52,0.6119951040391758,4.644051144824855,,,,,,,,,,,,,,,,,,,,,,0.6666666666666666,0.45,3.4934805639995616,,0,0,,0,0,0,0,0,,,,True,False,False,False,False
2025-01-10,8.18,8.42,8.05,8.06,240253.5,-1.9464720194647178,3.663257480281861,,,,,,,,,,,,,,,,,,,,,,0.6666666666666666,0.45,3.5053629536943105,,0,0,,0,0,0,0,0,,,,False,False,False,False,False
2025-01-13,7.96,8.15,7.64,8.05,166942.38,-0.1240694789081842,2.545448546269074,,,,,,,,,,,,,,,,,,,,,,0.8181818181818182,0.45,3.385684992714989,,0,0,,0,0,0,0,0,,,,True,False,False,False,False
2025-01-14,8.22,8.67,8.12,8.65,290042.11,7.453416149068315,4.422407702923097,,,,,,,,,,,,,,,,,,,,,,1.0,0.5,3.3754427883678475,,0,0,,0,0,0,0,0,,,,True,False,True,False,False
2025-01-15,8.61,8.75,8.54,8.58,217737.74,-0.8092485549133,3.3199491570140163,,,,,,,,,,,,,,,,,,,,,,1.0,0.5,3.3676072976880986,,0,0,,0,0,0,0,0,,,,False,False,False,False,False
2025-01-16,8.64,8.77,8.53,8.59,202800.99,0.11655011655011815,3.0922015438945403,,,,,,,,,,,,,,,,,,,,,,0.8181818181818182,0.5,3.413508815727507,,0,0,,0,0,0,0,0,,,,False,False,False,False,False
2025-01-17,8.53,8.79,8.52,8.6,161867.99,0.11641443538998875,2.468076948663347,,,,,,,,,,,,,,,,,,,,,,0.8181818181818182,0.5,3.3961541632425307,,0,0,,0,0,0,0,0,,,,True,False,False,False,False
2025-01-20,8.64,8.77,8.55,8.64,159985.0,0.46511627906977715,2.4393661194650385,,,,,,,,,,,,,,,,,,,,,,0.7272727272727273,0.5,3.4071948546017494,,0,0,,0,0,0,0,0,,,,False,False,False,False,False
2025-01-21,8.64,8.73,8.43,8.59,135674.0,-0.578703703703709,2.0686849322892744,,,,,,,,,,,,,,,,,,,,,,0.7272727272727273,0.5,3.3763034850481275,,0,0,,0,0,0,0,0,,,,False,False,False,False,False
2025-01-22,8.51,8.92,8.44,8.91,303927.37,3.72526193247964,4.634122756234114,,,,,,,,,,,,,,,,,,,,,,0.9,0.55,3.476375733649062,,0,0,,0,0,0,0,0,,,,True,False,True,True,False
2025-01-23,8.93,9.12,8.83,8.88,289120.9,-0.33670033670032407,4.4083615832061716,,,,,,,,,,,,,,,,,,,,,,0.9,0.55,3.523120528136907,,0,0,,0,0,0,0,0,,,,False,False,False,False,False
2025-02-17,10.66,10.66,10.66,10.66,53267.1,20.04504504504503,0.8121883865497149,,,,,,,,,,,,,,,,,,,,8.244666666666667,,0.8,0.55,3.432009422142169,,0,0,,0,0,0,0,0,,,,False,False,True,True,True
2025-02-18,12.09,12.09,10.74,11.3,1754506.69,6.003752345215774,26.75178407951213,,,,,,,,,,,,,,,,,,,,8.283333333333333,,0.6363636363636364,0.55,4.635047759109406,,0,0,,0,0,0,0,0,,,,False,False,True,True,True
2025-02-19,12.03,13.56,11.8,13.56,1935718.44,19.999999999999996,29.514804383909226,,,,,,,,,,,,,,,,,,,,8.340250000000001,,0.8,0.55,5.763833505215496,,0,0,,0,0,0,0,0,,,,True,False,True,True,True
2025-02-20,13.7,13.97,12.18,12.38,2036215.41,-8.702064896755157,31.047128687605785,,,,,,,,,,,,,,,,,,,,8.388583333333333,,0.8,0.55,7.092437178260326,,0,0,,0,0,0,0,0,,,,False,False,False,False,False
2025-02-21,12.47,13.44,12.45,12.92,1704578.42,4.3618739903069415,25.990504395532373,,,,,,,,,,,,,,,,,,,,8.4445,,1.0,0.6,8.228316663861388,,0,0,,0,0,0,0,0,,,,True,False,False,False,False
2025-02-24,12.84,14.13,12.75,13.4,1513885.7,3.7151702786377694,23.082923307326393,,,,,,,,,,,,,,,,,,,,8.502416666666667,,1.25,0.65,9.245117543567087,,0,0,,0,0,0,0,0,,,,True,False,False,False,False
2025-02-25,12.61,13.16,12.32,12.69,1146797.56,-5.298507462686574,17.48575875081523,,,,,,,,,,,,,,,,,,,,8.55375,,1.5714285714285714,0.65,10.002074463722549,,0,0,,0,0,0,0,0,,,,True,False,False,False,False
2025-02-26,12.69,12.86,12.3,12.37,717908.69,-2.5216706067769934,10.946289559993305,,,,,,,,,,,,,,,,,,,,8.603916666666667,,1.25,0.6,10.40618974153118,,0,0,,0,0,0,0,0,,,,False,False,False,False,False
2025-02-27,12.27,12.77,11.76,12.12,753168.46,-2.02101859337106,11.483911764063247,,,,,,,,,,,,,,,,,,,,8.652666666666667,,1.0,0.55,10.74106106151864,,0,0,,0,0,0,0,0,,,,False,False,False,False,False
2025-02-28,11.84,12.3,11.15,11.29,654013.36,-6.848184818481851,9.97204757984493,,,,,,,,,,,,,,,,,,,,8.695,,0.8,0.5,11.007460883269642,,0,0,,0,0,0,0,0,,,,False,False,False,False,False
2025-03-03,11.2,11.51,11.06,11.19,447893.36,-0.8857395925597866,6.829239538190189,,,,,,,,,,,,,,,,,,,,8.735999999999999,,0.8,0.5,11.16575998616506,,0,0,,0,0,0,0,0,,,,False,False,False,False,False
2025-03-04,11.07,11.52,11.0,11.51,437268.53,2.859696157283298,6.667237785981696,,,,,,,,,,,,,,,,,,,,8.780166666666666,,0.8,0.55,11.37184944815069,,0,0,,0,0,0,0,0,,,,True,False,False,False,False
2025-03-05,12.01,12.41,11.62,11.88,710473.58,3.214596003475245,10.832922960446501,,,,,,,,,,,,,,,,,,,,8.82675,,0.6363636363636364,0.55,11.69237521102686,,0,0,,0,0,0,0,0,,,,False,False,False,False,False
2025-03-06,11.93,12.56,11.93,12.21,752583.87,2.777777777777768,11.474998246922404,,,,,,,,,,,,,,,,,,,,8.876916666666666,,0.8,0.6,12.10012766552228,,0,0,,0,0,0,0,0,,,,True,False,False,False,False
2025-03-07,12.08,12.54,11.99,12.09,590846.39,-0.9828009828009909,9.00891124526816,,,,,,,,,,,,,,,,,,,,8.926166666666665,,1.0,0.55,12.395963150590962,,0,0,,0,0,0,0,0,,,,True,False,False,False,False
2025-03-10,12.0,12.09,11.58,11.76,446527.55,-2.7295285359801524,6.808414394335287,,,,,,,,,,,,,,,,,,,,8.9735,,0.8,0.5,12.612980022874558,,0,0,,0,0,0,0,0,,,,False,False,False,False,False
2025-03-11,11.48,11.87,11.44,11.77,285298.5,0.08503401360544505,4.350079662682103,,,,,,,,,,,,,,,,,,,,9.021083333333333,,0.9,0.5,12.708515700035411,,0,0,,0,0,0,0,0,,,,True,False,False,False,False
2025-03-12,11.94,12.23,11.8,11.81,412962.03,0.3398470688190436,6.296625212410567,,,,,,,,,,,,,,,,,,,,9.069749999999999,,0.9,0.55,12.919912714041477,,0,0,,0,0,0,0,0,,,,False,False,False,False,False
2025-03-13,11.99,12.88,11.78,12.85,1361276.2,8.806096528365792,20.756014885858757,,,,,,,,,,,,,,,,,,,,9.1275,,0.9,0.55,13.726007320522708,,0,0,,0,0,0,0,0,,,,True,False,True,True,False
2025-03-14,13.5,15.42,13.19,15.42,2268542.11,19.999999999999996,34.58952254094903,,,,,,,,,,,,,,,,,,,,9.206416666666668,,1.1111111111111112,0.6,15.235065368409852,,0,0,,0,0,0,0,0,,,,True,False,True,True,True
2025-03-17,16.5,18.45,16.5,17.28,2775086.71,12.062256809338523,42.31304496641373,,,,,,,,,,,,,,,,,,,,9.302416666666668,,1.2222222222222223,0.6,17.310108197403054,,0,0,,0,0,0,0,0,,,,True,False,True,True,True
2025-03-18,17.1,18.58,16.83,17.3,2684243.9,0.11574074074074403,40.92792215545645,,,,,,,,,,,,,,,,,,,,9.398166666666667,,1.5,0.6,18.018915101200268,,0,0,,0,0,0,0,0,,,,True,False,False,False,True
2025-03-19,16.91,18.96,16.91,18.05,2463801.62,4.335260115606943,37.566735612157856,,,,,,,,,,,,,,,,,,,,9.498,,1.5,0.6,18.421511662612698,,0,0,,0,0,0,0,0,,,,True,False,False,False,True
2025-03-20,17.5,18.88,16.6,17.88,2353841.07,-0.9418282548476542,35.890115678115656,,,,,,,,,,,,,,,,,,,,9.594833333333334,,1.8571428571428572,0.6,18.663661012138192,,0,0,,0,0,0,0,0,,,,True,False,False,False,False
2025-03-21,18.48,21.3,18.48,19.43,2882765.52,8.66890380313199,43.954874143513536,,,,,,,,,,,,,,,,,,,,9.705666666666666,,1.8571428571428572,0.6,19.561879499537252,,0,0,,0,0,0,0,0,,,,True,False,True,True,True
2025-03-24,19.24,20.99,18.4,20.62,2494337.29,6.124549665465784,38.032327254081565,,,,,,,,,,,,,,,,,,,,9.825333333333333,,1.8571428571428572,0.6,20.30934969687501,,0,0,,0,0,0,0,0,,,,True,False,False,False,True
2025-03-25,19.55,20.0,17.41,18.02,2159722.98,-12.609117361784683,32.93030637148525,,,,,,,,,,,,,,,,,,,,9.92325,,1.5,0.6,21.081577077908513,,0,0,,0,0,0,0,0,,,,False,False,False,False,False
2025-03-26,17.66,19.44,17.66,18.25,1884666.73,1.2763596004439437,28.73639508482022,,,,,,,,,,,,,,,,,,,,10.022333333333334,,1.8571428571428572,0.65,21.971082354149853,,0,0,,0,0,0,0,0,,,,True,False,False,False,False
2025-03-27,17.89,18.23,16.34,16.5,1930589.65,-9.589041095890416,29.436603324060794,,,,,,,,,,,,,,,,,,,,10.107666666666667,,1.8571428571428572,0.65,22.86871693214973,,0,0,,0,0,0,0,0,,,,False,False,False,False,False
2025-03-28,16.76,16.88,16.02,16.06,1308011.55,-2.6666666666666727,19.9438638556049,,,,,,,,,,,,,,,,,,,,10.189416666666666,,1.8571428571428572,0.65,23.367307745937733,,0,0,,0,0,0,0,0,,,,False,False,False,False,False
2025-03-31,16.04,16.16,15.07,15.6,1129734.12,-2.8642590286425795,17.225584500619746,,,,,,,,,,,,,,,,,,,,10.266583333333333,,1.8571428571428572,0.65,23.88712499405921,,0,0,,0,0,0,0,0,,,,False,False,False,False,False
2025-04-01,15.93,16.3,15.32,15.36,1157626.38,-1.538461538461544,17.650870833959182,,,,,,,,,,,,,,,,,,,,10.342083333333333,,1.5,0.6,24.436306646458085,,0,0,,0,0,0,0,0,,,,False,False,False,False,False
2025-04-02,15.54,15.76,15.02,15.1,899592.96,-1.692708333333337,13.716514597826468,,,,,,,,,,,,,,,,,,,,10.415083333333333,,1.5,0.55,24.580486228327082,,0,0,,0,0,0,0,0,,,,False,False,False,False,False
2025-04-03,14.81,15.15,14.37,14.45,883612.05,-4.304635761589404,13.472846188836748,,,,,,,,,,,,,,,,,,,,10.483333333333333,,1.2222222222222223,0.5,24.680378625422797,,0,0,,0,0,0,0,0,,,,False,False,False,False,False
2025-04-07,13.32,13.68,11.56,11.58,1227155.58,-19.861591695501723,18.711015064940266,,,,,,,,,,,,,,,,,,,,10.528249999999998,,1.0,0.5,25.165483816406404,,0,0,,0,0,0,0,0,,,,False,False,False,False,False
2025-04-08,12.02,13.08,12.02,12.45,1412002.77,7.51295336787563,21.529466623300838,,,,,,,,,,,,,,,,,,,,10.579416666666667,,1.2222222222222223,0.55,25.901536427854683,,0,0,,0,0,0,0,0,,,,True,False,False,False,False
2025-04-09,12.65,14.32,11.73,14.18,1962941.65,13.895582329317268,29.92988939898615,,,,,,,,,,,,,,,,,,,,10.645416666666668,,1.2222222222222223,0.55,27.180526914669883,,0,0,,0,0,0,0,0,,,,True,False,False,False,False
2025-04-10,14.18,14.85,13.78,14.04,1838023.63,-0.9873060648801224,28.025205924293793,,,,,,,,,,,,,,,,,,,,10.709333333333332,,1.2222222222222223,0.5,28.266955950264048,,0,0,,0,0,0,0,0,,,,False,False,False,False,False
2025-04-11,14.26,14.35,13.78,13.87,1017981.94,-1.2108262108262102,15.521646746028011,,,,,,,,,,,,,,,,,,,,10.769333333333334,,1.0,0.45,28.00523754327251,,0,0,,0,0,0,0,0,,,,False,False,False,False,False
2025-04-14,14.01,14.54,14.01,14.33,932426.27,3.316510454217747,14.217139431428945,,,,,,,,,,,,,,,,,,,,10.829833333333333,,1.0,0.45,26.986618387796504,,0,0,,0,0,0,0,0,,,,True,False,False,False,False
2025-04-15,14.2,14.31,13.74,13.9,712554.2,-3.000697836706212,10.86464714668572,,,,,,,,,,,,,,,,,,,,10.887,,0.8181818181818182,0.4,25.41419849681011,,0,0,,0,0,0,0,0,,,,False,False,False,False,False
2025-04-16,13.86,13.91,13.12,13.44,683242.39,-3.30935251798562,10.417716270577355,,,,,,,,,,,,,,,,,,,,10.937333333333333,,0.6666666666666666,0.35,23.88868820256615,,0,0,,0,0,0,0,0,,,,False,False,False,False,False
2025-04-17,13.44,13.77,13.27,13.27,480332.63,-1.2648809523809534,7.323856259621439,,,,,,,,,,,,,,,,,,,,10.973916666666666,,0.5384615384615384,0.3,22.376544234939328,,0,0,,0,0,0,0,0,,,,False,False,False,False,False
2025-04-18,13.3,13.99,13.22,13.63,1009171.81,2.7128862094951023,15.387314573448815,,,,,,,,,,,,,,,,,,,,10.998666666666667,,0.5384615384615384,0.35,21.351404179705987,,0,0,,0,0,0,0,0,,,,True,False,False,False,False
2025-04-21,13.43,14.22,13.37,14.18,906829.7,4.03521643433602,13.826856557206268,,,,,,,,,,,,,,,,,,,,11.033,,0.5384615384615384,0.35,19.845003300390623,,0,0,,0,0,0,0,0,,,,True,False,False,False,False
2025-04-22,14.04,15.06,13.93,14.75,1328296.0,4.019746121297607,20.2531503517263,,,,,,,,,,,,,,,,,,,,11.074666666666667,,0.5384615384615384,0.35,18.956044455272863,,0,0,,0,0,0,0,0,,,,True,False,True,False,False
2025-04-23,14.5,15.87,14.12,15.12,1686400.65,2.5084745762711913,25.713339434658362,,,,,,,,,,,,,,,,,,,,11.123333333333333,,0.6666666666666666,0.4,18.595196108431516,,0,0,,0,0,0,0,0,,,,True,False,True,True,False
2025-04-24,14.9,14.91,14.35,14.43,992763.76,-4.563492063492058,15.137133361107107,,,,,,,,,,,,,,,,,,,,11.163250000000001,,0.5384615384615384,0.35,17.91523302224586,,0,0,,0,0,0,0,0,,,,False,False,False,False,False
2025-04-25,14.43,14.75,14.21,14.46,731506.75,0.20790020790022457,11.153625540581816,,,,,,,,,,,,,,,,,,,,11.205250000000001,,0.6666666666666666,0.4,17.001084133071913,,0,0,,0,0,0,0,0,,,,True,False,False,False,False
2025-04-28,14.3,14.79,14.12,14.49,660424.0,0.20746887966804906,10.069793606160442,,,,,,,,,,,,,,,,,,,,11.250916666666667,,0.8181818181818182,0.45,16.507380620599687,,0,0,,0,0,0,0,0,,,,True,False,False,False,False
2025-04-29,14.23,15.18,14.07,15.14,1044703.65,4.485852311939276,15.929085156055015,,,,,,,,,,,,,,,,,,,,11.30275,,1.0,0.5,16.44255565337145,,0,0,,0,0,0,0,0,,,,True,False,False,False,False
2025-04-30,15.28,15.78,14.88,15.36,1111259.94,1.4531043593130732,16.943900037845744,,,,,,,,,,,,,,,,,,,,11.35375,,1.2222222222222223,0.55,16.407207113565782,,0,0,,0,0,0,0,0,,,,True,False,False,False,False
2025-05-06,15.75,16.88,15.75,16.48,1266964.51,7.291666666666674,19.31800043915757,,,,,,,,,,,,,,,,,,,,11.411166666666668,,1.5,0.6,16.687281405632337,,0,0,,0,0,0,0,0,,,,True,False,True,True,False
2025-05-07,16.75,17.98,16.25,17.13,1690364.79,3.944174757281549,25.77378253125377,,,,,,,,,,,,,,,,,,,,11.475333333333333,,1.8571428571428572,0.65,17.302328222753186,,0,0,,0,0,0,0,0,,,,True,False,True,True,False
2025-05-08,16.71,17.29,16.52,16.78,1111698.93,-2.043199065966128,16.950593523689943,,,,,,,,,,,,,,,,,,,,11.530166666666666,,2.3333333333333335,0.65,17.214307145690668,,0,0,,0,0,0,0,0,,,,True,False,False,False,False
2025-05-09,17.0,17.28,16.16,16.17,971225.2,-3.6352800953516007,14.808724863272529,,,,,,,,,,,,,,,,,,,,11.58325,,1.8571428571428572,0.6,16.878270057689257,,0,0,,0,0,0,0,0,,,,False,False,False,False,False
2025-05-12,16.24,17.6,16.13,16.91,1185703.18,4.5763760049474245,18.078970934987378,,,,,,,,,,,,,,,,,,,,11.642916666666668,,1.8571428571428572,0.6,16.285724134489318,,0,0,,0,0,0,0,0,,,,True,False,False,False,False
2025-05-13,17.01,17.11,16.32,16.39,863025.47,-3.0751034890597273,13.158952975300126,,,,,,,,,,,,,,,,,,,,11.696583333333333,,1.8571428571428572,0.6,15.542411487039633,,0,0,,0,0,0,0,0,,,,False,False,False,False,False
2025-05-14,16.31,16.75,16.14,16.48,653983.55,0.5491153142159755,9.971593052832889,,,,,,,,,,,,,,,,,,,,11.75375,,2.3333333333333335,0.65,15.264908802379878,,0,0,,0,0,0,0,0,,,,True,False,False,False,False
2025-05-15,16.35,16.35,15.65,15.67,691407.32,-4.915048543689327,10.542210776998605,,,,,,,,,,,,,,,,,,,,11.804750000000002,,1.8571428571428572,0.6,15.081162369658358,,0,0,,0,0,0,0,0,,,,False,False,False,False,False
2025-05-16,15.67,16.29,15.67,15.83,591601.81,1.02105934907466,9.020429487315642,,,,,,,,,,,,,,,,,,,,11.854916666666666,,2.3333333333333335,0.65,14.988951486689853,,0,0,,0,0,0,0,0,,,,True,False,False,False,False
2025-05-19,15.83,16.16,15.67,15.94,537270.44,0.6948831332912242,8.192013678320302,,,,,,,,,,,,,,,,,,,,11.911083333333334,,3.0,0.7,14.877666357077004,,0,0,,0,0,0,0,0,,,,True,False,False,False,False
2025-05-20,15.8,17.22,15.51,17.15,1303521.9,7.590966122961107,19.87540806226017,,,,,,,,,,,,,,,,,,,,11.975833333333332,,4.0,0.75,15.505243947208939,,0,0,,0,0,0,0,0,,,,True,False,True,False,False
2025-05-21,17.0,17.33,16.61,16.65,911839.23,-2.9154518950437303,13.903239204057183,,,,,,,,,,,,,,,,,,,,12.031583333333334,,3.0,0.7,15.43104017873936,,0,0,,0,0,0,0,0,,,,False,False,False,False,False
2025-05-22,16.44,16.94,16.31,16.51,622908.15,-0.8408408408408174,9.497771895169208,,,,,,,,,,,,,,,,,,,,12.081666666666667,,3.0,0.65,15.214585945637506,,0,0,,0,0,0,0,0,,,,True,False,False,False,False
2025-05-23,16.43,17.35,16.29,16.85,1014726.17,2.059357964869779,15.472004498124953,,,,,,,,,,,,,,,,,,,,12.13325,,3.0,0.65,14.975528652957436,,0,0,,0,0,0,0,0,,,,True,False,False,False,False
2025-05-26,16.99,17.2,16.6,17.09,705426.54,1.4243323442136413,10.75596838108228,,,,,,,,,,,,,,,,,,,,12.188416666666667,,3.0,0.65,14.227660100278635,,0,0,,0,0,0,0,0,,,,True,False,False,False,False
2025-05-27,16.98,16.98,16.37,16.52,677666.25,-3.335283791691046,10.332694256054783,,,,,,,,,,,,,,,,,,,,12.23775,,3.0,0.65,13.987438145026015,,0,0,,0,0,0,0,0,,,,False,False,False,False,False
2025-05-28,16.57,17.66,16.4,17.18,1220443.79,3.995157384987902,18.608677263727873,,,,,,,,,,,,,,,,,,,,12.296250000000002,,3.0,0.65,14.36019073118332,,0,0,,0,0,0,0,0,,,,True,False,False,False,True
2025-05-29,16.97,17.53,16.89,17.27,1004379.0,0.5238649592549383,15.314236357797139,,,,,,,,,,,,,,,,,,,,12.354916666666668,,3.0,0.65,14.622412868765156,,0,0,,0,0,0,0,0,,,,True,False,False,False,True
2025-05-30,17.05,18.88,16.8,18.34,1606874.72,6.19571511291257,24.500770385929115,,,,,,,,,,,,,,,,,,,,12.425166666666666,,3.0,0.65,15.05099713025886,,0,0,,0,0,0,0,0,,,,True,False,True,True,True
2025-06-03,18.01,18.55,17.8,18.19,1111321.35,-0.8178844056706547,16.944836384837,,,,,,,,,,,,,,,,,,,,12.49825,,3.0,0.6,15.051043947608424,,0,0,,0,0,0,0,0,,,,True,False,False,False,False
2025-06-04,18.06,19.28,18.03,18.65,1302791.67,2.528862012094546,19.86427390392397,,,,,,,,,,,,,,,,,,,,12.579416666666667,,3.0,0.6,15.078357620846742,,0,0,,0,0,0,0,0,,,,True,False,False,False,True
2025-06-05,18.5,19.18,18.1,18.13,1244152.83,-2.788203753351204,18.9701800852489,,,,,,,,,,,,,,,,,,,,12.65475,,2.3333333333333335,0.55,14.7381774985465,,0,0,,0,0,0,0,0,,,,False,False,False,False,False
2025-06-06,18.1,19.31,17.65,18.63,1243901.26,2.7578599007170412,18.966344279800428,,,,,,,,,,,,,,,,,,,,12.730333333333332,,2.3333333333333335,0.6,14.838965036352022,,0,0,,0,0,0,0,0,,,,True,False,False,False,False
2025-06-09,18.52,18.97,18.4,18.59,907362.09,-0.21470746108427363,13.834974156533342,,,,,,,,,,,,,,,,,,,,12.806916666666668,,3.0,0.6,14.790277501015064,,0,0,,0,0,0,0,0,,,,True,False,False,False,False
2025-06-10,18.7,18.7,17.4,17.59,1020537.18,-5.379236148466915,15.560607685385461,,,,,,,,,,,,,,,,,,,,12.877999999999998,,2.3333333333333335,0.55,14.664359338534968,,0,0,,0,0,0,0,0,,,,False,False,False,False,False
2025-06-11,17.51,17.94,17.37,17.4,600260.16,-1.0801591813530464,9.152447399247823,,,,,,,,,,,,,,,,,,,,12.947166666666668,,2.3333333333333335,0.55,14.464034059732356,,0,0,,0,0,0,0,0,,,,False,False,False,False,False
2025-06-12,17.25,17.64,16.86,17.19,674644.86,-1.2068965517241237,10.28662570963049,,,,,,,,,,,,,,,,,,,,13.015749999999999,,1.8571428571428572,0.5,14.479785692572232,,0,0,,0,0,0,0,0,,,,False,False,False,False,False
2025-06-13,17.0,17.78,16.56,17.33,925011.55,0.8144269924374559,14.104083727748476,,,,,,,,,,,,,,,,,,,,13.08425,,2.3333333333333335,0.55,14.657879340109726,,0,0,,0,0,0,0,0,,,,True,False,False,False,False
2025-06-16,17.1,17.74,16.91,17.55,607206.49,1.2694748990190519,9.25836134153381,,,,,,,,,,,,,,,,,,,,13.154833333333332,,2.3333333333333335,0.55,14.669775932820636,,0,0,,0,0,0,0,0,,,,True,False,False,False,False
2025-06-17,17.57,17.57,17.09,17.19,532248.6,-2.051282051282044,8.115443335142041,,,,,,,,,,,,,,,,,,,,13.221666666666668,,1.8571428571428572,0.5,14.665947415661723,,0,0,,0,0,0,0,0,,,,False,False,False,False,False
2025-06-18,17.12,17.55,17.09,17.18,490654.38,-0.05817335660268652,7.4812368093204,,,,,,,,,,,,,,,,,,,,13.280416666666666,,1.8571428571428572,0.45,14.046238853014733,,0,0,,0,0,0,0,0,,,,True,False,False,False,False
2025-06-19,17.05,17.05,16.07,16.11,762328.0,-6.228172293364375,11.623571554330365,,,,,,,,,,,,,,,,,,,,13.331666666666667,,1.8571428571428572,0.45,13.932255470528393,,0,0,,0,0,0,0,0,,,,False,False,False,False,False
2025-06-20,15.96,16.37,15.8,15.82,444126.47,-1.8001241464928541,6.771804004597967,,,,,,,,,,,,,,,,,,,,13.383166666666666,,1.5,0.45,13.795957075999832,,0,0,,0,0,0,0,0,,,,False,False,False,False,False
2025-06-23,15.66,16.47,15.66,16.31,496994.65,3.0973451327433565,7.577909871334093,,,,,,,,,,,,,,,,,,,,13.43825,,1.5,0.45,13.401252344660287,,0,0,,0,0,0,0,0,,,,True,False,False,False,False
2025-06-24,16.14,16.66,16.0,16.46,542044.04,0.9196811771919222,8.264798990117523,,,,,,,,,,,,,,,,,,,,13.493500000000001,,1.5,0.45,13.276693875112048,,0,0,,0,0,0,0,0,,,,True,False,False,False,False
2025-06-25,16.5,17.28,16.49,17.19,828141.45,4.434993924665864,12.627060007217239,,,,,,,,,,,,,,,,,,,,13.556166666666666,,1.8571428571428572,0.5,13.391412162670173,,0,0,,0,0,0,0,0,,,,True,False,False,False,False
2025-06-26,17.19,18.9,17.12,17.73,1288029.56,3.141361256544495,19.639189108563055,,,,,,,,,,,,,,,,,,,,13.622583333333333,,1.8571428571428572,0.5,13.442937754911933,,0,0,,0,0,0,0,0,,,,True,False,True,False,False
2025-06-27,17.6,18.23,17.54,17.62,851995.37,-0.6204173716863992,12.990771881858171,,,,,,,,,,,,,,,,,,,,13.687416666666667,,1.8571428571428572,0.45,13.326764531114984,,0,0,,0,0,0,0,0,,,,True,False,False,False,False
2025-06-30,17.67,18.08,17.67,17.9,754876.14,1.5891032917139558,11.509949559699638,,,,,,,,,,,,,,,,,,,,13.755166666666666,,1.8571428571428572,0.45,12.67722348980351,,0,0,,0,0,0,0,0,,,,True,False,False,False,False
2025-07-01,17.84,18.88,17.61,18.36,1258975.79,2.569832402234651,19.196192689019163,,,,,,,,,,,,,,,,,,,,13.82925,,1.8571428571428572,0.5,12.789791305012617,,0,0,,0,0,0,0,0,,,,True,False,False,False,False
2025-07-02,20.15,21.16,19.03,19.39,2212900.45,5.610021786492392,33.74112812750531,,,,,,,,,,,,,,,,,,,,13.9145,,1.5,0.5,13.483634016191683,,0,0,,0,0,0,0,0,,,,False,False,True,True,True
2025-07-03,18.96,19.98,18.52,18.6,1423882.71,-4.074265085095408,21.710605624690203,,,,,,,,,,,,,,,,,,,,13.996166666666666,,1.5,0.5,13.62065529316375,,0,0,,0,0,0,0,0,,,,False,False,False,False,False
2025-07-04,18.2,18.38,17.88,18.02,951834.19,-3.1182795698924792,14.513061064690113,,,,,,,,,,,,,,,,,,,,14.072083333333333,,1.2222222222222223,0.45,13.397991132408233,,0,0,,0,0,0,0,0,,,,False,False,False,False,False
2025-07-07,18.02,18.47,17.72,18.31,706251.57,1.6093229744728044,10.768547999356132,,,,,,,,,,,,,,,,,,,,14.148833333333334,,1.2222222222222223,0.5,13.244669824549373,,0,0,,0,0,0,0,0,,,,True,False,False,False,False
2025-07-08,18.1,18.52,18.01,18.24,650716.96,-0.38230475150191623,9.921785827329352,,,,,,,,,,,,,,,,,,,,14.224833333333333,,1.5,0.5,12.96272873164657,,0,0,,0,0,0,0,0,,,,True,False,False,False,False
2025-07-09,18.25,18.39,17.74,17.87,709316.07,-2.0285087719298156,10.815273864112832,,,,,,,,,,,,,,,,,,,,14.301166666666665,,1.5,0.5,13.045870054889818,,0,0,,0,0,0,0,0,,,,False,False,False,False,False
2025-07-10,17.78,17.85,17.44,17.59,566928.2,-1.5668718522663716,8.644219415878357,,,,,,,,,,,,,,,,,,,,14.375916666666667,,1.5,0.5,12.963749740202212,,0,0,,0,0,0,0,0,,,,False,False,False,False,False
2025-07-11,17.67,18.16,17.67,17.96,662364.74,2.1034678794769723,10.09938497661824,,,,,,,,,,,,,,,,,,,,14.456916666666666,,1.5,0.5,12.7635148026457,,0,0,,0,0,0,0,0,,,,True,False,False,False,False
2025-07-14,17.81,18.02,17.7,17.8,390828.4,-0.8908685968819552,5.959143403973683,,,,,,,,,,,,,,,,,,,,14.534666666666668,,1.2222222222222223,0.45,12.598553905767695,,0,0,,0,0,0,0,0,,,,False,False,False,False,False
2025-07-15,17.73,17.98,17.63,17.85,411034.0,0.2808988764045006,6.267227637267197,,,,,,,,,,,,,,,,,,,,14.612166666666667,,1.5,0.5,12.506143120873952,,0,0,,0,0,0,0,0,,,,True,False,False,False,False
2025-07-16,17.9,17.99,17.64,17.72,384864.09,-0.7282913165266303,5.868202779915262,,,,,,,,,,,,,,,,,,,,14.687333333333333,,1.2222222222222223,0.5,12.425491419403695,,0,0,,0,0,0,0,0,,,,False,False,False,False,False
2025-07-17,17.74,17.94,17.45,17.9,505061.67,1.0158013544018019,7.700911498193154,,,,,,,,,,,,,,,,,,,,14.768166666666666,,1.5,0.55,12.229358416596835,,0,0,,0,0,0,0,0,,,,True,False,False,False,False
2025-07-18,17.89,18.58,17.85,18.57,962281.57,3.743016759776552,14.672357153755819,,,,,,,,,,,,,,,,,,,,14.856833333333334,,1.8571428571428572,0.6,12.624386074054728,,0,0,,0,0,0,0,0,,,,True,False,True,True,False
2025-07-21,18.62,18.68,18.2,18.41,564348.03,-0.8616047388260606,8.604878357151225,,,,,,,,,,,,,,,,,,,,14.947249999999999,,1.5,0.55,12.675734498345584,,0,0,,0,0,0,0,0,,,,False,False,False,False,False
2025-07-22,18.3,18.94,18.19,18.26,728519.77,-0.8147745790331284,11.108081659520968,,,,,,,,,,,,,,,,,,,,15.037249999999998,,1.2222222222222223,0.5,12.817898631815757,,0,0,,0,0,0,0,0,,,,False,False,False,False,False
2025-07-23,18.06,18.07,17.52,17.52,652414.42,-4.052573932092018,9.947667793845882,,,,,,,,,,,,,,,,,,,,15.117583333333334,,1.0,0.45,12.683929021147188,,0,0,,0,0,0,0,0,,,,False,False,False,False,False
2025-07-24,17.5,18.38,17.49,18.11,691299.19,3.3675799086757996,10.540562068316556,,,,,,,,,,,,,,,,,,,,15.200416666666666,,1.0,0.45,12.228997669134863,,0,0,,0,0,0,0,0,,,,True,False,False,False,False
2025-07-25,18.09,18.18,17.78,17.83,477725.14,-1.5461071231363976,7.2840986400768335,,,,,,,,,,,,,,,,,,,,15.280499999999998,,0.8181818181818182,0.45,11.943664007045797,,0,0,,0,0,0,0,0,,,,False,False,False,False,False
2025-07-28,17.78,17.94,17.74,17.82,351319.88,-0.05608524957935179,5.356738521527161,,,,,,,,,,,,,,,,,,,,15.361833333333333,,0.8181818181818182,0.4,11.636003455137173,,0,0,,0,0,0,0,0,,,,True,False,False,False,False
2025-07-29,17.72,18.0,17.65,18.0,434880.11,1.0101010101010166,6.630820429185418,,,,,,,,,,,,,,,,,,,,15.44475,,0.8181818181818182,0.4,11.007734842145485,,0,0,,0,0,0,0,0,,,,True,False,False,False,False
2025-07-30,17.91,18.59,17.86,18.33,902710.36,1.8333333333333313,13.764047053624326,,,,,,,,,,,,,,,,,,,,15.525416666666667,,1.0,0.4,10.008880788451435,,0,0,,0,0,0,0,0,,,,True,False,False,False,False
2025-07-31,18.08,18.35,17.73,17.78,575657.96,-3.000545553737033,8.777326149478764,,,,,,,,,,,,,,,,,,,,15.602083333333333,,1.0,0.4,9.362216814690864,,0,0,,0,0,0,0,0,,,,False,False,False,False,False
2025-08-01,17.68,17.77,17.24,17.28,466214.33,-2.8121484814398245,7.10858793643837,,,,,,,,,,,,,,,,,,,,15.6745,,1.0,0.4,8.991993158278277,,0,0,,0,0,0,0,0,,,,False,False,False,False,False
2025-08-04,17.15,17.59,17.02,17.57,312034.49,1.678240740740744,4.7577358065478155,,,,,,,,,,,,,,,,,,,,15.749249999999998,,1.0,0.4,8.69145254863786,,0,0,,0,0,0,0,0,,,,True,False,False,False,False
2025-08-05,17.6,18.18,17.59,18.07,601736.94,2.845759817871363,9.174964554593034,,,,,,,,,,,,,,,,,,,,15.827833333333334,,1.0,0.45,8.654111485001044,,0,0,,0,0,0,0,0,,,,True,False,False,False,False
2025-08-06,17.96,18.88,17.88,18.63,1043812.3,3.0990592141671103,15.915494325723515,,,,,,,,,,,,,,,,,,,,15.911499999999998,,1.2222222222222223,0.5,8.909122508081579,,0,0,,0,0,0,0,0,,,,True,False,True,True,False
2025-08-07,18.84,18.86,18.16,18.23,692564.07,-2.147074610842714,10.559848285256825,,,,,,,,,,,,,,,,,,,,15.989166666666668,,1.2222222222222223,0.5,9.004903951550503,,0,0,,0,0,0,0,0,,,,False,False,False,False,False
2025-08-08,18.15,18.55,17.94,17.94,581872.14,-1.5907844212835975,8.872076658290574,,,,,,,,,,,,,,,,,,,,16.064666666666668,,1.0,0.45,8.943538535634119,,0,0,,0,0,0,0,0,,,,False,False,False,False,False
2025-08-11,17.98,18.27,17.85,18.04,407606.67,0.557413600891854,6.214969533806084,,,,,,,,,,,,,,,,,,,,16.126166666666666,,1.2222222222222223,0.5,8.956329842125738,,0,0,,0,0,0,0,0,,,,True,False,False,False,False
2025-08-12,17.97,18.48,17.83,18.1,515583.38,0.3325942350332678,7.861340931532758,,,,,,,,,,,,,,,,,,,,16.18283333333333,,1.2222222222222223,0.5,9.036035506839017,,0,0,,0,0,0,0,0,,,,True,False,False,False,False
2025-08-13,18.86,21.0,18.73,19.12,1854437.07,5.635359116022087,28.27546932048639,,,,,,,,,,,,,,,,,,,,16.229166666666668,,1.5,0.55,10.156398833867573,,0,0,,0,0,0,0,0,,,,True,False,True,True,False
2025-08-14,19.21,20.5,18.58,19.77,1797132.48,3.399581589958145,27.401719435585715,,,,,,,,,,,,,,,,,,,,16.29075,,1.5,0.55,11.141439230737202,,0,0,,0,0,0,0,0,,,,True,False,False,False,True
2025-08-15,19.29,20.98,19.18,20.73,1652251.82,4.855842185128978,25.192656252351448,,,,,,,,,,,,,,,,,,,,16.355833333333333,,1.5,0.55,11.667454185666983,,0,0,,0,0,0,0,0,,,,True,False,False,False,True
2025-08-18,20.9,24.42,20.81,23.13,2032120.35,11.577424023154848,30.984689392539522,,,,,,,,,,,,,,,,,,,,16.436916666666665,,1.8571428571428572,0.6,12.786444737436398,,0,0,,0,0,0,0,0,,,,True,False,True,True,True
2025-08-19,23.2,24.32,22.07,22.71,1787282.31,-1.8158236057068677,27.251529286703185,,,,,,,,,,,,,,,,,,,,16.520416666666666,,1.8571428571428572,0.6,13.59361711879551,,0,0,,0,0,0,0,0,,,,False,False,False,False,False
2025-08-20,22.29,23.8,21.85,22.74,1309489.25,0.13210039630118242,19.96639503862039,,,,,,,,,,,,,,,,,,,,16.606833333333334,,2.3333333333333335,0.65,14.094553481034234,,0,0,,0,0,0,0,0,,,,True,False,False,False,False
2025-08-21,22.37,22.57,21.26,21.37,1197844.45,-6.02462620932277,18.264094557109935,,,,,,,,,,,,,,,,,,,,16.68391666666667,,1.8571428571428572,0.6,14.480730105473905,,0,0,,0,0,0,0,0,,,,False,False,False,False,False
2025-08-22,21.06,21.88,21.06,21.69,751341.2,1.4974262985493647,11.456050676239679,,,,,,,,,,,,,,,,,,,,16.77058333333333,,2.3333333333333335,0.65,14.689327707282047,,0,0,,0,0,0,0,0,,,,True,False,False,False,False
2025-08-25,21.8,22.19,21.64,22.0,806939.75,1.429230059935449,12.30378777135099,,,,,,,,,,,,,,,,,,,,16.860666666666667,12.54344,2.3333333333333335,0.7,15.036680169773238,,0,0,,0,0,0,0,0,,,,True,False,False,False,False
2025-08-26,21.82,21.92,21.17,21.23,774022.59,-3.500000000000003,11.801884437582137,,,,,,,,,,,,,,,,,,,,16.941666666666666,12.601720000000002,1.8571428571428572,0.65,15.295233370193074,,0,0,,0,0,0,0,0,,,,False,False,False,False,False
2025-08-27,21.26,21.44,20.11,20.18,878067.9,-4.945831370701836,13.388311940805794,,,,,,,,,,,,,,,,,,,,17.010833333333334,12.655520000000001,1.5,0.6,15.276446614552148,,0,0,,0,0,0,0,0,,,,False,False,False,False,False
2025-08-28,20.45,20.91,19.88,20.84,766762.43,3.2705649157581673,11.691185382508879,,,,,,,,,,,,,,,,,,,,17.082749999999997,12.712560000000002,1.8571428571428572,0.65,15.422139576203653,,0,0,,0,0,0,0,0,,,,True,False,False,False,False
2025-08-29,20.8,21.41,20.62,21.08,696943.51,1.151631477927051,10.626623655186693,,,,,,,,,,,,,,,,,,,,17.157666666666668,12.77204,2.3333333333333335,0.7,15.59804136214107,,0,0,,0,0,0,0,0,,,,True,False,False,False,False
2025-09-01,20.97,21.26,20.7,21.09,569667.42,0.04743833017077925,8.685985584342658,,,,,,,,,,,,,,,,,,,,17.235416666666666,12.8306,2.3333333333333335,0.7,15.794453851030813,,0,0,,0,0,0,0,0,,,,True,False,False,False,False
2025-09-02,20.88,21.05,19.92,20.09,581562.11,-4.741583688952112,8.867349485880549,,,,,,,,,,,,,,,,,,,,17.304750000000002,12.88484,1.8571428571428572,0.65,15.779073097595187,,0,0,,0,0,0,0,0,,,,False,False,False,False,False
2025-09-03,20.34,20.4,18.78,18.85,571853.46,-6.172224987555985,8.719317158626467,,,,,,,,,,,,,,,,,,,,17.36341666666667,12.934839999999998,1.5,0.6,15.419264239240334,,0,0,,0,0,0,0,0,,,,False,False,False,False,False
2025-09-04,18.74,19.11,17.65,18.07,540060.65,-4.137931034482767,8.234557315162458,,,,,,,,,,,,,,,,,,,,17.40691666666667,12.98204,1.5,0.6,15.302999690735614,,0,0,,0,0,0,0,0,,,,False,False,False,False,False
2025-09-05,18.15,18.43,17.79,18.42,354500.76,1.9369120088544634,5.405238886574408,,,,,,,,,,,,,,,,,,,,17.431916666666666,13.030880000000002,1.8571428571428572,0.65,15.129657802149808,,0,0,,0,0,0,0,0,,,,True,False,False,False,False
2025-09-08,18.42,18.54,18.19,18.42,337105.83,0.0,5.140010253312129,,,,,,,,,,,,,,,,,,,,17.441416666666665,13.07948,1.7142857142857142,0.6,15.07590983812511,,0,0,,0,0,0,0,0,,,,False,False,False,False,False
2025-09-09,18.54,19.32,18.33,18.99,611084.56,3.0944625407165915,9.317492088584558,,,,,,,,,,,,,,,,,,,,17.455500000000004,13.130600000000001,1.7142857142857142,0.6,15.148717395977698,,0,0,,0,0,0,0,0,,,,True,False,False,False,False
2025-09-10,18.76,18.91,18.5,18.66,327523.16,-1.7377567140600236,4.993898802038483,,,,,,,,,,,,,,,,,,,,17.460583333333332,13.18008,1.375,0.55,13.984638870055306,,0,0,,0,0,0,0,0,,,,False,False,False,False,False
2025-09-11,18.87,19.13,18.47,19.04,405615.43,2.0364415862808016,6.1846081662296015,,,,,,,,,,,,,,,,,,,,17.47025,13.231480000000001,1.375,0.55,12.923783306587499,,0,0,,0,0,0,0,0,,,,True,False,False,False,False
2025-09-12,19.0,19.52,18.83,19.24,441016.83,1.0504201680672232,6.7243898691494355,,,,,,,,,,,,,,,,,,,,17.468666666666667,13.283719999999999,1.375,0.55,12.000369987427396,,0,0,,0,0,0,0,0,,,,True,False,False,False,False
2025-09-15,19.05,19.06,18.63,18.66,374652.36,-3.014553014553001,5.7124997566122975,,,,,,,,,,,,,,,,,,,,17.452333333333335,13.33404,1.1111111111111112,0.5,10.736760505631036,,0,0,,0,0,0,0,0,,,,False,False,False,False,False
2025-09-16,18.63,18.91,18.29,18.89,374321.05,1.2325830653804992,5.707448118089687,,,,,,,,,,,,,,,,,,,,17.459583333333335,13.38536,1.375,0.55,9.659556447200362,,0,0,,0,0,0,0,0,,,,True,False,False,False,False
2025-09-17,18.75,18.8,18.53,18.6,303948.44,-1.5352038115404976,4.634444020378485,,,,,,,,,,,,,,,,,,,,17.4625,13.435880000000001,1.1111111111111112,0.5,8.892958896288267,,0,0,,0,0,0,0,0,,,,False,False,False,False,False
2025-09-18,18.69,19.2,18.28,18.49,516089.74,-0.5913978494623828,7.869061639275684,,,,,,,,,,,,,,,,,,,,17.479083333333335,13.48616,1.1111111111111112,0.5,8.373207250396552,,0,0,,0,0,0,0,0,,,,False,False,False,False,False
2025-09-19,18.42,18.75,18.08,18.12,325803.85,-2.0010816657652697,4.967683678352779,,,,,,,,,,,,,,,,,,,,17.496249999999996,13.53484,0.9,0.45,8.048788900502208,,0,0,,0,0,0,0,0,,,,False,False,False,False,False
2025-09-22,18.28,19.5,18.19,19.48,778688.99,7.505518763796903,11.873035220842267,,,,,,,,,,,,,,,,,,,,17.528583333333334,13.589720000000002,0.9,0.45,8.027251272976773,,0,0,,0,0,0,0,0,,,,True,False,True,False,False
2025-09-23,19.52,20.35,19.23,20.32,1079644.16,4.312114989733051,16.46183945358809,,,,,,,,,,,,,,,,,,,,17.569916666666668,13.64776,1.1111111111111112,0.5,8.26024902377707,,0,0,,0,0,0,0,0,,,,True,False,True,True,False
2025-09-24,20.0,20.21,19.66,19.95,675021.82,-1.8208661417322913,10.292373395053458,,,,,,,,,,,,,,,,,,,,17.610333333333333,13.703280000000001,1.1111111111111112,0.5,8.105452096489454,,0,0,,0,0,0,0,0,,,,False,False,False,False,False
2025-09-25,20.39,20.67,19.68,19.72,618963.51,-1.1528822055137833,9.437626124193889,,,,,,,,,,,,,,,,,,,,17.65425,13.757119999999999,0.9,0.45,7.992774133573704,,0,0,,0,0,0,0,0,,,,False,False,False,False,False
2025-09-26,19.35,19.44,18.67,18.67,529058.72,-5.32454361054765,8.066805742885522,,,,,,,,,,,,,,,,,,,,17.71333333333333,13.80728,0.7272727272727273,0.4,7.864783237958646,,0,0,,0,0,0,0,0,,,,False,False,False,False,False
2025-09-29,18.67,19.07,18.38,18.75,333677.11,0.428494911622912,5.087730955870917,,,,,,,,,,,,,,,,,,,,17.76583333333333,13.85724,0.7272727272727273,0.4,7.684870506535058,,0,0,,0,0,0,0,0,,,,True,False,False,False,False
2025-09-30,18.74,19.05,18.66,18.8,286640.4,0.2666666666666595,4.3705402395843755,,,,,,,,,,,,,,,,,,,,17.804333333333332,13.90736,0.9,0.45,7.460030044220249,,0,0,,0,0,0,0,0,,,,True,False,False,False,False
2025-10-09,18.76,20.0,18.76,19.93,659633.55,6.010638297872339,10.057741245319544,,,,,,,,,,,,,,,,,,,,17.853416666666664,13.96164,1.1111111111111112,0.5,7.526951248554904,,0,0,,0,0,0,0,0,,,,True,False,False,False,False
2025-10-10,19.6,19.99,19.51,19.55,378114.74,-1.9066733567486116,5.765292283816182,,,,,,,,,,,,,,,,,,,,17.900750000000002,14.0148,1.1111111111111112,0.5,7.403487996987589,,0,0,,0,0,0,0,0,,,,False,False,False,False,False
2025-10-13,18.23,19.38,18.21,19.27,398073.3,-1.4322250639386191,6.06960978268989,,,,,,,,,,,,,,,,,,,,17.941916666666668,14.066880000000001,1.1111111111111112,0.45,7.436706541793363,,0,0,,0,0,0,0,0,,,,True,False,False,False,False
2025-10-14,19.51,20.48,19.29,19.3,617090.68,0.15568240788792487,9.409070209267378,,,,,,,,,,,,,,,,,,,,17.98691666666667,14.11872,1.0,0.5,7.650159539591127,,0,0,,0,0,0,0,0,,,,False,False,False,False,False
2025-10-15,19.44,19.6,18.6,19.38,434683.4,0.4145077720207224,6.627821099814788,,,,,,,,,,,,,,,,,,,,18.036416666666664,14.171040000000001,0.8181818181818182,0.5,7.515675990152637,,0,0,,0,0,0,0,0,,,,False,False,False,False,False
2025-10-16,19.25,19.7,18.66,19.34,546067.39,-0.20639834881320818,8.326144889275254,,,,,,,,,,,,,,,,,,,,18.087,14.223040000000001,1.0,0.5,7.682288294514477,,0,0,,0,0,0,0,0,,,,True,False,False,False,False
2025-10-17,19.11,19.2,18.33,18.39,356131.35,-4.912099276111681,5.430101254926058,,,,,,,,,,,,,,,,,,,,18.126666666666665,14.27156,0.8181818181818182,0.45,7.6445629489493,,0,0,,0,0,0,0,0,,,,False,False,False,False,False
2025-10-20,18.69,19.69,18.51,19.55,629538.16,6.30777596519847,9.59886275847336,,,,,,,,,,,,,,,,,,,,18.17141666666667,14.325,0.8181818181818182,0.45,7.788286593415497,,0,0,,0,0,0,0,0,,,,True,False,False,False,False
2025-10-21,19.43,20.8,19.1,20.5,1089208.55,4.859335038363177,16.60767218115224,,,,,,,,,,,,,,,,,,,,18.219333333333335,14.381759999999998,1.0,0.5,8.333045214642492,,0,0,,0,0,0,0,0,,,,True,False,True,True,False
2025-10-22,20.1,20.13,19.55,19.7,677875.16,-3.9024390243902474,10.335879604531312,,,,,,,,,,,,,,,,,,,,18.257499999999997,14.43552,0.8181818181818182,0.45,8.564466788964575,,0,0,,0,0,0,0,0,,,,False,False,False,False,False
2025-10-23,19.8,19.84,18.85,19.33,455282.88,-1.878172588832494,6.941911005684699,,,,,,,,,,,,,,,,,,,,18.298333333333336,14.48736,0.8181818181818182,0.45,8.679840138229885,,0,0,,0,0,0,0,0,,,,False,False,False,False,False
2025-10-24,19.48,20.04,19.48,19.94,670883.98,3.1557165028453404,10.229281813319126,,,,,,,,,,,,,,,,,,,,18.343999999999998,14.54044,1.0,0.5,8.797851146932057,,0,0,,0,0,0,0,0,,,,True,False,False,False,False
2025-10-27,19.72,20.6,19.58,20.38,886024.98,2.206619859578729,13.509637261066276,,,,,,,,,,,,,,,,,,,,18.393083333333333,14.59368,1.2222222222222223,0.55,9.224948826067731,,0,0,,0,0,0,0,0,,,,True,False,False,False,False
2025-10-28,20.4,21.32,20.2,20.86,1143377.33,2.3552502453385804,17.43360890437476,,,,,,,,,,,,,,,,,,,,18.440749999999998,14.648959999999999,1.2222222222222223,0.55,9.502977510244357,,0,0,,0,0,0,0,0,,,,True,False,True,True,False
2025-10-29,20.51,20.6,19.93,20.13,788607.32,-3.4995206136145707,12.024264637123002,,,,,,,,,,,,,,,,,,,,18.480500000000003,14.699879999999999,1.0,0.5,9.281098769421103,,0,0,,0,0,0,0,0,,,,False,False,False,False,False
2025-10-30,19.93,20.18,19.6,19.77,516625.07,-1.788375558867361,7.877224066157789,,,,,,,,,,,,,,,,,,,,18.50791666666667,14.74344,1.0,0.5,9.160341302976319,,0,0,,0,0,0,0,0,,,,False,False,False,False,False
2025-10-31,19.88,20.0,19.65,19.93,386472.1,0.8093070308548223,5.892720860446318,,,,,,,,,,,,,,,,,,,,18.53125,14.780520000000001,1.2222222222222223,0.55,8.98309603978894,,0,0,,0,0,0,0,0,,,,True,False,False,False,False
2025-11-03,19.88,20.3,19.75,20.14,463065.34,1.0536879076768813,7.060573813135972,,,,,,,,,,,,,,,,,,,,18.55925,14.82084,1.5,0.6,8.932784443301461,,0,0,,0,0,0,0,0,,,,True,False,False,False,False
2025-11-04,20.47,20.49,19.69,19.71,437922.81,-2.1350546176762686,6.677213899146328,,,,,,,,,,,,,,,,,,,,18.58875,14.86068,1.2222222222222223,0.55,9.012258590465233,,0,0,,0,0,0,0,0,,,,False,False,False,False,False
2025-11-05,19.3,19.7,18.88,19.3,461467.95,-2.0801623541349623,7.0362176607118565,,,,,,,,,,,,,,,,,,,,18.608666666666668,14.90076,1.1111111111111112,0.5,9.145542461521607,,0,0,,0,0,0,0,0,,,,False,False,False,False,False
2025-11-06,19.11,19.35,19.01,19.17,308785.11,-0.6735751295336767,4.70819098996334,,,,,,,,,,,,,,,,,,,,18.631833333333336,14.93888,1.1111111111111112,0.45,8.878064948753796,,0,0,,0,0,0,0,0,,,,True,False,False,False,False
2025-11-07,19.17,19.43,18.82,18.98,419270.41,-0.9911319770474769,6.392812032679411,,,,,,,,,,,,,,,,,,,,18.65266666666667,14.97712,1.1111111111111112,0.45,8.909440936196958,,0,0,,0,0,0,0,0,,,,False,False,False,False,False
2025-11-10,18.7,18.89,18.35,18.41,432827.31,-3.003161222339301,6.599520427497523,,,,,,,,,,,,,,,,,,,,18.6755,15.014719999999999,0.9,0.45,8.93593646843734,,0,0,,0,0,0,0,0,,,,False,False,False,False,False
2025-11-11,18.55,18.59,18.0,18.45,305748.08,0.21727322107549796,4.66188397314427,,,,,,,,,,,,,,,,,,,,18.697333333333333,15.05284,0.9,0.45,8.698577156631185,,0,0,,0,0,0,0,0,,,,False,False,False,False,False
2025-11-12,18.26,18.37,17.84,17.86,290678.68,-3.1978319783197873,4.432113783434819,,,,,,,,,,,,,,,,,,,,18.71333333333333,15.087320000000002,0.9,0.4,8.588791790812186,,0,0,,0,0,0,0,0,,,,False,False,False,False,False
2025-11-13,17.88,18.06,17.87,17.94,213979.56,0.44792833146698463,3.262646428865433,,,,,,,,,,,,,,,,,,,,18.719916666666666,15.120719999999999,0.9,0.45,8.335616867791694,,0,0,,0,0,0,0,0,,,,True,False,False,False,False
2025-11-14,17.9,18.37,17.73,18.18,291895.68,1.3377926421404673,4.450669951621768,,,,,,,,,,,,,,,,,,,,18.732666666666667,15.15572,1.1111111111111112,0.5,8.286645302626479,,0,0,,0,0,0,0,0,,,,True,False,False,False,False
2025-11-17,18.48,19.18,18.47,18.77,537834.91,3.245324532453253,8.20062041641109,,,,,,,,,,,,,,,,,,,,18.7515,15.19,1.1111111111111112,0.5,8.216733185523367,,0,0,,0,0,0,0,0,,,,True,False,False,False,False
2025-11-18,18.51,18.51,18.02,18.05,342615.32,-3.835908364411289,5.2240160241127125,,,,,,,,,,,,,,,,,,,,18.7615,15.223,0.9,0.45,7.647550377671391,,0,0,,0,0,0,0,0,,,,False,False,False,False,False
2025-11-19,17.9,19.44,17.9,18.83,746619.97,4.321329639889182,11.384063874325738,,,,,,,,,,,,,,,,,,,,18.776,15.25932,1.1111111111111112,0.5,7.699959591161111,,0,0,,0,0,0,0,0,,,,True,False,False,False,False
2025-11-20,18.44,18.58,18.07,18.12,448295.46,-3.77057886351565,6.8353705449510525,,,,,,,,,,,,,,,,,,,,18.78933333333333,15.292,1.1111111111111112,0.5,7.694632568124429,,0,0,,0,0,0,0,0,,,,False,False,False,False,False
2025-11-21,17.94,18.46,16.82,17.51,605404.65,-3.366445916114791,9.230887844339092,,,,,,,,,,,,,,,,,,,,18.792083333333334,15.323559999999999,0.9,0.45,7.644712869675428,,0,0,,0,0,0,0,0,,,,False,False,False,False,False
2025-11-24,17.55,18.45,17.43,18.27,473093.51,4.340376927470002,7.213478011268521,,,,,,,,,,,,,,,,,,,,18.800416666666667,15.358439999999998,0.9,0.45,7.329904907185541,,0,0,,0,0,0,0,0,,,,True,False,False,False,False
2025-11-25,18.01,18.18,17.8,17.96,385658.04,-1.6967706622878942,5.880308506893099,,,,,,,,,,,,,,,,,,,,18.797250000000002,15.391039999999998,0.7272727272727273,0.4,6.752239887311457,,0,0,,0,0,0,0,0,,,,False,False,False,False,False
2025-11-26,17.83,17.84,17.41,17.44,341677.82,-2.8953229398663627,5.209721523147006,,,,,,,,,,,,,,,,,,,,18.791,15.424,0.7272727272727273,0.4,6.411512731612658,,0,0,,0,0,0,0,0,,,,False,False,False,False,False
2025-11-27,17.32,17.59,17.19,17.22,208100.25,-1.2614678899082743,3.1730018395612363,,,,,,,,,,,,,,,,,,,,18.779083333333332,15.45536,0.7272727272727273,0.4,6.176301620282829,,0,0,,0,0,0,0,0,,,,False,False,False,False,False
2025-11-28,17.18,17.47,17.18,17.34,180681.68,0.6968641114982743,2.7549380791950733,,,,,,,,,,,,,,,,,,,,18.7725,15.484879999999999,0.7272727272727273,0.4,6.019412481220266,,0,0,,0,0,0,0,0,,,,True,False,False,False,False
2025-12-01,17.45,17.79,17.43,17.67,253851.9,1.9031141868512291,3.8705986450093874,,,,,,,,,,,,,,,,,,,,18.7645,15.51356,0.7272727272727273,0.4,5.859913722813938,,0,0,,0,0,0,0,0,,,,True,False,False,False,False
2025-12-02,17.69,18.0,17.41,17.67,292636.06,0.0,4.46195887175509,,,,,,,,,,,,,,,,,,,,18.756833333333336,15.5416,0.7272727272727273,0.4,5.749150971444376,,0,0,,0,0,0,0,0,,,,False,False,False,False,False
2025-12-03,17.6,17.8,17.23,17.47,251853.39,-1.1318619128466434,3.8401264283427503,,,,,,,,,,,,,,,,,,,,18.75583333333333,15.569599999999998,0.6666666666666666,0.4,5.58934640982592,,0,0,,0,0,0,0,0,,,,False,False,False,False,False
2025-12-04,17.36,17.46,17.16,17.19,182845.51,-1.6027475672581448,2.7879310072213386,,,,,,,,,,,,,,,,,,,,18.754083333333334,15.59596,0.5384615384615384,0.4,5.4933334106888205,,0,0,,0,0,0,0,0,,,,False,False,False,False,False
2025-12-05,17.2,17.74,17.14,17.7,270821.94,2.9668411867364686,4.129348781721995,,,,,,,,,,,,,,,,,,,,18.758333333333333,15.62612,0.6666666666666666,0.45,5.3801602481409505,,0,0,,0,0,0,0,0,,,,True,False,False,False,False
2025-12-08,17.9,18.17,17.81,17.88,309804.83,1.016949152542379,4.723739137723073,,,,,,,,,,,,,,,,,,,,18.76291666666667,15.656720000000002,0.6666666666666666,0.5,5.286371183652228,,0,0,,0,0,0,0,0,,,,False,False,False,False,False
2025-12-09,17.77,18.08,17.67,17.7,208352.77,-1.0067114093959662,3.1768521301040202,,,,,,,,,,,,,,,,,,,,18.764166666666664,15.687880000000002,0.6666666666666666,0.45,5.2121195915002145,,0,0,,0,0,0,0,0,,,,False,False,False,False,False
2025-12-10,17.6,18.1,17.5,18.02,299945.59,1.8079096045197751,4.573410694308538,,,,,,,,,,,,,,,,,,,,18.77108333333333,15.722280000000001,0.8181818181818182,0.5,5.2191844370439,,0,0,,0,0,0,0,0,,,,True,False,False,False,False
2025-12-11,17.99,18.27,17.8,17.8,315096.74,-1.220865704772467,4.804427364502197,,,,,,,,,,,,,,,,,,,,18.77625,15.75784,0.6666666666666666,0.45,5.296273483825739,,0,0,,0,0,0,0,0,,,,False,False,False,False,False
2025-12-12,17.61,18.5,17.6,18.45,660616.98,3.6516853932584192,10.072736062476562,,,,,,,,,,,,,,,,,,,,18.795749999999998,15.79528,0.6666666666666666,0.45,5.577376789368478,,0,0,,0,0,0,0,0,,,,True,False,True,True,False
2025-12-15,18.3,18.37,17.81,17.85,354489.75,-3.2520325203251876,5.396475304336784,,,,,,,,,,,,,,,,,,,,18.812666666666665,15.82844,0.5384615384615384,0.4,5.437169533764763,,0,0,,0,0,0,0,0,,,,False,False,False,False,False
2025-12-16,17.76,17.8,17.05,17.12,302114.45,-4.089635854341733,4.5991546116870525,,,,,,,,,,,,,,,,,,,,18.819416666666665,15.85932,0.5384615384615384,0.4,5.40592646314348,,0,0,,0,0,0,0,0,,,,False,False,False,False,False
2025-12-17,17.02,17.2,16.71,17.14,220840.37,0.1168224299065379,3.3619014454031406,,,,,,,,,,,,,,,,,,,,18.825083333333332,15.89164,0.5384615384615384,0.4,5.004818341697351,,0,0,,0,0,0,0,0,,,,True,False,False,False,False
2025-12-18,17.08,17.3,16.93,16.98,167840.21,-0.9334889148191361,2.555068371764486,,,,,,,,,,,,,,,,,,,,18.82333333333333,15.92316,0.5384615384615384,0.4,4.790803233038021,,0,0,,0,0,0,0,0,,,,False,False,False,False,False
2025-12-19,16.98,17.25,16.97,17.11,145780.79,0.7656065959952718,2.219252977220658,,,,,,,,,,,,,,,,,,,,18.81816666666667,15.95576,0.6666666666666666,0.45,4.4402214896821,,0,0,,0,0,0,0,0,,,,True,False,False,False,False
2025-12-22,17.22,18.04,17.19,17.66,328696.58,3.2144944476914183,5.003820213673203,,,,,,,,,,,,,,,,,,,,18.818499999999997,15.989960000000002,0.6666666666666666,0.45,4.329738599802335,,0,0,,0,0,0,0,0,,,,True,False,False,False,False
2025-12-23,17.6,18.23,17.25,17.34,286831.24,-1.812004530011324,4.36649494991688,,,,,,,,,,,,,,,,,,,,18.81383333333333,16.023,0.6666666666666666,0.45,4.254047921953523,,0,0,,0,0,0,0,0,,,,False,False,False,False,False
2025-12-24,17.18,17.86,17.03,17.76,313211.84,2.422145328719738,4.7680926164603745,,,,,,,,,,,,,,,,,,,,18.808833333333332,16.05736,0.8181818181818182,0.5,4.231966476619192,,0,0,,0,0,0,0,0,,,,True,False,False,False,False
2025-12-25,17.65,18.49,17.58,18.26,475678.15,2.8153153153153143,7.24135292850529,,,,,,,,,,,,,,,,,,,,18.799416666666666,16.08988,1.0,0.55,4.435384031066395,,0,0,,0,0,0,0,0,,,,True,False,True,False,False
2025-12-26,18.27,18.89,18.05,18.41,535526.63,0.8214676889375605,8.152439481281764,,,,,,,,,,,,,,,,,,,,18.797833333333333,16.12368,1.0,0.55,4.705259101170729,,0,0,,0,0,0,0,0,,,,True,False,False,False,False
2025-12-29,18.35,18.73,18.32,18.41,347887.19,0.0,5.295963083643797,,,,,,,,,,,,,,,,,,,,18.801083333333334,16.15876,1.0,0.5,4.776527323102449,,0,0,,0,0,0,0,0,,,,True,False,False,False,False
2025-12-30,18.36,18.6,18.14,18.14,315047.36,-1.4665942422596445,4.796035140470211,,,,,,,,,,,,,,,,,,,,18.799666666666667,16.19252,1.0,0.5,4.793231136538205,,0,0,,0,0,0,0,0,,,,False,False,False,False,False
2025-12-31,18.09,18.36,17.9,18.17,246171.28,0.1653803748621785,3.748854903018106,,,,,,,,,,,,,,,,,,,,18.799083333333336,16.22588,1.2222222222222223,0.55,4.788667560271974,,0,0,,0,0,0,0,0,,,,True,False,False,False,False
2026-01-05,18.36,18.86,18.18,18.68,427120.07,2.806824435883315,6.504459694067223,,,,,,,,,,,,,,,,,,,,18.805833333333332,16.26192,1.5,0.6,4.974493994614268,,0,0,,0,0,0,0,0,,,,True,False,False,False,False
2026-01-06,18.49,19.2,18.42,19.1,559024.79,2.248394004282672,8.513189779490798,,,,,,,,,,,,,,,,,,,,18.818416666666668,16.29928,1.5,0.6,5.193686044502707,,0,0,,0,0,0,0,0,,,,True,False,True,True,True
2026-01-07,19.1,19.12,18.7,18.75,398942.13,-1.832460732984298,6.0753478637759315,,,,,,,,,,,,,,,,,,,,18.825,16.33492,1.5,0.55,5.26126648080535,,0,0,,0,0,0,0,0,,,,False,False,False,False,False
2026-01-08,18.79,22.5,18.77,22.5,1687987.16,19.999999999999996,25.705756337610175,,,,,,,,,,,,,,,,,,,,18.864166666666666,16.38584,1.8571428571428572,0.6,6.387711691180659,,0,0,,0,0,0,0,0,,,,True,False,True,True,True
2026-01-09,24.61,24.61,22.89,23.03,2594399.16,2.355555555555555,39.50918243327189,,,,,,,,,,,,,,,,,,,,18.907333333333334,16.440080000000002,1.5,0.6,8.134500278128826,,0,0,,0,0,0,0,0,,,,False,False,True,True,True
2026-01-12,24.25,27.57,24.25,26.39,2186354.25,14.589665653495443,33.295211569143945,,,,,,,,,,,,,,,,,,,,18.979583333333334,16.509,1.8571428571428572,0.65,9.559039488360913,,0,0,,0,0,0,0,0,,,,True,False,True,True,True
2026-01-13,26.26,26.4,23.68,24.12,1885841.85,-8.6017430845017,28.718815069285235,,,,,,,,,,,,,,,,,,,,19.031416666666665,16.57028,1.5,0.6,10.491343438701348,,0,0,,0,0,0,0,0,,,,False,False,False,False,False
2026-01-14,24.51,26.18,23.8,24.12,1734550.09,0.0,26.414846644283596,,,,,,,,,,,,,,,,,,,,19.07766666666667,16.631120000000003,1.5,0.6,11.542262005698687,,0,0,,0,0,0,0,0,,,,False,False,False,False,False
2026-01-15,23.41,23.88,22.37,22.67,1051295.64,-6.011608623548915,16.009807539431723,,,,,,,,,,,,,,,,,,,,19.113166666666665,16.685399999999998,1.5,0.6,12.11279465208592,,0,0,,0,0,0,0,0,,,,False,False,False,False,False
2026-01-16,23.1,23.6,22.23,22.28,680237.72,-1.7203352448169396,10.35909839620551,,,,,,,,,,,,,,,,,,,,19.146666666666665,16.73804,1.2222222222222223,0.55,12.462654499626039,,0,0,,0,0,0,0,0,,,,False,False,False,False,False
2026-01-19,22.0,22.93,21.75,22.41,627534.08,0.5834829443446932,9.556493400119447,,,,,,,,,,,,,,,,,,,,19.187416666666664,16.79284,1.5,0.6,12.81272575104379,,0,0,,0,0,0,0,0,,,,True,False,False,False,False
2026-01-20,22.49,22.63,20.94,21.29,700848.55,-4.997768853190543,10.672973398605354,,,,,,,,,,,,,,,,,,,,19.213916666666666,16.84352,1.2222222222222223,0.55,13.235411772113022,,0,0,,0,0,0,0,0,,,,False,False,False,False,False
2026-01-21,20.99,22.88,20.96,22.35,907286.84,4.97886331611086,13.816748722994024,,,,,,,,,,,,,,,,,,,,19.251583333333333,16.899960000000004,1.2222222222222223,0.55,13.676058197579062,,0,0,,0,0,0,0,0,,,,True,False,False,False,False
2026-01-22,21.96,24.28,21.82,23.66,1221248.32,5.861297539149879,18.597956480685422,,,,,,,,,,,,,,,,,,,,19.300250000000002,16.960720000000002,1.5,0.6,14.387631274117492,,0,0,,0,0,0,0,0,,,,True,False,False,False,False
2026-01-23,23.6,24.97,23.13,24.24,1398667.11,2.4513947590870666,21.29980415673861,,,,,,,,,,,,,,,,,,,,19.35225,17.02348,1.5,0.6,15.214216851131402,,0,0,,0,0,0,0,0,,,,True,False,False,False,False
2026-01-26,24.8,24.8,23.36,23.65,1095078.07,-2.4339933993399288,16.67655460014306,,,,,,,,,,,,,,,,,,,,19.396583333333336,17.08328,1.2222222222222223,0.55,15.685976934713292,,0,0,,0,0,0,0,0,,,,False,False,False,False,False
2026-01-27,23.0,23.87,22.72,23.42,632166.37,-0.9725158562367775,9.627036897633461,,,,,,,,,,,,,,,,,,,,19.443583333333333,17.14416,1.2222222222222223,0.5,15.759706805530877,,0,0,,0,0,0,0,0,,,,True,False,False,False,False
2026-01-28,23.35,23.46,22.58,23.05,600597.6,-1.579846285226305,9.146287322797798,,,,,,,,,,,,,,,,,,,,19.491666666666667,17.204639999999998,1.0,0.5,15.952223017488574,,0,0,,0,0,0,0,0,,,,False,False,False,False,False
2026-01-29,23.25,24.89,23.23,24.0,1064366.74,4.121475054229928,16.208862674225838,,,,,,,,,,,,,,,,,,,,19.545250000000003,17.270400000000002,1.2222222222222223,0.55,16.52286439417636,,0,0,,0,0,0,0,0,,,,True,False,False,False,False
2026-01-30,23.99,25.5,23.42,25.14,1491651.29,4.75000000000001,22.715827175736273,,,,,,,,,,,,,,,,,,,,19.604166666666668,17.341120000000004,1.2222222222222223,0.55,17.471213007812267,,0,0,,0,0,0,0,0,,,,True,False,True,True,False
2026-02-02,24.65,25.62,24.41,24.52,1092857.95,-2.4661893396976997,16.64274518197174,,,,,,,,,,,,,,,,,,,,19.65325,17.40768,1.0,0.5,17.978127282207492,,0,0,,0,0,0,0,0,,,,False,False,False,False,False
2026-02-03,24.8,29.42,24.8,28.4,2587092.59,15.823817292006526,39.3979132764119,,,,,,,,,,,,,,,,,,,,19.738,17.4886,1.0,0.5,19.522363457053547,,0,0,,0,0,0,0,0,,,,True,False,True,True,True
2026-02-04,29.4,30.0,28.4,29.28,2379471.62,3.0985915492957927,36.236127338775816,,,,,,,,,,,,,,,,,,,,19.8325,17.57284,1.0,0.55,21.03040243080354,,0,0,,0,0,0,0,0,,,,False,False,False,False,True
2026-02-05,27.1,28.98,27.01,28.25,1628449.97,-3.517759562841538,24.79908563807357,,,,,,,,,,,,,,,,,,,,19.91758333333333,17.6536,1.0,0.5,20.98506889582671,,0,0,,0,0,0,0,0,,,,True,False,False,False,False
2026-02-06,27.89,29.79,27.06,27.06,1932224.65,-4.212389380530979,29.42516224022942,,,,,,,,,,,,,,,,,,,,19.99225,17.72964,1.0,0.45,20.480867886174586,,0,0,,0,0,0,0,0,,,,False,False,False,False,False
2026-02-09,27.28,28.2,27.01,27.68,1604554.71,2.291204730229124,24.43519321890147,,,,,,,,,,,,,,,,,,,,20.063583333333334,17.80576,1.0,0.45,20.037866968662463,,0,0,,0,0,0,0,0,,,,True,False,False,False,False
2026-02-10,27.5,27.83,25.78,27.53,1477131.47,-0.5419075144508567,22.494709999118673,,,,,,,,,,,,,,,,,,,,20.128249999999998,17.881559999999997,1.2222222222222223,0.45,19.726661715154133,,0,0,,0,0,0,0,0,,,,True,False,False,False,False
2026-02-11,27.23,32.13,27.23,28.37,2588162.61,3.0512168543407103,39.41420823057279,,,,,,,,,,,,,,,,,,,,20.191916666666668,17.96068,1.5,0.5,20.37662979446859,,0,0,,0,0,0,0,0,,,,True,False,False,False,False
2026-02-12,27.55,28.99,26.86,26.95,1827564.52,-5.005287275290804,27.831330329776616,,,,,,,,,,,,,,,,,,,,20.22375,18.034080000000003,1.5,0.5,20.96770593398584,,0,0,,0,0,0,0,0,,,,False,False,False,False,False
2026-02-13,27.07,30.5,27.07,28.81,1924181.56,6.901669758812612,29.302676882140876,,,,,,,,,,,,,,,,,,,,20.274583333333332,18.114759999999997,1.8571428571428572,0.55,21.91488485828261,,0,0,,0,0,0,0,0,,,,True,False,False,False,False
2026-02-24,28.33,30.24,28.33,28.42,1625370.05,-1.353696633113488,24.752182631382848,,,,,,,,,,,,,,,,,,,,20.321916666666667,18.19408,1.8571428571428572,0.5,22.67466931984578,,0,0,,0,0,0,0,0,,,,True,False,False,False,False
2026-02-25,28.3,29.1,27.52,27.55,1506908.46,-3.0612244897959218,22.948173193357338,,,,,,,,,,,,,,,,,,,,20.37341666666667,18.268639999999998,1.8571428571428572,0.5,23.28842930958338,,0,0,,0,0,0,0,0,,,,False,False,False,False,False
2026-02-26,27.36,27.49,26.78,26.89,1094462.0,-2.3956442831216007,16.667172689141488,,,,,,,,,,,,,,,,,,,,20.41675,18.34068,1.5,0.45,23.43095050789075,,0,0,,0,0,0,0,0,,,,False,False,False,False,False
2026-02-27,27.05,30.18,26.8,29.07,1968376.38,8.107103012272221,29.975704083547157,,,,,,,,,,,,,,,,,,,,20.475666666666665,18.41432,1.5,0.45,23.999837888033834,,0,0,,0,0,0,0,0,,,,True,False,False,False,False
2026-03-02,30.41,30.84,28.59,28.65,1644998.54,-1.4447884416924683,25.05109792716935,,,,,,,,,,,,,,,,,,,,20.5375,18.483719999999998,1.2222222222222223,0.4,24.187402576555378,,0,0,,0,0,0,0,0,,,,False,False,False,False,False
2026-03-03,28.97,29.86,26.36,26.47,1496160.27,-7.60907504363002,22.784492829100103,,,,,,,,,,,,,,,,,,,,20.589916666666667,18.53536,1.2222222222222223,0.4,24.492799488003225,,0,0,,0,0,0,0,0,,,,False,False,False,False,False
2026-03-04,26.01,28.98,25.88,27.89,1361172.05,5.364563656970156,20.728805218438588,,,,,,,,,,,,,,,,,,,,20.648666666666667,18.5974,1.2222222222222223,0.45,25.047887904043485,,0,0,,0,0,0,0,0,,,,True,False,False,False,False
2026-03-05,28.29,28.42,26.5,27.01,1258066.24,-3.155252778773754,19.1586434946658,,,,,,,,,,,,,,,,,,,,20.698083333333333,18.65376,1.2222222222222223,0.45,25.548505712636885,,0,0,,0,0,0,0,0,,,,False,False,False,False,False
2026-03-06,26.6,28.61,26.12,27.76,1116975.86,2.776749352091823,17.010028258836147,,,,,,,,,,,,,,,,,,,,20.753666666666668,18.7112,1.2222222222222223,0.45,25.588563991867396,,0,0,,0,0,0,0,0,,,,True,False,False,False,False
2026-03-09,27.08,28.94,26.48,28.64,1199055.83,3.170028818443793,18.259994940465617,,,,,,,,,,,,,,,,,,,,20.824916666666663,18.775,1.2222222222222223,0.45,25.365772380103866,,0,0,,0,0,0,0,0,,,,True,False,False,False,False
2026-03-10,28.65,29.6,28.39,29.29,1177862.81,2.269553072625685,17.937253973539008,,,,,,,,,,,,,,,,,,,,20.911916666666666,18.84268,1.5,0.5,25.430497819682227,,0,0,,0,0,0,0,0,,,,True,False,False,False,True
2026-03-11,28.83,29.14,28.18,28.41,919200.28,-3.004438374871965,13.99817426522548,,,,,,,,,,,,,,,,,,,,20.998083333333334,18.90784,1.2222222222222223,0.45,24.16051086912291,,0,0,,0,0,0,0,0,,,,False,False,False,False,False
2026-03-12,28.19,28.4,27.06,27.21,780969.64,-4.22386483632523,11.893108993146093,,,,,,,,,,,,,,,,,,,,21.071333333333335,18.97152,1.2222222222222223,0.4,22.943359951841423,,0,0,,0,0,0,0,0,,,,False,False,False,False,False
2026-03-13,27.01,27.66,26.14,26.26,710322.76,-3.491363469312747,10.817252774374628,,,,,,,,,,,,,,,,,,,,21.136666666666667,19.0318,1.0,0.4,22.244268308656476,,0,0,,0,0,0,0,0,,,,False,False,False,False,False
2026-03-16,27.45,28.0,26.81,26.89,802767.31,2.3990860624524046,12.22505795995437,,,,,,,,,,,,,,,,,,,,21.202499999999997,19.09332,1.0,0.45,21.384263094642723,,0,0,,0,0,0,0,0,,,,False,False,False,False,False
2026-03-17,26.46,26.8,24.66,24.73,894910.44,-8.032725920416517,13.628272927516527,,,,,,,,,,,,,,,,,,,,21.253083333333333,19.14472,0.8181818181818182,0.4,20.843917080073474,,0,0,,0,0,0,0,0,,,,False,False,False,False,False
2026-03-18,24.9,25.43,24.46,25.31,503750.74,2.345329559239784,7.6714409233603496,,,,,,,,,,,,,,,,,,,,21.305333333333333,19.197119999999998,0.8181818181818182,0.45,20.10275362628556,,0,0,,0,0,0,0,0,,,,True,False,False,False,False
2026-03-19,24.6,25.28,24.24,24.63,473283.89,-2.6866851047017026,7.207472096444321,,,,,,,,,,,,,,,,,,,,21.35025,19.24728,0.8181818181818182,0.4,18.492416819579137,,0,0,,0,0,0,0,0,,,,True,False,False,False,False
2026-03-20,24.8,24.9,23.43,23.45,518579.2,-4.790905399918799,7.897258268808641,,,,,,,,,,,,,,,,,,,,21.39016666666667,19.294040000000003,0.8181818181818182,0.4,17.49571321653074,,0,0,,0,0,0,0,0,,,,False,False,False,False,False
2026-03-23,22.97,23.1,21.67,21.85,565463.76,-6.823027718550101,8.611246564404482,,,,,,,,,,,,,,,,,,,,21.414833333333334,19.33436,0.6666666666666666,0.35,16.461141700643918,,0,0,,0,0,0,0,0,,,,False,False,False,False,False
2026-03-24,22.41,22.6,21.71,22.59,490510.42,3.3867276887871833,7.469808797348214,,,,,,,,,,,,,,,,,,,,21.448083333333336,19.37748,0.6666666666666666,0.4,15.597023008942184,,0,0,,0,0,0,0,0,,,,True,False,False,False,False
2026-03-25,22.68,23.2,22.67,22.9,448417.3,1.3722886232846232,6.828787638034546,,,,,,,,,,,,,,,,,,,,21.48483333333333,19.41768,0.8181818181818182,0.45,14.791053731176046,,0,0,,0,0,0,0,0,,,,True,False,False,False,False
2026-03-26,23.08,23.19,22.02,22.29,440807.3,-2.6637554585152823,6.712897653581576,,,,,,,,,,,,,,,,,,,,21.519583333333333,19.44516,0.8181818181818182,0.45,14.29333997939805,,0,0,,0,0,0,0,0,,,,False,False,False,False,False
2026-03-27,22.01,22.76,21.92,22.57,341192.84,1.2561686855091958,5.1959044576957645,,,,,,,,,,,,,,,,,,,,21.545333333333335,19.46632,0.8181818181818182,0.45,13.054349998105483,,0,0,,0,0,0,0,0,,,,True,False,False,False,False
2026-03-30,22.07,23.15,22.05,23.01,442889.68,1.9494904740806396,6.74460947826294,,,,,,,,,,,,,,,,,,,,21.56775,19.489160000000002,1.0,0.5,12.13902557566016,,0,0,,0,0,0,0,0,,,,True,False,False,False,False
2026-03-31,23.06,24.62,22.9,23.64,851070.17,2.7379400260756137,12.960645042008773,,,,,,,,,,,,,,,,,,,,21.5985,19.51152,1.2222222222222223,0.55,11.647833186305594,,0,0,,0,0,0,0,0,,,,True,False,True,False,False
2026-04-01,24.0,24.18,23.23,23.44,500874.76,-0.8460236886632777,7.627643646423812,,,,,,,,,,,,,,,,,,,,21.6295,19.53376,1.0,0.5,10.992775107704855,,0,0,,0,0,0,0,0,,,,False,False,False,False,False
2026-04-02,23.5,23.69,22.67,22.78,391148.08,-2.8156996587030747,5.956655047307381,,,,,,,,,,,,,,,,,,,,21.66375,19.547159999999998,1.0,0.5,10.332675685336934,,0,0,,0,0,0,0,0,,,,False,False,False,False,False
2026-04-03,23.21,23.39,22.12,22.16,375179.68,-2.721685689201059,5.713477960876525,,,,,,,,,,,,,,,,,,,,21.69216666666667,19.55332,0.8181818181818182,0.45,9.767848170438953,,0,0,,0,0,0,0,0,,,,False,False,False,False,False
2026-04-07,22.27,22.44,21.89,21.95,286682.35,-0.9476534296028905,4.36578358534047,,,,,,,,,,,,,,,,,,,,21.718416666666666,19.56904,0.6666666666666666,0.4,9.073137602682696,,0,0,,0,0,0,0,0,,,,False,False,False,False,False
2026-04-08,22.6,24.33,22.53,24.17,728813.71,10.113895216400914,11.098844877925305,,,,,,,,,,,,,,,,,,,,21.753750000000004,19.59272,0.6666666666666666,0.4,8.731217147902012,,0,0,,0,0,0,0,0,,,,True,False,False,False,False
2026-04-09,23.74,24.89,23.54,24.15,734274.12,-0.08274720728176366,11.181999520501764,,,,,,,,,,,,,,,,,,,,21.792083333333334,19.623320000000003,0.8181818181818182,0.4,8.590408410665825,,0,0,,0,0,0,0,0,,,,True,False,False,False,False
2026-04-10,24.5,25.6,24.26,24.7,851920.64,2.2774327122153215,12.973596547275227,,,,,,,,,,,,,,,,,,,,21.837333333333333,19.657880000000002,1.0,0.45,8.644432788372281,,0,0,,0,0,0,0,0,,,,True,False,False,False,False
2026-04-13,24.46,25.69,24.46,25.3,796546.3,2.429149797570851,12.130320410390405,,,,,,,,,,,,,,,,,,,,21.887333333333334,19.69668,1.2222222222222223,0.5,8.71008617017307,,0,0,,0,0,0,0,0,,,,True,False,False,False,False
2026-04-14,25.29,26.68,25.21,26.68,1055372.21,5.454545454545445,16.07188817463822,,,,,,,,,,,,,,,,,,,,21.94816666666667,19.74196,1.5,0.5,8.902427680907262,,0,0,,0,0,0,0,0,,,,True,False,True,True,False
2026-04-15,26.5,27.15,26.32,26.5,925821.45,-0.6746626686656709,14.099005709162467,,,,,,,,,,,,,,,,,,,,22.007833333333334,19.78756,1.7142857142857142,0.5,8.925964319989559,,0,0,,0,0,0,0,0,,,,False,False,False,False,False
2026-04-16,26.6,27.47,26.4,27.02,840798.04,1.9622641509434047,12.804214426240193,,,,,,,,,,,,,,,,,,,,22.07975,19.83784,1.7142857142857142,0.5,9.182602995133552,,0,0,,0,0,0,0,0,,,,True,False,False,False,False
2026-04-17,26.62,27.5,26.56,27.46,745839.54,1.6284233900814238,11.358125189883113,,,,,,,,,,,,,,,,,,,,22.145666666666667,19.90136,1.7142857142857142,0.55,9.39013564980549,,0,0,,0,0,0,0,0,,,,True,False,False,False,False
2026-04-20,27.41,28.76,27.32,28.33,968868.11,3.168244719592117,14.754547990128602,,,,,,,,,,,,,,,,,,,,22.210916666666666,19.96488,2.1666666666666665,0.6,9.733000135871489,,0,0,,0,0,0,0,0,,,,True,False,True,True,False
2026-04-21,28.0,28.65,27.77,28.4,785154.93,0.24708789269325404,11.956845286579888,,,,,,,,,,,,,,,,,,,,22.283416666666668,20.021759999999997,2.8,0.65,9.900280071980259,,0,0,,0,0,0,0,0,,,,True,False,False,False,False
2026-04-22,26.5,26.96,25.46,26.11,1356160.9,-8.063380281690137,20.652492196678864,,,,,,,,,,,,,,,,,,,,22.339916666666667,20.070040000000002,2.1666666666666665,0.6,10.559414241946794,,0,0,,0,0,0,0,0,,,,False,False,False,False,False
2026-04-23,25.98,26.46,25.46,25.7,761934.58,-1.5702795863653751,11.603230831850253,,,,,,,,,,,,,,,,,,,,22.38791666666667,20.11736,1.7142857142857142,0.55,10.798136401637578,,0,0,,0,0,0,0,0,,,,False,False,False,False,False
2026-04-24,25.6,25.82,24.27,25.29,746811.35,-1.5953307392996163,11.372924538870135,,,,,,,,,,,,,,,,,,,,22.428833333333333,20.1612,1.7142857142857142,0.55,11.031137745902006,,0,0,,0,0,0,0,0,,,,False,False,False,False,False
2026-04-27,25.2,25.85,24.62,25.62,640634.68,1.3048635824436605,9.755997779925568,,,,,,,,,,,,,,,,,,,,22.4685,20.208080000000002,1.7142857142857142,0.55,11.259142412013496,,0,0,,0,0,0,0,0,,,,True,False,False,False,False
2026-04-28,25.62,26.5,24.82,25.14,738021.55,-1.87353629976581,11.239067799665836,,,,,,,,,,,,,,,,,,,,22.51025,20.25488,1.375,0.5,11.483865328083642,,0,0,,0,0,0,0,0,,,,False,False,False,False,False
2026-04-29,24.74,25.47,24.63,25.23,464777.6,0.35799522673030104,7.0779328302350635,,,,,,,,,,,,,,,,,,,,22.55575,20.30272,1.375,0.5,11.189729717494954,,0,0,,0,0,0,0,0,,,,True,False,False,False,False
2026-04-30,25.16,26.15,24.92,25.88,728725.97,2.57629805786761,11.097508716659089,,,,,,,,,,,,,,,,,,,,22.60533333333333,20.35172,1.7142857142857142,0.55,11.363222971006719,,0,0,,0,0,0,0,0,,,,True,False,False,False,False
2026-05-06,25.6,26.48,25.6,25.88,781659.92,0.0,11.903621021854136,,,,,,,,,,,,,,,,,,,,22.653166666666667,20.39852,2.1666666666666665,0.55,11.660571269734055,,0,0,,0,0,0,0,0,,,,True,False,False,False,False
2026-05-07,25.88,26.45,25.14,26.32,918498.0,1.7001545595054068,13.987479492783741,,,,,,,,,,,,,,,,,,,,22.708250000000003,20.4448,2.8,0.6,12.074271346329418,,0,0,,0,0,0,0,0,,,,True,False,False,False,False
2026-05-08,26.0,27.2,25.83,26.82,1021668.45,1.8996960486322267,15.558625596135379,,,,,,,,,,,,,,,,,,,,22.770916666666665,20.4916,3.75,0.65,12.633913446869164,,0,0,,0,0,0,0,0,,,,True,False,True,False,False
2026-05-11,27.0,27.05,26.26,26.53,845499.35,-1.0812826249067875,12.875809004795855,,,,,,,,,,,,,,,,,,,,22.83225,20.54,2.8,0.6,12.72276165321269,,0,0,,0,0,0,0,0,,,,False,False,False,False,False
2026-05-12,26.29,26.5,24.9,25.15,779510.21,-5.201658499811545,11.870883852540286,,,,,,,,,,,,,,,,,,,,22.883666666666667,20.582759999999997,2.1666666666666665,0.6,12.757205869814616,,0,0,,0,0,0,0,0,,,,False,False,False,False,False
2026-05-13,25.05,25.28,24.64,24.85,616994.75,-1.1928429423459175,9.395993690547211,,,,,,,,,,,,,,,,,,,,22.937333333333335,20.624200000000002,1.7142857142857142,0.55,12.578325726978216,,0,0,,0,0,0,0,0,,,,False,False,False,False,False
2026-05-14,24.8,24.93,23.33,23.33,655386.95,-6.116700201207259,9.980654854951327,,,,,,,,,,,,,,,,,,,,22.978,20.656959999999998,1.375,0.5,12.47084244920626,,0,0,,0,0,0,0,0,,,,False,False,False,False,False
2026-05-15,24.72,25.5,23.87,23.98,726468.15,2.786112301757404,11.063125178591072,,,,,,,,,,,,,,,,,,,,23.029,20.69144,1.1111111111111112,0.5,12.220404299403905,,0,0,,0,0,0,0,0,,,,False,False,False,False,False
2026-05-18,24.99,25.98,24.8,25.16,980152.11,4.920767306088414,14.926388014381864,,,,,,,,,,,,,,,,,,,,23.089166666666664,20.72616,1.2222222222222223,0.55,12.261773414664873,,0,0,,0,0,0,0,0,,,,True,False,False,False,False
2026-05-19,24.6,24.93,23.51,24.69,769409.07,-1.8680445151033287,11.717057182690448,,,,,,,,,,,,,,,,,,,,23.143416666666667,20.756400000000003,1.2222222222222223,0.5,12.207415552487387,,0,0,,0,0,0,0,0,,,,True,False,False,False,False
2026-05-20,24.2,25.37,24.12,24.8,618073.36,0.44552450384771625,9.412419458764138,,,,,,,,,,,,,,,,,,,,23.19366666666667,20.78848,1.2222222222222223,0.5,12.110130265931438,,0,0,,0,0,0,0,0,,,,True,False,False,False,False
2026-05-21,24.6,24.98,23.31,23.45,586705.26,-5.443548387096775,8.934725816015227,,,,,,,,,,,,,,,,,,,,23.238666666666667,20.817600000000002,1.0,0.45,11.81913915722577,,0,0,,0,0,0,0,0,,,,False,False,False,False,False
2026-05-22,24.02,24.78,23.56,24.71,623932.04,5.37313432835822,9.50163921357556,,,,,,,,,,,,,,,,,,,,23.287666666666667,20.8488,1.0,0.45,11.696378853575553,,0,0,,0,0,0,0,0,,,,True,False,False,False,False
2026-05-25,24.71,25.15,24.06,24.52,485305.05,-0.7689194658033194,7.390538068258601,,,,,,,,,,,,,,,,,,,,23.341,20.88132,1.0,0.45,11.03328114715454,,0,0,,0,0,0,0,0,,,,False,False,False,False,False
2026-05-26,24.1,24.21,22.99,23.37,482415.19,-4.6900489396411,7.346529417736754,,,,,,,,,,,,,,,,,,,,23.389833333333332,20.908879999999996,1.0,0.45,10.820446076448864,,0,0,,0,0,0,0,0,,,,False,False,False,False,False
2026-05-27,23.32,23.57,22.29,22.31,378705.71,-4.535729567822,5.767174618153885,,,,,,,,,,,,,,,,,,,,23.4235,20.93544,1.0,0.45,10.540158580413053,,0,0,,0,0,0,0,0,,,,False,False,False,False,False
2026-05-28,22.35,22.75,22.08,22.61,301704.96,1.344688480502021,4.594557572113536,,,,,,,,,,,,,,,,,,,,23.462249999999997,20.962559999999996,1.0,0.45,10.28208657002245,,0,0,,0,0,0,0,0,,,,True,False,False,False,False
2026-05-29,22.45,22.47,20.73,20.77,456371.63,-8.137992038920828,6.949921301639512,,,,,,,,,,,,,,,,,,,,23.49,20.98188,1.0,0.45,10.067629245121134,,0,0,,0,0,0,0,0,,,,False,False,False,False,False
2026-06-01,20.57,20.98,20.25,20.27,307448.02,-2.407318247472312,4.682016591050787,,,,,,,,,,,,,,,,,,,,23.515416666666667,20.994359999999997,0.8181818181818182,0.4,9.947833433161922,,0,0,,0,0,0,0,0,,,,False,False,False,False,False
2026-06-02,20.48,20.5,19.28,19.92,343402.19,-1.7266896891958483,5.229549863366089,,,,,,,,,,,,,,,,,,,,23.536916666666666,21.00744,0.6666666666666666,0.35,9.65443549049727,,0,0,,0,0,0,0,0,,,,False,False,False,False,False
2026-06-03,19.89,20.68,19.78,20.19,372569.84,1.3554216867469826,5.6737336353805015,,,,,,,,,,,,,,,,,,,,23.557916666666664,21.02216,0.6666666666666666,0.4,9.342941121173588,,0,0,,0,0,0,0,0,,,,True,False,False,False,False
2026-06-04,19.88,20.03,19.53,19.67,265143.5,-2.5755324418028747,4.037776096295154,,,,,,,,,,,,,,,,,,,,23.574583333333333,21.033440000000002,0.5384615384615384,0.35,8.845455951349159,,0,0,,0,0,0,0,0,,,,False,False,False,False,False
2026-06-05,19.91,20.35,19.41,19.9,345731.54,1.169293340111821,5.265022706373386,,,,,,,,,,,,,,,,,,,,23.594833333333334,21.04468,0.42857142857142855,0.35,8.330775806861059,,0,0,,0,0,0,0,0,,,,False,False,False,False,False
2026-06-08,19.45,20.36,18.8,18.97,368625.84,-4.673366834170856,5.6136718615720245,,,,,,,,,,,,,,,,,,,,23.609666666666666,21.054479999999998,0.42857142857142855,0.35,7.967668949699868,,0,0,,0,0,0,0,0,,,,False,False,False,False,False
2026-06-09,19.18,19.28,18.66,19.09,269011.77,0.632577754348973,4.096684604857557,,,,,,,,,,,,,,,,,,,,23.62125,21.062120000000004,0.42857142857142855,0.4,7.578958987315732,,0,0,,0,0,0,0,0,,,,False,False,False,False,False
2026-06-10,18.93,19.16,18.23,18.41,282149.77,-3.5620743844944958,4.296758535967035,,,,,,,,,,,,,,,,,,,,23.625666666666667,21.06668,0.42857142857142855,0.4,7.323997229586723,,0,0,,0,0,0,0,0,,,,False,False,False,False,False
2026-06-11,18.25,18.39,17.77,18.12,253820.38,-1.5752308527973935,3.8653403274700397,,,,,,,,,,,,,,,,,,,,23.629166666666666,21.0658,0.42857142857142855,0.4,7.018231503212659,,0,0,,0,0,0,0,0,,,,False,False,False,False,False
2026-06-12,18.49,19.2,18.38,18.55,322827.39,2.3730684326710882,4.916223549026671,,,,,,,,,,,,,,,,,,,,23.633583333333334,21.06724,0.5384615384615384,0.4,6.710886421734438,,0,0,,0,0,0,0,0,,,,True,False,False,False,False
2026-06-15,18.91,19.16,18.71,19.15,264394.57,3.2345013477088846,4.0263709075886664,,,,,,,,,,,,,,,,,,,,23.644833333333334,21.069239999999997,0.5384615384615384,0.4,6.1658855663947785,,0,0,,0,0,0,0,0,,,,True,False,False,False,False
2026-06-16,19.31,19.5,18.85,18.92,262057.66,-1.2010443864229559,3.9907829360291416,,,,,,,,,,,,,,,,,,,,23.648750000000003,21.072400000000002,0.42857142857142855,0.4,5.779571854061714,,0,0,,0,0,0,0,0,,,,False,False,False,False,False
2026-06-17,19.25,19.75,18.85,19.06,417926.39,0.7399577167018778,6.364452409932456,,,,,,,,,,,,,,,,,,,,23.658833333333334,21.074120000000004,0.3333333333333333,0.4,5.627173501620129,,0,0,,0,0,0,0,0,,,,False,False,False,False,False
2026-06-18,18.81,19.15,18.53,18.8,325611.57,-1.364113326337868,4.9586228364004254,,,,,,,,,,,,,,,,,,,,23.672833333333333,21.07496,0.3333333333333333,0.4,5.4283683526393895,,0,0,,0,0,0,0,0,,,,False,False,False,False,False
2026-06-22,18.85,19.3,17.85,19.3,453854.8,2.659574468085113,6.911593392366087,,,,,,,,,,,,,,,,,,,,23.690833333333334,21.081799999999998,0.3333333333333333,0.4,5.298866061578916,,0,0,,0,0,0,0,0,,,,True,False,False,False,False
2026-06-23,18.99,19.2,18.38,18.49,300770.31,-4.196891191709861,4.580324119555197,,,,,,,,,,,,,,,,,,,,23.703416666666666,21.08616,0.3333333333333333,0.4,5.158355364143746,,0,0,,0,0,0,0,0,,,,False,False,False,False,False
2026-06-24,18.41,21.41,18.03,20.71,871778.7,12.006489994591686,13.2760078829738,,,,,,,,,,,,,,,,,,,,23.733416666666663,21.10024,0.42857142857142855,0.45,5.454829287405597,,0,0,,0,0,0,0,0,,,,True,False,True,True,False
2026-06-25,20.99,21.58,20.46,21.24,807102.05,2.559150169000479,12.291070174304917,,,,,,,,,,,,,,,,,,,,23.763250000000003,21.11588,0.5384615384615384,0.5,5.78102406521315,,0,0,,0,0,0,0,0,,,,True,False,False,False,False
2026-06-26,21.15,21.97,20.85,21.48,737866.65,1.1299435028248705,11.236708882636695,,,,,,,,,,,,,,,,,,,,23.79775,21.1316,0.5384615384615384,0.5,6.113131630739307,,0,0,,0,0,0,0,0,,,,True,False,False,False,False
2026-06-29,21.0,21.88,20.59,21.68,568649.33,0.9310986964618184,8.659758477383962,,,,,,,,,,,,,,,,,,,,23.830416666666668,21.14956,0.6666666666666666,0.55,6.19862348952653,,0,0,,0,0,0,0,0,,,,True,False,False,False,False
2026-06-30,21.68,22.6,21.4,22.31,615478.16,2.905904059040587,9.372898080623225,,,,,,,,,,,,,,,,,,,,23.864166666666666,21.17008,0.8181818181818182,0.6,6.433167564005151,,0,0,,0,0,0,0,0,,,,True,False,True,True,False
2026-07-01,21.99,22.9,21.91,22.54,603301.14,1.0309278350515427,9.187458572281109,,,,,,,,,,,,,,,,,,,,23.89858333333333,21.1958,1.0,0.65,6.631062999450902,,0,0,,0,0,0,0,0,,,,True,False,False,False,False
2026-07-02,22.11,22.75,21.46,21.5,531717.1,-4.614019520851819,8.09733067705367,,,,,,,,,,,,,,,,,,,,23.92433333333333,21.218519999999998,0.8181818181818182,0.6,6.752242851534561,,0,0,,0,0,0,0,0,,,,False,False,False,False,False
2026-07-03,21.52,22.62,21.52,22.35,514208.28,3.953488372093039,7.830695082100996,,,,,,,,,,,,,,,,,,,,23.959416666666666,21.24268,1.0,0.65,6.941888800824853,,0,0,,0,0,0,0,0,,,,True,False,False,False,False
2026-07-06,22.85,23.5,22.36,22.62,599333.31,1.2080536912751683,9.127033899874796,,,,,,,,,,,,,,,,,,,,23.9965,21.267319999999998,1.0,0.65,7.134989360499922,,0,0,,0,0,0,0,0,,,,False,False,False,False,False
2026-07-07,22.38,23.5,22.21,23.14,521789.58,2.298850574712641,7.94614800445754,,,,,,,,,,,,,,,,,,,,24.033666666666665,21.29112,1.2222222222222223,0.7,7.251613167644199,,0,0,,0,0,0,0,0,,,,True,False,False,False,False
2026-07-08,22.91,24.5,22.61,24.15,721838.2,4.36473638720829,10.99261731610513,,,,,,,,,,,,,,,,,,,,24.075750000000003,21.3168,1.5,0.7,7.596409803206578,,0,0,,0,0,0,0,0,,,,True,False,True,True,False
2026-07-09,24.48,24.5,23.1,23.99,771917.57,-0.6625258799171863,11.755258237355399,,,,,,,,,,,,,,,,,,,,24.119416666666666,21.34228,1.5,0.7,7.969334788275996,,0,0,,0,0,0,0,0,,,,False,False,False,False,False
2026-07-10,23.57,28.79,23.32,28.79,1235071.06,20.008336807002912,18.80845807381255,,,,,,,,,,,,,,,,,,,,24.171833333333332,21.385839999999998,1.8571428571428572,0.75,8.716490675593121,,0,0,,0,0,0,0,0,,,,True,False,True,True,True
2026-07-13,28.0,29.29,24.8,25.64,1773295.76,-10.941299062174359,27.004890677650206,,,,,,,,,,,,,,,,,,,,24.193583333333333,21.41496,1.5,0.7,9.820924032024298,,0,0,,0,0,0,0,0,,,,False,False,False,False,False
2026-07-14,24.62,24.86,20.58,21.08,1313199.4,-17.78471138845554,19.998246787076198,,,,,,,,,,,,,,,,,,,,24.149333333333335,21.421719999999997,1.2222222222222223,0.65,10.619517825998674,,0,0,,0,0,0,0,0,,,,False,False,False,False,False
2026-07-15,21.22,21.88,19.4,19.56,1056544.3,-7.210626185958258,16.08973751654065,,,,,,,,,,,,,,,,,,,,24.111333333333334,21.42556,1.2222222222222223,0.65,11.22446555502425,,0,0,,0,0,0,0,0,,,,False,False,False,False,False
2026-07-16,18.99,19.83,18.39,18.52,771715.34,-5.316973415132919,11.752178548583265,,,,,,,,,,,,,,,,,,,,24.064666666666664,21.427559999999996,1.2222222222222223,0.6,11.49385186195679,,0,0,,0,0,0,0,0,,,,False,False,False,False,False
2026-07-17,18.37,18.6,16.89,16.99,663996.67,-8.261339092872577,10.11176921985861,,,,,,,,,,,,,,,,,,,,24.017333333333337,21.422280000000004,1.2222222222222223,0.6,11.7515091811297,,0,0,,0,0,0,0,0,,,,False,False,False,False,False
2026-07-20,17.48,17.76,15.51,16.15,646901.0,-4.9441,,,,,,,,,,,,,,,,,,,,,23.96625,21.41392,1.0,0.55,,,0,0,,0,0,0,0,0,,,,False,False,False,False,False
2026-07-21,16.35,16.9,15.12,16.72,635267.0,3.5294,,,,,,,,,,,,,,,,,,,,,23.918833333333335,21.40932,1.2222222222222223,0.6,,,0,0,,0,0,0,0,0,,,,True,False,False,False,False
2026-07-22,16.39,16.93,15.88,16.01,546741.0,-4.2464,,,,,,,,,,,,,,,,,,,,,23.874833333333335,21.403,1.0,0.55,,,0,0,,0,0,0,0,0,,,,False,False,False,False,False
2026-07-23,15.82,16.6,15.82,16.32,448318.0,1.9363,,,,,,,,,,,,,,,,,,,,,23.824583333333333,21.396440000000002,1.0,0.55,,,0,0,,0,0,0,0,0,,,,True,False,False,False,False
2026-07-24,15.95,16.5,15.6,15.62,442368.0,-4.2892,,,,,,,,,,,,,,,,,,,,,23.757583333333333,21.38772,0.8181818181818182,0.5,,,0,0,,0,0,0,0,0,,,,False,False,False,False,False
2026-07-27,15.54,16.29,15.43,16.19,399991.0,3.6492,,,,,,,,,,,,,,,,,,,,,23.6905,21.381079999999997,0.8181818181818182,0.5,,,0,0,,0,0,0,0,0,,,,True,False,False,False,False
2026-07-28,16.11,16.17,15.37,15.48,365575.0,-4.3854,,,,,,,,,,,,,,,,,,,,,23.622416666666666,21.372120000000002,0.6666666666666666,0.45,,,0,0,,0,0,0,0,0,,,,False,False,False,False,False
2026-07-29,15.51,15.55,14.81,15.34,369157.0,-0.9044,,,,,,,,,,,,,,,,,,,,,23.555083333333336,21.36188,0.5384615384615384,0.4,,,0,0,,0,0,0,0,0,,,,False,False,False,False,False
2026-07-30,15.25,15.39,14.41,14.41,405164.0,-6.0626,,,,,,,,,,,,,,,,,,,,,23.483083333333333,21.34524,0.5384615384615384,0.4,,,0,0,,0,0,0,0,0,,,,False,False,False,False,False
2026-07-31,15.0,15.77,14.91,15.36,580926.0,6.5926,,,,,,,,,,,,,,,,,,,,,23.411083333333334,21.33304,0.5384615384615384,0.4,,,0,0,,0,0,0,0,0,,,,True,False,False,False,False
2026-08-03,15.3,16.04,15.22,15.85,383357.0,3.1901,,,,,,,,,,,,,,,,,,,,,23.333666666666666,21.323400000000003,0.6666666666666666,0.4,,,0,0,,0,0,0,0,0,,,,True,False,False,False,False
2026-08-04,16.13,16.41,15.9,16.33,393363.0,3.0284,,,,,,,,,,,,,,,,,,,,,23.265416666666667,21.31864,0.6666666666666666,0.4,,,0,0,,0,0,0,0,0,,,,True,False,True,False,False
2026-08-05,16.2,16.87,16.18,16.71,392346.0,2.327,,,,,,,,,,,,,,,,,,,,,23.168,21.31304,0.6666666666666666,0.4,,,0,0,,0,0,0,0,0,,,,True,False,True,False,False
2026-08-06,16.55,17.1,16.5,16.85,456289.0,0.8378,,,,,,,,,,,,,,,,,,,,,23.064416666666666,21.30912,0.8181818181818182,0.45,,,0,0,,0,0,0,0,0,,,,True,False,False,False,False
2026-08-07,16.78,17.23,16.45,17.16,472309.0,1.8398,,,,,,,,,,,,,,,,,,,,,22.972,21.306480000000004,0.8181818181818182,0.45,,,0,0,,0,0,0,0,0,,,,True,False,True,True,False
2026-08-10,17.38,17.54,16.77,17.5,481209.0,1.9814,,,,,,,,,,,,,,,,,,,,,22.892333333333337,21.30448,1.0,0.5,,,0,0,,0,0,0,0,0,,,,True,False,True,True,False
2026-08-11,16.75,17.07,16.38,16.76,487846.0,-4.2286,,,,,,,,,,,,,,,,,,,,,22.801333333333332,21.2982,1.2222222222222223,0.5,,,0,0,,0,0,0,0,0,,,,True,False,False,False,False
2026-08-12,16.72,17.01,16.63,16.92,293864.0,0.9547,,,,,,,,,,,,,,,,,,,,,22.71291666666667,21.29476,1.5,0.55,,,0,0,,0,0,0,0,0,,,,True,False,False,False,False
2026-08-13,17.05,17.2,16.56,16.58,312610.0,-2.0095,,,,,,,,,,,,,,,,,,,,,22.614666666666665,21.29196,1.5,0.55,,,0,0,,0,0,0,0,0,,,,False,False,False,False,False
2026-08-14,16.58,16.78,16.37,16.76,274616.0,1.0856,,,,,,,,,,,,,,,,,,,,,22.52975,21.28872,1.8571428571428572,0.6,,,0,0,,0,0,0,0,0,,,,True,False,False,False,False
2026-08-17,16.97,17.16,16.6,17.16,308351.0,2.3866,,,,,,,,,,,,,,,,,,,,,22.432666666666666,21.285079999999997,2.3333333333333335,0.65,,,0,0,,0,0,0,0,0,,,,True,False,False,False,False
2026-08-18,17.1,17.88,17.0,17.65,676191.0,2.8555,,,,,,,,,,,,,,,,,,,,,22.342916666666667,21.28116,2.3333333333333335,0.65,,,0,0,,0,0,0,0,0,,,,True,False,True,True,False
2026-08-19,17.48,17.48,15.6,15.61,743733.0,-11.5581,,,,,,,,,,,,,,,,,,,,,22.243416666666665,21.27068,2.3333333333333335,0.65,,,0,0,,0,0,0,0,0,,,,False,False,False,False,False
2026-08-20,16.18,16.2,15.01,15.11,442858.0,-3.2031,,,,,,,,,,,,,,,,,,,,,22.145249999999997,21.25936,1.8571428571428572,0.6,,,0,0,,0,0,0,0,0,,,,False,False,False,False,False
2026-08-21,15.01,15.35,14.88,15.12,258374.0,0.0662,,,,,,,,,,,,,,,,,,,,,22.029,21.247679999999995,2.3333333333333335,0.65,,,0,0,,0,0,0,0,0,,,,True,False,False,False,False
2026-08-24,14.97,15.11,14.45,14.73,300986.0,-2.5794,,15.644,16.240000000000002,16.1695,16.551666666666666,18.758333333333333,21.203999999999997,21.58545,36.58532814660551,-0.8324893567581135,-0.8040902259288945,484428.3999999999,409942.9,26.121207140524348,19.636016756443425,36.32373368633047,-13.739417103330666,18.10315184914001,16.1695,14.23584815085999,21.913,21.2342,1.8571428571428572,0.6,,0.6213219538738853,0,0,-0.21474900044424694,0,0,1,0,0,0.12777684084127763,0.2391727448764661,26.121207140524348,False,False,False,False,False
2026-08-25,14.61,15.37,14.48,15.25,292664.0,3.5302,,15.163999999999998,16.089000000000002,16.158,16.357333333333333,18.674666666666667,21.120099999999997,21.562849999999997,40.35421130999942,-0.8341754720466579,-0.8101072751524472,407722.9999999999,390424.7,38.32851856261489,20.86521622441224,31.17089453235773,0.25385960852126743,18.111551152455835,16.158,14.204448847544167,21.819499999999998,21.21872,2.3333333333333335,0.65,,0.7178010561091723,0,0,-0.18338569184635156,0,0,1,0,0,0.2676027067787442,0.24180605922216036,38.32851856261489,True,True,False,False,False
2026-08-26,15.25,15.38,15.03,15.21,206414.0,-0.2623,,15.084,15.917999999999997,16.1515,16.212333333333333,18.596166666666665,21.037799999999997,21.539249999999996,40.156505166402376,-0.8291811125485484,-0.8139220426316676,300259.1999999999,381679.7,37.75269936922386,21.295955617052297,27.879248227255918,8.12937039664505,18.11733744040641,16.1515,14.18566255959359,21.713833333333334,21.20048,2.3333333333333335,0.65,,0.6874527075273633,0,0,-0.18208949873181735,0,0,1,0,0,0.2605346249267293,0.243424751930955,37.75269936922386,False,True,False,False,False
2026-08-27,15.21,15.49,15.1,15.46,215218.0,1.6437,,15.154,15.806000000000001,16.204,16.110333333333333,18.517333333333333,20.9646,21.51585,42.06689844623787,-0.7958757754768282,-0.8103127892006997,254731.1999999999,371940.5,44.056141672510236,24.012658458015444,26.59038497084243,18.857205432361482,18.02473900554532,16.204,14.383260994454682,21.617583333333336,21.1794,3.0,0.7,,0.8448827626925955,0,0,-0.16510656682027647,1,1,1,0,0,0.29568735614109354,0.2247271051031004,44.056141672510236,True,True,False,False,False
2026-08-28,15.46,15.63,15.32,15.33,210178.0,-0.8409,,15.196000000000002,15.663,16.2025,16.055,18.445,20.896299999999997,21.493949999999998,41.32807772696857,-0.7710824113838619,-0.8024667136373322,245091.9999999999,365496.7,41.43773069881095,24.560431197471917,25.91373371305226,21.853826166311237,18.026213677896216,16.2025,14.378786322103787,21.514,21.1482,2.3333333333333335,0.65,,0.8575473699671963,0,0,-0.1688804554079697,0,1,1,0,0,0.26079030097353517,0.22511509679323738,41.43773069881095,False,True,False,False,False
2026-08-31,15.17,15.64,15.11,15.6,226968.0,1.7613,,15.37,15.507,16.189999999999998,16.036666666666665,18.37333333333333,20.832800000000002,21.475450000000002,43.54576446410415,-0.7213316855402709,-0.78623970801792,230288.3999999999,357358.4,48.99319459231013,29.024885924827263,26.950784450310593,33.17308887386061,18.02726341119166,16.189999999999998,14.352736588808334,21.405333333333335,21.119760000000003,2.3333333333333335,0.65,,0.9855815577336943,0,0,-0.15094339622641506,0,1,1,1,1,0.33943510864963033,0.22696274381614134,48.99319459231013,True,True,False,False,False
2026-09-01,15.57,15.78,15.47,15.69,219731.0,0.5769,,15.457999999999998,15.311000000000002,16.157999999999998,16.002333333333336,18.31866666666667,20.747999999999998,21.45805,44.30151195987714,-0.6669534053432642,-0.7623824474829889,215701.7999999999,311712.4,51.49629429476235,42.96897156893246,32.29018015651788,64.32655439376163,18.007251342115005,16.157999999999998,14.308748657884992,21.291999999999998,21.09156,2.3333333333333335,0.65,,1.0186794917798558,0,0,-0.14349661547419768,0,0,1,0,1,0.3734623062474723,0.2288960690821892,51.49629429476235,True,True,True,False,False
2026-09-02,15.55,15.79,15.49,15.65,229787.0,-0.2549,,15.546000000000001,15.315000000000001,16.105,15.990333333333334,18.26133333333333,20.662999999999997,21.4414,44.01946132935551,-0.6199396142448315,-0.7338938808353574,220376.3999999999,260317.8,50.18287235068829,58.49672731461172,41.02569587588249,93.43879019207017,17.94838932689887,16.105,14.261610673101131,21.185666666666666,21.06868,2.3333333333333335,0.6,,1.0427023946302785,0,0,-0.1429979556074764,0,0,1,0,1,0.376586027335461,0.22892136937582974,50.18287235068829,True,True,False,False,False
2026-09-03,15.72,15.75,15.46,15.58,192835.0,-0.4473,,15.569999999999999,15.362,16.0415,15.965666666666666,18.214166666666667,20.5718,21.427250000000004,43.4975507954351,-0.5816246541050933,-0.7034400354893047,215899.7999999999,235315.5,47.6316784375272,67.10727094605957,49.71955423260819,101.88270437296234,17.86421370850066,16.0415,14.218786291499338,21.088749999999997,21.04424,1.8571428571428572,0.55,,0.8931689607864393,0,0,-0.14462186027359658,0,0,1,0,0,0.37340304792582524,0.22724978443420643,47.6316784375272,False,True,False,False,False
2026-09-04,15.7,16.04,15.52,15.62,304520.0,0.2567,,15.628,15.412,15.964500000000001,15.965666666666666,18.1725,20.475,21.4131,43.90681903401237,-0.5417867263135037,-0.6711093736541445,234768.1999999999,239930.1,49.39575763556461,69.09715498968075,56.17875448496571,94.93395599911082,17.717025696184738,15.964500000000001,14.211974303815266,21.000083333333336,21.018720000000002,1.5,0.55,,1.2971092337037133,0,0,-0.1404594854863117,0,0,1,0,0,0.40171328136586465,0.21955284489770877,49.39575763556461,False,False,False,False,False
