date,open,high,low,close,volume,change_rate,turnover,MA5,MA10,MA20,MA30,MA60,MA100,MA200,RSI14,DIF,DEA,VOL_MA5,VOL_MA10,RSI6,K,D,J,BOLL_UPPER,BOLL_MIDDLE,BOLL_LOWER,MA120,MA250,updown_ratio_20,up_days_ratio_20,turnover_ma20,vol_ratio,ma_bull,dif_above_zero,bias60,macd_gold,macd_gold3,dif_below0,kdj_gold,kdj_gold3,boll_pos,boll_width,rsi6,is_yang,above_ma5,break_high5,break_high10,break_close40
2024-08-14,6.74,6.75,6.55,6.56,60617.1,-2.5260029717682153,0.9121975018265779,,,,,,,,,,,,,,,,,,,,,,,,,,0,0,,0,0,0,0,0,,,,False,False,False,False,False
2024-08-15,6.56,6.66,6.48,6.57,74999.77,0.1524390243902607,1.1286353657889923,,,,,,,,,,,,,,,,,,,,,,,,,,0,0,,0,0,0,0,0,,,,True,False,False,False,False
2024-08-16,6.56,6.58,6.42,6.43,61578.34,-2.130898021308991,0.9266627389734519,,,,,,,,,,,,,,,,,,,,,,,,,,0,0,,0,0,0,0,0,,,,False,False,False,False,False
2024-08-19,6.42,6.48,6.32,6.35,66575.85,-1.244167962674958,1.0018678566276014,,,,,,,,,,,,,,,,,,,,,,,,,,0,0,,0,0,0,0,0,,,,False,False,False,False,False
2024-08-20,6.37,6.38,6.18,6.26,58089.74,-1.4173228346456623,0.8741644801509052,,,,,,,,,,,,,,,,,,,,,,,,,,0,0,,0,0,0,0,0,,,,False,False,False,False,False
2024-08-21,6.3,6.3,6.2,6.24,39052.0,-0.31948881789136685,0.5876747129330092,,,,,,,,,,,,,,,,,,,,,,,,,,0,0,,0,0,0,0,0,,,,False,False,False,False,False
2024-08-22,6.31,6.43,6.2,6.2,76560.78,-0.6410256410256387,1.1521262523923814,,,,,,,,,,,,,,,,,,,,,,,,,,0,0,,0,0,0,0,0,,,,False,False,False,False,False
2024-08-23,6.19,6.26,6.05,6.11,83216.31,-1.4516129032258074,1.2522821133512831,,,,,,,,,,,,,,,,,,,,,,,,,,0,0,,0,0,0,0,0,,,,False,False,False,False,False
2024-08-26,6.37,6.62,6.31,6.43,230615.71,5.237315875613735,3.4704245921359242,,,,,,,,,,,,,,,,,,,,,,,,,,0,0,,0,0,0,0,0,,,,True,False,False,False,False
2024-08-27,6.39,6.54,6.26,6.44,134978.28,0.15552099533437946,2.0312230347022266,,,,,,,,,,,,,,,,,,,,,,,,,,0,0,,0,0,0,0,0,,,,True,False,False,False,False
2024-08-28,6.39,6.54,6.3,6.5,96849.0,0.9316770186335255,1.4574338900145707,,,,,,,,,,,,,,,,,,,,,,,,,,0,0,,0,0,0,0,0,,,,True,False,False,False,False
2024-08-29,6.47,6.73,6.45,6.64,153452.0,2.1538461538461506,2.309225136971119,,,,,,,,,,,,,,,,,,,,,,,,,,0,0,,0,0,0,0,0,,,,True,False,True,False,False
2024-08-30,6.57,6.73,6.52,6.63,163244.78,-0.1506024096385561,2.4565919600612585,,,,,,,,,,,,,,,,,,,,,,,,,,0,0,,0,0,0,0,0,,,,True,False,False,False,False
2024-09-02,6.64,6.68,6.52,6.53,93245.0,-1.5082956259426794,1.4031990322502932,,,,,,,,,,,,,,,,,,,,,,,,,,0,0,,0,0,0,0,0,,,,False,False,False,False,False
2024-09-03,6.52,6.61,6.5,6.59,60572.3,0.9188361408882129,0.9115233282339475,,,,,,,,,,,,,,,,,,,,,,,,,,0,0,,0,0,0,0,0,,,,True,False,False,False,False
2024-09-04,6.56,6.69,6.54,6.61,70420.34,0.3034901365705611,1.059721732411782,,,,,,,,,,,,,,,,,,,,,,,,,,0,0,,0,0,0,0,0,,,,True,False,False,False,False
2024-09-05,6.61,6.68,6.54,6.59,60288.27,-0.302571860816947,0.9072490977537068,,,,,,,,,,,,,,,,,,,,,,,,,,0,0,,0,0,0,0,0,,,,False,False,False,False,False
2024-09-06,6.6,6.6,6.35,6.38,98589.0,-3.1866464339908918,1.4836183107997658,,,,,,,,,,,,,,,,,,,,,,,,,,0,0,,0,0,0,0,0,,,,False,False,False,False,False
2024-09-09,6.41,6.41,6.26,6.29,52660.0,-1.4106583072100332,0.7924549416944655,,,,,,,,,,,,,,,,,,,,,,,,,,0,0,,0,0,0,0,0,,,,False,False,False,False,False
2024-09-10,6.32,6.34,6.22,6.32,50861.0,0.4769475357710773,0.7653826583654046,,,,,,,,,,,,,,,,,,,,,,0.7272727272727273,0.4,1.3441829368719334,,0,0,,0,0,0,0,0,,,,False,False,False,False,False
2024-09-11,6.28,6.46,6.27,6.4,64859.0,1.2658227848101333,0.9760318090269908,,,,,,,,,,,,,,,,,,,,,,0.9,0.45,1.3473746522319539,,0,0,,0,0,0,0,0,,,,True,False,False,False,False
2024-09-12,6.38,6.63,6.37,6.49,94634.17,1.4062499999999867,1.424103981573379,,,,,,,,,,,,,,,,,,,,,,0.9,0.45,1.3621480830211734,,0,0,,0,0,0,0,0,,,,True,False,False,False,False
2024-09-13,6.53,6.64,6.38,6.45,84728.55,-0.6163328197226536,1.2750390837468022,,,,,,,,,,,,,,,,,,,,,,0.9,0.45,1.379566900259841,,0,0,,0,0,0,0,0,,,,False,False,False,False,False
2024-09-18,6.42,6.48,6.3,6.42,75833.02,-0.46511627906976605,1.1411745431563851,,,,,,,,,,,,,,,,,,,,,,1.0,0.45,1.38653223458628,,0,0,,0,0,0,0,0,,,,False,False,False,False,False
2024-09-19,6.47,6.55,6.37,6.53,73099.0,1.7133956386292892,1.100031594814351,,,,,,,,,,,,,,,,,,,,,,1.25,0.5,1.3978255903194523,,0,0,,0,0,0,0,0,,,,True,False,False,False,False
2024-09-20,6.53,6.53,6.35,6.38,66048.0,-2.297090352220521,0.9939244965635409,,,,,,,,,,,,,,,,,,,,,,1.25,0.5,1.4181380795009788,,0,0,,0,0,0,0,0,,,,False,False,False,False,False
2024-09-23,6.35,6.42,6.23,6.26,73073.0,-1.8808777429467072,1.0996403333543425,,,,,,,,,,,,,,,,,,,,,,1.25,0.5,1.415513783549077,,0,0,,0,0,0,0,0,,,,False,False,False,False,False
2024-09-24,6.34,6.55,6.32,6.55,155667.37,4.63258785942493,2.3425631716118644,,,,,,,,,,,,,,,,,,,,,,1.5714285714285714,0.55,1.4700278364621062,,0,0,,0,0,0,0,0,,,,True,False,False,False,False
2024-09-25,6.59,6.73,6.54,6.56,135561.18,0.15267175572519776,2.039994815665267,,,,,,,,,,,,,,,,,,,,,,1.25,0.55,1.3985063476385733,,0,0,,0,0,0,0,0,,,,False,False,True,False,False
2024-09-26,6.57,6.73,6.49,6.73,119036.79,2.5914634146341653,1.7913272403901699,,,,,,,,,,,,,,,,,,,,,,1.25,0.55,1.3865115579229703,,0,0,,0,0,0,0,0,,,,True,False,False,False,False
2024-09-27,6.83,7.23,6.81,7.12,252751.75,5.794947994056465,3.8035391817209288,,,,,,,,,,,,,,,,,,,,,,1.25,0.55,1.5038168225082882,,0,0,,0,0,0,0,0,,,,True,False,True,True,False
2024-09-30,7.33,8.12,7.23,8.0,519205.18,12.35955056179776,7.8132683373407605,,,,,,,,,,,,,,,,,,,,,,1.25,0.55,1.7790189825267704,,0,0,,0,0,0,0,0,,,,True,False,True,True,False
2024-10-08,9.35,9.35,8.08,8.66,583736.67,8.250000000000002,8.784371606338235,,,,,,,,,,,,,,,,,,,,,,1.0,0.6,2.0954079648406188,,0,0,,0,0,0,0,0,,,,False,False,True,True,False
2024-10-09,8.38,8.38,7.69,7.73,397394.19,-10.739030023094687,5.980193499167667,,,,,,,,,,,,,,,,,,,,,,1.0,0.6,2.3242576881864876,,0,0,,0,0,0,0,0,,,,False,False,False,False,False
2024-10-10,7.78,8.23,7.78,7.92,385101.76,2.457956015523921,5.795210648827118,,,,,,,,,,,,,,,,,,,,,,1.0,0.6,2.5684420542161464,,0,0,,0,0,0,0,0,,,,True,False,False,False,False
2024-10-11,7.78,7.78,7.24,7.34,274331.68,-7.32323232323232,4.128285140131879,,,,,,,,,,,,,,,,,,,,,,0.8,0.55,2.721870224602151,,0,0,,0,0,0,0,0,,,,False,False,False,False,False
2024-10-14,7.48,7.57,7.3,7.5,182490.0,2.1798365122615904,2.746203993730023,,,,,,,,,,,,,,,,,,,,,,1.0,0.6,2.8138179694009673,,0,0,,0,0,0,0,0,,,,True,False,False,False,False
2024-10-15,7.48,7.52,7.3,7.32,165623.0,-2.399999999999991,2.4923806458082503,,,,,,,,,,,,,,,,,,,,,,1.0,0.6,2.864256086151391,,0,0,,0,0,0,0,0,,,,False,False,False,False,False
2024-10-16,7.22,7.53,7.15,7.32,154838.0,0.0,2.330082382493119,,,,,,,,,,,,,,,,,,,,,,1.25,0.6,2.9411374581913234,,0,0,,0,0,0,0,0,,,,True,False,False,False,False
2024-10-17,7.42,7.44,7.26,7.26,121478.0,-0.819672131147553,1.8280638322666216,,,,,,,,,,,,,,,,,,,,,,1.1111111111111112,0.55,2.9942715168863847,,0,0,,0,0,0,0,0,,,,False,False,False,False,False
2024-10-18,7.23,7.62,7.21,7.48,223288.0,3.03030303030305,3.360153418554383,,,,,,,,,,,,,,,,,,,,,,1.1111111111111112,0.55,3.113477597362755,,0,0,,0,0,0,0,0,,,,True,False,False,False,False
2024-10-21,7.55,7.82,7.46,7.61,262598.99,1.7379679144384985,3.9517255470846093,,,,,,,,,,,,,,,,,,,,,,1.1111111111111112,0.55,3.239858675638316,,0,0,,0,0,0,0,0,,,,True,False,False,False,False
2024-10-22,7.58,8.27,7.54,8.13,508180.29,6.833114323258882,7.647360085116342,,,,,,,,,,,,,,,,,,,,,,1.375,0.6,3.5584747257067932,,0,0,,0,0,0,0,0,,,,True,False,True,False,False
2024-10-23,8.29,9.45,8.27,8.98,1305921.24,10.455104551045501,19.652178885335438,,,,,,,,,,,,,,,,,,,,,,1.5,0.65,4.484024942815745,,0,0,,0,0,0,0,0,,,,True,False,True,True,True
2024-10-24,8.74,8.81,8.31,8.35,534421.35,-7.015590200445443,8.04224914079999,,,,,,,,,,,,,,,,,,,,,,1.2222222222222223,0.6,4.831135820115028,,0,0,,0,0,0,0,0,,,,False,False,False,False,False
2024-10-25,8.34,8.91,8.34,8.84,562950.65,5.868263473053892,8.47157281660865,,,,,,,,,,,,,,,,,,,,,,1.5,0.65,5.205018236117283,,0,0,,0,0,0,0,0,,,,True,False,False,False,False
2024-10-28,8.84,8.84,8.46,8.52,441246.1,-3.6199095022624417,6.6400997426587605,,,,,,,,,,,,,,,,,,,,,,1.5,0.65,5.482041206582504,,0,0,,0,0,0,0,0,,,,False,False,False,False,False
2024-10-29,8.54,8.63,8.17,8.19,354556.04,-3.8732394366197243,5.335542840972666,,,,,,,,,,,,,,,,,,,,,,1.2222222222222223,0.6,5.631690190050543,,0,0,,0,0,0,0,0,,,,False,False,False,False,False
2024-10-30,8.05,8.12,7.71,7.84,472243.02,-4.273504273504269,7.106557441696132,,,,,,,,,,,,,,,,,,,,,,1.2222222222222223,0.55,5.885018321352087,,0,0,,0,0,0,0,0,,,,False,False,False,False,False
2024-10-31,8.17,8.31,8.02,8.13,445032.28,3.6989795918367374,6.697076139376283,,,,,,,,,,,,,,,,,,,,,,1.0,0.55,6.130305766301393,,0,0,,0,0,0,0,0,,,,False,False,False,False,False
2024-11-01,7.97,8.1,7.79,7.79,306315.54,-4.182041820418214,4.609594823220826,,,,,,,,,,,,,,,,,,,,,,0.8181818181818182,0.5,6.1706085483763875,,0,0,,0,0,0,0,0,,,,False,False,False,False,False
2024-11-04,7.77,7.98,7.74,7.81,259619.65,0.25673940949935137,3.9068908963822166,,,,,,,,,,,,,,,,,,,,,,0.8181818181818182,0.5,5.97528967632846,,0,0,,0,0,0,0,0,,,,True,False,False,False,False
2024-11-05,7.8,8.14,7.77,8.11,311589.04,3.8412291933418663,4.688953181272968,,,,,,,,,,,,,,,,,,,,,,1.0,0.5,5.770518755075196,,0,0,,0,0,0,0,0,,,,True,False,False,False,False
2024-11-06,8.1,8.49,8.08,8.19,394057.72,0.9864364981504226,5.929984571341702,,,,,,,,,,,,,,,,,,,,,,1.2222222222222223,0.55,5.768008308683898,,0,0,,0,0,0,0,0,,,,True,False,False,False,False
2024-11-07,8.1,8.23,7.98,8.23,277713.75,0.48840048840050887,4.179180280364629,,,,,,,,,,,,,,,,,,,,,,1.2222222222222223,0.55,5.687206790260775,,0,0,,0,0,0,0,0,,,,True,False,False,False,False
2024-11-08,8.27,8.35,8.02,8.06,323722.23,-2.0656136087484844,4.87153970565614,,,,,,,,,,,,,,,,,,,,,,1.2222222222222223,0.55,5.724369518536987,,0,0,,0,0,0,0,0,,,,False,False,False,False,False
2024-11-11,8.01,8.23,7.97,8.22,241578.17,1.985111662531014,3.6353933654007915,,,,,,,,,,,,,,,,,,,,,,1.2222222222222223,0.55,5.768828987120527,,0,0,,0,0,0,0,0,,,,True,False,False,False,False
2024-11-12,8.24,8.49,8.2,8.34,428961.61,1.4598540145985384,6.455236377548691,,,,,,,,,,,,,,,,,,,,,,1.5,0.6,5.966971773707548,,0,0,,0,0,0,0,0,,,,True,False,False,False,False
2024-11-13,8.32,8.44,8.11,8.3,249080.41,-0.47961630695442237,3.748290956775229,,,,,,,,,,,,,,,,,,,,,,1.2222222222222223,0.6,6.037882202421653,,0,0,,0,0,0,0,0,,,,False,False,False,False,False
2024-11-14,8.32,8.32,7.89,7.91,238016.88,-4.698795180722904,3.5818012298271666,,,,,,,,,,,,,,,,,,,,,,1.2222222222222223,0.6,6.125569072299681,,0,0,,0,0,0,0,0,,,,False,False,False,False,False
2024-11-15,7.88,7.94,7.62,7.64,244333.9,-3.4134007585335024,3.6768630170619327,,,,,,,,,,,,,,,,,,,,,,1.0,0.55,6.141404552225058,,0,0,,0,0,0,0,0,,,,False,False,False,False,False
2024-11-18,7.68,7.84,7.46,7.53,197631.16,-1.4397905759162222,2.9740560078771283,,,,,,,,,,,,,,,,,,,,,,0.8181818181818182,0.5,6.092521075264684,,0,0,,0,0,0,0,0,,,,False,False,False,False,False
2024-11-19,7.61,7.73,7.49,7.73,134570.06,2.6560424966799445,2.0250799288097365,,,,,,,,,,,,,,,,,,,,,,0.8181818181818182,0.5,5.811407067449354,,0,0,,0,0,0,0,0,,,,True,False,False,False,False
2024-11-20,7.67,7.77,7.61,7.75,146594.64,0.2587322121604174,2.2060320336863115,,,,,,,,,,,,,,,,,,,,,,0.8181818181818182,0.5,4.939099724866898,,0,0,,0,0,0,0,0,,,,True,False,False,False,False
2024-11-21,7.74,7.8,7.62,7.74,122041.1,-0.1290322580645098,1.8365376525793473,,,,,,,,,,,,,,,,,,,,,,0.9,0.5,4.628814150455865,,0,0,,0,0,0,0,0,,,,False,False,False,False,False
2024-11-22,7.7,7.74,7.4,7.43,188285.05,-4.005167958656342,2.833410906184761,,,,,,,,,,,,,,,,,,,,,,0.7272727272727273,0.45,4.346906054934671,,0,0,,0,0,0,0,0,,,,False,False,False,False,False
2024-11-25,7.4,7.82,7.38,7.8,295252.29,4.979811574697179,4.443109309857718,,,,,,,,,,,,,,,,,,,,,,0.9,0.5,4.237056533294618,,0,0,,0,0,0,0,0,,,,True,False,False,False,False
2024-11-26,7.74,7.93,7.58,7.59,166075.35,-2.692307692307694,2.4991878427865166,,,,,,,,,,,,,,,,,,,,,,0.9,0.5,4.095238783385311,,0,0,,0,0,0,0,0,,,,False,False,False,False,False
2024-11-27,7.57,7.85,7.47,7.84,191316.43,3.293807641633739,2.879028681747879,,,,,,,,,,,,,,,,,,,,,,1.1111111111111112,0.55,3.883862345387898,,0,0,,0,0,0,0,0,,,,True,False,False,False,False
2024-11-28,7.8,8.06,7.69,7.73,185430.0,-1.4030612244897878,2.790446635746387,,,,,,,,,,,,,,,,,,,,,,1.1111111111111112,0.5,3.688530870206404,,0,0,,0,0,0,0,0,,,,False,False,False,False,False
2024-11-29,7.71,7.88,7.67,7.75,169696.02,0.2587322121604174,2.5536735593407305,,,,,,,,,,,,,,,,,,,,,,1.375,0.55,3.5857348070123995,,0,0,,0,0,0,0,0,,,,True,False,False,False,False
2024-12-02,7.72,8.04,7.66,8.0,283768.0,3.2258064516129004,4.2702877686053,,,,,,,,,,,,,,,,,,,,,,1.375,0.55,3.6039046506235537,,0,0,,0,0,0,0,0,,,,True,False,False,False,False
2024-12-03,8.0,8.19,7.86,7.93,200840.0,-0.8750000000000036,3.022344293389982,,,,,,,,,,,,,,,,,,,,,,1.1111111111111112,0.5,3.520574206229404,,0,0,,0,0,0,0,0,,,,False,False,False,False,False
2024-12-04,7.88,7.88,7.61,7.66,221690.5,-3.4047919293820894,3.3361134115403894,,,,,,,,,,,,,,,,,,,,,,0.9,0.45,3.3908806482393388,,0,0,,0,0,0,0,0,,,,False,False,False,False,False
2024-12-05,7.64,7.72,7.57,7.69,155434.92,0.3916449086161844,2.3390651436742105,,,,,,,,,,,,,,,,,,,,,,0.9,0.45,3.298874891404817,,0,0,,0,0,0,0,0,,,,True,False,False,False,False
2024-12-06,7.76,7.82,7.58,7.79,180224.0,1.3003901170351106,2.712104052638499,,,,,,,,,,,,,,,,,,,,,,1.1111111111111112,0.5,3.1909031087539352,,0,0,,0,0,0,0,0,,,,True,False,False,False,False
2024-12-09,7.76,7.8,7.66,7.69,171820.02,-1.2836970474967901,2.585636610919899,,,,,,,,,,,,,,,,,,,,,,0.9,0.45,3.1384152710298907,,0,0,,0,0,0,0,0,,,,False,False,False,False,False
2024-12-10,7.86,7.93,7.68,7.71,231737.02,0.2600780234070177,3.4872986455098594,,,,,,,,,,,,,,,,,,,,,,0.7272727272727273,0.45,2.990018384427949,,0,0,,0,0,0,0,0,,,,False,False,False,False,False
2024-12-11,7.72,7.78,7.67,7.73,145316.03,0.25940337224383825,2.186790848479324,,,,,,,,,,,,,,,,,,,,,,0.9,0.5,2.9119433790131537,,0,0,,0,0,0,0,0,,,,True,False,False,False,False
2024-12-12,7.75,7.8,7.66,7.8,165683.89,0.9055627425614388,2.4932969500505555,,,,,,,,,,,,,,,,,,,,,,1.1111111111111112,0.55,2.8575181650243233,,0,0,,0,0,0,0,0,,,,True,False,False,False,False
2024-12-13,7.75,7.78,7.63,7.65,177095.18,-1.9230769230769162,2.6650199495114104,,,,,,,,,,,,,,,,,,,,,,1.1111111111111112,0.55,2.806926011646797,,0,0,,0,0,0,0,0,,,,False,False,False,False,False
2024-12-16,7.67,7.77,7.49,7.54,171199.11,-1.4379084967320321,2.5762928357993617,,,,,,,,,,,,,,,,,,,,,,1.1111111111111112,0.55,2.787037853042909,,0,0,,0,0,0,0,0,,,,False,False,False,False,False
2024-12-17,7.51,7.55,7.3,7.32,149488.62,-2.917771883289122,2.24958214291846,,,,,,,,,,,,,,,,,,,,,,0.9,0.5,2.798262963748345,,0,0,,0,0,0,0,0,,,,False,False,False,False,False
2024-12-18,7.33,7.41,7.3,7.31,69662.0,-0.1366120218579292,1.0483098395047448,,,,,,,,,,,,,,,,,,,,,,0.7272727272727273,0.45,2.740376854039267,,0,0,,0,0,0,0,0,,,,False,False,False,False,False
2024-12-19,7.25,7.31,7.17,7.23,135608.17,-1.09439124487003,2.040701945511644,,,,,,,,,,,,,,,,,,,,,,0.6666666666666666,0.45,2.7505850686858815,,0,0,,0,0,0,0,0,,,,False,False,False,False,False
2024-12-20,7.27,7.46,7.26,7.31,90656.18,1.1065006915629283,1.3642411286772307,,,,,,,,,,,,,,,,,,,,,,0.8181818181818182,0.5,2.677126579810505,,0,0,,0,0,0,0,0,,,,True,False,False,False,False
2024-12-23,7.29,7.37,7.09,7.16,145183.87,-2.0519835841313228,2.1848020363810647,,,,,,,,,,,,,,,,,,,,,,0.6666666666666666,0.45,2.5642112161366724,,0,0,,0,0,0,0,0,,,,False,False,False,False,False
2024-12-24,7.19,7.37,7.17,7.25,99733.31,1.2569832402234526,1.5008384800806316,,,,,,,,,,,,,,,,,,,,,,0.8181818181818182,0.5,2.514293748001378,,0,0,,0,0,0,0,0,,,,True,False,False,False,False
2024-12-25,7.28,7.28,7.08,7.17,91025.23,-1.1034482758620734,1.3697947841317,,,,,,,,,,,,,,,,,,,,,,0.6666666666666666,0.45,2.4388320531205694,,0,0,,0,0,0,0,0,,,,False,False,False,False,False
2024-12-26,7.14,7.21,7.11,7.14,77617.08,-0.4184100418410108,1.1680220016311178,,,,,,,,,,,,,,,,,,,,,,0.7272727272727273,0.45,2.357710821414806,,0,0,,0,0,0,0,0,,,,False,False,False,False,False
2024-12-27,7.14,7.26,7.11,7.2,88731.0,0.8403361344537785,1.3352700233857124,,,,,,,,,,,,,,,,,,,,,,0.7272727272727273,0.45,2.296790644617055,,0,0,,0,0,0,0,0,,,,True,False,False,False,False
2024-12-30,7.17,7.22,7.09,7.11,76604.44,-1.2499999999999956,1.152783270674842,,,,,,,,,,,,,,,,,,,,,,0.5833333333333334,0.4,2.1409154197205322,,0,0,,0,0,0,0,0,,,,False,False,False,False,False
2024-12-31,7.09,7.16,6.94,6.94,101088.27,-2.390998593530236,1.5212286196134521,,,,,,,,,,,,,,,,,,,,,,0.5833333333333334,0.4,2.0658596360317056,,0,0,,0,0,0,0,0,,,,False,False,False,False,False
2025-01-02,6.96,6.97,6.65,6.71,116239.11,-3.3141210374639796,1.7492263034118223,,,,,,,,,,,,,,,,,,,,,,0.5833333333333334,0.4,1.986515280625277,,0,0,,0,0,0,0,0,,,,False,False,False,False,False
2025-01-03,6.75,6.93,6.67,6.69,129259.0,-0.29806259314455463,1.9451563484330594,,,,,,,,,,,,,,,,,,,,,,0.46153846153846156,0.35,1.9668198408632194,,0,0,,0,0,0,0,0,,,,False,False,False,False,False
2025-01-06,6.69,6.85,6.63,6.78,93708.0,1.3452914798206317,1.410166495941986,,,,,,,,,,,,,,,,,,,,,,0.46153846153846156,0.35,1.9017229630283938,,0,0,,0,0,0,0,0,,,,True,False,False,False,False
2025-01-07,6.75,6.79,6.63,6.78,81249.94,0.0,1.222691159616005,,,,,,,,,,,,,,,,,,,,,,0.5833333333333334,0.35,1.8335756904631992,,0,0,,0,0,0,0,0,,,,True,False,False,False,False
2025-01-08,6.72,6.77,6.49,6.66,125676.79,-1.7699115044247815,1.891249397869305,,,,,,,,,,,,,,,,,,,,,,0.5833333333333334,0.3,1.7537732280811718,,0,0,,0,0,0,0,0,,,,False,False,False,False,False
2025-01-09,6.63,6.74,6.57,6.6,96628.0,-0.9009009009009028,1.4541081676044971,,,,,,,,,,,,,,,,,,,,,,0.46153846153846156,0.25,1.7171390940374303,,0,0,,0,0,0,0,0,,,,False,False,False,False,False
2025-01-10,6.6,6.77,6.5,6.59,154539.0,-0.15151515151514694,2.3255828757030192,,,,,,,,,,,,,,,,,,,,,,0.35714285714285715,0.2,1.7087533903200534,,0,0,,0,0,0,0,0,,,,False,False,False,False,False
2025-01-13,6.54,6.65,6.49,6.58,72775.74,-0.15174506828528056,1.0951670109850282,,,,,,,,,,,,,,,,,,,,,,0.46153846153846156,0.2,1.6302607433937344,,0,0,,0,0,0,0,0,,,,True,False,False,False,False
2025-01-14,6.59,6.76,6.56,6.75,147940.0,2.583586626139822,2.2262777074492828,,,,,,,,,,,,,,,,,,,,,,0.5833333333333334,0.25,1.6127599869762304,,0,0,,0,0,0,0,0,,,,True,False,False,False,False
2025-01-15,6.73,6.75,6.62,6.65,113201.0,-1.4814814814814725,1.7035072513246332,,,,,,,,,,,,,,,,,,,,,,0.5833333333333334,0.25,1.585456242396539,,0,0,,0,0,0,0,0,,,,False,False,False,False,False
2025-01-16,6.66,6.79,6.64,6.74,117622.01,1.3533834586466176,1.7700368985289754,,,,,,,,,,,,,,,,,,,,,,0.7272727272727273,0.3,1.6215425953477502,,0,0,,0,0,0,0,0,,,,True,False,False,False,False
2025-01-17,6.79,7.3,6.75,7.04,331282.74,4.451038575667643,4.985314174156528,,,,,,,,,,,,,,,,,,,,,,0.9,0.35,1.7687732067799946,,0,0,,0,0,0,0,0,,,,True,False,True,True,False
2025-01-20,6.91,7.04,6.9,6.96,168181.15,-1.1363636363636354,2.5308770113436796,,,,,,,,,,,,,,,,,,,,,,0.9,0.3,1.8271050009133174,,0,0,,0,0,0,0,0,,,,True,False,False,False,False
2025-01-21,6.93,7.03,6.83,7.02,155205.24,0.8620689655172376,2.3356088001305646,,,,,,,,,,,,,,,,,,,,,,1.1111111111111112,0.35,1.8346453391007924,,0,0,,0,0,0,0,0,,,,True,False,False,False,False
2025-01-22,6.97,7.03,6.89,6.9,98719.0,-1.7094017094017033,1.4855746180998088,,,,,,,,,,,,,,,,,,,,,,0.9,0.3,1.833882146001751,,0,0,,0,0,0,0,0,,,,False,False,False,False,False
2025-01-23,6.92,6.99,6.79,6.79,123082.0,-1.594202898550734,1.8522016546456175,,,,,,,,,,,,,,,,,,,,,,0.9,0.3,1.8580024895274465,,0,0,,0,0,0,0,0,,,,False,False,False,False,False
2025-01-24,6.79,6.9,6.77,6.89,81397.0,1.4727540500736325,1.2249041946278847,,,,,,,,,,,,,,,,,,,,,,1.0,0.35,1.8608465991772853,,0,0,,0,0,0,0,0,,,,True,False,False,False,False
2025-01-27,6.89,6.94,6.8,6.81,70064.0,-1.1611030478955064,1.0543593436171863,,,,,,,,,,,,,,,,,,,,,,0.8181818181818182,0.3,1.8468010651888591,,0,0,,0,0,0,0,0,,,,False,False,False,False,False
2025-02-05,6.85,6.86,6.74,6.8,76131.44,-0.1468428781204123,1.145665321806223,,,,,,,,,,,,,,,,,,,,,,0.8181818181818182,0.3,1.8464451677454279,,0,0,,0,0,0,0,0,,,,False,False,False,False,False
2025-02-06,6.79,6.87,6.74,6.87,93482.04,1.0294117647058787,1.4067661328841568,,,,,,,,,,,,,,,,,,,,,,1.0,0.35,1.840722043408963,,0,0,,0,0,0,0,0,,,,True,False,False,False,False
2025-02-07,6.85,7.07,6.84,7.0,189725.0,1.8922852983988436,2.8550800192362793,,,,,,,,,,,,,,,,,,,,,,1.2222222222222223,0.4,1.896014729200186,,0,0,,0,0,0,0,0,,,,True,False,True,False,False
2025-02-10,7.02,7.02,6.93,6.96,138947.9,-0.5714285714285672,2.0909599315052874,,,,,,,,,,,,,,,,,,,,,,1.2222222222222223,0.4,1.9033049083537974,,0,0,,0,0,0,0,0,,,,False,False,False,False,False
2025-02-11,6.97,6.99,6.85,6.89,100971.31,-1.0057471264367845,1.519468544984121,,,,,,,,,,,,,,,,,,,,,,1.0,0.35,1.9087700108059042,,0,0,,0,0,0,0,0,,,,False,False,False,False,False
2025-02-12,6.89,6.96,6.87,6.96,92121.86,1.0159651669085612,1.3862974400889805,,,,,,,,,,,,,,,,,,,,,,1.0,0.4,1.916950324829553,,0,0,,0,0,0,0,0,,,,True,False,False,False,False
2025-02-13,6.99,6.99,6.86,6.86,105828.0,-1.4367816091953922,1.5925545303767927,,,,,,,,,,,,,,,,,,,,,,1.0,0.4,1.9020155814549273,,0,0,,0,0,0,0,0,,,,False,False,False,False,False
2025-02-14,6.85,6.99,6.83,6.92,131299.05,0.8746355685131046,1.9758560769519313,,,,,,,,,,,,,,,,,,,,,,1.2222222222222223,0.45,1.928102976922299,,0,0,,0,0,0,0,0,,,,True,False,False,False,False
2025-02-17,6.91,7.02,6.86,7.0,153844.76,1.1560693641618602,2.3151355927800807,,,,,,,,,,,,,,,,,,,,7.214166666666667,,1.5,0.5,1.927580612776152,,0,0,,0,0,0,0,0,,,,True,False,False,False,False
2025-02-18,7.01,7.02,6.85,6.88,142975.31,-1.7142857142857126,2.151566482145806,,,,,,,,,,,,,,,,,,,,7.2168333333333345,,1.2222222222222223,0.5,1.9804005863341907,,0,0,,0,0,0,0,0,,,,False,False,False,False,False
2025-02-19,6.87,6.96,6.86,6.95,93025.41,1.0174418604651292,1.3998945282501662,,,,,,,,,,,,,,,,,,,,7.22,,1.2222222222222223,0.5,1.9390814273742354,,0,0,,0,0,0,0,0,,,,True,False,False,False,False
2025-02-20,6.95,6.97,6.88,6.93,88416.18,-0.2877697841726645,1.3305324490457153,,,,,,,,,,,,,,,,,,,,7.224166666666667,,1.2222222222222223,0.5,1.920432687260289,,0,0,,0,0,0,0,0,,,,False,False,False,False,False
2025-02-21,6.93,6.96,6.87,6.94,102902.0,0.14430014430015792,1.5485225676081256,,,,,,,,,,,,,,,,,,,,7.2290833333333335,,1.2222222222222223,0.5,1.9093569707142468,,0,0,,0,0,0,0,0,,,,True,False,False,False,False
2025-02-24,6.93,7.02,6.9,7.01,136883.0,1.0086455331411948,2.0598862473217534,,,,,,,,,,,,,,,,,,,,7.235333333333333,,1.2222222222222223,0.5,1.7630855743725082,,0,0,,0,0,0,0,0,,,,True,False,False,False,False
2025-02-25,6.95,7.15,6.92,7.05,187816.8,0.5706134094151327,2.826364437775182,,,,,,,,,,,,,,,,,,,,7.242083333333334,,1.2222222222222223,0.55,1.7778599456940831,,0,0,,0,0,0,0,0,,,,True,False,True,True,False
2025-02-26,7.07,7.16,7.05,7.12,119357.2,0.9929078014184523,1.7961489359440685,,,,,,,,,,,,,,,,,,,,7.249750000000001,,1.2222222222222223,0.55,1.7508869524847583,,0,0,,0,0,0,0,0,,,,True,False,False,False,False
2025-02-27,7.12,7.12,6.95,7.01,133584.91,-1.54494382022472,2.0102548816048316,,,,,,,,,,,,,,,,,,,,7.25725,,1.2222222222222223,0.55,1.7771209656600095,,0,0,,0,0,0,0,0,,,,False,False,False,False,False
2025-02-28,7.01,7.02,6.82,6.84,136276.0,-2.4251069900142697,2.05075179708232,,,,,,,,,,,,,,,,,,,,7.260666666666666,,1.2222222222222223,0.55,1.7870484727818448,,0,0,,0,0,0,0,0,,,,False,False,False,False,False
2025-03-03,6.87,7.0,6.85,6.89,112958.43,0.7309941520467822,1.6998569323879293,,,,,,,,,,,,,,,,,,,,7.2644166666666665,,1.2222222222222223,0.55,1.8107961096698468,,0,0,,0,0,0,0,0,,,,True,False,False,False,False
2025-03-04,6.87,6.89,6.8,6.86,95338.0,-0.4354136429608024,1.4346955797809904,,,,,,,,,,,,,,,,,,,,7.267416666666666,,1.2222222222222223,0.55,1.829812921478037,,0,0,,0,0,0,0,0,,,,False,False,False,False,False
2025-03-05,6.87,7.02,6.84,6.88,114450.57,0.2915451895043608,1.7223114275778266,,,,,,,,,,,,,,,,,,,,7.269416666666667,,1.5,0.6,1.8586452267666171,,0,0,,0,0,0,0,0,,,,True,False,False,False,False
2025-03-06,6.89,6.99,6.85,6.96,128710.77,1.1627906976744207,1.9369062995784232,,,,,,,,,,,,,,,,,,,,7.272166666666666,,1.5,0.6,1.8851522351013306,,0,0,,0,0,0,0,0,,,,True,False,False,False,False
2025-03-07,6.93,6.94,6.83,6.88,121401.0,-1.1494252873563204,1.826905096404288,,,,,,,,,,,,,,,,,,,,7.275083333333333,,1.2222222222222223,0.55,1.833743488959731,,0,0,,0,0,0,0,0,,,,False,False,False,False,False
2025-03-10,6.88,6.92,6.84,6.9,81783.0,0.29069767441860517,1.230712922457244,,,,,,,,,,,,,,,,,,,,7.277666666666666,,1.5,0.6,1.7907311385073288,,0,0,,0,0,0,0,0,,,,True,False,False,False,False
2025-03-11,6.86,6.91,6.81,6.91,93460.2,0.14492753623187582,1.4064374732577494,,,,,,,,,,,,,,,,,,,,7.280166666666667,,1.8571428571428572,0.65,1.7850795849210102,,0,0,,0,0,0,0,0,,,,True,False,False,False,False
2025-03-12,6.92,6.95,6.85,6.87,77490.5,-0.5788712011577379,1.1661171602615834,,,,,,,,,,,,,,,,,,,,7.282500000000001,,1.5,0.6,1.7740705709296403,,0,0,,0,0,0,0,0,,,,False,False,False,False,False
2025-03-13,6.89,6.93,6.79,6.87,108459.69,0.0,1.6321575639033385,,,,,,,,,,,,,,,,,,,,7.2865833333333345,,1.5,0.6,1.7760507226059676,,0,0,,0,0,0,0,0,,,,False,False,False,False,False
2025-03-14,6.85,7.02,6.85,7.01,197801.77,2.0378457059679667,2.97662343548067,,,,,,,,,,,,,,,,,,,,7.292583333333334,,1.5,0.6,1.8260890905324048,,0,0,,0,0,0,0,0,,,,True,False,True,False,False
2025-03-17,7.04,7.19,7.03,7.09,185246.43,1.1412268188302432,2.787684179353549,,,,,,,,,,,,,,,,,,,,7.299,,1.5,0.6,1.849716519861078,,0,0,,0,0,0,0,0,,,,True,False,True,True,False
2025-03-18,7.18,7.18,7.08,7.12,101910.28,0.42313117066290484,1.53359865164198,,,,,,,,,,,,,,,,,,,,7.304999999999999,,1.5,0.65,1.8188181283358866,,0,0,,0,0,0,0,0,,,,False,False,False,False,False
2025-03-19,7.11,7.18,7.05,7.13,151523.86,0.1404494382022392,2.2802094880672303,,,,,,,,,,,,,,,,,,,,7.310333333333333,,1.5,0.65,1.8628338763267398,,0,0,,0,0,0,0,0,,,,True,False,False,False,True
2025-03-20,7.11,7.55,7.09,7.46,480948.7,4.628330995792429,7.237565021202602,,,,,,,,,,,,,,,,,,,,7.31875,,1.8571428571428572,0.7,2.1581855049345844,,0,0,,0,0,0,0,0,,,,True,False,True,True,True
2025-03-21,7.41,8.02,7.41,7.71,811172.34,3.351206434316345,12.206941310270853,,,,,,,,,,,,,,,,,,,,7.3295,,1.8571428571428572,0.7,2.6911064420677206,,0,0,,0,0,0,0,0,,,,True,False,True,True,True
2025-03-24,7.89,7.99,7.44,7.7,504745.24,-0.12970168612191912,7.5956676744162355,,,,,,,,,,,,,,,,,,,,7.339249999999999,,1.5,0.65,2.9678955134224445,,0,0,,0,0,0,0,0,,,,False,False,False,False,False
2025-03-25,7.58,7.72,7.36,7.4,365560.06,-3.8961038961038974,5.501137030632839,,,,,,,,,,,,,,,,,,,,7.3477500000000004,,1.2222222222222223,0.6,3.1016341430653274,,0,0,,0,0,0,0,0,,,,False,False,False,False,False
2025-03-26,7.35,7.53,7.31,7.42,251603.0,0.2702702702702675,3.7862521970215077,,,,,,,,,,,,,,,,,,,,7.3574166666666665,,1.2222222222222223,0.6,3.2011393061191997,,0,0,,0,0,0,0,0,,,,True,False,False,False,False
2025-03-27,7.39,7.49,7.17,7.42,301414.02,0.0,4.535834212779994,,,,,,,,,,,,,,,,,,,,7.3646666666666665,,1.5,0.6,3.3274182726779578,,0,0,,0,0,0,0,0,,,,True,False,False,False,False
2025-03-28,7.32,7.38,7.14,7.14,211131.51,-3.7735849056603765,3.177216263708972,,,,,,,,,,,,,,,,,,,,7.3694999999999995,,1.5,0.6,3.38374149600929,,0,0,,0,0,0,0,0,,,,False,False,False,False,False
2025-03-31,7.11,7.32,7.02,7.14,185219.5,0.0,2.8651658780444653,,,,,,,,,,,,,,,,,,,,7.372916666666667,,1.5,0.55,3.4420069432921174,,0,0,,0,0,0,0,0,,,,True,False,False,False,False
2025-04-01,7.11,7.23,7.11,7.17,120290.0,0.42016806722688926,1.8607695381424132,,,,,,,,,,,,,,,,,,,,7.373333333333334,,1.8571428571428572,0.6,3.463310641210188,,0,0,,0,0,0,0,0,,,,True,False,False,False,False
2025-04-02,7.13,7.26,7.07,7.15,123234.0,-0.2789400278939924,1.906310360490832,,,,,,,,,,,,,,,,,,,,7.36625,,1.8571428571428572,0.55,3.472510587855838,,0,0,,0,0,0,0,0,,,,True,False,False,False,False
2025-04-03,7.07,7.15,6.95,6.98,164231.0,-2.3776223776223793,2.540494155945354,,,,,,,,,,,,,,,,,,,,7.35225,,1.5,0.5,3.5026899806741847,,0,0,,0,0,0,0,0,,,,False,False,False,False,False
2025-04-07,6.5,6.69,5.66,5.94,337562.8,-14.899713467048715,5.221768854019951,,,,,,,,,,,,,,,,,,,,7.337333333333333,,1.5,0.5,3.6724331685549685,,0,0,,0,0,0,0,0,,,,False,False,False,False,False
2025-04-08,5.96,6.23,5.96,6.1,189396.82,2.6936026936026813,2.9297849636465356,,,,,,,,,,,,,,,,,,,,7.322166666666666,,1.5,0.5,3.7573867706144335,,0,0,,0,0,0,0,0,,,,True,False,False,False,False
2025-04-09,5.92,6.23,5.71,6.18,180450.15,1.3114754098360715,2.7913886630079743,,,,,,,,,,,,,,,,,,,,7.3125,,1.5,0.5,3.826634330101944,,0,0,,0,0,0,0,0,,,,True,False,False,False,False
2025-04-10,6.3,6.41,6.24,6.24,165266.5,0.9708737864077666,2.5565123358168855,,,,,,,,,,,,,,,,,,,,7.3020000000000005,,1.5,0.55,3.896154088879709,,0,0,,0,0,0,0,0,,,,False,False,False,False,False
2025-04-11,6.2,6.29,6.15,6.21,99067.99,-0.48076923076924016,1.532485643004383,,,,,,,,,,,,,,,,,,,,7.29275,,1.8571428571428572,0.55,3.8911704928347612,,0,0,,0,0,0,0,0,,,,True,False,False,False,False
2025-04-14,6.28,6.42,6.26,6.36,126971.87,2.4154589371980784,1.9641315811536997,,,,,,,,,,,,,,,,,,,,7.28475,,1.8571428571428572,0.55,3.840545900118413,,0,0,,0,0,0,0,0,,,,True,False,False,False,False
2025-04-15,6.38,6.38,6.24,6.32,81120.89,-0.6289308176100628,1.2548614267104623,,,,,,,,,,,,,,,,,,,,7.276916666666667,,1.5,0.5,3.7639047624862583,,0,0,,0,0,0,0,0,,,,False,False,False,False,False
2025-04-16,6.3,6.3,6.11,6.18,88818.0,-2.2151898734177333,1.373928247059048,,,,,,,,,,,,,,,,,,,,7.266083333333333,,1.5,0.45,3.7559212422571115,,0,0,,0,0,0,0,0,,,,False,False,False,False,False
2025-04-17,6.14,6.23,6.1,6.19,61650.15,0.16181229773464256,0.9536679785677157,,,,,,,,,,,,,,,,,,,,7.25425,,1.5,0.45,3.689594166782136,,0,0,,0,0,0,0,0,,,,True,False,False,False,False
2025-04-18,6.19,6.25,6.14,6.22,67860.5,0.4846526655896577,1.0497360648691765,,,,,,,,,,,,,,,,,,,,7.238333333333332,,1.5,0.45,3.3802027189654646,,0,0,,0,0,0,0,0,,,,True,False,False,False,False
2025-04-21,6.16,6.61,6.14,6.55,206163.19,5.305466237942125,3.189144432939285,,,,,,,,,,,,,,,,,,,,7.218083333333333,,1.5,0.45,2.9293128750988866,,0,0,,0,0,0,0,0,,,,True,False,True,False,False
2025-04-22,6.54,6.54,6.37,6.37,121192.0,-2.7480916030534264,1.8747226025983486,,,,,,,,,,,,,,,,,,,,7.201583333333334,,1.5,0.45,2.643265621507992,,0,0,,0,0,0,0,0,,,,False,False,False,False,False
2025-04-23,6.44,6.47,6.3,6.34,122312.21,-0.47095761381475976,1.89205116394445,,,,,,,,,,,,,,,,,,,,7.180750000000001,,1.5,0.45,2.462811328173573,,0,0,,0,0,0,0,0,,,,False,False,False,False,False
2025-04-24,6.36,6.46,6.3,6.33,162014.21,-0.1577287066246047,2.5062025664162273,,,,,,,,,,,,,,,,,,,,7.1625,,1.2222222222222223,0.4,2.3988088466433086,,0,0,,0,0,0,0,0,,,,False,False,False,False,False
2025-04-25,6.33,6.39,6.25,6.36,104567.21,0.4739336492890933,1.6175532384781839,,,,,,,,,,,,,,,,,,,,7.14725,,1.2222222222222223,0.45,2.252894797928218,,0,0,,0,0,0,0,0,,,,True,False,False,False,False
2025-04-28,6.28,6.34,6.22,6.26,103033.0,-1.572327044025168,1.5938204989893363,,,,,,,,,,,,,,,,,,,,7.134083333333334,,1.2222222222222223,0.45,2.1737250096922365,,0,0,,0,0,0,0,0,,,,False,False,False,False,False
2025-04-29,6.24,6.32,6.2,6.22,100111.64,-0.6389776357827448,1.548629895464956,,,,,,,,,,,,,,,,,,,,7.118166666666667,,1.0,0.45,2.1078982105632607,,0,0,,0,0,0,0,0,,,,False,False,False,False,False
2025-04-30,6.21,6.29,6.21,6.25,87271.7,0.4823151125401992,1.3500084870055968,,,,,,,,,,,,,,,,,,,,7.105333333333333,,1.0,0.45,2.08236015800642,,0,0,,0,0,0,0,0,,,,True,False,False,False,False
2025-05-06,6.29,6.42,6.27,6.42,104749.7,2.719999999999989,1.6203761816406714,,,,,,,,,,,,,,,,,,,,7.09375,,1.0,0.5,2.0680634490639123,,0,0,,0,0,0,0,0,,,,True,False,False,False,False
2025-05-07,6.48,6.58,6.43,6.53,166629.0,1.7133956386292892,2.577588888279426,,,,,,,,,,,,,,,,,,,,7.080583333333334,,1.2222222222222223,0.55,2.0699181856806157,,0,0,,0,0,0,0,0,,,,True,False,True,False,False
2025-05-08,6.5,6.57,6.47,6.54,101683.0,0.15313935681469104,1.5729373093934245,,,,,,,,,,,,,,,,,,,,7.066833333333333,,1.5,0.6,1.8874766084492893,,0,0,,0,0,0,0,0,,,,True,False,False,False,False
2025-05-09,6.54,6.57,6.47,6.49,113731.72,-0.7645259938837912,1.7593193124660593,,,,,,,,,,,,,,,,,,,,7.052333333333334,,1.2222222222222223,0.55,1.8289533258902655,,0,0,,0,0,0,0,0,,,,False,False,False,False,False
2025-05-12,6.52,6.6,6.51,6.57,101231.0,1.2326656394453073,1.5659453081361265,,,,,,,,,,,,,,,,,,,,7.039916666666667,,1.2222222222222223,0.55,1.7676811581466734,,0,0,,0,0,0,0,0,,,,True,False,False,False,False
2025-05-13,6.69,6.74,6.55,6.57,129685.0,0.0,2.0061010687006307,,,,,,,,,,,,,,,,,,,,7.026166666666667,,1.2222222222222223,0.5,1.7401605947908603,,0,0,,0,0,0,0,0,,,,False,False,False,False,False
2025-05-14,6.59,6.59,6.47,6.53,118162.59,-0.60882800608828,1.8278605704548287,,,,,,,,,,,,,,,,,,,,7.011083333333334,,1.0,0.5,1.7549293411633826,,0,0,,0,0,0,0,0,,,,False,False,False,False,False
2025-05-15,6.53,6.53,6.43,6.46,77151.99,-1.071975497702915,1.193466396201414,,,,,,,,,,,,,,,,,,,,6.99575,,0.8181818181818182,0.45,1.7163960819157684,,0,0,,0,0,0,0,0,,,,False,False,False,False,False
2025-05-16,6.43,6.52,6.43,6.45,64014.0,-0.1547987616099089,0.9902344435501574,,,,,,,,,,,,,,,,,,,,6.983583333333333,,1.0,0.45,1.703164732757753,,0,0,,0,0,0,0,0,,,,True,False,False,False,False
2025-05-19,6.45,6.49,6.38,6.48,77865.0,0.46511627906977715,1.204495968804215,,,,,,,,,,,,,,,,,,,,6.973916666666667,,1.2222222222222223,0.5,1.6946931188450116,,0,0,,0,0,0,0,0,,,,True,False,False,False,False
2025-05-20,6.46,6.5,6.43,6.49,80061.44,0.15432098765431057,1.2384727635864705,,,,,,,,,,,,,,,,,,,,6.965249999999999,,1.2222222222222223,0.5,1.7089333580959494,,0,0,,0,0,0,0,0,,,,True,False,False,False,False
2025-05-21,6.5,6.53,6.44,6.46,64172.0,-0.46224961479198745,0.9926785501843458,,,,,,,,,,,,,,,,,,,,6.954666666666667,,1.0,0.45,1.7060804823617075,,0,0,,0,0,0,0,0,,,,False,False,False,False,False
2025-05-22,6.42,6.48,6.31,6.31,102890.54,-2.3219814241486114,1.5916167810709412,,,,,,,,,,,,,,,,,,,,6.942666666666667,,0.8181818181818182,0.4,1.6262040997682905,,0,0,,0,0,0,0,0,,,,False,False,False,False,False
2025-05-23,6.31,6.37,6.22,6.23,86370.0,-1.2678288431061668,1.3360600632584607,,,,,,,,,,,,,,,,,,,,6.930083333333333,,0.8181818181818182,0.4,1.599270972801296,,0,0,,0,0,0,0,0,,,,False,False,False,False,False
2025-05-26,6.22,6.29,6.2,6.25,69017.0,0.32102728731941976,1.0676259972896744,,,,,,,,,,,,,,,,,,,,6.920249999999999,,1.0,0.45,1.5580497144685572,,0,0,,0,0,0,0,0,,,,True,False,False,False,False
2025-05-27,6.23,6.27,6.18,6.23,60404.0,-0.31999999999999806,0.9343912476677558,,,,,,,,,,,,,,,,,,,,6.907166666666667,,1.1111111111111112,0.45,1.479459148531134,,0,0,,0,0,0,0,0,,,,False,False,False,False,False
2025-05-28,6.23,6.28,6.22,6.23,62532.0,0.0,0.9673093420826453,,,,,,,,,,,,,,,,,,,,6.895833333333333,,1.0,0.4,1.4469469537113568,,0,0,,0,0,0,0,0,,,,False,False,False,False,False
2025-05-29,6.24,6.37,6.22,6.33,81992.97,1.6051364365970988,1.268351657808835,,,,,,,,,,,,,,,,,,,,6.88325,,1.25,0.45,1.4306735116523317,,0,0,,0,0,0,0,0,,,,True,False,False,False,False
2025-05-30,6.42,7.18,6.34,6.77,632512.04,6.951026856240117,9.78434729853118,,,,,,,,,,,,,,,,,,,,6.87525,,1.5714285714285714,0.5,1.842459381805643,,0,0,,0,0,0,0,0,,,,True,False,True,True,False
2025-06-03,6.62,7.08,6.56,6.86,503634.99,1.3293943870014813,7.79074443207797,,,,,,,,,,,,,,,,,,,,6.867833333333334,,1.5714285714285714,0.5,2.164496179059262,,0,0,,0,0,0,0,0,,,,True,False,False,False,False
2025-06-04,6.89,7.14,6.89,6.92,474287.94,0.8746355685131046,7.336774054870037,,,,,,,,,,,,,,,,,,,,6.858833333333334,,1.5714285714285714,0.5,2.45031607272073,,0,0,,0,0,0,0,0,,,,True,False,False,False,False
2025-06-05,6.89,7.36,6.79,7.17,639824.01,3.6127167630057855,9.897456376923492,,,,,,,,,,,,,,,,,,,,6.8525,,1.5714285714285714,0.5,2.816309447152933,,0,0,,0,0,0,0,0,,,,True,False,False,False,True
2025-06-06,7.07,7.21,6.9,6.92,406679.67,-3.4867503486750384,6.290939743268842,,,,,,,,,,,,,,,,,,,,6.846333333333334,,1.25,0.45,3.052209568846704,,0,0,,0,0,0,0,0,,,,False,False,False,False,False
2025-06-09,6.92,6.96,6.83,6.89,258742.61,-0.43352601156069204,4.002497023089721,,,,,,,,,,,,,,,,,,,,6.839666666666667,,1.25,0.45,3.164368454377887,,0,0,,0,0,0,0,0,,,,False,False,False,False,False
2025-06-10,6.9,7.07,6.76,7.07,437765.62,2.612481857764881,6.771809215579244,,,,,,,,,,,,,,,,,,,,6.833666666666667,,1.25,0.45,3.4246616497500435,,0,0,,0,0,0,0,0,,,,True,False,False,False,False
2025-06-11,6.99,7.0,6.86,6.92,319916.0,-2.1216407355021283,4.94878998723392,,,,,,,,,,,,,,,,,,,,6.827250000000001,,1.25,0.45,3.5717960956767074,,0,0,,0,0,0,0,0,,,,False,False,False,False,False
2025-06-12,6.88,6.89,6.78,6.8,187694.68,-1.7341040462427793,2.90345451006225,,,,,,,,,,,,,,,,,,,,6.8196666666666665,,1.25,0.45,3.6255757926570786,,0,0,,0,0,0,0,0,,,,False,False,False,False,False
2025-06-13,6.78,6.82,6.67,6.73,181500.8,-1.0294117647058787,2.8076411986738594,,,,,,,,,,,,,,,,,,,,6.811333333333334,,1.25,0.45,3.7062845327807006,,0,0,,0,0,0,0,0,,,,False,False,False,False,False
2025-06-16,6.71,6.97,6.68,6.94,265638.48,3.1203566121842385,4.109169438377693,,,,,,,,,,,,,,,,,,,,6.804166666666666,,1.25,0.5,3.8622312825220773,,0,0,,0,0,0,0,0,,,,True,False,False,False,False
2025-06-17,6.89,7.02,6.83,6.87,157088.0,-1.008645533141217,2.429998879438984,,,,,,,,,,,,,,,,,,,,6.797666666666666,,1.0,0.45,3.923506428053816,,0,0,,0,0,0,0,0,,,,False,False,False,False,False
2025-06-18,6.85,6.9,6.77,6.87,124601.36,0.0,1.9274620924359178,,,,,,,,,,,,,,,,,,,,6.792083333333333,,1.0,0.4,3.957955894496289,,0,0,,0,0,0,0,0,,,,True,False,False,False,False
2025-06-19,6.83,6.87,6.63,6.67,172865.48,-2.911208151382827,2.674061180317288,,,,,,,,,,,,,,,,,,,,6.786666666666667,,1.0,0.4,4.042025026002936,,0,0,,0,0,0,0,0,,,,False,False,False,False,False
2025-06-20,6.63,6.77,6.58,6.63,165099.03,-0.5997001499250421,2.5539217374749392,,,,,,,,,,,,,,,,,,,,6.781000000000001,,1.125,0.4,4.090140273823136,,0,0,,0,0,0,0,0,,,,False,False,False,False,False
2025-06-23,6.57,6.79,6.55,6.73,134554.16,1.5082956259427016,2.08142224755458,,,,,,,,,,,,,,,,,,,,6.776833333333333,,1.4285714285714286,0.45,4.127408383037942,,0,0,,0,0,0,0,0,,,,True,False,False,False,False
2025-06-24,6.78,6.83,6.67,6.83,139887.57,1.4858841010401136,2.1639249232751228,,,,,,,,,,,,,,,,,,,,6.772833333333334,,1.4285714285714286,0.45,4.182223329337214,,0,0,,0,0,0,0,0,,,,True,False,False,False,False
2025-06-25,6.84,6.86,6.79,6.86,127113.0,0.43923865300146137,1.9663147252630857,,,,,,,,,,,,,,,,,,,,6.770333333333332,,1.5714285714285714,0.5,4.2338195032169805,,0,0,,0,0,0,0,0,,,,True,False,False,False,False
2025-06-26,6.89,7.01,6.85,6.88,257927.4,0.2915451895043608,3.9898865156893635,,,,,,,,,,,,,,,,,,,,6.76725,,1.375,0.55,4.384948361897316,,0,0,,0,0,0,0,0,,,,False,False,True,False,False
2025-06-27,6.86,6.93,6.82,6.87,147112.78,-0.14534883720930258,2.275691908682737,,,,,,,,,,,,,,,,,,,,6.76475,,1.375,0.5,4.435315374441012,,0,0,,0,0,0,0,0,,,,True,False,False,False,False
2025-06-30,6.91,7.02,6.89,7.0,233932.17,1.8922852983988436,3.6187035990319436,,,,,,,,,,,,,,,,,,,,6.763583333333333,,1.375,0.5,4.127033189466049,,0,0,,0,0,0,0,0,,,,True,False,False,False,False
2025-07-01,6.99,7.01,6.9,7.0,142191.0,0.0,2.199556749505428,,,,,,,,,,,,,,,,,,,,6.761916666666666,,1.375,0.45,3.8474738053374224,,0,0,,0,0,0,0,0,,,,True,False,False,False,False
2025-07-02,7.34,7.5,7.03,7.1,486583.18,1.4285714285714235,7.526969483053178,,,,,,,,,,,,,,,,,,,,6.761833333333333,,1.1111111111111112,0.45,3.85698357674658,,0,0,,0,0,0,0,0,,,,False,False,True,True,False
2025-07-03,7.1,7.43,7.1,7.37,621001.65,3.802816901408468,9.606292738017927,,,,,,,,,,,,,,,,,,,,6.765416666666667,,1.1111111111111112,0.45,3.842425394801301,,0,0,,0,0,0,0,0,,,,True,False,False,False,True
2025-07-04,7.28,7.33,6.99,7.0,386919.53,-5.02035278154681,5.985269558037905,,,,,,,,,,,,,,,,,,,,6.767833333333333,,1.1111111111111112,0.45,3.827141885539754,,0,0,,0,0,0,0,0,,,,False,False,False,False,False
2025-07-07,6.97,7.03,6.94,7.01,141893.2,0.14285714285713347,2.194950072570863,,,,,,,,,,,,,,,,,,,,6.7705,,1.375,0.5,3.7367645380138113,,0,0,,0,0,0,0,0,,,,True,False,False,False,False
2025-07-08,7.04,7.2,6.99,7.17,244325.25,2.2824536376604865,3.7794744583841524,,,,,,,,,,,,,,,,,,,,6.773750000000001,,1.375,0.5,3.5871478001540567,,0,0,,0,0,0,0,0,,,,True,False,False,False,False
2025-07-09,7.16,7.23,7.08,7.09,188089.76,-1.115760111576014,2.909566014170067,,,,,,,,,,,,,,,,,,,,6.776333333333333,,1.375,0.5,3.485186601500865,,0,0,,0,0,0,0,0,,,,False,False,False,False,False
2025-07-10,7.08,7.13,7.03,7.09,134456.49,0.0,2.0799113874598887,,,,,,,,,,,,,,,,,,,,6.779916666666667,,1.7142857142857142,0.5,3.444009445370746,,0,0,,0,0,0,0,0,,,,True,False,False,False,False
2025-07-11,7.1,7.11,7.02,7.07,128935.99,-0.2820874471085921,1.994514611041939,,,,,,,,,,,,,,,,,,,,6.783833333333333,,1.7142857142857142,0.5,3.4033531159891504,,0,0,,0,0,0,0,0,,,,False,False,False,False,False
2025-07-14,7.09,7.41,7.03,7.28,388675.47,2.970297029702973,6.012432245400161,,,,,,,,,,,,,,,,,,,,6.789583333333334,,1.7142857142857142,0.5,3.498516256340274,,0,0,,0,0,0,0,0,,,,True,False,True,False,False
2025-07-15,7.84,8.07,7.26,7.37,831998.74,1.2362637362637319,12.870212911836976,,,,,,,,,,,,,,,,,,,,6.796166666666667,,1.7142857142857142,0.55,4.020526957960174,,0,0,,0,0,0,0,0,,,,False,False,False,False,False
2025-07-16,7.24,7.34,7.04,7.13,484166.97,-3.256445047489831,7.489593059695002,,,,,,,,,,,,,,,,,,,,6.799333333333334,,1.375,0.55,4.298633506323127,,0,0,,0,0,0,0,0,,,,False,False,False,False,False
2025-07-17,7.06,7.17,7.05,7.12,257220.74,-0.14025245441794398,3.97895517142281,,,,,,,,,,,,,,,,,,,,6.803250000000001,,1.7142857142857142,0.55,4.363878205878403,,0,0,,0,0,0,0,0,,,,True,False,False,False,False
2025-07-18,7.13,7.41,7.07,7.35,454165.3,3.2303370786516794,7.025496346506864,,,,,,,,,,,,,,,,,,,,6.808333333333334,,1.8571428571428572,0.6,4.58745693633,,0,0,,0,0,0,0,0,,,,True,False,False,False,False
2025-07-21,7.25,7.36,7.19,7.32,301293.75,-0.40816326530611624,4.660721855787645,,,,,,,,,,,,,,,,,,,,6.810666666666666,,1.8571428571428572,0.55,4.716421916741654,,0,0,,0,0,0,0,0,,,,True,False,False,False,False
2025-07-22,7.31,7.31,7.18,7.25,258852.12,-0.9562841530054711,4.004191036491683,,,,,,,,,,,,,,,,,,,,6.813083333333334,,1.5,0.5,4.808435222402481,,0,0,,0,0,0,0,0,,,,False,False,False,False,False
2025-07-23,7.27,7.27,7.1,7.13,246260.17,-1.6551724137931045,3.809405792615946,,,,,,,,,,,,,,,,,,,,6.814000000000001,,1.2222222222222223,0.45,4.900589775770124,,0,0,,0,0,0,0,0,,,,False,False,False,False,False
2025-07-24,7.11,7.19,7.11,7.19,155109.0,0.8415147265077305,2.3993856703943104,,,,,,,,,,,,,,,,,,,,6.816416666666666,,1.5,0.45,4.821064733505372,,0,0,,0,0,0,0,0,,,,True,False,False,False,False
2025-07-25,7.2,7.23,7.1,7.12,125442.95,-0.9735744089012566,1.9404806728300095,,,,,,,,,,,,,,,,,,,,6.819166666666666,,1.2222222222222223,0.45,4.804304171712735,,0,0,,0,0,0,0,0,,,,False,False,False,False,False
2025-07-28,7.11,7.16,7.09,7.13,98451.0,0.1404494382022392,1.522941406597878,,,,,,,,,,,,,,,,,,,,6.821166666666667,,1.2222222222222223,0.45,4.699516062091031,,0,0,,0,0,0,0,0,,,,True,False,False,False,False
2025-07-29,7.12,7.16,7.05,7.15,116498.5,0.28050490883591017,1.802118713436561,,,,,,,,,,,,,,,,,,,,6.824,,1.2222222222222223,0.5,4.679644160287589,,0,0,,0,0,0,0,0,,,,True,False,False,False,False
2025-07-30,7.16,7.21,7.12,7.19,176340.39,0.5594405594405494,2.7278146650274593,,,,,,,,,,,,,,,,,,,,6.82725,,1.5,0.5,4.439686419386303,,0,0,,0,0,0,0,0,,,,True,False,False,False,False
2025-07-31,7.16,7.2,7.08,7.09,159158.98,-1.3908205841446475,2.46203492980146,,,,,,,,,,,,,,,,,,,,6.829083333333333,,1.2222222222222223,0.45,4.082473528975479,,0,0,,0,0,0,0,0,,,,False,False,False,False,False
2025-08-01,7.07,7.16,7.07,7.1,90322.0,0.14104372355430161,1.3971936671718268,,,,,,,,,,,,,,,,,,,,6.829916666666667,,1.5,0.5,3.853069734432175,,0,0,,0,0,0,0,0,,,,True,False,False,False,False
2025-08-04,7.09,7.13,7.03,7.12,80050.77,0.28169014084507005,1.2383077090435162,,,,,,,,,,,,,,,,,,,,6.83125,,1.5,0.5,3.8052376162558077,,0,0,,0,0,0,0,0,,,,True,False,False,False,False
2025-08-05,7.15,7.17,7.11,7.16,88415.92,0.561797752808979,1.3677084597459188,,,,,,,,,,,,,,,,,,,,6.8335,,1.5,0.5,3.6846493163238963,,0,0,,0,0,0,0,0,,,,True,False,False,False,False
2025-08-06,7.16,7.18,7.13,7.17,149959.32,0.13966480446927498,2.3197251194326243,,,,,,,,,,,,,,,,,,,,6.83525,,1.8571428571428572,0.55,3.6551572715870244,,0,0,,0,0,0,0,0,,,,True,False,False,False,False
2025-08-07,7.17,7.32,7.11,7.29,307744.5,1.673640167364021,4.760508696740111,,,,,,,,,,,,,,,,,,,,6.838833333333334,,1.8571428571428572,0.6,3.789187137051035,,0,0,,0,0,0,0,0,,,,True,False,True,True,False
2025-08-08,7.28,7.57,7.25,7.42,513530.86,1.7832647462276974,7.943823935356857,,,,,,,,,,,,,,,,,,,,6.843,,2.3333333333333335,0.65,4.0866526032667805,,0,0,,0,0,0,0,0,,,,True,False,True,True,True
2025-08-11,7.41,7.64,7.38,7.58,388739.04,2.156334231805923,6.013415611594689,,,,,,,,,,,,,,,,,,,,6.847833333333333,,2.3333333333333335,0.65,4.086701771576507,,0,0,,0,0,0,0,0,,,,True,False,True,True,True
2025-08-12,7.5,7.58,7.45,7.48,261362.3,-1.319261213720313,4.043021084536028,,,,,,,,,,,,,,,,,,,,6.852833333333333,,2.3333333333333335,0.6,3.64534218021146,,0,0,,0,0,0,0,0,,,,False,False,False,False,False
2025-08-13,7.47,7.55,7.43,7.47,183232.99,-0.13368983957220415,2.834436496589521,,,,,,,,,,,,,,,,,,,,6.857166666666667,,2.8,0.6,3.412584352056186,,0,0,,0,0,0,0,0,,,,False,False,False,False,False
2025-08-14,7.44,7.49,7.3,7.33,210839.3,-1.8741633199464536,3.2614793156810187,,,,,,,,,,,,,,,,,,,,6.8605,,2.1666666666666665,0.6,3.376710559269096,,0,0,,0,0,0,0,0,,,,False,False,False,False,False
2025-08-15,7.3,7.64,7.3,7.56,327603.1,3.137789904502042,5.0677019625989095,,,,,,,,,,,,,,,,,,,,6.865666666666667,,2.1666666666666665,0.6,3.2788208400736982,,0,0,,0,0,0,0,0,,,,True,False,False,False,False
2025-08-18,7.52,7.6,7.49,7.54,242428.0,-0.2645502645502562,3.750125842487231,,,,,,,,,,,,,,,,,,,,6.870083333333334,,2.1666666666666665,0.6,3.233291039408678,,0,0,,0,0,0,0,0,,,,True,False,False,False,False
2025-08-19,7.52,7.59,7.49,7.52,180612.7,-0.2652519893899252,2.793903153725615,,,,,,,,,,,,,,,,,,,,6.874,,2.6,0.6,3.1727766452703743,,0,0,,0,0,0,0,0,,,,False,False,False,False,False
2025-08-20,7.62,7.72,7.48,7.58,221328.79,0.7978723404255428,3.423741544150962,,,,,,,,,,,,,,,,,,,,6.877833333333332,,2.6,0.65,3.1534934328471254,,0,0,,0,0,0,0,0,,,,False,False,False,False,False
2025-08-21,7.57,7.59,7.46,7.5,250505.16,-1.055408970976257,3.8750716674327985,,,,,,,,,,,,,,,,,,,,6.881916666666666,,2.0,0.6,3.2272777326990494,,0,0,,0,0,0,0,0,,,,False,False,False,False,False
2025-08-22,7.59,7.64,7.48,7.56,221329.16,0.8000000000000007,3.4237472676918137,,,,,,,,,,,,,,,,,,,,6.887916666666667,,2.0,0.65,3.30144106244214,,0,0,,0,0,0,0,0,,,,False,False,False,False,False
2025-08-25,7.61,7.77,7.58,7.74,395646.74,2.3809523809523947,6.120271025499639,,,,,,,,,,,,,,,,,,,,6.895,7.05088,2.0,0.65,3.5313075433872276,,0,0,,0,0,0,0,0,,,,True,False,True,True,True
2025-08-26,7.69,7.76,7.61,7.69,278893.0,-0.6459948320413411,4.31420399701681,,,,,,,,,,,,,,,,,,,,6.901916666666667,7.055400000000001,1.8333333333333333,0.6,3.65691180756624,,0,0,,0,0,0,0,0,,,,False,False,False,False,False
2025-08-27,7.69,7.73,7.46,7.46,317422.7,-2.990897269180759,4.91022105640467,,,,,,,,,,,,,,,,,,,,6.90675,7.05896,1.4285714285714286,0.55,3.7660321271351007,,0,0,,0,0,0,0,0,,,,False,False,False,False,False
2025-08-28,7.43,7.66,7.36,7.6,343332.1,1.8766756032171594,5.31101432493528,,,,,,,,,,,,,,,,,,,,6.912083333333333,7.06364,1.8333333333333333,0.6,3.9084810968917916,,0,0,,0,0,0,0,0,,,,True,False,False,False,False
2025-08-29,7.59,7.6,7.47,7.48,184622.0,-1.5789473684210464,2.855923133019608,,,,,,,,,,,,,,,,,,,,6.917083333333334,7.06816,1.4285714285714286,0.55,3.981417570184181,,0,0,,0,0,0,0,0,,,,False,False,False,False,False
2025-09-01,7.43,7.51,7.34,7.36,189636.48,-1.6042780748663166,2.9334922712158367,,,,,,,,,,,,,,,,,,,,6.920916666666668,7.072559999999999,1.125,0.5,4.066176798292797,,0,0,,0,0,0,0,0,,,,False,False,False,False,False
2025-09-02,7.36,7.38,7.19,7.28,184274.0,-1.0869565217391353,2.8505399108126617,,,,,,,,,,,,,,,,,,,,6.924,7.076719999999999,0.8888888888888888,0.45,4.140318370846134,,0,0,,0,0,0,0,0,,,,False,False,False,False,False
2025-09-03,7.3,7.41,7.2,7.33,213989.23,0.6868131868131844,3.310205675239427,,,,,,,,,,,,,,,,,,,,6.927833333333333,7.081240000000001,0.8888888888888888,0.45,4.189842398636475,,0,0,,0,0,0,0,0,,,,True,False,False,False,False
2025-09-04,7.33,7.5,7.22,7.34,228576.64,0.13642564802183177,3.5358587483826143,,,,,,,,,,,,,,,,,,,,6.931749999999999,7.08616,0.8888888888888888,0.45,4.128609901218599,,0,0,,0,0,0,0,0,,,,True,False,False,False,False
2025-09-05,7.36,7.85,7.32,7.85,606260.06,6.948228882833796,9.378254649932595,,,,,,,,,,,,,,,,,,,,6.93875,7.0918399999999995,0.8888888888888888,0.45,4.200331436947386,,0,0,,0,0,0,0,0,,,,True,False,True,True,True
2025-09-08,7.87,7.9,7.7,7.82,381779.99,-0.3821656050955302,5.905765863033629,,,,,,,,,,,,,,,,,,,,6.944833333333334,7.097360000000001,0.7,0.4,4.1949489495193335,,0,0,,0,0,0,0,0,,,,False,False,False,False,False
2025-09-09,7.79,7.89,7.69,7.73,235805.19,-1.1508951406649648,3.6476774003481918,,,,,,,,,,,,,,,,,,,,6.949916666666667,7.10228,0.7,0.4,4.175181765309941,,0,0,,0,0,0,0,0,,,,False,False,False,False,False
2025-09-10,7.7,7.74,7.56,7.61,176541.9,-1.5523932729624823,2.7309318291278086,,,,,,,,,,,,,,,,,,,,6.953916666666667,7.10616,0.6363636363636364,0.4,4.170006531936855,,0,0,,0,0,0,0,0,,,,False,False,False,False,False
2025-09-11,7.62,7.69,7.52,7.68,196551.02,0.9198423127463773,3.0404534932814054,,,,,,,,,,,,,,,,,,,,6.95575,7.110360000000001,0.8,0.45,4.158955240816875,,0,0,,0,0,0,0,0,,,,True,False,False,False,False
2025-09-12,7.67,7.7,7.55,7.58,149886.85,-1.302083333333326,2.318604078877057,,,,,,,,,,,,,,,,,,,,6.954666666666666,7.114559999999999,0.6363636363636364,0.4,4.021500346630782,,0,0,,0,0,0,0,0,,,,False,False,False,False,False
2025-09-15,7.54,7.64,7.45,7.46,164576.97,-1.58311345646438,2.5458459760227603,,,,,,,,,,,,,,,,,,,,6.952666666666667,7.11804,0.5,0.4,3.961286353307559,,0,0,,0,0,0,0,0,,,,False,False,False,False,False
2025-09-16,7.46,7.49,7.34,7.47,152224.13,0.13404825737264314,2.354759531750193,,,,,,,,,,,,,,,,,,,,6.95325,7.12148,0.5833333333333334,0.45,3.939329172208788,,0,0,,0,0,0,0,0,,,,True,False,False,False,False
2025-09-17,7.47,7.74,7.41,7.71,303216.8,3.2128514056224855,4.6904695726412875,,,,,,,,,,,,,,,,,,,,6.955666666666667,7.12596,0.7272727272727273,0.45,4.002665573633304,,0,0,,0,0,0,0,0,,,,True,False,False,False,False
2025-09-18,7.68,7.95,7.59,7.78,512743.95,0.9079118028534339,7.931651201486546,,,,,,,,,,,,,,,,,,,,6.958666666666668,7.13156,0.9,0.5,4.205494550335992,,0,0,,0,0,0,0,0,,,,True,False,True,False,False
2025-09-19,7.72,7.88,7.64,7.67,265501.43,-1.4138817480719879,4.107049407907975,,,,,,,,,,,,,,,,,,,,6.9630833333333335,7.137080000000001,0.9,0.45,4.2396596573468,,0,0,,0,0,0,0,0,,,,False,False,False,False,False
2025-09-22,7.64,7.67,7.51,7.61,185087.0,-0.782268578878742,2.8631162316582,,,,,,,,,,,,,,,,,,,,6.967,7.14224,0.7272727272727273,0.4,4.076801917654728,,0,0,,0,0,0,0,0,,,,False,False,False,False,False
2025-09-23,7.6,7.83,7.37,7.6,270289.4,-0.13140604467806183,4.181114656270596,,,,,,,,,,,,,,,,,,,,6.970583333333334,7.14704,0.7272727272727273,0.4,4.070147450617418,,0,0,,0,0,0,0,0,,,,False,False,False,False,False
2025-09-24,7.54,7.72,7.49,7.64,186194.95,0.5263157894736858,2.8802551427047116,,,,,,,,,,,,,,,,,,,,6.974666666666667,7.15164,0.9,0.45,3.968649154932419,,0,0,,0,0,0,0,0,,,,True,False,False,False,False
2025-09-25,7.62,7.84,7.6,7.74,298882.27,1.308900523560208,4.6234186009382,,,,,,,,,,,,,,,,,,,,6.981,7.1568000000000005,0.9,0.45,3.934269368732566,,0,0,,0,0,0,0,0,,,,True,False,False,False,False
2025-09-26,7.71,8.16,7.69,8.06,772467.21,4.134366925064592,11.949317928189032,,,,,,,,,,,,,,,,,,,,6.998666666666667,7.16336,1.1111111111111112,0.5,4.388939108491036,,0,0,,0,0,0,0,0,,,,True,False,True,True,True
2025-09-29,8.19,8.4,8.06,8.1,766981.01,0.4962779156327368,11.864451739477111,,,,,,,,,,,,,,,,,,,,7.015333333333333,7.16964,1.1111111111111112,0.55,4.8354870819041,,0,0,,0,0,0,0,0,,,,False,False,False,False,True
2025-09-30,8.12,8.2,7.99,8.02,421387.0,-0.987654320987652,6.341249724948837,,,,,,,,,,,,,,,,,,,,7.030666666666666,7.176200000000001,1.1111111111111112,0.55,5.010022572610909,,0,0,,0,0,0,0,0,,,,False,False,False,False,False
2025-10-09,8.04,8.3,7.93,8.18,439031.8,1.9950124688279391,6.606777809931945,,,,,,,,,,,,,,,,,,,,7.046833333333334,7.18388,1.1111111111111112,0.55,5.174851179345534,,0,0,,0,0,0,0,0,,,,True,False,False,False,True
2025-10-10,8.11,8.36,8.06,8.28,462082.97,1.2224938875305513,6.953663749513018,,,,,,,,,,,,,,,,,,,,7.0640833333333335,7.190799999999999,1.1111111111111112,0.55,5.3457414294020555,,0,0,,0,0,0,0,0,,,,True,False,False,False,True
2025-10-13,7.94,8.32,7.92,8.18,340036.12,-1.207729468599028,5.117039567956937,,,,,,,,,,,,,,,,,,,,7.07925,7.19728,1.1111111111111112,0.5,5.132680675303272,,0,0,,0,0,0,0,0,,,,True,False,False,False,False
2025-10-14,8.23,8.47,8.02,8.06,413489.34,-1.4669926650366705,6.222401648708375,,,,,,,,,,,,,,,,,,,,7.09375,7.2025999999999994,1.1111111111111112,0.5,5.148512464587009,,0,0,,0,0,0,0,0,,,,False,False,False,False,False
2025-10-15,8.12,8.39,7.99,8.38,506071.17,3.970223325062028,7.6156209554804395,,,,,,,,,,,,,,,,,,,,7.1120833333333335,7.2076400000000005,1.375,0.55,5.346909642343621,,0,0,,0,0,0,0,0,,,,True,False,False,False,True
2025-10-16,8.28,8.32,8.01,8.06,412356.0,-3.8186157517899777,6.205346561666598,,,,,,,,,,,,,,,,,,,,7.127666666666666,7.20788,1.375,0.55,5.520630378970561,,0,0,,0,0,0,0,0,,,,False,False,False,False,False
2025-10-17,7.98,8.03,7.51,7.53,411901.14,-6.575682382133996,6.198501592908922,,,,,,,,,,,,,,,,,,,,7.138583333333334,7.20336,1.1111111111111112,0.5,5.678532783951938,,0,0,,0,0,0,0,0,,,,False,False,False,False,False
2025-10-20,7.66,7.83,7.63,7.68,254702.4,1.9920318725099584,3.832893572758079,,,,,,,,,,,,,,,,,,,,7.148,7.20316,1.375,0.55,5.754247258645988,,0,0,,0,0,0,0,0,,,,True,False,False,False,False
2025-10-21,7.74,7.89,7.64,7.71,202852.97,0.390625,3.052636508049737,,,,,,,,,,,,,,,,,,,,7.159166666666667,7.20232,1.375,0.6,5.7795867852473375,,0,0,,0,0,0,0,0,,,,False,False,False,False,False
2025-10-22,7.67,8.0,7.61,7.88,318042.67,2.204928664072625,4.786070746509726,,,,,,,,,,,,,,,,,,,,7.172,7.204479999999999,1.375,0.6,5.901152345985314,,0,0,,0,0,0,0,0,,,,True,False,False,False,False
2025-10-23,7.85,8.07,7.75,8.0,312745.3,1.522842639593902,4.706353180340261,,,,,,,,,,,,,,,,,,,,7.185916666666667,7.20648,1.375,0.6,5.901946526370262,,0,0,,0,0,0,0,0,,,,True,False,False,False,False
2025-10-24,8.01,8.88,8.01,8.44,910120.32,5.499999999999994,13.695961737951922,,,,,,,,,,,,,,,,,,,,7.20325,7.21096,1.375,0.6,6.190162053193531,,0,0,,0,0,0,0,0,,,,True,False,True,False,True
2025-10-27,8.58,8.59,8.17,8.22,538784.57,-2.6066350710900354,8.107909134166876,,,,,,,,,,,,,,,,,,,,7.2195833333333335,7.2145600000000005,1.375,0.6,6.390205039506476,,0,0,,0,0,0,0,0,,,,False,False,False,False,False
2025-10-28,8.95,9.15,8.4,8.42,914020.11,2.4330900243308973,13.754647796764507,,,,,,,,,,,,,,,,,,,,7.237916666666666,7.219200000000001,1.375,0.65,6.934781617761791,,0,0,,0,0,0,0,0,,,,False,False,False,False,False
2025-10-29,8.39,8.49,8.19,8.49,538754.5,0.8313539192399189,8.107456625239857,,,,,,,,,,,,,,,,,,,,7.256583333333333,7.2232400000000005,1.5,0.7,7.1310987162102535,,0,0,,0,0,0,0,0,,,,True,False,False,False,True
2025-10-30,8.43,8.74,8.32,8.54,582397.72,0.5889281507655886,8.764222393573675,,,,,,,,,,,,,,,,,,,,7.27425,7.22696,1.5,0.7,7.425297078753703,,0,0,,0,0,0,0,0,,,,True,False,False,False,True
2025-10-31,8.49,8.7,8.36,8.41,479523.85,-1.5222482435597096,7.216123140768242,,,,,,,,,,,,,,,,,,,,7.289916666666667,7.22808,1.2222222222222223,0.65,7.554932305745204,,0,0,,0,0,0,0,0,,,,False,False,False,False,False
2025-11-03,8.41,8.61,8.33,8.51,347887.42,1.189060642092743,5.235189994917167,,,,,,,,,,,,,,,,,,,,7.306333333333333,7.2261999999999995,1.2222222222222223,0.65,7.219225909081611,,0,0,,0,0,0,0,0,,,,True,False,False,False,False
2025-11-04,8.49,8.52,8.26,8.32,250097.65,-2.232667450058745,3.763598910912891,,,,,,,,,,,,,,,,,,,,7.321583333333334,7.22608,1.2222222222222223,0.6,6.8141832676534,,0,0,,0,0,0,0,0,,,,False,False,False,False,False
2025-11-05,8.23,8.64,8.17,8.6,455638.15,3.3653846153846034,6.856678761717132,,,,,,,,,,,,,,,,,,,,7.3385,7.2251199999999995,1.5,0.65,6.839954719491816,,0,0,,0,0,0,0,0,,,,True,False,False,False,True
2025-11-06,8.54,8.62,8.44,8.49,359916.34,-1.2790697674418539,5.416207410360529,,,,,,,,,,,,,,,,,,,,7.3545,7.225,1.2222222222222223,0.6,6.780426199513245,,0,0,,0,0,0,0,0,,,,False,False,False,False,False
2025-11-07,8.46,8.55,8.36,8.45,227857.0,-0.4711425206124997,3.4289100958920593,,,,,,,,,,,,,,,,,,,,7.370500000000001,7.22604,1.0,0.55,6.604188516832197,,0,0,,0,0,0,0,0,,,,False,False,False,False,False
2025-11-10,8.55,8.73,8.43,8.6,419518.94,1.775147928994092,6.313138190987923,,,,,,,,,,,,,,,,,,,,7.388333333333334,7.22908,1.0,0.6,6.663993447983745,,0,0,,0,0,0,0,0,,,,True,False,False,False,False
2025-11-11,8.74,8.95,8.64,8.68,825689.09,0.9302325581395321,12.425396879485499,,,,,,,,,,,,,,,,,,,,7.406916666666667,7.23128,1.0,0.65,6.974143209522602,,0,0,,0,0,0,0,0,,,,False,False,False,False,True
2025-11-12,8.54,8.61,8.13,8.26,556216.26,-4.8387096774193505,8.370230229544507,,,,,,,,,,,,,,,,,,,,7.42175,7.23316,0.8181818181818182,0.6,7.011873673225805,,0,0,,0,0,0,0,0,,,,False,False,False,False,False
2025-11-13,8.22,8.46,8.18,8.34,355967.44,0.9685230024213176,5.356782318844059,,,,,,,,,,,,,,,,,,,,7.437166666666667,7.2352799999999995,1.0,0.65,6.969445461084679,,0,0,,0,0,0,0,0,,,,True,False,False,False,False
2025-11-14,8.28,8.46,8.16,8.23,314311.22,-1.318944844124692,4.729917955165521,,,,,,,,,,,,,,,,,,,,7.4519166666666665,7.235759999999999,1.0,0.65,6.896016279197509,,0,0,,0,0,0,0,0,,,,False,False,False,False,False
2025-11-17,8.25,8.28,7.99,8.09,308001.64,-1.7010935601458166,4.634968128902388,,,,,,,,,,,,,,,,,,,,7.46675,7.235360000000001,0.8181818181818182,0.6,6.936120007004725,,0,0,,0,0,0,0,0,,,,False,False,False,False,False
2025-11-18,8.04,8.08,7.8,7.85,261813.75,-2.966625463535233,3.9399088490516405,,,,,,,,,,,,,,,,,,,,7.48025,7.23384,0.8181818181818182,0.55,6.980483624054818,,0,0,,0,0,0,0,0,,,,False,False,False,False,False
2025-11-19,7.83,7.9,7.7,7.74,168099.64,-1.401273885350307,2.5296504066665526,,,,,,,,,,,,,,,,,,,,7.492666666666667,7.23256,0.6666666666666666,0.5,6.867662607062661,,0,0,,0,0,0,0,0,,,,False,False,False,False,False
2025-11-20,7.81,7.84,7.66,7.71,130721.52,-0.3875968992248069,1.9671651065289004,,,,,,,,,,,,,,,,,,,,7.505,7.23052,0.5384615384615384,0.45,6.730703203372092,,0,0,,0,0,0,0,0,,,,False,False,False,False,False
2025-11-21,7.62,7.7,7.31,7.33,233565.71,-4.928664072632937,3.5148177193292147,,,,,,,,,,,,,,,,,,,,7.514166666666666,7.22648,0.42857142857142855,0.4,6.2216460024409574,,0,0,,0,0,0,0,0,,,,False,False,False,False,False
2025-11-24,7.4,7.62,7.35,7.57,211700.28,3.2742155525238736,3.185775409117015,,,,,,,,,,,,,,,,,,,,7.5245,7.22356,0.5384615384615384,0.45,5.975539316188464,,0,0,,0,0,0,0,0,,,,True,False,False,False,False
2025-11-25,7.58,7.66,7.49,7.54,188379.75,-0.39630118890356947,2.834836000810254,,,,,,,,,,,,,,,,,,,,7.530916666666666,7.22208,0.5384615384615384,0.4,5.429548726390752,,0,0,,0,0,0,0,0,,,,False,False,False,False,False
2025-11-26,7.65,7.74,7.48,7.48,181832.0,-0.7957559681697535,2.7363020690882656,,,,,,,,,,,,,,,,,,,,7.536083333333333,7.22144,0.42857142857142855,0.35,5.160990998583172,,0,0,,0,0,0,0,0,,,,False,False,False,False,False
2025-11-27,7.47,8.09,7.46,7.82,463961.52,4.545454545454541,6.981933142424528,,,,,,,,,,,,,,,,,,,,7.543583333333333,7.222600000000001,0.42857142857142855,0.35,5.071876536025714,,0,0,,0,0,0,0,0,,,,True,False,False,False,False
2025-11-28,7.77,7.85,7.72,7.83,231206.0,0.12787723785165905,3.479307581644713,,,,,,,,,,,,,,,,,,,,7.549083333333333,7.223,0.5384615384615384,0.4,4.885035758069537,,0,0,,0,0,0,0,0,,,,True,False,False,False,False
2025-12-01,7.8,7.96,7.79,7.86,199008.57,0.3831417624521105,2.9947839866321493,,,,,,,,,,,,,,,,,,,,7.556916666666666,7.22344,0.5384615384615384,0.4,4.773015457655287,,0,0,,0,0,0,0,0,,,,True,False,False,False,False
2025-12-02,7.81,8.25,7.76,8.21,484408.19,4.452926208651409,7.289625217675115,,,,,,,,,,,,,,,,,,,,7.567916666666666,7.22532,0.6666666666666666,0.45,4.949316772993398,,0,0,,0,0,0,0,0,,,,True,False,True,True,False
2025-12-03,8.11,8.5,8.11,8.25,538036.93,0.4872107186357999,8.09665826039915,,,,,,,,,,,,,,,,,,,,7.57775,7.228599999999999,0.6666666666666666,0.45,5.011315747927499,,0,0,,0,0,0,0,0,,,,True,False,False,False,False
2025-12-04,8.24,8.38,8.18,8.31,314369.75,0.727272727272732,4.730798744906071,,,,,,,,,,,,,,,,,,,,7.589333333333332,7.23064,0.8181818181818182,0.5,4.9770453146547755,,0,0,,0,0,0,0,0,,,,True,False,False,False,False
2025-12-05,8.24,9.08,8.24,9.04,1083438.41,8.784596871239447,16.304142081771637,,,,,,,,,,,,,,,,,,,,7.6080000000000005,7.236440000000001,1.0,0.55,5.620806913948756,,0,0,,0,0,0,0,0,,,,True,False,True,True,True
2025-12-08,8.93,9.11,8.73,8.88,908505.58,-1.7699115044247593,13.67166229449291,,,,,,,,,,,,,,,,,,,,7.625916666666667,7.2406,0.8181818181818182,0.5,5.988733119124005,,0,0,,0,0,0,0,0,,,,False,False,False,False,False
2025-12-09,8.82,8.9,8.67,8.76,409457.23,-1.3513513513513598,6.161724370034701,,,,,,,,,,,,,,,,,,,,7.6410833333333334,7.244719999999999,0.8181818181818182,0.45,5.675549493651465,,0,0,,0,0,0,0,0,,,,False,False,False,False,False
2025-12-10,8.73,8.82,8.52,8.6,304641.56,-1.82648401826484,4.5844039055737,,,,,,,,,,,,,,,,,,,,7.655500000000001,7.24812,0.8181818181818182,0.45,5.486258177452925,,0,0,,0,0,0,0,0,,,,False,False,False,False,False
2025-12-11,8.66,9.39,8.64,8.89,922528.99,3.372093023255829,13.882693827989065,,,,,,,,,,,,,,,,,,,,7.6723333333333334,7.2516799999999995,0.8181818181818182,0.45,5.912553752910175,,0,0,,0,0,0,0,0,,,,True,False,False,False,False
2025-12-12,8.83,9.02,8.73,8.95,724862.6,0.6749156355455366,10.908107660833625,,,,,,,,,,,,,,,,,,,,7.691333333333333,7.25576,1.0,0.5,6.22146323819358,,0,0,,0,0,0,0,0,,,,True,False,False,False,False
2025-12-15,9.04,9.33,8.75,8.98,831533.09,0.3351955307262733,12.513340416881292,,,,,,,,,,,,,,,,,,,,7.710916666666666,7.26104,1.0,0.55,6.615381852592526,,0,0,,0,0,0,0,0,,,,False,False,False,False,False
2025-12-16,8.73,8.81,8.48,8.59,663247.74,-4.342984409799566,9.980895349994038,,,,,,,,,,,,,,,,,,,,7.726416666666666,7.264639999999999,1.0,0.55,6.917431177639645,,0,0,,0,0,0,0,0,,,,False,False,False,False,False
2025-12-17,8.53,8.63,8.33,8.49,383222.48,-1.1641443538998764,5.766930270497692,,,,,,,,,,,,,,,,,,,,7.7402500000000005,7.26744,1.0,0.55,7.079295170831202,,0,0,,0,0,0,0,0,,,,False,False,False,False,False
2025-12-18,8.45,8.74,8.35,8.53,372806.48,0.4711425206124664,5.610184910211145,,,,,,,,,,,,,,,,,,,,7.754166666666666,7.2708,1.2222222222222223,0.6,7.261446161015314,,0,0,,0,0,0,0,0,,,,True,False,False,False,False
2025-12-19,8.55,8.86,8.49,8.65,337265.0,1.406799531066838,5.075338319608505,,,,,,,,,,,,,,,,,,,,7.768916666666667,7.274559999999999,1.5,0.65,7.339472191029278,,0,0,,0,0,0,0,0,,,,True,False,False,False,False
2025-12-22,8.63,8.8,8.54,8.58,303191.85,-0.8092485549133,4.562587918989501,,,,,,,,,,,,,,,,,,,,7.783166666666667,7.27796,1.2222222222222223,0.6,7.408312816522903,,0,0,,0,0,0,0,0,,,,False,False,False,False,False
2025-12-23,8.58,8.68,8.39,8.43,317451.81,-1.7482517482517501,4.777179179345851,,,,,,,,,,,,,,,,,,,,7.795083333333333,7.28048,1.2222222222222223,0.6,7.505429975449684,,0,0,,0,0,0,0,0,,,,False,False,False,False,False
2025-12-24,8.39,9.07,8.31,8.86,607531.29,5.100830367734277,9.1424453663979,,,,,,,,,,,,,,,,,,,,7.810583333333333,7.2853200000000005,1.5,0.65,7.825737140315164,,0,0,,0,0,0,0,0,,,,True,False,False,False,False
2025-12-25,8.93,10.1,8.87,9.83,1344511.82,10.948081264108357,20.23290991123471,,,,,,,,,,,,,,,,,,,,7.833333333333333,7.29448,1.5,0.65,8.488285978755673,,0,0,,0,0,0,0,0,,,,True,False,True,True,True
2025-12-26,9.87,10.47,9.87,10.15,1202594.55,3.2553407934893253,18.097265362748423,,,,,,,,,,,,,,,,,,,,7.8565,7.3058000000000005,1.5,0.65,9.219183867810859,,0,0,,0,0,0,0,0,,,,True,False,True,True,True
2025-12-29,10.58,11.06,10.31,10.61,1386522.98,4.532019704433488,20.865115595783074,,,,,,,,,,,,,,,,,,,,7.886583333333333,7.319,1.5,0.65,10.112700448268406,,0,0,,0,0,0,0,0,,,,True,False,True,True,True
2025-12-30,10.33,10.6,9.83,9.92,1091030.89,-6.503298774740807,16.41839765138266,,,,,,,,,,,,,,,,,,,,7.910833333333333,7.32976,1.2222222222222223,0.6,10.569139069953781,,0,0,,0,0,0,0,0,,,,False,False,False,False,False
2025-12-31,9.91,10.89,9.63,10.38,1160072.04,4.63709677419355,16.1410268366504,,,,,,,,,,,,,,,,,,,,7.937583333333333,7.34204,1.2222222222222223,0.6,10.971357498766345,,0,0,,0,0,0,0,0,,,,True,False,False,False,False
2026-01-05,10.73,10.89,10.19,10.51,1094048.89,1.2524084778420042,15.222392993884743,,,,,,,,,,,,,,,,,,,,7.966083333333333,7.35544,1.0,0.6,11.49593721121528,,0,0,,0,0,0,0,0,,,,False,False,False,False,False
2026-01-06,10.35,11.75,10.11,11.35,1549179.77,7.9923882017126635,21.554999500174052,,,,,,,,,,,,,,,,,,,,8.001583333333333,7.37184,1.0,0.6,11.758480082135401,,0,0,,0,0,0,0,0,,,,True,False,True,True,True
2026-01-07,11.31,11.74,10.88,11.57,1660647.91,1.938325991189438,23.105946490648456,,,,,,,,,,,,,,,,,,,,8.039083333333334,7.3894400000000005,1.2222222222222223,0.65,12.230194291943176,,0,0,,0,0,0,0,0,,,,True,False,False,False,True
2026-01-08,11.37,13.88,11.24,13.88,1768824.94,19.965427830596383,24.61110158803287,,,,,,,,,,,,,,,,,,,,8.094083333333334,7.416399999999999,1.5,0.7,13.152663152843084,,0,0,,0,0,0,0,0,,,,True,False,True,True,True
2026-01-09,16.65,16.66,14.75,15.24,2536365.67,9.798270893371752,35.29052070510102,,,,,,,,,,,,,,,,,,,,8.159666666666666,7.44856,1.5,0.75,14.68796899281945,,0,0,,0,0,0,0,0,,,,False,False,True,True,True
2026-01-12,16.17,17.66,16.17,16.86,2061458.17,10.629921259842522,28.68274598239797,,,,,,,,,,,,,,,,,,,,8.24075,7.48756,1.5,0.75,15.427971600539896,,0,0,,0,0,0,0,0,,,,True,False,True,True,True
2026-01-13,16.87,18.27,14.89,16.62,2041889.88,-1.4234875444839812,28.41047643089895,,,,,,,,,,,,,,,,,,,,8.319916666666666,7.52628,1.2222222222222223,0.7,16.303090039043163,,0,0,,0,0,0,0,0,,,,False,False,False,False,False
2026-01-14,16.57,17.74,15.33,15.68,1961960.98,-5.655836341756926,27.298360566160113,,,,,,,,,,,,,,,,,,,,8.389333333333333,7.5621599999999995,1.2222222222222223,0.65,17.042341046507104,,0,0,,0,0,0,0,0,,,,False,False,False,False,False
2026-01-15,14.84,15.45,14.35,14.71,1354204.58,-6.186224489795911,18.842150930639516,,,,,,,,,,,,,,,,,,,,8.450916666666666,7.59424,1.2222222222222223,0.65,17.48540382553938,,0,0,,0,0,0,0,0,,,,False,False,False,False,False
2026-01-16,15.21,15.39,14.26,14.29,1031945.79,-2.8552005438477357,14.358301998519332,,,,,,,,,,,,,,,,,,,,8.509583333333333,7.62428,1.2222222222222223,0.65,17.91497241194046,,0,0,,0,0,0,0,0,,,,False,False,False,False,False
2026-01-19,14.55,16.74,14.48,16.1,1760098.47,12.666200139958029,24.48968310572963,,,,,,,,,,,,,,,,,,,,8.584333333333332,7.66156,1.2222222222222223,0.65,18.858947321716386,,0,0,,0,0,0,0,0,,,,True,False,False,False,False
2026-01-20,15.81,16.25,14.68,14.92,1403814.29,-7.3291925465838625,19.532411218671665,,,,,,,,,,,,,,,,,,,,8.648750000000001,7.694599999999999,1.0,0.6,19.58180096666954,,0,0,,0,0,0,0,0,,,,False,False,False,False,False
2026-01-21,14.74,15.84,14.73,15.39,1087674.74,3.150134048257369,15.13370425502777,,,,,,,,,,,,,,,,,,,,8.717666666666666,7.729760000000001,1.2222222222222223,0.65,20.110356783471456,,0,0,,0,0,0,0,0,,,,True,False,False,False,False
2026-01-22,15.52,16.31,15.5,15.54,1082400.78,0.9746588693956948,15.060323355428276,,,,,,,,,,,,,,,,,,,,8.787749999999999,7.765560000000001,1.5,0.7,20.624513992275574,,0,0,,0,0,0,0,0,,,,True,False,False,False,False
2026-01-23,15.75,16.95,15.67,16.49,1476409.49,6.113256113256105,20.542487344126776,,,,,,,,,,,,,,,,,,,,8.865583333333332,7.8052,1.5,0.7,21.19451609116202,,0,0,,0,0,0,0,0,,,,True,False,False,False,False
2026-01-26,16.37,16.55,14.76,14.82,1259203.65,-10.127349909035765,17.520325640688778,,,,,,,,,,,,,,,,,,,,8.929166666666667,7.837479999999999,1.2222222222222223,0.65,21.058886877634723,,0,0,,0,0,0,0,0,,,,False,False,False,False,False
2026-01-27,14.65,15.08,14.31,14.98,875102.52,1.0796221322537214,12.176013879397,,,,,,,,,,,,,,,,,,,,8.994916666666667,7.8708,1.2222222222222223,0.65,20.762824303467152,,0,0,,0,0,0,0,0,,,,True,False,False,False,False
2026-01-28,14.98,15.06,14.2,14.32,681234.91,-4.405874499332441,9.478575972206967,,,,,,,,,,,,,,,,,,,,9.055083333333334,7.90112,1.0,0.6,20.193497322288344,,0,0,,0,0,0,0,0,,,,False,False,False,False,False
2026-01-29,14.24,14.56,13.77,14.08,648944.5,-1.6759776536312887,9.02929320665006,,,,,,,,,,,,,,,,,,,,9.113083333333332,7.92928,1.0,0.6,19.824042100051717,,0,0,,0,0,0,0,0,,,,False,False,False,False,False
2026-01-30,13.86,14.1,13.18,13.58,685260.97,-3.5511363636363646,9.534593823051786,,,,,,,,,,,,,,,,,,,,9.166583333333334,7.955760000000001,0.8181818181818182,0.55,19.493720449371786,,0,0,,0,0,0,0,0,,,,False,False,False,False,False
2026-02-02,13.7,13.92,13.41,13.59,632742.61,0.07363770250368162,8.803863119313018,,,,,,,,,,,,,,,,,,,,9.220083333333333,7.98204,0.8181818181818182,0.55,19.1727939556432,,0,0,,0,0,0,0,0,,,,False,False,False,False,False
2026-02-03,13.77,14.32,13.42,14.18,750582.68,4.341427520235475,10.443467959976847,,,,,,,,,,,,,,,,,,,,9.277500000000002,8.01116,0.8181818181818182,0.55,18.61721737863334,,0,0,,0,0,0,0,0,,,,True,False,False,False,False
2026-02-04,13.99,14.45,13.81,14.03,565695.2,-1.057827926657262,7.870977913202973,,,,,,,,,,,,,,,,,,,,9.332583333333334,8.04012,0.8181818181818182,0.5,17.855468949761065,,0,0,,0,0,0,0,0,,,,True,False,False,False,False
2026-02-05,13.84,14.14,13.59,13.71,467812.65,-2.2808267997148857,6.5090582979437555,,,,,,,,,,,,,,,,,,,,9.383666666666667,8.0674,0.6666666666666666,0.45,16.950366785256612,,0,0,,0,0,0,0,0,,,,False,False,False,False,False
2026-02-06,13.54,14.08,13.52,13.65,432260.7,-0.4376367614879695,6.0143950707830935,,,,,,,,,,,,,,,,,,,,9.435083333333333,8.09476,0.8181818181818182,0.4,15.486560503540716,,0,0,,0,0,0,0,0,,,,True,False,False,False,False
2026-02-09,13.84,13.97,13.6,13.77,479384.6,0.879120879120876,6.670068260309865,,,,,,,,,,,,,,,,,,,,9.487583333333333,8.12264,0.6666666666666666,0.4,14.385926617436308,,0,0,,0,0,0,0,0,,,,False,False,False,False,False
2026-02-10,13.75,13.75,13.24,13.48,437671.5,-2.1060275962236696,6.089679936719305,,,,,,,,,,,,,,,,,,,,9.538833333333335,8.149080000000001,0.6666666666666666,0.4,13.269886792727325,,0,0,,0,0,0,0,0,,,,False,False,False,False,False
2026-02-11,13.48,13.89,13.41,13.42,404406.13,-0.4451038575667643,5.626831758858639,,,,,,,,,,,,,,,,,,,,9.587666666666667,8.174760000000001,0.6666666666666666,0.4,12.186310352362252,,0,0,,0,0,0,0,0,,,,False,False,False,False,False
2026-02-12,13.42,13.53,13.29,13.31,325677.43,-0.8196721311475419,4.531415253936585,,,,,,,,,,,,,,,,,,,,9.63575,8.20016,0.6666666666666666,0.4,11.470773568527106,,0,0,,0,0,0,0,0,,,,False,False,False,False,False
2026-02-13,13.24,13.75,13.14,13.36,339820.26,0.37565740045077956,4.728195962983054,,,,,,,,,,,,,,,,,,,,9.684416666666666,8.22604,0.8181818181818182,0.45,10.989268266750292,,0,0,,0,0,0,0,0,,,,True,False,False,False,False
2026-02-24,13.47,13.78,13.42,13.45,333952.4,0.6736526946107713,4.646551649123281,,,,,,,,,,,,,,,,,,,,9.733333333333333,8.252,0.6666666666666666,0.45,9.997111693919974,,0,0,,0,0,0,0,0,,,,False,False,False,False,False
2026-02-25,13.45,13.81,13.34,13.77,353770.65,2.379182156133841,4.92229909762264,,,,,,,,,,,,,,,,,,,,9.785583333333333,8.279639999999999,0.8181818181818182,0.5,9.266606087867522,,0,0,,0,0,0,0,0,,,,True,False,False,False,False
2026-02-26,13.77,14.37,13.6,14.19,715700.16,3.05010893246187,9.958119057463865,,,,,,,,,,,,,,,,,,,,9.840833333333334,8.308720000000001,0.8181818181818182,0.5,9.007826827989328,,0,0,,0,0,0,0,0,,,,True,False,True,False,False
2026-02-27,14.09,15.0,14.0,14.34,750484.89,1.0570824524313016,10.442107328085093,,,,,,,,,,,,,,,,,,,,9.895833333333334,8.33808,0.8181818181818182,0.5,8.77691602662217,,0,0,,0,0,0,0,0,,,,True,False,False,False,False
2026-03-02,14.06,14.54,13.97,14.05,561149.55,-2.022315202231517,7.80773058363194,,,,,,,,,,,,,,,,,,,,9.948833333333335,8.366760000000001,0.6666666666666666,0.45,8.140178188597428,,0,0,,0,0,0,0,0,,,,False,False,False,False,False
2026-03-03,14.05,14.08,12.76,12.79,769139.87,-8.96797153024912,10.701669253926505,,,,,,,,,,,,,,,,,,,,9.99325,8.39012,0.6666666666666666,0.45,7.799245369259313,,0,0,,0,0,0,0,0,,,,False,False,False,False,False
2026-03-04,12.65,13.53,12.53,13.17,504025.83,2.9710711493354136,7.012921756475565,,,,,,,,,,,,,,,,,,,,10.039666666666667,8.41508,0.6666666666666666,0.45,7.541090763113242,,0,0,,0,0,0,0,0,,,,True,False,False,False,False
2026-03-05,13.38,13.69,13.24,13.39,369828.41,1.6704631738800435,5.14572378691736,,,,,,,,,,,,,,,,,,,,10.088916666666668,8.44088,0.8181818181818182,0.5,7.324448153848762,,0,0,,0,0,0,0,0,,,,True,False,False,False,False
2026-03-06,13.27,13.97,13.23,13.59,468765.85,1.4936519790888614,6.522320945650267,,,,,,,,,,,,,,,,,,,,10.140833333333331,8.4672,1.0,0.55,7.1990995407987715,,0,0,,0,0,0,0,0,,,,True,False,False,False,False
2026-03-09,13.26,13.66,12.95,13.58,454883.31,-0.07358351729211954,6.32916186330494,,,,,,,,,,,,,,,,,,,,10.193333333333333,8.493319999999999,1.2222222222222223,0.55,7.03882794281143,,0,0,,0,0,0,0,0,,,,True,False,False,False,False
2026-03-10,13.68,14.28,13.62,13.96,436344.89,2.798232695139924,6.071221731648033,,,,,,,,,,,,,,,,,,,,10.248583333333334,8.52068,1.5,0.55,6.902195873428179,,0,0,,0,0,0,0,0,,,,True,False,False,False,False
2026-03-11,13.96,14.56,13.83,14.28,822834.25,2.2922636103151817,11.448762881454417,,,,,,,,,,,,,,,,,,,,10.306416666666667,8.549760000000001,1.5,0.55,6.95246061950206,,0,0,,0,0,0,0,0,,,,True,False,False,False,False
2026-03-12,14.15,14.85,13.77,14.63,1049869.74,2.4509803921568762,14.607692508757625,,,,,,,,,,,,,,,,,,,,10.362916666666667,8.58092,1.5,0.6,7.289296349279792,,0,0,,0,0,0,0,0,,,,True,False,True,False,False
2026-03-13,14.58,15.85,14.11,15.43,1613236.45,5.468215994531778,22.446272244706993,,,,,,,,,,,,,,,,,,,,10.426333333333334,8.61508,1.8571428571428572,0.65,8.086157046617952,,0,0,,0,0,0,0,0,,,,True,False,True,True,False
2026-03-16,15.44,16.37,14.58,14.75,1409448.4,-4.406999351911855,19.610803178459474,,,,,,,,,,,,,,,,,,,,10.484833333333334,8.646640000000001,1.5,0.65,8.765977452001772,,0,0,,0,0,0,0,0,,,,False,False,False,False,False
2026-03-17,14.24,14.83,13.78,13.8,840850.69,-6.440677966101694,11.699440280369144,,,,,,,,,,,,,,,,,,,,10.536416666666666,8.67432,1.5,0.6,9.017446053004736,,0,0,,0,0,0,0,0,,,,False,False,False,False,False
2026-03-18,13.59,14.82,13.39,14.26,899117.88,3.3333333333333215,12.510159136662075,,,,,,,,,,,,,,,,,,,,10.59125,8.703520000000001,1.8571428571428572,0.65,9.338470013001874,,0,0,,0,0,0,0,0,,,,True,False,False,False,False
2026-03-19,13.83,14.38,13.79,13.9,603439.23,-2.524544179523136,8.396141334220635,,,,,,,,,,,,,,,,,,,,10.643916666666666,8.7316,2.3333333333333335,0.65,9.476935491769975,,0,0,,0,0,0,0,0,,,,True,False,False,False,False
2026-03-20,13.86,14.18,13.24,13.28,619315.84,-4.460431654676267,8.617045536070918,,,,,,,,,,,,,,,,,,,,10.692416666666666,8.757119999999999,2.3333333333333335,0.65,9.681217005876691,,0,0,,0,0,0,0,0,,,,False,False,False,False,False
2026-03-23,12.9,13.43,12.58,12.74,545776.04,-4.0662650602409585,7.593826421711519,,,,,,,,,,,,,,,,,,,,10.736333333333334,8.78044,1.8571428571428572,0.6,9.824498528813114,,0,0,,0,0,0,0,0,,,,False,False,False,False,False
2026-03-24,12.93,13.04,11.78,12.41,825228.6,-2.590266875981162,11.482077422511999,,,,,,,,,,,,,,,,,,,,10.7755,8.8026,1.8571428571428572,0.55,10.16627481748255,,0,0,,0,0,0,0,0,,,,False,False,False,False,False
2026-03-25,12.36,12.79,12.33,12.42,499862.17,0.08058017727639033,6.954989364795228,,,,,,,,,,,,,,,,,,,,10.814166666666667,8.824800000000002,1.8571428571428572,0.55,10.267909330841182,,0,0,,0,0,0,0,0,,,,True,False,False,False,False
2026-03-26,12.4,12.63,11.95,12.14,449429.09,-2.254428341384862,6.25327285955566,,,,,,,,,,,,,,,,,,,,10.851416666666667,8.84532,1.5,0.5,10.08266702094577,,0,0,,0,0,0,0,0,,,,False,False,False,False,False
2026-03-27,11.91,12.54,11.77,12.38,396428.75,1.976935749588149,5.515835975643178,,,,,,,,,,,,,,,,,,,,10.891166666666667,8.86648,1.5,0.5,9.836353453323675,,0,0,,0,0,0,0,0,,,,True,False,False,False,False
2026-03-30,12.31,13.3,12.21,13.04,643252.77,5.331179321486257,8.950099532887377,,,,,,,,,,,,,,,,,,,,10.936499999999999,8.89016,1.8571428571428572,0.55,9.893471900786446,,0,0,,0,0,0,0,0,,,,True,False,False,False,False
2026-03-31,12.92,13.29,12.47,12.5,636003.05,-4.1411042944785255,8.84922827572114,,,,,,,,,,,,,,,,,,,,10.977,8.91164,1.8571428571428572,0.55,9.800849851876178,,0,0,,0,0,0,0,0,,,,False,False,False,False,False
2026-04-01,12.86,13.0,12.39,12.64,419856.41,1.1200000000000099,5.841804084296086,,,,,,,,,,,,,,,,,,,,11.017833333333334,8.93236,1.5,0.55,9.742293968267203,,0,0,,0,0,0,0,0,,,,False,False,False,False,False
2026-04-02,12.48,12.85,12.1,12.21,379083.29,-3.401898734177211,5.274494467788161,,,,,,,,,,,,,,,,,,,,11.052416666666666,8.95036,1.2222222222222223,0.5,9.748732502310743,,0,0,,0,0,0,0,0,,,,False,False,False,False,False
2026-04-03,12.22,12.3,11.68,11.74,352838.76,-3.8493038493038534,4.909332953296977,,,,,,,,,,,,,,,,,,,,11.08275,8.966520000000001,1.0,0.45,9.668083102693078,,0,0,,0,0,0,0,0,,,,False,False,False,False,False
2026-04-07,11.74,11.85,11.56,11.77,250298.69,0.25553662691650825,3.482609470070875,,,,,,,,,,,,,,,,,,,,11.114,8.984,1.0,0.5,9.525755483031375,,0,0,,0,0,0,0,0,,,,True,False,False,False,False
2026-04-08,12.0,12.45,12.0,12.45,338441.3,5.777400169923541,4.709009369737805,,,,,,,,,,,,,,,,,,,,11.149583333333334,9.00412,1.0,0.5,9.457644864935864,,0,0,,0,0,0,0,0,,,,True,False,False,False,False
2026-04-09,12.25,12.42,12.02,12.31,251763.07,-1.1244979919678655,3.502984581326081,,,,,,,,,,,,,,,,,,,,11.183166666666667,9.02368,1.0,0.45,9.060355949929448,,0,0,,0,0,0,0,0,,,,True,False,False,False,False
2026-04-10,12.37,12.59,12.2,12.22,275426.26,-0.7311129163281915,3.8322298106402517,,,,,,,,,,,,,,,,,,,,11.216833333333334,9.044,0.8181818181818182,0.4,8.521582815023578,,0,0,,0,0,0,0,0,,,,False,False,False,False,False
2026-04-13,12.1,12.38,12.05,12.25,195369.54,0.24549918166938411,2.7183354821688863,,,,,,,,,,,,,,,,,,,,11.25175,9.064440000000001,0.8181818181818182,0.4,7.535185976896673,,0,0,,0,0,0,0,0,,,,True,False,False,False,False
2026-04-14,12.31,12.54,12.15,12.54,317259.46,2.367346938775494,4.414289183317628,,,,,,,,,,,,,,,,,,,,11.286416666666668,9.08592,1.0,0.45,6.7753602771395816,,0,0,,0,0,0,0,0,,,,True,False,False,False,False
2026-04-15,12.63,12.83,12.27,12.31,430399.66,-1.834130781499188,5.988500905982707,,,,,,,,,,,,,,,,,,,,11.321833333333332,9.10656,1.0,0.45,6.48981330842026,,0,0,,0,0,0,0,0,,,,False,False,False,False,False
2026-04-16,12.34,12.5,12.23,12.41,279453.06,0.8123476848090894,3.8882579577075873,,,,,,,,,,,,,,,,,,,,11.3625,9.12828,1.0,0.45,6.058718249472535,,0,0,,0,0,0,0,0,,,,True,False,False,False,False
2026-04-17,12.35,13.15,12.34,12.91,558825.56,4.029008863819494,7.7753950185422855,,,,,,,,,,,,,,,,,,,,11.406083333333331,9.15616,1.0,0.5,6.027680933688617,,0,0,,0,0,0,0,0,,,,True,False,True,True,False
2026-04-20,12.78,12.99,12.5,12.93,588829.04,0.15491866769945517,8.192857864964223,,,,,,,,,,,,,,,,,,,,11.449583333333333,9.18348,1.2222222222222223,0.55,6.006471550133282,,0,0,,0,0,0,0,0,,,,True,False,False,False,False
2026-04-21,12.91,12.91,12.41,12.57,417363.74,-2.78422273781902,5.807121537025218,,,,,,,,,,,,,,,,,,,,11.488666666666665,9.20904,1.2222222222222223,0.55,5.917136305898968,,0,0,,0,0,0,0,0,,,,False,False,False,False,False
2026-04-22,12.45,12.72,12.35,12.67,304259.15,0.7955449482895727,4.2334052852842134,,,,,,,,,,,,,,,,,,,,11.527583333333332,9.23476,1.5,0.6,5.554702699037579,,0,0,,0,0,0,0,0,,,,True,False,False,False,False
2026-04-23,12.15,12.15,10.92,11.3,843737.55,-10.812943962115229,11.73960751406409,,,,,,,,,,,,,,,,,,,,11.551416666666665,9.255120000000002,1.2222222222222223,0.55,5.793933606501021,,0,0,,0,0,0,0,0,,,,False,False,False,False,False
2026-04-24,11.29,11.53,11.01,11.02,368780.85,-2.4778761061946986,5.1311482317018395,,,,,,,,,,,,,,,,,,,,11.574749999999998,9.27376,1.2222222222222223,0.55,5.73782737510833,,0,0,,0,0,0,0,0,,,,False,False,False,False,False
2026-04-27,10.98,11.2,10.92,10.94,303046.44,-0.7259528130671544,4.216531863651644,,,,,,,,,,,,,,,,,,,,11.59575,9.29224,1.0,0.5,5.672862169508753,,0,0,,0,0,0,0,0,,,,False,False,False,False,False
2026-04-28,10.9,10.91,10.56,10.65,336110.26,-2.6508226691042025,4.676575712257959,,,,,,,,,,,,,,,,,,,,11.613750000000001,9.310120000000001,0.8181818181818182,0.45,5.459185978477284,,0,0,,0,0,0,0,0,,,,False,False,False,False,False
2026-04-29,10.61,10.94,10.54,10.84,183917.59,1.7840375586854362,2.5589951775081703,,,,,,,,,,,,,,,,,,,,11.632916666666667,9.328719999999999,1.0,0.5,5.144674323566635,,0,0,,0,0,0,0,0,,,,True,False,False,False,False
2026-04-30,10.87,11.39,10.82,11.27,351695.73,3.966789667896675,4.893429046238674,,,,,,,,,,,,,,,,,,,,11.656749999999999,9.34892,1.2222222222222223,0.5,5.097255571663764,,0,0,,0,0,0,0,0,,,,True,False,False,False,False
2026-05-06,11.24,11.46,11.2,11.28,327420.98,0.08873114463177068,4.555674684705248,,,,,,,,,,,,,,,,,,,,11.679833333333333,9.36784,1.5,0.55,5.061314582509619,,0,0,,0,0,0,0,0,,,,True,False,False,False,False
2026-05-07,11.27,11.6,11.27,11.53,333423.17,2.2163120567375794,4.639188041228067,,,,,,,,,,,,,,,,,,,,11.706583333333333,9.38848,1.8571428571428572,0.6,5.047807336906173,,0,0,,0,0,0,0,0,,,,True,False,True,False,False
2026-05-08,11.51,12.78,11.41,12.63,805463.94,9.540329575021689,11.20707561531624,,,,,,,,,,,,,,,,,,,,11.740166666666665,9.41364,1.8571428571428572,0.6,5.434030644168441,,0,0,,0,0,0,0,0,,,,True,False,True,False,False
2026-05-11,12.85,12.86,12.17,12.33,593020.16,-2.375296912114022,8.251172329982811,,,,,,,,,,,,,,,,,,,,11.772166666666665,9.43764,1.5,0.55,5.611138792180691,,0,0,,0,0,0,0,0,,,,False,False,False,False,False
2026-05-12,12.71,12.85,12.29,12.66,653269.05,2.676399026763998,9.089464191898902,,,,,,,,,,,,,,,,,,,,11.807250000000002,9.46284,1.2222222222222223,0.6,5.890462772709332,,0,0,,0,0,0,0,0,,,,False,False,False,False,False
2026-05-13,12.46,12.63,12.24,12.41,447552.5,-1.9747235387045814,6.227162334944284,,,,,,,,,,,,,,,,,,,,11.839,9.487440000000001,1.2222222222222223,0.6,6.010209398924534,,0,0,,0,0,0,0,0,,,,False,False,False,False,False
2026-05-14,12.41,12.54,11.62,11.63,420815.22,-6.285253827558412,5.855144788500326,,,,,,,,,,,,,,,,,,,,11.863583333333333,9.509079999999999,1.0,0.55,6.167049864241106,,0,0,,0,0,0,0,0,,,,False,False,False,False,False
2026-05-15,11.59,11.78,11.21,11.38,287693.05,-2.1496130696474602,4.002907647673161,,,,,,,,,,,,,,,,,,,,11.889583333333333,9.5296,0.8181818181818182,0.5,6.1464807874588825,,0,0,,0,0,0,0,0,,,,False,False,False,False,False
2026-05-18,11.39,11.98,11.3,11.63,273633.59,2.196836555360271,3.8072869333175134,,,,,,,,,,,,,,,,,,,,11.917,9.550439999999998,1.0,0.55,6.037420088825622,,0,0,,0,0,0,0,0,,,,True,False,False,False,False
2026-05-19,11.61,11.62,11.28,11.51,232137.94,-1.0318142734307867,3.229924168627269,,,,,,,,,,,,,,,,,,,,11.944333333333333,9.57036,0.8181818181818182,0.5,6.004503399371607,,0,0,,0,0,0,0,0,,,,False,False,False,False,False
2026-05-20,11.41,11.46,11.08,11.15,214184.67,-3.12771503040834,2.9801257053562895,,,,,,,,,,,,,,,,,,,,11.969833333333334,9.5888,0.6666666666666666,0.45,5.764739933712308,,0,0,,0,0,0,0,0,,,,False,False,False,False,False
2026-05-21,11.15,11.6,10.84,10.87,316296.51,-2.5112107623318503,4.400890875922552,,,,,,,,,,,,,,,,,,,,11.995,9.60632,0.5384615384615384,0.4,5.575141584260224,,0,0,,0,0,0,0,0,,,,False,False,False,False,False
2026-05-22,11.01,11.06,10.77,11.0,184110.94,1.1959521619135272,2.561685413485986,,,,,,,,,,,,,,,,,,,,12.022166666666665,9.62404,0.5384615384615384,0.45,5.4128697780832615,,0,0,,0,0,0,0,0,,,,False,False,False,False,False
2026-05-25,11.01,11.1,10.7,10.88,209473.97,-1.0909090909090868,2.9145819007496296,,,,,,,,,,,,,,,,,,,,12.048583333333335,9.64128,0.42857142857142855,0.4,5.346928608856533,,0,0,,0,0,0,0,0,,,,False,False,False,False,False
2026-05-26,10.75,10.8,10.25,10.58,282548.1,-2.757352941176472,3.9313217692451072,,,,,,,,,,,,,,,,,,,,12.075666666666667,9.65748,0.42857142857142855,0.4,4.956514321615584,,0,0,,0,0,0,0,0,,,,False,False,False,False,False
2026-05-27,10.57,10.88,10.13,10.2,223930.75,-3.5916824196597474,3.1157308517678364,,,,,,,,,,,,,,,,,,,,12.097583333333334,9.67244,0.42857142857142855,0.4,4.855743452618883,,0,0,,0,0,0,0,0,,,,False,False,False,False,False
2026-05-28,10.23,10.48,10.1,10.43,186057.89,2.254901960784328,2.588774914065292,,,,,,,,,,,,,,,,,,,,12.121666666666668,9.688360000000001,0.5384615384615384,0.45,4.774355605139567,,0,0,,0,0,0,0,0,,,,True,False,False,False,False
2026-05-29,10.45,10.47,9.72,9.82,283171.0,-5.848513902205177,3.9399886841175227,,,,,,,,,,,,,,,,,,,,12.141166666666667,9.70172,0.5384615384615384,0.45,4.737526253732545,,0,0,,0,0,0,0,0,,,,False,False,False,False,False
2026-06-01,9.74,10.59,9.74,10.52,362096.41,7.128309572301417,5.038142175433145,,,,,,,,,,,,,,,,,,,,12.163666666666668,9.71784,0.5384615384615384,0.45,4.861483603628793,,0,0,,0,0,0,0,0,,,,True,False,False,False,False
2026-06-02,10.33,10.47,10.01,10.17,301802.82,-3.3269961977186235,4.199228366021795,,,,,,,,,,,,,,,,,,,,12.183166666666667,9.73268,0.42857142857142855,0.4,4.8267735696179495,,0,0,,0,0,0,0,0,,,,False,False,False,False,False
2026-06-03,9.97,10.16,9.8,9.91,257747.74,-2.5565388397246758,3.5862541678239137,,,,,,,,,,,,,,,,,,,,12.20025,9.74708,0.3333333333333333,0.35,4.778302543773882,,0,0,,0,0,0,0,0,,,,False,False,False,False,False
2026-06-04,9.85,10.13,9.8,9.95,232247.98,0.4036326942482349,3.231455244743115,,,,,,,,,,,,,,,,,,,,12.21475,9.76196,0.3333333333333333,0.35,4.707915903949635,,0,0,,0,0,0,0,0,,,,True,False,False,False,False
2026-06-05,10.05,10.4,9.88,9.88,225589.68,-0.7035175879396838,3.1388128955779124,,,,,,,,,,,,,,,,,,,,12.228333333333333,9.776480000000001,0.25,0.3,4.304502767962719,,0,0,,0,0,0,0,0,,,,False,False,False,False,False
2026-06-08,9.72,9.96,9.28,9.39,218703.74,-4.9595141700404906,3.043003205745577,,,,,,,,,,,,,,,,,,,,12.237333333333334,9.78912,0.25,0.3,4.0440943117508565,,0,0,,0,0,0,0,0,,,,False,False,False,False,False
2026-06-09,9.52,9.6,9.22,9.46,175946.78,0.7454739084132189,2.448090808052079,,,,,,,,,,,,,,,,,,,,12.240833333333335,9.802040000000002,0.25,0.3,3.7120256425585145,,0,0,,0,0,0,0,0,,,,False,False,False,False,False
2026-06-10,9.37,9.42,8.95,9.13,201957.54,-3.488372093023251,2.8099996901950126,,,,,,,,,,,,,,,,,,,,12.242916666666668,9.813240000000002,0.25,0.3,3.5411675103210514,,0,0,,0,0,0,0,0,,,,False,False,False,False,False
2026-06-11,9.0,9.15,8.95,9.02,149228.04,-1.2048192771084487,2.076331223723605,,,,,,,,,,,,,,,,,,,,12.245083333333334,9.82224,0.3333333333333333,0.3,3.3522268320822155,,0,0,,0,0,0,0,0,,,,True,False,False,False,False
2026-06-12,9.13,9.43,9.08,9.23,181362.74,2.32815964523283,2.523447469269623,,,,,,,,,,,,,,,,,,,,12.250333333333336,9.83172,0.42857142857142855,0.35,3.2782538231620384,,0,0,,0,0,0,0,0,,,,True,False,False,False,False
2026-06-15,9.27,9.52,9.25,9.48,146505.98,2.7085590465872222,2.0384569866107336,,,,,,,,,,,,,,,,,,,,12.255249999999998,9.841959999999998,0.42857142857142855,0.35,3.1898123258266997,,0,0,,0,0,0,0,0,,,,True,False,False,False,False
2026-06-16,9.45,9.61,9.37,9.45,138318.07,-0.31645569620254443,1.9245319280893007,,,,,,,,,,,,,,,,,,,,12.259416666666665,9.85108,0.46153846153846156,0.35,3.1245427137998014,,0,0,,0,0,0,0,0,,,,False,False,False,False,False
2026-06-17,9.42,9.54,9.16,9.27,171224.75,-1.904761904761898,2.382389359930402,,,,,,,,,,,,,,,,,,,,12.261833333333332,9.860479999999999,0.46153846153846156,0.35,3.094655896528507,,0,0,,0,0,0,0,0,,,,False,False,False,False,False
2026-06-18,9.19,9.39,9.11,9.14,143471.91,-1.4023732470334282,1.9962415003256957,,,,,,,,,,,,,,,,,,,,12.266416666666666,9.86948,0.46153846153846156,0.35,2.974423427748664,,0,0,,0,0,0,0,0,,,,False,False,False,False,False
2026-06-22,9.07,9.2,8.78,9.15,211155.63,0.1094091903719896,2.937980205556736,,,,,,,,,,,,,,,,,,,,12.271916666666668,9.877799999999999,0.5833333333333334,0.35,2.9932381673522017,,0,0,,0,0,0,0,0,,,,True,False,False,False,False
2026-06-23,9.11,9.23,8.83,8.87,147174.82,-3.0601092896174964,2.047763102108031,,,,,,,,,,,,,,,,,,,,12.274750000000001,9.8856,0.5833333333333334,0.35,2.949897227420122,,0,0,,0,0,0,0,0,,,,False,False,False,False,False
2026-06-24,8.9,8.98,8.69,8.94,163999.71,0.7891770011273946,2.2818614956989074,,,,,,,,,,,,,,,,,,,,12.277166666666666,9.89416,0.7272727272727273,0.4,2.8674242137428116,,0,0,,0,0,0,0,0,,,,True,False,False,False,False
2026-06-25,8.93,9.04,8.6,8.66,207944.31,-3.1319910514541305,2.8932984957026893,,,,,,,,,,,,,,,,,,,,12.277833333333332,9.901879999999998,0.7272727272727273,0.4,2.856302595939554,,0,0,,0,0,0,0,0,,,,False,False,False,False,False
2026-06-26,8.73,8.89,8.45,8.53,236667.11,-1.501154734411092,3.292942198540094,,,,,,,,,,,,,,,,,,,,12.278666666666664,9.90824,0.5833333333333334,0.35,2.8915109601632945,,0,0,,0,0,0,0,0,,,,False,False,False,False,False
2026-06-29,8.43,8.58,8.21,8.37,205677.35,-1.875732708089095,2.8617564354375244,,,,,,,,,,,,,,,,,,,,12.274583333333334,9.91424,0.5833333333333334,0.35,2.8375993477292947,,0,0,,0,0,0,0,0,,,,False,False,False,False,False
2026-06-30,8.42,8.69,8.33,8.48,182948.66,1.31421744324971,2.545513665504109,,,,,,,,,,,,,,,,,,,,12.263333333333334,9.92068,0.5833333333333334,0.35,2.712967922232843,,0,0,,0,0,0,0,0,,,,True,False,False,False,False
2026-07-01,8.47,8.6,8.28,8.55,226743.02,0.8254716981132004,3.154860254060737,,,,,,,,,,,,,,,,,,,,12.25,9.9282,0.7272727272727273,0.4,2.66074951663479,,0,0,,0,0,0,0,0,,,,True,False,False,False,False
2026-07-02,8.48,9.05,8.4,8.79,389896.92,2.8070175438596356,5.424953306561318,,,,,,,,,,,,,,,,,,,,12.234833333333333,9.93684,0.9,0.45,2.75268447357166,,0,0,,0,0,0,0,0,,,,True,False,False,False,False
2026-07-03,8.71,10.54,8.64,10.54,824306.3,19.908987485779296,11.469244711664626,,,,,,,,,,,,,,,,,,,,12.24,9.95208,0.9,0.45,3.1645739469177356,,0,0,,0,0,0,0,0,,,,True,False,True,True,False
2026-07-06,10.31,10.54,9.52,9.58,804968.18,-9.10815939278936,11.20017770278269,,,,,,,,,,,,,,,,,,,,12.233333333333333,9.96308,0.9,0.45,3.567642187277974,,0,0,,0,0,0,0,0,,,,False,False,False,False,False
2026-07-07,9.49,9.8,8.8,8.87,514440.63,-7.41127348643007,7.157831348726703,,,,,,,,,,,,,,,,,,,,12.219666666666665,9.971119999999999,0.9,0.45,3.773383594427031,,0,0,,0,0,0,0,0,,,,False,False,False,False,False
2026-07-08,8.79,8.95,8.3,8.3,379456.82,-6.426155580608772,5.279691694810626,,,,,,,,,,,,,,,,,,,,12.19425,9.976799999999999,0.9,0.4,3.9149636387649585,,0,0,,0,0,0,0,0,,,,False,False,False,False,False
2026-07-09,8.31,8.38,7.88,8.37,341926.01,0.8433734939758963,4.757494977259165,,,,,,,,,,,,,,,,,,,,12.167583333333335,9.9828,1.1111111111111112,0.45,4.012338403118166,,0,0,,0,0,0,0,0,,,,True,False,False,False,False
2026-07-10,8.35,9.97,8.18,9.44,834246.73,12.78375149342892,11.6075540078682,,,,,,,,,,,,,,,,,,,,12.130583333333334,9.99256,1.1111111111111112,0.5,4.488899542325395,,0,0,,0,0,0,0,0,,,,True,False,False,False,False
2026-07-13,9.25,9.32,8.09,8.1,615372.89,-14.194915254237284,8.562184062325228,,,,,,,,,,,,,,,,,,,,12.071083333333332,9.99696,0.9,0.45,4.790836371978176,,0,0,,0,0,0,0,0,,,,False,False,False,False,False
2026-07-14,8.08,8.11,7.54,7.89,405162.72,-2.592592592592591,5.637358811553006,,,,,,,,,,,,,,,,,,,,11.996333333333334,10.00012,0.7272727272727273,0.4,4.97078146322529,,0,0,,0,0,0,0,0,,,,False,False,False,False,False
2026-07-15,7.79,8.05,7.76,7.82,276483.25,-0.8871989860582907,3.8469365731237875,,,,,,,,,,,,,,,,,,,,11.923,10.00192,0.8181818181818182,0.4,5.066901695477014,,0,0,,0,0,0,0,0,,,,True,False,False,False,False
2026-07-16,7.64,7.93,7.6,7.74,187772.95,-1.0230179028132946,2.6126379402670663,,,,,,,,,,,,,,,,,,,,11.856833333333332,10.004880000000002,1.0,0.4,5.078414124493847,,0,0,,0,0,0,0,0,,,,True,False,False,False,False
2026-07-17,7.7,7.75,7.19,7.21,283442.15,-6.847545219638251,3.9437614148410023,,,,,,,,,,,,,,,,,,,,11.794333333333334,10.00568,1.0,0.4,5.175790120219612,,0,0,,0,0,0,0,0,,,,False,False,False,False,False
2026-07-20,7.33,7.53,7.18,7.3,317399.0,1.2483,,,,,,,,,,,,,,,,,,,,,11.736083333333333,10.0062,0.8181818181818182,0.4,,,0,0,,0,0,0,0,0,,,,False,False,False,False,False
2026-07-21,7.25,7.34,6.72,7.34,373168.0,0.5479,,,,,,,,,,,,,,,,,,,,,11.663083333333333,10.007200000000001,1.0,0.45,,,0,0,,0,0,0,0,0,,,,True,False,False,False,False
2026-07-22,7.22,7.4,7.08,7.11,216229.0,-3.1335,,,,,,,,,,,,,,,,,,,,,11.598,10.007280000000002,0.8181818181818182,0.4,,,0,0,,0,0,0,0,0,,,,False,False,False,False,False
2026-07-23,7.11,7.43,7.09,7.41,225754.0,4.2194,,,,,,,,,,,,,,,,,,,,,11.5315,10.00864,1.0,0.45,,,0,0,,0,0,0,0,0,,,,True,False,False,False,False
2026-07-24,7.31,7.41,7.01,7.02,188160.0,-5.2632,,,,,,,,,,,,,,,,,,,,,11.4605,10.0076,1.0,0.45,,,0,0,,0,0,0,0,0,,,,False,False,False,False,False
2026-07-27,7.02,7.38,7.02,7.37,214234.0,4.9858,,,,,,,,,,,,,,,,,,,,,11.384500000000001,10.0076,1.2222222222222223,0.5,,,0,0,,0,0,0,0,0,,,,True,False,False,False,False
2026-07-28,7.28,7.56,7.28,7.38,208517.0,0.1357,,,,,,,,,,,,,,,,,,,,,11.322499999999998,10.0086,1.2222222222222223,0.5,,,0,0,,0,0,0,0,0,,,,True,False,False,False,False
2026-07-29,7.34,7.62,7.22,7.55,252551.0,2.3035,,,,,,,,,,,,,,,,,,,,,11.260583333333333,10.010320000000002,1.2222222222222223,0.5,,,0,0,,0,0,0,0,0,,,,True,False,False,False,False
2026-07-30,7.48,7.73,7.44,7.44,239043.0,-1.457,,,,,,,,,,,,,,,,,,,,,11.203249999999999,10.010679999999999,1.0,0.45,,,0,0,,0,0,0,0,0,,,,False,False,False,False,False
2026-07-31,7.58,7.83,7.57,7.68,224251.0,3.2258,,,,,,,,,,,,,,,,,,,,,11.149916666666666,10.012120000000001,1.0,0.45,,,0,0,,0,0,0,0,0,,,,True,False,False,False,False
2026-08-03,7.67,8.01,7.67,8.0,284386.0,4.1667,,,,,,,,,,,,,,,,,,,,,11.103416666666668,10.015120000000001,1.2222222222222223,0.5,,,0,0,,0,0,0,0,0,,,,True,False,True,True,False
2026-08-04,8.08,8.08,7.93,8.04,223573.0,0.5,,,,,,,,,,,,,,,,,,,,,11.057166666666665,10.01876,1.2222222222222223,0.55,,,0,0,,0,0,0,0,0,,,,False,False,True,True,False
2026-08-05,8.0,8.15,7.97,8.1,206382.0,0.7463,,,,,,,,,,,,,,,,,,,,,11.006499999999999,10.0224,1.5,0.6,,,0,0,,0,0,0,0,0,,,,True,False,True,True,False
2026-08-06,8.08,8.4,8.03,8.17,250516.0,0.8642,,,,,,,,,,,,,,,,,,,,,10.957666666666665,10.0266,1.5,0.6,,,0,0,,0,0,0,0,0,,,,True,False,True,True,False
2026-08-07,8.2,8.31,8.1,8.24,251101.0,0.8568,,,,,,,,,,,,,,,,,,,,,10.912083333333333,10.031039999999999,1.5,0.6,,,0,0,,0,0,0,0,0,,,,True,False,False,False,False
2026-08-10,8.3,8.42,8.02,8.38,265700.0,1.699,,,,,,,,,,,,,,,,,,,,,10.868166666666667,10.03596,1.8571428571428572,0.65,,,0,0,,0,0,0,0,0,,,,True,False,False,False,False
2026-08-11,8.12,8.28,7.99,8.14,257120.0,-2.864,,,,,,,,,,,,,,,,,,,,,10.82125,10.039759999999998,2.3333333333333335,0.65,,,0,0,,0,0,0,0,0,,,,True,False,False,False,False
2026-08-12,8.2,8.38,8.12,8.34,189031.0,2.457,,,,,,,,,,,,,,,,,,,,,10.778416666666667,10.04476,2.3333333333333335,0.7,,,0,0,,0,0,0,0,0,,,,True,False,False,False,False
2026-08-13,8.38,8.43,8.15,8.15,162653.0,-2.2782,,,,,,,,,,,,,,,,,,,,,10.734499999999999,10.048960000000001,1.8571428571428572,0.7,,,0,0,,0,0,0,0,0,,,,False,False,False,False,False
2026-08-14,8.17,8.21,8.02,8.13,141692.0,-0.2454,,,,,,,,,,,,,,,,,,,,,10.691333333333334,10.053,1.8571428571428572,0.7,,,0,0,,0,0,0,0,0,,,,False,False,False,False,False
2026-08-17,8.14,8.33,8.08,8.29,143703.0,1.968,,,,,,,,,,,,,,,,,,,,,10.649083333333333,10.05752,2.3333333333333335,0.7,,,0,0,,0,0,0,0,0,,,,True,False,False,False,False
2026-08-18,8.28,8.29,8.07,8.29,175442.0,0.0,,,,,,,,,,,,,,,,,,,,,10.606083333333334,10.062,2.3333333333333335,0.65,,,0,0,,0,0,0,0,0,,,,True,False,False,False,False
2026-08-19,8.48,8.49,7.54,7.56,414492.0,-8.8058,,,,,,,,,,,,,,,,,,,,,10.554333333333334,10.06308,2.3333333333333335,0.65,,,0,0,,0,0,0,0,0,,,,False,False,False,False,False
2026-08-20,7.64,7.66,7.38,7.4,191880.0,-2.1164,,,,,,,,,,,,,,,,,,,,,10.49775,10.063,1.8571428571428572,0.6,,,0,0,,0,0,0,0,0,,,,False,False,False,False,False
2026-08-21,7.34,7.53,7.29,7.47,118511.0,0.9459,,,,,,,,,,,,,,,,,,,,,10.440500000000002,10.06256,2.3333333333333335,0.65,,,0,0,,0,0,0,0,0,,,,True,False,False,False,False
2026-08-24,7.3,7.35,6.97,7.04,208678.0,-5.7564,,7.552,7.881,7.8895,7.733333333333333,8.459,9.7591,10.6361,35.00995382178776,-0.18546922945087907,-0.11835927969002716,221800.59999999992,200320.2,20.298856123398394,18.644481767588587,35.13482417947614,-14.33620305618652,8.697368540634736,7.8895,7.081631459365264,10.382083333333332,10.060799999999999,1.8571428571428572,0.6,,0.9408360482343153,0,0,-0.16775032509752918,0,0,1,0,0,-0.02576623378139857,0.20479587822669018,20.298856123398394,False,False,False,False,False
2026-08-25,7.01,7.24,6.96,7.18,143190.0,1.9886,,7.33,7.784999999999999,7.8795,7.709666666666666,8.403333333333332,9.7059,10.629299999999999,37.8877009420598,-0.21679897960581052,-0.13804721967318384,215350.1999999999,188927.2,28.919118784863556,17.222682834165806,29.164110397706033,-6.660172292914652,8.718282952917615,7.8795,7.040717047082386,10.335333333333333,10.059640000000002,1.8571428571428572,0.6,,0.6649169585168719,0,0,-0.1455771519238397,0,0,1,0,0,0.08302681428677904,0.21290258339174178,28.919118784863556,True,False,False,False,False
2026-08-26,7.2,7.44,7.2,7.33,168148.0,2.0891,,7.284000000000001,7.683999999999999,7.868499999999999,7.693333333333333,8.356,9.652800000000001,10.623899999999999,40.906891503433826,-0.2269086245465024,-0.15581950064784755,166081.3999999999,186838.9,37.59686285058785,19.542790734759777,25.957003843390613,6.714364517498105,8.73091460294243,7.868499999999999,7.006085397057568,10.286666666666667,10.059640000000002,1.8571428571428572,0.6,,1.0124432958778051,0,0,-0.12278602202010525,0,0,1,0,0,0.18779517521925268,0.21920686355529806,37.59686285058785,True,True,False,False,False
2026-08-27,7.28,7.38,7.24,7.36,104251.0,0.4093,,7.275999999999999,7.6049999999999995,7.8645,7.680666666666666,8.3135,9.6043,10.61815,41.51915900590662,-0.22985027087272591,-0.17062565469282323,148555.59999999992,180998.7,39.373217973793096,21.743124106397588,24.552377264392938,16.124617790406887,8.73597726968572,7.8645,6.99302273031428,10.236416666666667,10.05884,2.3333333333333335,0.65,,0.7017641879538709,0,0,-0.11469296926685502,0,0,1,0,0,0.21054896234876164,0.22162305796572437,39.373217973793096,True,True,False,False,False
2026-08-28,7.32,7.43,7.29,7.32,102033.0,-0.5435,,7.246,7.523999999999999,7.846500000000001,7.684333333333333,8.269666666666668,9.5601,10.613150000000001,40.91051584207148,-0.2327264864175138,-0.18304582103776135,145259.9999999999,177032.8,37.65807069462336,22.33855332583369,23.814435951539856,19.38678807442136,8.748364151282416,7.846500000000001,6.944635848717586,10.184166666666668,10.05796,2.1666666666666665,0.6,,0.7024163568773238,0,0,-0.11483735741061718,0,0,1,0,0,0.20810459687784538,0.22987679889948773,37.65807069462336,False,True,False,False,False
2026-08-31,7.29,7.43,7.25,7.42,100999.0,1.3661,,7.322,7.437,7.817500000000001,7.6883333333333335,8.228666666666665,9.5166,10.60725,43.15407850250549,-0.22435056997633573,-0.19130677082547626,123724.19999999991,172762.4,44.86351606603789,24.91415537626385,24.18100909311452,26.380447942562512,8.735733429787262,7.817500000000001,6.89926657021274,10.132833333333332,10.057559999999999,2.1666666666666665,0.6,,0.8163237264819662,0,0,-0.09827432552863957,0,0,1,1,1,0.2835517706580913,0.23491741088257387,44.86351606603789,True,True,False,False,False
2026-09-01,7.48,7.72,7.45,7.53,211538.0,1.4825,,7.392,7.3610000000000015,7.792,7.6946666666666665,8.197666666666667,9.4674,10.60245,45.60087196654841,-0.20645661185317632,-0.19433673903101628,137393.7999999999,176372.0,52.16192535949589,41.60943691750925,29.99048503457943,64.8473406833689,8.712539887354403,7.792,6.871460112645598,10.07925,10.057360000000001,2.8,0.6,,1.5396473494437168,0,0,-0.08144593990159799,0,0,1,0,1,0.35769220671524715,0.2362782051731013,52.16192535949589,True,True,True,False,False
2026-09-02,7.43,7.5,7.37,7.43,120089.0,-1.328,,7.412000000000001,7.348000000000001,7.7585,7.705333333333333,8.163833333333333,9.4186,10.59735,43.75697239302115,-0.19806155506889667,-0.1950817022385924,127781.99999999991,146931.7,45.58001223640657,48.353659699392125,36.11154325618366,72.83789258580906,8.680609138420081,7.7585,6.836390861579918,10.022166666666665,10.05708,2.6,0.55,,0.9397959023962693,0,0,-0.08988832860380125,0,0,1,0,1,0.32187574858934614,0.23770294217183258,45.58001223640657,False,True,False,False,False
2026-09-03,7.43,7.47,7.3,7.33,95401.0,-1.3459,,7.406000000000001,7.340999999999999,7.716500000000001,7.7026666666666666,8.133833333333333,9.3697,10.591000000000001,41.931041043811334,-0.19720432761604112,-0.19550622731408215,126011.99999999991,137283.8,39.585954768907946,48.46384330836669,40.22897660691133,64.93357671127742,8.636208763971643,7.716500000000001,6.796791236028359,9.961333333333334,10.05616,2.0,0.5,,0.7570786909183258,0,0,-0.09882589185091084,0,0,1,0,0,0.28987913612405325,0.2383745905453617,39.585954768907946,False,False,False,False,False
2026-09-04,7.35,7.49,7.31,7.37,112462.0,0.5457,,7.4159999999999995,7.331,7.673,7.714333333333333,8.106333333333334,9.3209,10.584449999999999,42.956429806731485,-0.1910944847100602,-0.19462387879327775,128097.7999999999,136678.9,43.173043342468894,50.29168501259535,43.58321274213934,63.70862955350739,8.570484203056951,7.673,6.775515796943049,9.894166666666667,10.054680000000001,2.0,0.5,,0.8779385750574958,0,0,-0.09083432706936967,1,1,1,0,0,0.3311948004388593,0.23393306478742373,43.173043342468894,True,False,False,False,False
