date,open,high,low,close,volume,change_rate,turnover,MA5,MA10,MA20,MA30,MA60,MA100,MA200,RSI14,DIF,DEA,VOL_MA5,VOL_MA10,RSI6,K,D,J,BOLL_UPPER,BOLL_MIDDLE,BOLL_LOWER,MA120,MA250,updown_ratio_20,up_days_ratio_20,turnover_ma20,vol_ratio,ma_bull,dif_above_zero,bias60,macd_gold,macd_gold3,dif_below0,kdj_gold,kdj_gold3,boll_pos,boll_width,rsi6,is_yang,above_ma5,break_high5,break_high10,break_close40
2024-08-14,14.09,14.09,13.82,13.83,8481.0,-1.6358463726884764,0.6325087339119435,,,,,,,,,,,,,,,,,,,,,,,,,,0,0,,0,0,0,0,0,,,,False,False,False,False,False
2024-08-15,13.84,13.94,13.75,13.8,8738.0,-0.2169197396963085,0.6516756652426083,,,,,,,,,,,,,,,,,,,,,,,,,,0,0,,0,0,0,0,0,,,,False,False,False,False,False
2024-08-16,13.84,13.91,13.69,13.69,8177.96,-0.7971014492753725,0.6099081624316138,,,,,,,,,,,,,,,,,,,,,,,,,,0,0,,0,0,0,0,0,,,,False,False,False,False,False
2024-08-19,13.69,13.85,13.61,13.64,8218.0,-0.36523009495981196,0.6128943255852319,,,,,,,,,,,,,,,,,,,,,,,,,,0,0,,0,0,0,0,0,,,,False,False,False,False,False
2024-08-20,13.7,13.71,13.31,13.39,8736.0,-1.832844574780057,0.6515265062439263,,,,,,,,,,,,,,,,,,,,,,,,,,0,0,,0,0,0,0,0,,,,False,False,False,False,False
2024-08-21,13.37,13.61,13.35,13.53,6431.8,1.0455563853622118,0.4796804238621433,,,,,,,,,,,,,,,,,,,,,,,,,,0,0,,0,0,0,0,0,,,,True,False,False,False,False
2024-08-22,13.54,13.64,13.36,13.36,7089.99,-1.2564671101256475,0.5287679045334678,,,,,,,,,,,,,,,,,,,,,,,,,,0,0,,0,0,0,0,0,,,,False,False,False,False,False
2024-08-23,13.05,13.3,12.23,12.62,24658.0,-5.538922155688619,1.8389812947530602,,,,,,,,,,,,,,,,,,,,,,,,,,0,0,,0,0,0,0,0,,,,False,False,False,False,False
2024-08-26,12.66,13.43,12.61,13.06,20932.0,3.4865293185420088,1.5610980802080887,,,,,,,,,,,,,,,,,,,,,,,,,,0,0,,0,0,0,0,0,,,,True,False,False,False,False
2024-08-27,13.12,13.16,12.85,12.88,8670.99,-1.3782542113323082,0.6466780929917607,,,,,,,,,,,,,,,,,,,,,,,,,,0,0,,0,0,0,0,0,,,,False,False,False,False,False
2024-08-28,12.91,13.08,12.75,12.88,5661.0,0.0,0.4221945457700167,,,,,,,,,,,,,,,,,,,,,,,,,,0,0,,0,0,0,0,0,,,,False,False,False,False,False
2024-08-29,12.75,13.15,12.72,13.09,7569.0,1.6304347826086918,0.5644922305128522,,,,,,,,,,,,,,,,,,,,,,,,,,0,0,,0,0,0,0,0,,,,True,False,False,False,False
2024-08-30,13.15,13.49,13.07,13.32,11501.0,1.7570664629488197,0.8577388219220919,,,,,,,,,,,,,,,,,,,,,,,,,,0,0,,0,0,0,0,0,,,,True,False,False,False,False
2024-09-02,13.39,13.39,13.04,13.04,7956.0,-2.1021021021021102,0.5933544967578613,,,,,,,,,,,,,,,,,,,,,,,,,,0,0,,0,0,0,0,0,,,,False,False,False,False,False
2024-09-03,13.29,13.36,12.98,13.15,7240.0,0.8435582822085896,0.5399555752296276,,,,,,,,,,,,,,,,,,,,,,,,,,0,0,,0,0,0,0,0,,,,False,False,False,False,False
2024-09-04,13.12,13.99,13.0,13.54,38747.92,2.965779467680596,2.889800474109335,,,,,,,,,,,,,,,,,,,,,,,,,,0,0,,0,0,0,0,0,,,,True,False,True,False,False
2024-09-05,13.45,13.71,13.25,13.4,24590.99,-1.0339734121122546,1.8339837225022124,,,,,,,,,,,,,,,,,,,,,,,,,,0,0,,0,0,0,0,0,,,,False,False,False,False,False
2024-09-06,13.4,13.4,12.9,12.93,16551.93,-3.5074626865671643,1.2344346525290784,,,,,,,,,,,,,,,,,,,,,,,,,,0,0,,0,0,0,0,0,,,,False,False,False,False,False
2024-09-09,12.95,13.15,12.84,12.86,9211.0,-0.5413766434648082,0.6869517684309528,,,,,,,,,,,,,,,,,,,,,,,,,,0,0,,0,0,0,0,0,,,,False,False,False,False,False
2024-09-10,12.86,12.97,12.68,12.9,8647.0,0.3110419906687367,0.6448889308025676,,,,,,,,,,,,,,,,,,,,,,0.42857142857142855,0.35,0.924075720416522,,0,0,,0,0,0,0,0,,,,True,False,False,False,False
2024-09-11,12.88,13.3,12.78,12.98,10661.0,0.6201550387596955,0.7950920424755605,,,,,,,,,,,,,,,,,,,,,,0.5384615384615384,0.4,0.9322048858447027,,0,0,,0,0,0,0,0,,,,True,False,False,False,False
2024-09-12,13.02,13.12,12.84,12.86,7468.0,-0.924499229583986,0.5569597010794003,,,,,,,,,,,,,,,,,,,,,,0.5384615384615384,0.4,0.9274690876365426,,0,0,,0,0,0,0,0,,,,False,False,False,False,False
2024-09-13,12.92,12.92,12.57,12.57,7689.99,-2.255054432348358,0.5735156041381331,,,,,,,,,,,,,,,,,,,,,,0.5384615384615384,0.4,0.9256494597218683,,0,0,,0,0,0,0,0,,,,False,False,False,False,False
2024-09-18,12.67,12.86,12.3,12.63,9274.0,0.4773269689737569,0.6916502768894427,,,,,,,,,,,,,,,,,,,,,,0.5384615384615384,0.45,0.929587257287079,,0,0,,0,0,0,0,0,,,,False,False,False,False,False
2024-09-19,12.61,12.86,12.52,12.81,11163.29,1.4251781472684133,0.8325525791996061,,,,,,,,,,,,,,,,,,,,,,0.6666666666666666,0.5,0.9386385609348631,,0,0,,0,0,0,0,0,,,,True,False,False,False,False
2024-09-20,12.86,12.86,12.57,12.58,7098.0,-1.795472287275568,0.52936528632319,,,,,,,,,,,,,,,,,,,,,,0.5384615384615384,0.45,0.9411228040579152,,0,0,,0,0,0,0,0,,,,False,False,False,False,False
2024-09-23,12.67,12.67,12.43,12.47,6832.99,-0.8744038155802825,0.5096009732028028,,,,,,,,,,,,,,,,,,,,,,0.5384615384615384,0.45,0.9401644574913821,,0,0,,0,0,0,0,0,,,,False,False,False,False,False
2024-09-24,12.51,12.9,12.44,12.88,14789.7,3.287890938251814,1.1030084214051963,,,,,,,,,,,,,,,,,,,,,,0.6666666666666666,0.5,0.9033658138239888,,0,0,,0,0,0,0,0,,,,True,False,False,False,False
2024-09-25,12.95,13.32,12.92,13.07,14772.0,1.4751552795031042,1.1016883642668587,,,,,,,,,,,,,,,,,,,,,,0.6666666666666666,0.5,0.8803953280269274,,0,0,,0,0,0,0,0,,,,True,False,True,False,False
2024-09-26,13.07,13.35,13.02,13.35,12043.0,2.142310635042066,0.8981609105649728,,,,,,,,,,,,,,,,,,,,,,0.8181818181818182,0.55,0.892969468905588,,0,0,,0,0,0,0,0,,,,True,False,True,True,False
2024-09-27,13.56,14.11,13.38,13.94,29609.0,4.419475655430705,2.20822439599089,,,,,,,,,,,,,,,,,,,,,,1.0,0.6,0.9822709614166316,,0,0,,0,0,0,0,0,,,,True,False,True,True,False
2024-09-30,14.54,16.02,14.25,15.71,73031.49,12.697274031563865,5.445354433110689,,,,,,,,,,,,,,,,,,,,,,1.0,0.6,1.2263140715465235,,0,0,,0,0,0,0,0,,,,True,False,True,True,False
2024-10-08,18.49,18.52,16.31,17.19,100347.94,9.420751113940163,7.482116275219434,,,,,,,,,,,,,,,,,,,,,,0.8181818181818182,0.6,1.5575329442113905,,0,0,,0,0,0,0,0,,,,False,False,True,True,False
2024-10-09,16.21,16.41,15.02,15.04,63511.0,-12.50727166957535,4.735490202942497,,,,,,,,,,,,,,,,,,,,,,0.8181818181818182,0.6,1.7646397295206224,,0,0,,0,0,0,0,0,,,,False,False,False,False,False
2024-10-10,15.38,15.66,14.99,15.2,39406.64,1.0638297872340496,2.9382273566922565,,,,,,,,,,,,,,,,,,,,,,0.8181818181818182,0.6,1.8845533185937537,,0,0,,0,0,0,0,0,,,,False,False,False,False,False
2024-10-11,15.33,15.34,14.4,14.6,32179.0,-3.9473684210526327,2.39932199525258,,,,,,,,,,,,,,,,,,,,,,0.6666666666666666,0.55,1.860029394650916,,0,0,,0,0,0,0,0,,,,False,False,False,False,False
2024-10-14,14.6,14.89,14.31,14.86,28163.0,1.7808219178082174,2.099882076891712,,,,,,,,,,,,,,,,,,,,,,0.8181818181818182,0.6,1.873324312370391,,0,0,,0,0,0,0,0,,,,True,False,False,False,False
2024-10-15,14.77,15.06,14.59,14.61,25928.4,-1.682368775235532,1.933266429090618,,,,,,,,,,,,,,,,,,,,,,0.8181818181818182,0.6,1.9082659011984677,,0,0,,0,0,0,0,0,,,,False,False,False,False,False
2024-10-16,14.34,14.99,14.29,14.79,19955.5,1.2320328542094527,1.4879166560882209,,,,,,,,,,,,,,,,,,,,,,1.0,0.65,1.9483141455813313,,0,0,,0,0,0,0,0,,,,True,False,False,False,False
2024-10-17,14.74,15.04,14.61,14.63,24722.5,-1.08181203515888,1.843352435676432,,,,,,,,,,,,,,,,,,,,,,0.8181818181818182,0.6,2.0082373208250246,,0,0,,0,0,0,0,0,,,,False,False,False,False,False
2024-10-18,14.52,15.38,14.52,15.09,34154.93,3.1442241968557605,2.5466507596666212,,,,,,,,,,,,,,,,,,,,,,0.8181818181818182,0.6,2.0958152566845776,,0,0,,0,0,0,0,0,,,,True,False,False,False,False
2024-10-21,15.18,15.7,15.18,15.56,44278.46,3.1146454605699203,3.3014786970978447,,,,,,,,,,,,,,,,,,,,,,1.0,0.65,2.2330412064855,,0,0,,0,0,0,0,0,,,,True,False,True,False,False
2024-10-22,15.57,15.94,15.4,15.61,36267.0,0.32133676092545027,2.704130358364937,,,,,,,,,,,,,,,,,,,,,,1.2222222222222223,0.7,2.33957194419684,,0,0,,0,0,0,0,0,,,,True,False,False,False,False
2024-10-23,15.35,15.57,15.29,15.48,37273.34,-0.8327994875079958,2.7791648124095776,,,,,,,,,,,,,,,,,,,,,,1.5,0.65,2.4439476709728467,,0,0,,0,0,0,0,0,,,,True,False,False,False,False
2024-10-24,15.38,15.51,15.15,15.24,18422.14,-1.5503875968992276,1.3735866776973293,,,,,,,,,,,,,,,,,,,,,,1.2222222222222223,0.6,2.470999375897733,,0,0,,0,0,0,0,0,,,,False,False,False,False,False
2024-10-25,15.3,16.15,15.25,16.03,52989.79,5.183727034120733,3.9510105556672115,,,,,,,,,,,,,,,,,,,,,,1.5,0.65,2.642081639364934,,0,0,,0,0,0,0,0,,,,True,False,True,True,False
2024-10-28,16.1,16.41,15.62,15.9,46355.1,-0.8109794135995108,3.4563165736080323,,,,,,,,,,,,,,,,,,,,,,1.5,0.65,2.7894174193851957,,0,0,,0,0,0,0,0,,,,False,False,False,False,False
2024-10-29,15.87,15.93,15.31,15.4,35898.0,-3.1446540880503138,2.676617079013553,,,,,,,,,,,,,,,,,,,,,,1.2222222222222223,0.6,2.8680978522656133,,0,0,,0,0,0,0,0,,,,False,False,False,False,False
2024-10-30,15.25,15.57,15.16,15.35,20709.82,-0.32467532467532756,1.5441600622679943,,,,,,,,,,,,,,,,,,,,,,1.2222222222222223,0.55,2.8902214371656703,,0,0,,0,0,0,0,0,,,,True,False,False,False,False
2024-10-31,15.33,15.57,15.22,15.35,24091.0,0.0,1.796266701501908,,,,,,,,,,,,,,,,,,,,,,1.2222222222222223,0.5,2.9351267267125167,,0,0,,0,0,0,0,0,,,,True,False,False,False,False
2024-11-01,15.23,15.69,14.69,14.99,40186.8,-2.3452768729641638,2.9963974380439535,,,,,,,,,,,,,,,,,,,,,,1.0,0.45,2.97453537881517,,0,0,,0,0,0,0,0,,,,False,False,False,False,False
2024-11-04,15.03,15.28,14.89,15.27,21785.54,1.867911941294187,1.6243676093245558,,,,,,,,,,,,,,,,,,,,,,1.0,0.45,2.7834860376258637,,0,0,,0,0,0,0,0,,,,True,False,False,False,False
2024-11-05,15.29,15.8,15.22,15.72,35335.8,2.946954813359537,2.6346984729123375,,,,,,,,,,,,,,,,,,,,,,1.2222222222222223,0.45,2.5411151475105087,,0,0,,0,0,0,0,0,,,,True,False,False,False,False
2024-11-06,15.65,16.67,15.6,16.22,65981.54,3.1806615776081237,4.919697945947292,,,,,,,,,,,,,,,,,,,,,,1.5,0.5,2.550325534660748,,0,0,,0,0,0,0,0,,,,True,False,True,False,False
2024-11-07,16.2,16.95,16.03,16.91,81776.97,4.254007398273751,6.097432574850379,,,,,,,,,,,,,,,,,,,,,,1.8571428571428572,0.5,2.7082857955686546,,0,0,,0,0,0,0,0,,,,True,False,True,True,False
2024-11-08,18.16,20.29,18.16,18.72,262095.12,10.703725606150204,19.542266268820175,,,,,,,,,,,,,,,,,,,,,,2.3333333333333335,0.55,3.565433009247034,,0,0,,0,0,0,0,0,,,,True,False,True,True,True
2024-11-11,18.04,19.72,17.6,19.23,230116.86,2.724358974358987,17.15791179578168,,,,,,,,,,,,,,,,,,,,,,2.3333333333333335,0.55,4.318334495191533,,0,0,,0,0,0,0,0,,,,True,False,False,False,True
2024-11-12,19.3,22.05,19.17,19.61,198359.27,1.976079043161727,14.790010860289172,,,,,,,,,,,,,,,,,,,,,,3.0,0.6,4.96117171675146,,0,0,,0,0,0,0,0,,,,True,False,False,False,True
2024-11-13,19.88,20.86,19.35,20.61,188975.45,5.099439061703204,14.090336982123564,,,,,,,,,,,,,,,,,,,,,,3.0,0.6,5.591292733053228,,0,0,,0,0,0,0,0,,,,True,False,False,False,True
2024-11-14,20.27,20.99,18.65,18.79,149684.2,-8.830664725861237,11.160713303762895,,,,,,,,,,,,,,,,,,,,,,3.0,0.6,6.05716077645755,,0,0,,0,0,0,0,0,,,,False,False,False,False,False
2024-11-15,18.47,21.31,18.47,19.88,185045.76,5.800957956359776,13.797332486908545,,,,,,,,,,,,,,,,,,,,,,3.0,0.6,6.619694862819647,,0,0,,0,0,0,0,0,,,,True,False,False,False,False
2024-11-18,19.32,20.06,17.75,18.08,148077.0,-9.05432595573441,11.040877687032422,,,,,,,,,,,,,,,,,,,,,,2.3333333333333335,0.55,7.006664812316376,,0,0,,0,0,0,0,0,,,,False,False,False,False,False
2024-11-19,17.83,18.46,17.23,18.42,106349.47,1.8805309734513553,7.929600750627876,,,,,,,,,,,,,,,,,,,,,,2.3333333333333335,0.55,7.267938331929521,,0,0,,0,0,0,0,0,,,,True,False,False,False,False
2024-11-20,18.32,19.78,18.12,19.69,151298.07,6.894679695982631,11.28104624725021,,,,,,,,,,,,,,,,,,,,,,2.3333333333333335,0.6,7.6930324036715545,,0,0,,0,0,0,0,0,,,,True,False,False,False,False
2024-11-21,19.09,20.2,18.97,19.94,166396.94,1.2696800406297504,12.406844155651942,,,,,,,,,,,,,,,,,,,,,,3.0,0.65,8.244695277569285,,0,0,,0,0,0,0,0,,,,True,False,False,False,False
2024-11-22,19.91,21.15,19.31,19.41,178893.4,-2.6579739217653,13.338601865363058,,,,,,,,,,,,,,,,,,,,,,2.3333333333333335,0.6,8.714074843054076,,0,0,,0,0,0,0,0,,,,False,False,False,False,False
2024-11-25,19.13,19.91,18.99,19.41,124567.53,0.0,9.287970869924038,,,,,,,,,,,,,,,,,,,,,,3.0,0.6,9.005657557869878,,0,0,,0,0,0,0,0,,,,True,False,False,False,False
2024-11-26,19.11,19.26,17.92,18.03,112388.02,-7.109737248840798,8.379845501379373,,,,,,,,,,,,,,,,,,,,,,3.0,0.6,9.290818978988169,,0,0,,0,0,0,0,0,,,,False,False,False,False,False
2024-11-27,18.03,18.23,17.13,17.76,75739.0,-1.4975041597337757,5.647231069903825,,,,,,,,,,,,,,,,,,,,,,2.3333333333333335,0.6,9.495972529369961,,0,0,,0,0,0,0,0,,,,False,False,False,False,False
2024-11-28,17.82,18.16,17.45,17.55,58961.0,-1.1824324324324342,4.396234319341414,,,,,,,,,,,,,,,,,,,,,,1.8571428571428572,0.6,9.625970910261936,,0,0,,0,0,0,0,0,,,,False,False,False,False,False
2024-11-29,17.33,17.94,17.13,17.88,61125.41,1.8803418803418737,4.557616479127133,,,,,,,,,,,,,,,,,,,,,,2.3333333333333335,0.65,9.704031862316095,,0,0,,0,0,0,0,0,,,,True,False,False,False,False
2024-12-02,17.88,17.88,17.55,17.76,61634.0,-0.6711409395973034,4.595537830740468,,,,,,,,,,,,,,,,,,,,,,1.8571428571428572,0.6,9.85259037338689,,0,0,,0,0,0,0,0,,,,False,False,False,False,False
2024-12-03,17.76,18.01,17.57,17.8,62768.0,0.22522522522521182,4.680090835576429,,,,,,,,,,,,,,,,,,,,,,1.8571428571428572,0.6,9.954859991520095,,0,0,,0,0,0,0,0,,,,True,False,False,False,False
2024-12-04,17.74,17.88,17.25,17.34,57113.0,-2.584269662921357,4.258444237386513,,,,,,,,,,,,,,,,,,,,,,1.5,0.55,9.921797306092056,,0,0,,0,0,0,0,0,,,,False,False,False,False,False
2024-12-05,17.33,17.74,17.31,17.7,37787.8,2.076124567474036,2.8175238413936246,,,,,,,,,,,,,,,,,,,,,,1.5,0.55,9.757801869419218,,0,0,,0,0,0,0,0,,,,True,False,False,False,False
2024-12-06,17.58,17.85,17.38,17.7,42772.8,0.0,3.1892140787016237,,,,,,,,,,,,,,,,,,,,,,1.5,0.5,8.940149259913289,,0,0,,0,0,0,0,0,,,,True,False,False,False,False
2024-12-09,17.89,18.2,17.78,17.99,60405.88,1.6384180790960379,4.503967075626586,,,,,,,,,,,,,,,,,,,,,,1.5,0.5,8.307452023905537,,0,0,,0,0,0,0,0,,,,True,False,False,False,False
2024-12-10,18.47,18.6,17.73,17.73,67865.29,-1.4452473596442306,5.0601536098447735,,,,,,,,,,,,,,,,,,,,,,1.2222222222222223,0.45,7.820959161383317,,0,0,,0,0,0,0,0,,,,False,False,False,False,False
2024-12-11,17.71,17.89,17.5,17.63,40107.8,-0.5640157924421962,2.990507061163847,,,,,,,,,,,,,,,,,,,,,,1.0,0.4,7.26596766533533,,0,0,,0,0,0,0,0,,,,False,False,False,False,False
2024-12-12,17.59,17.7,17.31,17.69,41310.8,0.340328984685212,3.0802048255533196,,,,,,,,,,,,,,,,,,,,,,1.2222222222222223,0.45,6.861942241424852,,0,0,,0,0,0,0,0,,,,True,False,False,False,False
2024-12-13,17.59,17.6,17.27,17.29,34894.0,-2.2611644997173608,2.601757099423336,,,,,,,,,,,,,,,,,,,,,,1.0,0.4,6.302163472050591,,0,0,,0,0,0,0,0,,,,False,False,False,False,False
2024-12-16,17.26,17.45,17.03,17.16,23960.0,-0.7518796992481147,1.7864991145235032,,,,,,,,,,,,,,,,,,,,,,1.0,0.4,5.839444543425145,,0,0,,0,0,0,0,0,,,,False,False,False,False,False
2024-12-17,17.04,17.22,16.47,16.6,35504.0,-3.263403263403253,2.6472397563456784,,,,,,,,,,,,,,,,,,,,,,0.8181818181818182,0.35,5.575326493711034,,0,0,,0,0,0,0,0,,,,False,False,False,False,False
2024-12-18,16.54,16.68,16.24,16.53,23690.8,-0.42168674698794817,1.7664270960915447,,,,,,,,,,,,,,,,,,,,,,0.6666666666666666,0.3,5.099595536153101,,0,0,,0,0,0,0,0,,,,False,False,False,False,False
2024-12-19,16.46,16.58,16.23,16.53,20277.0,0.0,1.5118882531382754,,,,,,,,,,,,,,,,,,,,,,0.6666666666666666,0.25,4.554847741027418,,0,0,,0,0,0,0,0,,,,True,False,False,False,False
2024-12-20,16.53,16.97,16.46,16.83,23551.0,1.8148820326678639,1.7560033658657357,,,,,,,,,,,,,,,,,,,,,,0.8181818181818182,0.3,3.975717816052552,,0,0,,0,0,0,0,0,,,,True,False,False,False,False
2024-12-23,16.79,16.8,16.1,16.16,23428.41,-3.9809863339275053,1.746862843058998,,,,,,,,,,,,,,,,,,,,,,0.6666666666666666,0.3,3.5986624147093,,0,0,,0,0,0,0,0,,,,False,False,False,False,False
2024-12-24,16.18,16.42,16.05,16.34,18509.0,1.1138613861386037,1.3800631097961404,,,,,,,,,,,,,,,,,,,,,,0.8181818181818182,0.35,3.2486732951301382,,0,0,,0,0,0,0,0,,,,True,False,False,False,False
2024-12-25,16.24,16.34,15.71,15.93,23757.0,-2.5091799265605896,1.7713630827936089,,,,,,,,,,,,,,,,,,,,,,0.8181818181818182,0.35,3.054879895774628,,0,0,,0,0,0,0,0,,,,False,False,False,False,False
2024-12-26,15.91,16.13,15.91,16.02,13112.1,0.5649717514124353,0.9776608948056607,,,,,,,,,,,,,,,,,,,,,,1.0,0.4,2.88395122454784,,0,0,,0,0,0,0,0,,,,True,False,False,False,False
2024-12-27,16.03,16.4,15.87,16.28,21265.0,1.6229712858926382,1.5855552450059391,,,,,,,,,,,,,,,,,,,,,,1.0,0.4,2.73534816284178,,0,0,,0,0,0,0,0,,,,True,False,False,False,False
2024-12-30,16.19,16.27,15.91,16.12,15762.8,-0.9828009828009798,1.1753016795664057,,,,,,,,,,,,,,,,,,,,,,1.0,0.4,2.564336355283077,,0,0,,0,0,0,0,0,,,,False,False,False,False,False
2024-12-31,16.12,16.19,15.59,15.72,17347.0,-2.481389578163773,1.2673197597082249,,,,,,,,,,,,,,,,,,,,,,0.8181818181818182,0.35,2.393697801489667,,0,0,,0,0,0,0,0,,,,False,False,False,False,False
2025-01-02,15.71,15.89,15.2,15.33,19418.0,-2.4809160305343525,1.4186208044050448,,,,,,,,,,,,,,,,,,,,,,0.8181818181818182,0.35,2.2517066298405934,,0,0,,0,0,0,0,0,,,,False,False,False,False,False
2025-01-03,15.35,15.43,14.7,14.72,22863.0,-3.9791258969341103,1.6703021655738253,,,,,,,,,,,,,,,,,,,,,,0.6666666666666666,0.3,2.1943455460496035,,0,0,,0,0,0,0,0,,,,False,False,False,False,False
2025-01-06,14.79,15.0,14.29,14.81,15518.0,0.6114130434782705,1.1336985087422746,,,,,,,,,,,,,,,,,,,,,,0.6666666666666666,0.35,2.0915697675516363,,0,0,,0,0,0,0,0,,,,True,False,False,False,False
2025-01-07,14.81,15.05,14.65,15.05,15666.0,1.620526671168121,1.1445109445776822,,,,,,,,,,,,,,,,,,,,,,0.6666666666666666,0.35,1.9235969609991912,,0,0,,0,0,0,0,0,,,,True,False,False,False,False
2025-01-08,15.05,15.07,14.44,14.93,22367.0,-0.7973421926910418,1.6340658941254318,,,,,,,,,,,,,,,,,,,,,,0.6666666666666666,0.35,1.752292575213224,,0,0,,0,0,0,0,0,,,,False,False,False,False,False
2025-01-09,14.95,15.08,14.85,14.97,15147.0,0.26791694574681557,1.1065943621548673,,,,,,,,,,,,,,,,,,,,,,0.8181818181818182,0.4,1.6580969402627748,,0,0,,0,0,0,0,0,,,,True,False,False,False,False
2025-01-10,14.99,15.11,14.54,14.54,14815.0,-2.872411489645965,1.0823394385240879,,,,,,,,,,,,,,,,,,,,,,0.6666666666666666,0.35,1.5582036709113134,,0,0,,0,0,0,0,0,,,,False,False,False,False,False
2025-01-13,14.48,14.73,14.13,14.67,14350.0,0.8940852819807388,1.048367934041219,,,,,,,,,,,,,,,,,,,,,,0.8181818181818182,0.4,1.4805342126422074,,0,0,,0,0,0,0,0,,,,True,False,False,False,False
2025-01-14,14.74,15.29,14.69,15.28,21202.7,4.15814587593728,1.5490056303202617,,,,,,,,,,,,,,,,,,,,,,1.0,0.45,1.4686595384320453,,0,0,,0,0,0,0,0,,,,True,False,True,False,False
2025-01-15,15.32,15.35,15.08,15.15,14983.13,-0.8507853403141308,1.094622511747109,,,,,,,,,,,,,,,,,,,,,,1.0,0.45,1.391028676202117,,0,0,,0,0,0,0,0,,,,False,False,False,False,False
2025-01-16,15.24,15.44,15.0,15.17,15848.13,0.13201320132012473,1.1578168157851336,,,,,,,,,,,,,,,,,,,,,,1.0,0.5,1.3605981621867964,,0,0,,0,0,0,0,0,,,,False,False,False,False,False
2025-01-17,15.07,15.32,15.03,15.2,13163.0,0.19775873434408897,0.9616492763612939,,,,,,,,,,,,,,,,,,,,,,1.0,0.55,1.3330862133479473,,0,0,,0,0,0,0,0,,,,True,False,False,False,False
2025-01-20,15.31,15.49,15.15,15.45,16710.0,1.6447368421052655,1.220782451416639,,,,,,,,,,,,,,,,,,,,,,1.0,0.55,1.3063251676254923,,0,0,,0,0,0,0,0,,,,True,False,True,True,False
2025-01-21,15.5,15.51,15.12,15.28,16370.0,-1.1003236245954673,1.1959430717947566,,,,,,,,,,,,,,,,,,,,,,1.0,0.55,1.2787791790622802,,0,0,,0,0,0,0,0,,,,False,False,False,False,False
2025-01-22,15.28,15.28,15.02,15.09,12808.0,-1.2434554973821954,0.935714041756093,,,,,,,,,,,,,,,,,,,,,,0.8181818181818182,0.5,1.256561725660278,,0,0,,0,0,0,0,0,,,,False,False,False,False,False
2025-01-23,15.23,15.54,15.19,15.23,24103.8,0.9277667329357309,1.760951289793919,,,,,,,,,,,,,,,,,,,,,,0.9,0.55,1.2560411360102934,,0,0,,0,0,0,0,0,,,,False,False,False,False,False
2025-01-24,15.25,15.33,15.07,15.17,21257.0,-0.3939592908732803,1.5529726253598741,,,,,,,,,,,,,,,,,,,,,,0.7272727272727273,0.5,1.2848067225380042,,0,0,,0,0,0,0,0,,,,False,False,False,False,False
2025-01-27,15.16,15.46,15.13,15.17,19218.6,0.0,1.4040532388267994,,,,,,,,,,,,,,,,,,,,,,0.7272727272727273,0.45,1.2757316222290471,,0,0,,0,0,0,0,0,,,,True,False,False,False,False
2025-02-05,15.18,15.51,15.16,15.41,23770.8,1.5820698747528006,1.7366233091642518,,,,,,,,,,,,,,,,,,,,,,0.9,0.5,1.3037977037089394,,0,0,,0,0,0,0,0,,,,True,False,False,False,False
2025-02-06,15.35,16.0,15.3,15.83,26475.89,2.7255029201816994,1.9342490662858935,,,,,,,,,,,,,,,,,,,,,,1.1111111111111112,0.55,1.3371441690378227,,0,0,,0,0,0,0,0,,,,True,False,True,True,False
2025-02-07,15.79,16.0,15.63,15.83,28181.1,0.0,2.0588265913595123,,,,,,,,,,,,,,,,,,,,,,1.375,0.55,1.3691544583855462,,0,0,,0,0,0,0,0,,,,True,False,False,False,False
2025-02-10,15.81,16.08,15.77,16.04,23141.0,1.3265950726468745,1.6906120112646588,,,,,,,,,,,,,,,,,,,,,,1.7142857142857142,0.6,1.3701699506700877,,0,0,,0,0,0,0,0,,,,True,False,True,True,False
2025-02-11,16.03,16.04,15.81,15.98,17534.49,-0.37406483790523026,1.2810172164297153,,,,,,,,,,,,,,,,,,,,,,1.375,0.55,1.37753588605446,,0,0,,0,0,0,0,0,,,,False,False,False,False,False
2025-02-12,15.97,16.25,15.88,16.16,25001.0,1.126408010012514,1.8264980291961337,,,,,,,,,,,,,,,,,,,,,,1.375,0.55,1.4116352402853827,,0,0,,0,0,0,0,0,,,,True,False,True,True,False
2025-02-13,16.34,17.03,16.17,16.49,64470.0,2.0420792079207883,4.709984718302258,,,,,,,,,,,,,,,,,,,,,,1.7142857142857142,0.6,1.5654311814942239,,0,0,,0,0,0,0,0,,,,True,False,True,True,False
2025-02-14,16.32,17.18,16.32,16.94,79371.57,2.7289266221952824,5.7986487012200705,,,,,,,,,,,,,,,,,,,,,,1.7142857142857142,0.6,1.800033898447484,,0,0,,0,0,0,0,0,,,,True,False,False,False,False
2025-02-17,16.84,16.84,16.35,16.57,52122.44,-2.184179456906732,3.8079090411141046,,,,,,,,,,,,,,,,,,,,15.584333333333332,,1.7142857142857142,0.6,1.9363123785769847,,0,0,,0,0,0,0,0,,,,False,False,False,False,False
2025-02-18,16.57,16.65,16.01,16.03,39586.32,-3.2589016294508055,2.8920577362156514,,,,,,,,,,,,,,,,,,,,15.602666666666668,,1.375,0.55,2.0284968686857066,,0,0,,0,0,0,0,0,,,,False,False,False,False,False
2025-02-19,16.03,16.31,15.92,16.25,25627.92,1.3724266999376011,1.8722989229389297,,,,,,,,,,,,,,,,,,,,15.623083333333334,,1.375,0.55,2.04466153331664,,0,0,,0,0,0,0,0,,,,True,False,False,False,False
2025-02-20,16.24,16.49,16.16,16.41,24895.3,0.9846153846153838,1.8187759044136838,,,,,,,,,,,,,,,,,,,,15.64575,,1.7142857142857142,0.6,2.0808692029499687,,0,0,,0,0,0,0,0,,,,True,False,False,False,False
2025-02-21,16.33,16.59,16.22,16.49,30553.0,0.48750761730651515,2.232110487021698,,,,,,,,,,,,,,,,,,,,15.6695,,2.1666666666666665,0.6,2.134583886511797,,0,0,,0,0,0,0,0,,,,True,False,False,False,False
2025-02-24,16.36,17.01,16.22,16.6,41756.0,0.6670709520921969,3.050568045562728,,,,,,,,,,,,,,,,,,,,15.696250000000001,,2.1666666666666665,0.6,2.239029824971868,,0,0,,0,0,0,0,0,,,,True,False,False,False,False
2025-02-25,16.44,16.56,16.31,16.39,24066.0,-1.2650602409638556,1.7581897352359568,,,,,,,,,,,,,,,,,,,,15.720083333333331,,1.7142857142857142,0.55,2.265900189162834,,0,0,,0,0,0,0,0,,,,False,False,False,False,False
2025-02-26,16.44,16.83,16.44,16.56,33126.74,1.037217815741287,2.4201402073394154,,,,,,,,,,,,,,,,,,,,15.746749999999999,,2.1666666666666665,0.6,2.3271100459400675,,0,0,,0,0,0,0,0,,,,True,False,False,False,False
2025-02-27,16.62,17.14,16.53,17.14,76386.27,3.5024154589372136,5.580551642440053,,,,,,,,,,,,,,,,,,,,15.784416666666667,,2.8,0.65,2.5593519259742656,,0,0,,0,0,0,0,0,,,,True,False,True,False,True
2025-02-28,17.24,17.51,16.64,17.01,81378.4,-0.7584597432905404,5.945261678298254,,,,,,,,,,,,,,,,,,,,15.817333333333332,,2.3333333333333335,0.6,2.768567445399482,,0,0,,0,0,0,0,0,,,,False,False,False,False,False
2025-03-03,17.04,17.84,17.01,17.84,104031.75,4.879482657260414,7.600247444055233,,,,,,,,,,,,,,,,,,,,15.858666666666666,,3.0,0.65,3.07093118633425,,0,0,,0,0,0,0,0,,,,True,False,True,True,True
2025-03-04,17.56,17.57,17.18,17.41,68209.8,-2.4103139013452846,4.983203282743188,,,,,,,,,,,,,,,,,,,,15.896416666666665,,2.3333333333333335,0.65,3.2498886885300693,,0,0,,0,0,0,0,0,,,,False,False,False,False,False
2025-03-05,17.25,18.17,17.25,17.56,73876.09,0.861573808156213,5.397165424971649,,,,,,,,,,,,,,,,,,,,15.933666666666666,,2.3333333333333335,0.65,3.432915794320439,,0,0,,0,0,0,0,0,,,,True,False,False,False,False
2025-03-06,17.41,17.59,17.19,17.32,57265.14,-1.3667425968109215,4.183619269294855,,,,,,,,,,,,,,,,,,,,15.967000000000002,,1.8571428571428572,0.6,3.5453843044708875,,0,0,,0,0,0,0,0,,,,False,False,False,False,False
2025-03-07,17.25,17.25,16.74,16.84,48258.42,-2.771362586605086,3.5256153362713203,,,,,,,,,,,,,,,,,,,,15.998666666666667,,1.5,0.6,3.618723741716478,,0,0,,0,0,0,0,0,,,,False,False,False,False,False
2025-03-10,16.85,17.07,16.8,16.94,27556.88,0.5938242280285166,2.0132229515137134,,,,,,,,,,,,,,,,,,,,16.030250000000002,,1.5,0.6,3.6348542887289303,,0,0,,0,0,0,0,0,,,,True,False,False,False,False
2025-03-11,16.75,16.84,16.58,16.84,22863.8,-0.5903187721369663,1.6703606111729354,,,,,,,,,,,,,,,,,,,,16.057750000000002,,1.8571428571428572,0.6,3.6543214584660917,,0,0,,0,0,0,0,0,,,,True,False,False,False,False
2025-03-12,16.86,17.0,16.72,16.88,26743.0,0.23752969121140222,1.953763321258838,,,,,,,,,,,,,,,,,,,,16.086750000000002,,1.8571428571428572,0.6,3.6606847230692265,,0,0,,0,0,0,0,0,,,,True,False,False,False,False
2025-03-13,16.79,16.88,16.45,16.66,27725.0,-1.3033175355450122,2.0255052941667455,,,,,,,,,,,,,,,,,,,,16.117833333333333,,1.5,0.55,3.5264607518624516,,0,0,,0,0,0,0,0,,,,False,False,False,False,False
2025-03-14,16.6,16.81,16.46,16.76,21518.2,0.6002400960384291,1.5720551134693912,,,,,,,,,,,,,,,,,,,,16.150333333333332,,1.5,0.55,3.3151310724749172,,0,0,,0,0,0,0,0,,,,True,False,False,False,False
2025-03-17,16.82,16.92,16.73,16.85,19309.0,0.5369928400954738,1.410657591526265,,,,,,,,,,,,,,,,,,,,16.18325,,1.8571428571428572,0.6,3.1952684999955254,,0,0,,0,0,0,0,0,,,,True,False,False,False,False
2025-03-18,16.89,17.07,16.85,16.99,25592.0,0.8308605341246222,1.8696747155388767,,,,,,,,,,,,,,,,,,,,16.216666666666665,,2.3333333333333335,0.65,3.1441493489616863,,0,0,,0,0,0,0,0,,,,True,False,False,False,False
2025-03-19,16.92,16.92,16.69,16.7,22513.0,-1.7068864037669162,1.644732215963064,,,,,,,,,,,,,,,,,,,,16.248666666666665,,1.8571428571428572,0.6,3.132771013612893,,0,0,,0,0,0,0,0,,,,False,False,False,False,False
2025-03-20,16.73,16.8,16.57,16.65,16093.0,-0.29940119760479833,1.1757062831028111,,,,,,,,,,,,,,,,,,,,16.282666666666668,,1.5,0.55,3.1006175325473495,,0,0,,0,0,0,0,0,,,,False,False,False,False,False
2025-03-21,16.57,16.76,16.28,16.36,20003.0,-1.7417417417417314,1.4613591487544604,,,,,,,,,,,,,,,,,,,,16.31375,,1.2222222222222223,0.5,3.0620799656339877,,0,0,,0,0,0,0,0,,,,False,False,False,False,False
2025-03-24,16.25,16.43,15.69,15.99,26760.0,-2.261613691931541,1.955005290239932,,,,,,,,,,,,,,,,,,,,16.34025,,1.0,0.45,3.007301827867848,,0,0,,0,0,0,0,0,,,,False,False,False,False,False
2025-03-25,15.9,16.57,15.89,16.38,26487.0,2.4390243902439046,1.935060729543538,,,,,,,,,,,,,,,,,,,,16.371916666666667,,1.2222222222222223,0.5,3.016145377583227,,0,0,,0,0,0,0,0,,,,True,False,False,False,False
2025-03-26,16.31,16.79,16.3,16.61,26147.0,1.4041514041513992,1.9102213499216554,,,,,,,,,,,,,,,,,,,,16.406416666666665,,1.2222222222222223,0.5,2.990649434712339,,0,0,,0,0,0,0,0,,,,True,False,False,False,False
2025-03-27,16.53,17.29,16.53,17.12,72190.0,3.0704394942805635,5.273984749716767,,,,,,,,,,,,,,,,,,,,16.44175,,1.2222222222222223,0.5,2.975321090076174,,0,0,,0,0,0,0,0,,,,True,False,True,True,False
2025-03-28,16.95,17.05,16.22,16.23,48606.0,-5.198598130841125,3.5510084879447734,,,,,,,,,,,,,,,,,,,,16.468083333333333,,1.2222222222222223,0.5,2.8556084305585006,,0,0,,0,0,0,0,0,,,,False,False,False,False,False
2025-03-31,16.02,17.44,16.02,17.33,89967.8,6.777572396796039,6.591476185722699,,,,,,,,,,,,,,,,,,,,16.501250000000002,,1.2222222222222223,0.5,2.8051698676418737,,0,0,,0,0,0,0,0,,,,True,False,True,True,False
2025-04-01,17.09,17.67,16.98,17.62,100399.23,1.673398730525122,7.355733202433491,,,,,,,,,,,,,,,,,,,,16.531916666666667,,1.5,0.55,2.9237963636263893,,0,0,,0,0,0,0,0,,,,True,False,True,True,False
2025-04-02,17.43,17.63,17.13,17.27,67841.2,-1.9863791146424559,4.970374447422864,,,,,,,,,,,,,,,,,,,,16.54491666666667,,1.2222222222222223,0.5,2.9024568147489496,,0,0,,0,0,0,0,0,,,,False,False,False,False,False
2025-04-03,16.91,17.32,16.88,17.28,45065.0,0.057903879559928484,3.301679871127152,,,,,,,,,,,,,,,,,,,,16.545666666666666,,1.5,0.55,2.8583598448405647,,0,0,,0,0,0,0,0,,,,True,False,False,False,False
2025-04-07,16.28,16.44,13.82,13.88,73813.0,-19.67592592592593,5.407897399922523,,,,,,,,,,,,,,,,,,,,16.535999999999998,,1.5,0.55,2.952473948023125,,0,0,,0,0,0,0,0,,,,False,False,False,False,False
2025-04-08,13.88,15.11,13.88,14.91,61598.0,7.420749279538907,4.512967418211257,,,,,,,,,,,,,,,,,,,,16.533583333333333,,1.5,0.55,3.077461171358002,,0,0,,0,0,0,0,0,,,,True,False,False,False,False
2025-04-09,14.61,15.06,13.57,14.88,52834.7,-0.2012072434607548,3.8709256737388604,,,,,,,,,,,,,,,,,,,,16.535916666666665,,1.5,0.55,3.1874894244862984,,0,0,,0,0,0,0,0,,,,True,False,False,False,False
2025-04-10,15.34,15.49,14.99,15.09,36306.0,1.4112903225806495,2.6599531654530653,,,,,,,,,,,,,,,,,,,,16.53783333333333,,1.2222222222222223,0.55,3.2227989166960094,,0,0,,0,0,0,0,0,,,,False,False,False,False,False
2025-04-11,15.0,15.31,14.85,15.01,24663.0,-0.5301524188204065,1.806930670400731,,,,,,,,,,,,,,,,,,,,16.541166666666665,,1.5,0.55,3.211870185507709,,0,0,,0,0,0,0,0,,,,True,False,False,False,False
2025-04-14,15.19,15.54,15.19,15.41,29242.0,2.664890073284476,2.1424103581826293,,,,,,,,,,,,,,,,,,,,16.546333333333333,,1.5,0.55,3.240387947743371,,0,0,,0,0,0,0,0,,,,True,False,False,False,False
2025-04-15,15.41,15.69,15.34,15.49,26050.0,0.5191434133679396,1.9085489990649578,,,,,,,,,,,,,,,,,,,,16.5535,,1.5,0.55,3.265282518120306,,0,0,,0,0,0,0,0,,,,True,False,False,False,False
2025-04-16,15.35,15.54,14.94,15.18,20945.4,-2.0012911555842505,1.5345613130524054,,,,,,,,,,,,,,,,,,,,16.55425,,1.2222222222222223,0.5,3.248526847995982,,0,0,,0,0,0,0,0,,,,False,False,False,False,False
2025-04-17,15.15,15.81,15.06,15.57,28755.0,2.5691699604743157,2.1067303826530845,,,,,,,,,,,,,,,,,,,,16.554333333333332,,1.5,0.55,3.2716267563304826,,0,0,,0,0,0,0,0,,,,True,False,False,False,False
2025-04-18,15.48,15.71,15.31,15.59,22841.0,0.12845215157353262,1.6734421377214086,,,,,,,,,,,,,,,,,,,,16.554166666666667,,1.8571428571428572,0.6,3.2965135490614124,,0,0,,0,0,0,0,0,,,,True,False,False,False,False
2025-04-21,15.48,15.89,15.45,15.8,21380.0,1.347017318794097,1.5664022111327753,,,,,,,,,,,,,,,,,,,,16.556833333333334,,2.3333333333333335,0.65,3.3017657021803286,,0,0,,0,0,0,0,0,,,,True,False,False,False,False
2025-04-22,15.74,15.8,15.35,15.62,28630.05,-1.13924050632912,2.0975759412928863,,,,,,,,,,,,,,,,,,,,16.56,,2.3333333333333335,0.65,3.308894234732976,,0,0,,0,0,0,0,0,,,,False,False,False,False,False
2025-04-23,15.64,15.8,15.53,15.75,27335.52,0.8322663252240847,2.002732412089064,,,,,,,,,,,,,,,,,,,,16.557666666666666,,2.3333333333333335,0.65,3.3122778188602524,,0,0,,0,0,0,0,0,,,,True,False,False,False,False
2025-04-24,15.77,15.82,15.38,15.56,19822.12,-1.2063492063491998,1.4522643871533771,,,,,,,,,,,,,,,,,,,,16.554833333333335,,1.8571428571428572,0.6,3.2893799707218383,,0,0,,0,0,0,0,0,,,,False,False,False,False,False
2025-04-25,15.56,15.64,15.32,15.35,18886.0,-1.3496143958869,1.3836797081128902,,,,,,,,,,,,,,,,,,,,16.554416666666665,,1.5,0.55,3.0948647186416447,,0,0,,0,0,0,0,0,,,,False,False,False,False,False
2025-04-28,15.35,15.35,15.0,15.23,15617.31,-0.7817589576547213,1.1441996686597755,,,,,,,,,,,,,,,,,,,,16.553416666666667,,1.5,0.55,2.974524277677395,,0,0,,0,0,0,0,0,,,,False,False,False,False,False
2025-04-29,15.36,15.62,15.21,15.45,18875.0,1.4445173998686833,1.3828737949079108,,,,,,,,,,,,,,,,,,,,16.55425,,1.5,0.55,2.7140941581366556,,0,0,,0,0,0,0,0,,,,True,False,False,False,False
2025-04-30,15.5,15.6,15.37,15.45,15876.0,0.0,1.1631525492957877,,,,,,,,,,,,,,,,,,,,16.558083333333332,,1.2222222222222223,0.5,2.40446512547977,,0,0,,0,0,0,0,0,,,,False,False,False,False,False
2025-05-06,15.52,15.82,15.52,15.81,19418.0,2.3300970873786575,1.4226566012991686,,,,,,,,,,,,,,,,,,,,16.562583333333333,,1.5,0.55,2.2270792331735856,,0,0,,0,0,0,0,0,,,,True,False,False,False,False
2025-05-07,15.99,16.12,15.67,15.9,27754.0,0.5692599620493288,2.033392280999955,,,,,,,,,,,,,,,,,,,,16.564083333333333,,1.2222222222222223,0.55,2.1636648536672256,,0,0,,0,0,0,0,0,,,,False,False,True,True,False
2025-05-08,15.83,16.15,15.76,16.11,22000.0,1.3207547169811207,1.6118264099588893,,,,,,,,,,,,,,,,,,,,16.563166666666667,,1.5,0.6,1.9738613041690443,,0,0,,0,0,0,0,0,,,,True,False,False,False,False
2025-05-09,16.08,16.08,15.78,15.89,15107.13,-1.3656114214773307,1.1068214142128288,,,,,,,,,,,,,,,,,,,,16.554666666666666,,1.2222222222222223,0.55,1.8035540039691225,,0,0,,0,0,0,0,0,,,,False,False,False,False,False
2025-05-12,16.0,16.17,15.96,16.14,23999.12,1.573316551290116,1.7582916105351172,,,,,,,,,,,,,,,,,,,,16.533166666666666,,1.2222222222222223,0.6,1.6979223008089352,,0,0,,0,0,0,0,0,,,,True,False,False,False,False
2025-05-13,16.24,16.32,16.05,16.15,23690.0,0.06195786864930941,1.7356439841784583,,,,,,,,,,,,,,,,,,,,16.5075,,1.2222222222222223,0.6,1.6517068417452052,,0,0,,0,0,0,0,0,,,,False,False,False,False,False
2025-05-14,16.15,16.21,15.91,16.12,20506.0,-0.18575851393187737,1.5023687437553175,,,,,,,,,,,,,,,,,,,,16.478416666666668,,1.0,0.6,1.6364787454129341,,0,0,,0,0,0,0,0,,,,False,False,False,False,False
2025-05-15,16.14,16.23,16.0,16.07,21395.0,-0.31017369727047717,1.56750118368502,,,,,,,,,,,,,,,,,,,,16.440583333333333,,0.8181818181818182,0.55,1.6077332866880538,,0,0,,0,0,0,0,0,,,,False,False,False,False,False
2025-05-16,16.06,16.18,15.96,16.1,17963.0,0.18668326073429942,1.316056263731433,,,,,,,,,,,,,,,,,,,,16.418166666666668,,0.8181818181818182,0.55,1.578108649921378,,0,0,,0,0,0,0,0,,,,True,False,False,False,False
2025-05-19,16.09,16.2,15.9,16.12,20481.12,0.1242236024844745,1.5005459146153275,,,,,,,,,,,,,,,,,,,,16.386833333333332,,1.0,0.6,1.5764078799995238,,0,0,,0,0,0,0,0,,,,True,False,False,False,False
2025-05-20,16.03,16.19,16.03,16.14,18231.6,0.12406947890819531,1.3357351989002948,,,,,,,,,,,,,,,,,,,,16.37066666666667,,1.0,0.6,1.5378581208118844,,0,0,,0,0,0,0,0,,,,True,False,False,False,False
2025-05-21,16.15,16.33,16.03,16.22,37040.12,0.4956629491945419,2.713738347456657,,,,,,,,,,,,,,,,,,,,16.352333333333334,,1.0,0.6,1.5898729312986468,,0,0,,0,0,0,0,0,,,,True,False,False,False,False
2025-05-22,16.13,16.17,15.59,15.62,36449.0,-3.6991368680641123,2.6704300371177982,,,,,,,,,,,,,,,,,,,,16.318416666666668,,0.8181818181818182,0.55,1.6450743225978979,,0,0,,0,0,0,0,0,,,,False,False,False,False,False
2025-05-23,15.63,16.05,15.63,15.7,31015.0,0.512163892445594,2.2723089138579526,,,,,,,,,,,,,,,,,,,,16.283083333333334,,1.0,0.6,1.6538109712261513,,0,0,,0,0,0,0,0,,,,True,False,False,False,False
2025-05-26,15.7,15.79,15.47,15.74,21448.0,0.2547770700636942,1.5713842200362844,,,,,,,,,,,,,,,,,,,,16.2525,,1.0,0.6,1.6322435616235123,,0,0,,0,0,0,0,0,,,,True,False,False,False,False
2025-05-27,15.74,15.95,15.5,15.9,25333.47,1.016518424396451,1.8560525455409644,,,,,,,,,,,,,,,,,,,,16.22325,,1.2222222222222223,0.65,1.6524329695428914,,0,0,,0,0,0,0,0,,,,True,False,False,False,False
2025-05-28,15.82,16.39,15.82,15.91,37285.0,0.06289308176099517,2.7316794406962357,,,,,,,,,,,,,,,,,,,,16.205583333333333,,1.5,0.7,1.7198329561720587,,0,0,,0,0,0,0,0,,,,True,False,False,False,False
2025-05-29,15.85,16.08,15.76,16.07,27253.0,1.0056568196103122,1.9966865977549824,,,,,,,,,,,,,,,,,,,,16.191499999999998,,1.8571428571428572,0.75,1.762457302626819,,0,0,,0,0,0,0,0,,,,True,False,False,False,False
2025-05-30,16.12,16.12,15.69,15.73,24641.0,-2.1157436216552528,1.8053188439907724,,,,,,,,,,,,,,,,,,,,16.176333333333332,,1.5,0.7,1.783579555080962,,0,0,,0,0,0,0,0,,,,False,False,False,False,False
2025-06-03,15.72,15.85,15.61,15.77,20165.0,0.2542911633820699,1.4773854344009547,,,,,,,,,,,,,,,,,,,,16.15875,,1.8571428571428572,0.75,1.7992911993362206,,0,0,,0,0,0,0,0,,,,True,False,False,False,False
2025-06-04,15.85,16.08,15.75,15.98,24866.0,1.331642358909324,1.8218034322744425,,,,,,,,,,,,,,,,,,,,16.143916666666666,,1.8571428571428572,0.75,1.8192485408849841,,0,0,,0,0,0,0,0,,,,True,False,False,False,False
2025-06-05,15.9,16.03,15.8,15.88,21059.0,-0.6257822277847325,1.5428841985147386,,,,,,,,,,,,,,,,,,,,16.127916666666668,,1.8571428571428572,0.7,1.7947231367607235,,0,0,,0,0,0,0,0,,,,False,False,False,False,False
2025-06-06,15.88,16.27,15.83,16.01,35355.0,0.8186397984886629,2.5902783056407515,,,,,,,,,,,,,,,,,,,,16.116833333333332,,1.8571428571428572,0.7,1.8436457315448167,,0,0,,0,0,0,0,0,,,,True,False,False,False,False
2025-06-09,15.99,16.4,15.93,16.34,42599.6,2.061211742660829,3.1210527424402135,,,,,,,,,,,,,,,,,,,,16.1055,,2.3333333333333335,0.75,1.9443572979561856,,0,0,,0,0,0,0,0,,,,True,False,True,False,True
2025-06-10,16.34,17.03,16.33,16.64,81993.8,1.8359853121175052,6.0072623769494164,,,,,,,,,,,,,,,,,,,,16.096666666666668,,2.3333333333333335,0.75,2.156805836276901,,0,0,,0,0,0,0,0,,,,True,False,True,True,True
2025-06-11,16.61,16.94,16.6,16.69,49344.0,0.30048076923077094,3.6151801078641563,,,,,,,,,,,,,,,,,,,,16.085833333333333,,3.0,0.75,2.2507826424611856,,0,0,,0,0,0,0,0,,,,True,False,False,False,True
2025-06-12,16.67,17.15,16.5,17.0,56393.0,1.8573996405032878,4.1316239425823476,,,,,,,,,,,,,,,,,,,,16.07975,,4.0,0.8,2.3822454024025372,,0,0,,0,0,0,0,0,,,,True,False,False,False,True
2025-06-13,17.0,17.0,16.54,16.6,38161.8,-2.35294117647058,2.795918049616779,,,,,,,,,,,,,,,,,,,,16.071166666666667,,4.0,0.8,2.443666245699125,,0,0,,0,0,0,0,0,,,,False,False,False,False,False
2025-06-16,16.7,16.89,16.57,16.65,33636.0,0.30120481927709,2.4643360511535093,,,,,,,,,,,,,,,,,,,,16.0625,,3.0,0.8,2.501080235070229,,0,0,,0,0,0,0,0,,,,False,False,False,False,False
2025-06-17,16.58,16.74,16.46,16.64,30481.0,-0.060060060060052045,2.233185490998041,,,,,,,,,,,,,,,,,,,,16.05708333333333,,3.0,0.75,2.537712213889365,,0,0,,0,0,0,0,0,,,,True,False,False,False,False
2025-06-18,16.56,16.64,16.27,16.54,27281.0,-0.6009615384615419,1.9987380131858392,,,,,,,,,,,,,,,,,,,,16.051916666666667,,2.3333333333333335,0.7,2.570862354603642,,0,0,,0,0,0,0,0,,,,False,False,False,False,False
2025-06-19,16.53,18.02,16.45,17.14,126691.72,3.6275695284159637,9.282048191778037,,,,,,,,,,,,,,,,,,,,16.056416666666667,,2.3333333333333335,0.7,2.899277846819711,,0,0,,0,0,0,0,0,,,,True,False,False,False,True
2025-06-20,16.97,17.98,16.69,17.97,194540.98,4.842473745624254,14.25301315378564,,,,,,,,,,,,,,,,,,,,16.068416666666668,,3.0,0.75,3.4784070026531024,,0,0,,0,0,0,0,0,,,,True,False,False,False,True
2025-06-23,18.31,21.57,17.54,21.57,380501.78,20.03338898163607,27.877400820016685,,,,,,,,,,,,,,,,,,,,16.110416666666666,,3.0,0.75,4.758661597961039,,0,0,,0,0,0,0,0,,,,True,False,True,True,True
2025-06-24,22.7,25.88,22.13,25.88,444577.44,19.981455725544727,32.57189359381425,,,,,,,,,,,,,,,,,,,,16.185833333333335,,3.0,0.75,6.308687066649938,,0,0,,0,0,0,0,0,,,,True,False,True,True,True
2025-06-25,27.26,31.06,25.07,31.06,619092.82,20.01545595054095,45.35773443145113,,,,,,,,,,,,,,,,,,,,16.31,,3.0,0.75,8.483771160945446,,0,0,,0,0,0,0,0,,,,True,False,True,True,True
2025-06-26,28.94,29.68,26.51,26.56,495390.21,-14.488087572440433,36.2946828960491,,,,,,,,,,,,,,,,,,,,16.395166666666668,,2.3333333333333335,0.7,10.16192133371309,,0,0,,0,0,0,0,0,,,,False,False,False,False,False
2025-06-27,26.76,27.77,25.48,26.61,398465.29,0.18825301204818956,29.193494448814896,,,,,,,,,,,,,,,,,,,,16.484166666666667,,1.8571428571428572,0.7,11.521761726266085,,0,0,,0,0,0,0,0,,,,False,False,False,False,False
2025-06-30,26.02,27.85,25.67,27.69,372954.86,4.0586245772266105,27.324476957750914,,,,,,,,,,,,,,,,,,,,16.581416666666666,,2.3333333333333335,0.75,12.797719631954092,,0,0,,0,0,0,0,0,,,,True,False,False,False,False
2025-07-01,27.21,27.23,24.52,25.19,319853.0,-9.028530155290715,23.43397785020821,,,,,,,,,,,,,,,,,,,,16.65566666666667,,1.8571428571428572,0.7,13.895549252744454,,0,0,,0,0,0,0,0,,,,False,False,False,False,False
2025-07-02,24.73,25.67,24.06,24.31,203681.73,-3.493449781659397,14.922708710914353,,,,,,,,,,,,,,,,,,,,16.723916666666664,,1.5,0.65,14.550594516676451,,0,0,,0,0,0,0,0,,,,False,False,False,False,False
2025-07-03,24.62,25.1,23.5,25.05,222959.06,3.0440148087206964,16.335059147618573,,,,,,,,,,,,,,,,,,,,16.801666666666666,,1.8571428571428572,0.7,15.290203264131643,,0,0,,0,0,0,0,0,,,,True,False,False,False,False
2025-07-04,24.8,24.99,23.62,24.11,189570.42,-3.7524950099800503,13.888845886499945,,,,,,,,,,,,,,,,,,,,16.874833333333335,,1.5,0.65,15.855131643174602,,0,0,,0,0,0,0,0,,,,False,False,False,False,False
2025-07-07,24.12,24.52,23.92,24.46,123977.6,1.4516798009124976,9.083198632878146,,,,,,,,,,,,,,,,,,,,16.956,,1.5,0.65,16.1532389376965,,0,0,,0,0,0,0,0,,,,True,False,False,False,False
2025-07-08,24.46,24.73,24.09,24.12,146155.95,-1.3900245298446468,10.708091826483223,,,,,,,,,,,,,,,,,,,,17.033583333333333,,1.2222222222222223,0.6,16.388280410173188,,0,0,,0,0,0,0,0,,,,False,False,False,False,False
2025-07-09,24.01,24.12,23.36,23.52,145238.8,-2.4875621890547372,10.640896981397143,,,,,,,,,,,,,,,,,,,,17.104166666666668,,1.0,0.55,16.739566253849837,,0,0,,0,0,0,0,0,,,,False,False,False,False,False
2025-07-10,23.52,23.63,23.09,23.26,94621.4,-1.1054421768707412,6.932421430331093,,,,,,,,,,,,,,,,,,,,17.173583333333333,,0.8181818181818182,0.5,16.879606128237278,,0,0,,0,0,0,0,0,,,,False,False,False,False,False
2025-07-11,23.31,23.56,23.16,23.54,94085.4,1.2037833190025715,6.893151477797549,,,,,,,,,,,,,,,,,,,,17.245,,1.0,0.55,17.084467799646315,,0,0,,0,0,0,0,0,,,,True,False,False,False,False
2025-07-14,23.57,24.72,23.39,24.5,218027.6,4.07816482582839,15.973756535452397,,,,,,,,,,,,,,,,,,,,17.328,,1.2222222222222223,0.55,17.75993882386126,,0,0,,0,0,0,0,0,,,,True,False,False,False,False
2025-07-15,24.17,24.17,22.45,22.82,179952.8,-6.8571428571428505,13.184212526638635,,,,,,,,,,,,,,,,,,,,17.395916666666665,,1.0,0.55,18.307490175643288,,0,0,,0,0,0,0,0,,,,False,False,False,False,False
2025-07-16,22.82,22.88,22.47,22.53,95807.32,-1.2708150744960567,7.019307665608294,,,,,,,,,,,,,,,,,,,,17.456333333333337,,1.0,0.55,18.55851865826441,,0,0,,0,0,0,0,0,,,,False,False,False,False,False
2025-07-17,22.58,23.05,22.39,22.97,77705.0,1.9529516200621266,5.693044144811613,,,,,,,,,,,,,,,,,,,,17.5215,,1.0,0.55,18.37906845591609,,0,0,,0,0,0,0,0,,,,True,False,False,False,False
2025-07-18,23.0,23.25,22.76,22.89,77770.0,-0.3482803656943756,5.697806359204673,,,,,,,,,,,,,,,,,,,,17.585833333333333,,0.8181818181818182,0.5,17.951308116187043,,0,0,,0,0,0,0,0,,,,False,False,False,False,False
2025-07-21,22.78,23.12,22.71,23.07,65614.0,0.7863695937090354,4.807199002865572,,,,,,,,,,,,,,,,,,,,17.651416666666666,,0.8181818181818182,0.5,16.797798025329485,,0,0,,0,0,0,0,0,,,,True,False,False,False,False
2025-07-22,22.92,23.32,22.78,22.89,93377.48,-0.7802340702210642,6.841285834518544,,,,,,,,,,,,,,,,,,,,17.713416666666667,,0.6666666666666666,0.45,15.5112676373647,,0,0,,0,0,0,0,0,,,,False,False,False,False,False
2025-07-23,22.65,22.88,22.32,22.46,70123.4,-1.8785495849716005,5.137579458005054,,,,,,,,,,,,,,,,,,,,17.773250000000004,,0.5384615384615384,0.4,13.500259888692398,,0,0,,0,0,0,0,0,,,,False,False,False,False,False
2025-07-24,22.56,23.01,22.46,22.84,69105.5,1.6918967052537814,5.063003180609728,,,,,,,,,,,,,,,,,,,,17.837833333333332,,0.6666666666666666,0.45,11.938675902920428,,0,0,,0,0,0,0,0,,,,True,False,False,False,False
2025-07-25,22.79,23.01,22.56,22.63,50816.95,-0.9194395796847665,3.7230955492527444,,,,,,,,,,,,,,,,,,,,17.8995,,0.6666666666666666,0.4,10.665155957942321,,0,0,,0,0,0,0,0,,,,False,False,False,False,False
2025-07-28,22.61,23.22,22.53,23.11,88815.16,2.1210782147591756,6.507028204214743,,,,,,,,,,,,,,,,,,,,17.965666666666667,,0.6666666666666666,0.4,9.62428352026551,,0,0,,0,0,0,0,0,,,,True,False,False,False,False
2025-07-29,22.9,23.05,22.53,22.77,74789.0,-1.4712245781047129,5.479403880655244,,,,,,,,,,,,,,,,,,,,18.029,,0.6666666666666666,0.4,8.726554821787863,,0,0,,0,0,0,0,0,,,,False,False,False,False,False
2025-07-30,22.69,22.72,22.06,22.34,73976.0,-1.8884497145366663,5.419839568323582,,,,,,,,,,,,,,,,,,,,18.08675,,0.6666666666666666,0.4,8.251411364658324,,0,0,,0,0,0,0,0,,,,False,False,False,False,False
2025-07-31,22.23,22.53,21.93,22.04,49503.0,-1.3428827215756556,3.6268292169179497,,,,,,,,,,,,,,,,,,,,18.1385,,0.5384615384615384,0.35,7.6159998681232945,,0,0,,0,0,0,0,0,,,,False,False,False,False,False
2025-08-01,22.12,22.45,21.86,22.25,49433.6,0.9528130671506485,3.6217446372428976,,,,,,,,,,,,,,,,,,,,18.192,,0.6666666666666666,0.4,7.102644805660442,,0,0,,0,0,0,0,0,,,,True,False,False,False,False
2025-08-04,22.05,22.61,21.83,22.61,48465.0,1.6179775280898756,3.5507803163026166,,,,,,,,,,,,,,,,,,,,18.246750000000002,,0.6666666666666666,0.4,6.8260238898316645,,0,0,,0,0,0,0,0,,,,True,False,False,False,False
2025-08-05,22.56,23.97,22.45,23.91,232129.64,5.749668288367982,17.006940194829518,,,,,,,,,,,,,,,,,,,,18.312833333333337,,0.8181818181818182,0.45,7.14096630824898,,0,0,,0,0,0,0,0,,,,True,False,True,True,False
2025-08-06,23.93,24.56,23.43,24.41,226830.4,2.0911752404851436,16.618692240979037,,,,,,,,,,,,,,,,,,,,18.38158333333333,,1.0,0.5,7.439856071228074,,0,0,,0,0,0,0,0,,,,True,False,True,True,False
2025-08-07,24.48,24.56,23.7,23.83,133014.09,-2.3760753789430655,9.74525559812039,,,,,,,,,,,,,,,,,,,,18.44275,,1.0,0.5,7.58049777961754,,0,0,,0,0,0,0,0,,,,False,False,False,False,False
2025-08-08,23.92,24.17,23.46,23.53,83415.48,-1.258917331095244,6.111421530154433,,,,,,,,,,,,,,,,,,,,18.497666666666667,,0.8181818181818182,0.45,7.541411282235383,,0,0,,0,0,0,0,0,,,,False,False,False,False,False
2025-08-11,23.33,24.41,23.23,24.37,146770.6,3.569910752231187,10.75312405843237,,,,,,,,,,,,,,,,,,,,18.562666666666665,,0.8181818181818182,0.45,7.280379658384382,,0,0,,0,0,0,0,0,,,,True,False,False,False,False
2025-08-12,24.42,24.42,23.78,23.93,98815.0,-1.8054985638079613,7.239664850003984,,,,,,,,,,,,,,,,,,,,18.6285,,0.8181818181818182,0.45,6.9831522745526495,,0,0,,0,0,0,0,0,,,,False,False,False,False,False
2025-08-13,23.79,24.12,23.72,23.89,84391.6,-0.16715419974926427,6.182936802667573,,,,,,,,,,,,,,,,,,,,18.692166666666665,,1.0,0.45,6.941333731405614,,0,0,,0,0,0,0,0,,,,True,False,False,False,False
2025-08-14,23.92,24.07,23.02,23.07,98596.61,-3.432398493093347,7.223664542291669,,,,,,,,,,,,,,,,,,,,18.747666666666664,,0.8181818181818182,0.4,7.017864751279616,,0,0,,0,0,0,0,0,,,,False,False,False,False,False
2025-08-15,22.94,25.26,22.94,24.95,270569.24,8.149111400086696,19.82321121611387,,,,,,,,,,,,,,,,,,,,18.818166666666666,,1.0,0.45,7.724134994125076,,0,0,,0,0,0,0,0,,,,True,False,True,True,False
2025-08-18,25.07,25.66,24.62,25.44,235265.6,1.9639278557114226,17.236695792492,,,,,,,,,,,,,,,,,,,,18.891833333333334,,1.0,0.45,8.345609833606398,,0,0,,0,0,0,0,0,,,,True,False,True,True,False
2025-08-19,25.44,25.57,24.62,24.89,142233.51,-2.161949685534592,10.420714899961444,,,,,,,,,,,,,,,,,,,,18.962666666666667,,1.0,0.45,8.524581286878542,,0,0,,0,0,0,0,0,,,,False,False,False,False,False
2025-08-20,24.85,24.85,24.34,24.72,86708.31,-0.6830052229811256,6.3526701827682945,,,,,,,,,,,,,,,,,,,,19.030666666666665,,1.0,0.45,8.585335823116704,,0,0,,0,0,0,0,0,,,,False,False,False,False,False
2025-08-21,24.72,24.72,24.02,24.24,87896.79,-1.9417475728155331,6.439743976027746,,,,,,,,,,,,,,,,,,,,19.089833333333335,,0.8181818181818182,0.4,8.654172862887606,,0,0,,0,0,0,0,0,,,,False,False,False,False,False
2025-08-22,24.07,24.37,24.0,24.18,68052.0,-0.24752475247524774,4.985818675023743,,,,,,,,,,,,,,,,,,,,19.149583333333332,,1.0,0.4,8.717309019176156,,0,0,,0,0,0,0,0,,,,True,False,False,False,False
2025-08-25,24.28,24.57,23.93,24.16,105633.34,-0.08271298593879317,7.739209417462124,,,,,,,,,,,,,,,,,,,,19.20225,17.36444,0.8181818181818182,0.35,8.778918079838524,,0,0,,0,0,0,0,0,,,,False,False,False,False,False
2025-08-26,24.13,25.22,23.52,25.13,180507.25,4.0149006622516525,13.224834215411441,,,,,,,,,,,,,,,,,,,,19.266583333333333,17.40964,1.0,0.4,9.166189596576334,,0,0,,0,0,0,0,0,,,,True,False,False,False,False
2025-08-27,25.17,25.17,23.59,23.61,154211.07,-6.048547552725825,11.298248878819043,,,,,,,,,,,,,,,,,,,,19.317,17.448880000000003,1.0,0.4,9.460110062101107,,0,0,,0,0,0,0,0,,,,False,False,False,False,False
2025-08-28,23.8,24.06,22.11,22.88,126905.52,-3.0919102075391836,9.297712213889364,,,,,,,,,,,,,,,,,,,,19.363333333333333,17.48564,1.0,0.4,9.743654211949679,,0,0,,0,0,0,0,0,,,,False,False,False,False,False
2025-08-29,22.71,23.58,22.55,23.18,86052.0,1.3111888111888126,6.304585737717379,,,,,,,,,,,,,,,,,,,,19.416166666666665,17.523799999999998,1.0,0.4,9.877796266973402,,0,0,,0,0,0,0,0,,,,True,False,False,False,False
2025-09-01,23.11,25.42,23.1,25.02,192260.69,7.937877480586719,14.085948079041769,,,,,,,,,,,,,,,,,,,,19.4835,17.57032,1.0,0.4,10.40455465511036,,0,0,,0,0,0,0,0,,,,True,False,False,False,False
2025-09-02,25.36,26.16,24.77,25.08,274761.8,0.23980815347721673,20.13037844035647,,,,,,,,,,,,,,,,,,,,19.552166666666665,17.61652,0.8181818181818182,0.4,10.560726567386705,,0,0,,0,0,0,0,0,,,,False,False,False,False,False
2025-09-03,25.11,30.09,24.43,30.09,367489.41,19.976076555023937,26.924051655373198,,,,,,,,,,,,,,,,,,,,19.662250000000004,17.68344,0.8181818181818182,0.4,11.075994538106416,,0,0,,0,0,0,0,0,,,,True,False,True,True,True
2025-09-04,29.79,29.99,26.77,27.41,417685.92,-8.906613492854765,30.601690769271627,,,,,,,,,,,,,,,,,,,,19.75183333333333,17.742600000000003,0.8181818181818182,0.4,12.118816296663978,,0,0,,0,0,0,0,0,,,,False,False,False,False,False
2025-09-05,27.41,28.77,27.41,28.24,365232.32,3.0280919372491777,26.758686324843467,,,,,,,,,,,,,,,,,,,,19.847500000000004,17.80332,1.0,0.45,13.151179536398427,,0,0,,0,0,0,0,0,,,,True,False,False,False,False
2025-09-08,28.77,32.39,27.51,29.74,409328.89,5.311614730878178,29.989414330052593,,,,,,,,,,,,,,,,,,,,19.95491666666667,17.870759999999997,1.0,0.45,14.11299404997944,,0,0,,0,0,0,0,0,,,,True,False,False,False,False
2025-09-09,28.41,34.19,28.12,31.83,404789.24,7.027572293207807,29.65681761359942,,,,,,,,,,,,,,,,,,,,20.07858333333333,17.946559999999998,1.2222222222222223,0.5,15.233851688159211,,0,0,,0,0,0,0,0,,,,True,False,False,False,True
2025-09-10,31.0,31.31,29.46,30.16,295721.4,-5.246622683003455,21.665980114091667,,,,,,,,,,,,,,,,,,,,20.190749999999998,18.014839999999996,1.0,0.5,16.008003853730415,,0,0,,0,0,0,0,0,,,,False,False,False,False,False
2025-09-11,29.41,29.77,28.29,29.35,230244.4,-2.6856763925729443,16.86881839386993,,,,,,,,,,,,,,,,,,,,20.296583333333334,18.07896,1.0,0.5,16.49026154630933,,0,0,,0,0,0,0,0,,,,False,False,False,False,False
2025-09-12,28.8,29.2,27.43,28.08,245525.0,-4.327086882453157,17.988349059325287,,,,,,,,,,,,,,,,,,,,20.39425,18.13912,0.8181818181818182,0.45,16.3985184384699,,0,0,,0,0,0,0,0,,,,False,False,False,False,False
2025-09-15,27.8,29.43,27.6,28.21,194472.97,0.4629629629629761,14.248030412233762,,,,,,,,,,,,,,,,,,,,20.496083333333335,18.199360000000002,0.8181818181818182,0.45,16.249085169456986,,0,0,,0,0,0,0,0,,,,True,False,False,False,False
2025-09-16,28.03,28.49,27.15,27.61,166151.2,-2.1269053527118054,12.173040554834609,,,,,,,,,,,,,,,,,,,,20.589666666666666,18.25564,0.8181818181818182,0.45,16.336701452200646,,0,0,,0,0,0,0,0,,,,False,False,False,False,False
2025-09-17,27.62,28.04,27.32,27.33,133699.0,-1.0141253169141606,9.795435417504251,,,,,,,,,,,,,,,,,,,,20.679,18.31136,0.8181818181818182,0.45,16.508839713937444,,0,0,,0,0,0,0,0,,,,False,False,False,False,False
2025-09-18,27.34,28.3,27.01,27.59,166102.0,0.9513355287230185,12.169435924863246,,,,,,,,,,,,,,,,,,,,20.76625,18.37,1.0,0.5,16.795324311379222,,0,0,,0,0,0,0,0,,,,True,False,False,False,False
2025-09-19,27.2,29.42,26.61,28.54,233523.8,3.44327654947445,17.109083099725346,,,,,,,,,,,,,,,,,,,,20.86883333333333,18.432719999999996,1.0,0.55,17.4014875326143,,0,0,,0,0,0,0,0,,,,True,False,False,False,False
2025-09-22,28.57,28.8,27.09,27.94,154485.0,-2.1023125437981682,11.318318315568137,,,,,,,,,,,,,,,,,,,,20.95725,18.49288,1.0,0.55,17.580442977519603,,0,0,,0,0,0,0,0,,,,False,False,False,False,False
2025-09-23,27.66,28.39,26.17,26.57,133151.6,-4.903364352183248,9.755330245831003,,,,,,,,,,,,,,,,,,,,21.031833333333335,18.54724,0.8181818181818182,0.5,17.406967779040578,,0,0,,0,0,0,0,0,,,,False,False,False,False,False
2025-09-24,26.51,27.78,25.58,27.56,154423.17,3.7260067745577663,11.313788350707785,,,,,,,,,,,,,,,,,,,,21.117583333333336,18.60604,1.0,0.55,17.40774475263502,,0,0,,0,0,0,0,0,,,,True,False,False,False,False
2025-09-25,27.11,27.28,26.2,26.2,126281.83,-4.934687953555872,9.252017667815398,,,,,,,,,,,,,,,,,,,,21.191916666666664,18.66056,1.0,0.55,17.405460025331315,,0,0,,0,0,0,0,0,,,,False,False,False,False,False
2025-09-26,25.97,26.49,25.33,25.42,75559.4,-2.977099236641212,5.535847110938532,,,,,,,,,,,,,,,,,,,,21.28808333333333,18.71172,0.8181818181818182,0.5,17.367023093992376,,0,0,,0,0,0,0,0,,,,False,False,False,False,False
2025-09-29,25.9,26.63,25.79,26.3,83662.72,3.461841070023608,6.129535528408899,,,,,,,,,,,,,,,,,,,,21.383,18.76568,0.8181818181818182,0.5,16.969202466460732,,0,0,,0,0,0,0,0,,,,True,False,False,False,False
2025-09-30,26.33,27.1,26.12,26.26,81958.8,-0.1520912547528508,5.987663960452785,,,,,,,,,,,,,,,,,,,,21.47783333333333,18.8204,0.8181818181818182,0.45,16.262066742465546,,0,0,,0,0,0,0,0,,,,False,False,False,False,False
2025-10-09,26.61,27.01,26.35,26.58,82431.6,1.2185833968012094,6.02220530952698,,,,,,,,,,,,,,,,,,,,21.573583333333335,18.87684,0.6666666666666666,0.45,15.216974425173234,,0,0,,0,0,0,0,0,,,,False,False,False,False,False
2025-10-10,26.42,26.82,25.62,25.91,77637.6,-2.5206922498118844,5.671970056858436,,,,,,,,,,,,,,,,,,,,21.664416666666668,18.928960000000004,0.6666666666666666,0.45,13.970488389552576,,0,0,,0,0,0,0,0,,,,False,False,False,False,False
2025-10-13,24.72,26.09,24.26,25.97,65051.69,0.2315708220764101,4.752481243985354,,,,,,,,,,,,,,,,,,,,21.752416666666665,18.980559999999997,0.6666666666666666,0.45,12.87017813550967,,0,0,,0,0,0,0,0,,,,True,False,False,False,False
2025-10-14,26.23,27.24,25.73,25.86,105322.51,-0.4235656526761611,7.6945464959397665,,,,,,,,,,,,,,,,,,,,21.838833333333334,19.030600000000003,0.5384615384615384,0.4,11.75543474380403,,0,0,,0,0,0,0,0,,,,False,False,False,False,False
2025-10-15,25.93,26.87,25.84,26.25,63109.0,1.5081206496519783,4.61055414281584,,,,,,,,,,,,,,,,,,,,21.931083333333333,19.07984,0.5384615384615384,0.4,10.50312157026485,,0,0,,0,0,0,0,0,,,,True,False,False,False,False
2025-10-16,26.13,26.36,25.35,25.55,57131.0,-2.6666666666666616,4.173819403464034,,,,,,,,,,,,,,,,,,,,22.01425,19.1192,0.5384615384615384,0.4,9.628513534733468,,0,0,,0,0,0,0,0,,,,False,False,False,False,False
2025-10-17,25.43,26.06,24.54,24.54,61054.0,-3.953033268101769,4.460422010101226,,,,,,,,,,,,,,,,,,,,22.088833333333337,19.148600000000002,0.5384615384615384,0.4,9.008093715545034,,0,0,,0,0,0,0,0,,,,False,False,False,False,False
2025-10-20,24.86,25.59,24.54,25.31,70258.0,3.137734311328444,5.132838627865364,,,,,,,,,,,,,,,,,,,,22.168083333333335,19.18968,0.6666666666666666,0.45,8.365318193972039,,0,0,,0,0,0,0,0,,,,True,False,False,False,False
2025-10-21,25.59,25.9,25.05,25.52,74454.0,0.8297115764519969,5.43938579519895,,,,,,,,,,,,,,,,,,,,22.250583333333335,19.230960000000003,0.5384615384615384,0.45,7.924885963120298,,0,0,,0,0,0,0,0,,,,False,False,False,False,False
2025-10-22,25.17,27.5,24.98,26.94,164385.32,5.564263322884022,12.009498140425414,,,,,,,,,,,,,,,,,,,,22.343833333333336,19.28032,0.6666666666666666,0.5,7.916708842399837,,0,0,,0,0,0,0,0,,,,True,False,True,False,False
2025-10-23,27.07,28.2,26.94,27.59,162189.86,2.4127691165553022,11.849104421647008,,,,,,,,,,,,,,,,,,,,22.44408333333333,19.33124,0.8181818181818182,0.55,8.019392292606975,,0,0,,0,0,0,0,0,,,,True,False,True,True,False
2025-10-24,27.3,28.01,27.06,27.85,131801.0,0.9423704240667075,9.628985510422767,,,,,,,,,,,,,,,,,,,,22.54825,19.3842,0.8181818181818182,0.55,7.892369771884951,,0,0,,0,0,0,0,0,,,,True,False,False,False,False
2025-10-27,27.97,29.58,27.86,28.18,177506.6,1.1849192100538586,12.968099478793105,,,,,,,,,,,,,,,,,,,,22.656166666666664,19.437759999999997,0.8181818181818182,0.55,7.68532059083834,,0,0,,0,0,0,0,0,,,,True,False,False,False,False
2025-10-28,27.8,31.38,27.33,30.32,228853.0,7.594038325053232,16.71931336649025,,,,,,,,,,,,,,,,,,,,22.780083333333334,19.50052,1.0,0.6,7.955370343384445,,0,0,,0,0,0,0,0,,,,True,False,True,True,False
2025-10-29,30.34,33.04,29.92,31.81,281474.0,4.914248021108181,20.563645704969904,,,,,,,,,,,,,,,,,,,,22.91641666666667,19.5674,1.2222222222222223,0.65,8.495786116341389,,0,0,,0,0,0,0,0,,,,True,False,True,True,False
2025-10-30,31.81,32.55,29.7,29.9,232673.55,-6.004401131719583,16.99843128359138,,,,,,,,,,,,,,,,,,,,23.033833333333337,19.624760000000002,1.0,0.6,8.78001826298557,,0,0,,0,0,0,0,0,,,,False,False,False,False,False
2025-10-31,30.31,31.79,29.91,31.29,240391.84,4.6488294314381395,17.56230638753779,,,,,,,,,,,,,,,,,,,,23.162083333333335,19.687480000000004,1.2222222222222223,0.65,9.19553269897169,,0,0,,0,0,0,0,0,,,,True,False,False,False,False
2025-11-03,31.15,33.11,29.52,32.32,263226.36,3.2917865132630286,19.23052788978329,,,,,,,,,,,,,,,,,,,,23.297166666666666,19.75484,1.5,0.7,9.880266737913928,,0,0,,0,0,0,0,0,,,,True,False,False,False,True
2025-11-04,31.89,32.19,29.89,30.12,149424.0,-6.806930693069302,10.91646900182405,,,,,,,,,,,,,,,,,,,,23.41575,19.81436,1.2222222222222223,0.65,10.119613411584684,,0,0,,0,0,0,0,0,,,,False,False,False,False,False
2025-11-05,29.57,31.08,29.54,30.8,153117.52,2.257636122177953,11.18630648835645,,,,,,,,,,,,,,,,,,,,23.537916666666664,19.873440000000002,1.5,0.7,10.379545537979867,,0,0,,0,0,0,0,0,,,,True,False,False,False,False
2025-11-06,30.89,32.77,30.73,31.14,165028.92,1.103896103896096,12.05651762490966,,,,,,,,,,,,,,,,,,,,23.66283333333333,19.934399999999997,1.8571428571428572,0.7,10.681261153749002,,0,0,,0,0,0,0,0,,,,True,False,False,False,False
2025-11-07,30.9,32.82,30.55,31.61,184971.6,1.5093127809890694,13.513469975491205,,,,,,,,,,,,,,,,,,,,23.791916666666665,19.99924,2.3333333333333335,0.75,11.07333614968064,,0,0,,0,0,0,0,0,,,,True,False,False,False,False
2025-11-10,31.96,32.16,29.97,30.17,171148.0,-4.555520404935143,12.503559245664569,,,,,,,,,,,,,,,,,,,,23.90941666666667,20.05852,1.8571428571428572,0.7,11.460890049764602,,0,0,,0,0,0,0,0,,,,False,False,False,False,False
2025-11-11,29.85,32.71,29.8,32.14,226134.05,6.529665230361292,16.520675039364026,,,,,,,,,,,,,,,,,,,,24.043083333333335,20.12568,2.3333333333333335,0.75,11.902196476935815,,0,0,,0,0,0,0,0,,,,True,False,False,False,False
2025-11-12,32.03,36.87,31.69,34.95,354137.15,8.742999377722471,25.872197373710478,,,,,,,,,,,,,,,,,,,,24.2,20.20552,2.3333333333333335,0.75,12.965278638480546,,0,0,,0,0,0,0,0,,,,True,False,True,True,True
2025-11-13,37.87,41.94,37.87,41.94,366696.45,19.99999999999997,26.78974213984315,,,,,,,,,,,,,,,,,,,,24.415000000000003,20.3122,3.0,0.8,14.096074775299503,,0,0,,0,0,0,0,0,,,,True,False,True,True,True
2025-11-14,41.62,43.28,37.81,39.06,416439.68,-6.866952789699566,30.423833238633197,,,,,,,,,,,,,,,,,,,,24.605333333333338,20.40556,3.0,0.8,15.394245336726101,,0,0,,0,0,0,0,0,,,,False,False,False,False,False
2025-11-17,38.29,39.36,35.16,37.79,375302.61,-3.25140809011778,27.418482361392154,,,,,,,,,,,,,,,,,,,,24.79008333333333,20.49184,2.3333333333333335,0.75,16.508527523402442,,0,0,,0,0,0,0,0,,,,False,False,False,False,False
2025-11-18,36.08,37.08,34.44,34.88,244690.65,-7.700449854458846,17.87636454492704,,,,,,,,,,,,,,,,,,,,24.949916666666663,20.563719999999996,2.3333333333333335,0.7,17.130376460888844,,0,0,,0,0,0,0,0,,,,False,False,False,False,False
2025-11-19,34.54,35.67,33.27,33.41,187224.8,-4.214449541284415,13.678082005385397,,,,,,,,,,,,,,,,,,,,25.09716666666667,20.62248,1.8571428571428572,0.65,17.21380565413684,,0,0,,0,0,0,0,0,,,,False,False,False,False,False
2025-11-20,33.12,34.04,31.68,31.92,181307.6,-4.459742592038296,13.245789131565974,,,,,,,,,,,,,,,,,,,,25.230666666666668,20.67324,1.5,0.6,17.28363988963279,,0,0,,0,0,0,0,0,,,,False,False,False,False,False
2025-11-21,31.4,31.4,28.96,29.04,159925.4,-9.022556390977455,11.683669769945338,,,,,,,,,,,,,,,,,,,,25.340083333333332,20.710960000000004,1.2222222222222223,0.55,17.38637410260892,,0,0,,0,0,0,0,0,,,,False,False,False,False,False
2025-11-24,29.91,29.91,28.46,28.81,112730.6,-0.7920110192837448,8.235759318831153,,,,,,,,,,,,,,,,,,,,25.446250000000003,20.743759999999998,1.0,0.5,17.149757094610823,,0,0,,0,0,0,0,0,,,,False,False,False,False,False
2025-11-25,28.92,29.97,28.9,29.59,123043.4,2.7073932662269984,8.989181536962185,,,,,,,,,,,,,,,,,,,,25.56175,20.78696,1.0,0.5,16.76325050313442,,0,0,,0,0,0,0,0,,,,True,False,False,False,False
2025-11-26,29.39,30.15,28.72,28.86,106309.8,-2.4670496789455876,7.766674940371791,,,,,,,,,,,,,,,,,,,,25.670833333333334,20.822879999999998,0.8181818181818182,0.45,16.123401964904513,,0,0,,0,0,0,0,0,,,,False,False,False,False,False
2025-11-27,28.62,30.66,28.51,29.97,180037.8,3.8461538461538547,13.153021354378133,,,,,,,,,,,,,,,,,,,,25.78741666666667,20.87044,1.0,0.5,15.931131468443851,,0,0,,0,0,0,0,0,,,,True,False,False,False,False
2025-11-28,29.7,30.51,29.4,29.98,137416.38,0.03336670003337705,10.039228320837847,,,,,,,,,,,,,,,,,,,,25.90491666666667,20.91668,1.0,0.5,15.554977565108853,,0,0,,0,0,0,0,0,,,,True,False,False,False,False
2025-12-01,29.8,30.66,29.12,29.34,124898.0,-2.1347565043362215,9.124673047099664,,,,,,,,,,,,,,,,,,,,26.016000000000002,20.95528,0.8181818181818182,0.45,15.049684822974674,,0,0,,0,0,0,0,0,,,,False,False,False,False,False
2025-12-02,29.05,29.72,28.66,29.08,77331.0,-0.8861622358554921,5.649570780999409,,,,,,,,,,,,,,,,,,,,26.122166666666665,20.991839999999996,1.0,0.45,14.786339911933442,,0,0,,0,0,0,0,0,,,,True,False,False,False,False
2025-12-03,29.04,29.86,28.59,28.61,129655.0,-1.6162310866574936,9.472205190809357,,,,,,,,,,,,,,,,,,,,26.22191666666667,21.02864,0.8181818181818182,0.4,14.700634847056085,,0,0,,0,0,0,0,0,,,,False,False,False,False,False
2025-12-04,28.33,28.64,27.33,27.67,116325.0,-3.2855644879412726,8.498355395633785,,,,,,,,,,,,,,,,,,,,26.31341666666667,21.06168,0.6666666666666666,0.35,14.522726735592292,,0,0,,0,0,0,0,0,,,,False,False,False,False,False
2025-12-05,27.61,27.91,26.91,27.89,66788.61,0.7950849295265572,4.879375406493708,,,,,,,,,,,,,,,,,,,,26.404166666666665,21.101119999999998,0.6666666666666666,0.35,14.091022007142417,,0,0,,0,0,0,0,0,,,,True,False,False,False,False
2025-12-08,27.82,28.85,27.76,28.69,79476.0,2.868411617067057,5.806278043613933,,,,,,,,,,,,,,,,,,,,26.504916666666663,21.14484,0.8181818181818182,0.4,13.756157947039885,,0,0,,0,0,0,0,0,,,,True,False,False,False,False
2025-12-09,28.59,28.66,28.12,28.27,56300.0,-1.4639247124433652,4.113109037388198,,,,,,,,,,,,,,,,,,,,26.60175,21.18772,0.6666666666666666,0.35,13.135779646941094,,0,0,,0,0,0,0,0,,,,False,False,False,False,False
2025-12-10,28.27,28.4,27.6,28.28,58898.0,0.03537318712416582,4.302911120498935,,,,,,,,,,,,,,,,,,,,26.69875,21.22932,0.6666666666666666,0.35,12.057315334280517,,0,0,,0,0,0,0,0,,,,True,False,False,False,False
2025-12-11,28.22,28.56,27.49,27.54,52867.0,-2.6166902404526238,3.8623043602060716,,,,,,,,,,,,,,,,,,,,26.790416666666665,21.268440000000002,0.5384615384615384,0.3,10.910943445298663,,0,0,,0,0,0,0,0,,,,False,False,False,False,False
2025-12-12,27.41,27.99,27.0,27.16,65085.0,-1.3798111837327487,4.75491477261831,,,,,,,,,,,,,,,,,,,,26.873916666666666,21.305880000000002,0.5384615384615384,0.3,9.62749752199792,,0,0,,0,0,0,0,0,,,,False,False,False,False,False
2025-12-15,27.11,27.4,26.7,26.78,53777.6,-1.3991163475699508,3.928830063393384,,,,,,,,,,,,,,,,,,,,26.947333333333336,21.34364,0.5384615384615384,0.3,8.45301490709798,,0,0,,0,0,0,0,0,,,,False,False,False,False,False
2025-12-16,26.67,26.67,25.67,25.93,58304.29,-3.174010455563858,4.2595364496892065,,,,,,,,,,,,,,,,,,,,26.983666666666668,21.37656,0.5384615384615384,0.3,7.772173502336088,,0,0,,0,0,0,0,0,,,,False,False,False,False,False
2025-12-17,26.01,26.41,25.62,26.35,48415.0,1.6197454685692225,3.5370546011571866,,,,,,,,,,,,,,,,,,,,26.98758333333333,21.41116,0.6666666666666666,0.35,7.265122132124678,,0,0,,0,0,0,0,0,,,,True,False,False,False,False
2025-12-18,26.11,26.81,25.97,26.21,49670.0,-0.5313092979127187,3.628741134761488,,,,,,,,,,,,,,,,,,,,26.947166666666664,21.444039999999998,0.8181818181818182,0.35,6.7842697322844545,,0,0,,0,0,0,0,0,,,,True,False,False,False,False
2025-12-19,26.47,26.49,25.91,26.22,47301.0,0.038153376573824005,3.4556691043960774,,,,,,,,,,,,,,,,,,,,26.944333333333336,21.478,0.8181818181818182,0.4,6.372869699006991,,0,0,,0,0,0,0,0,,,,False,False,False,False,False
2025-12-22,26.36,26.76,26.21,26.43,51523.0,0.8009153318077944,3.7641157537007484,,,,,,,,,,,,,,,,,,,,26.942833333333333,21.5132,1.0,0.45,6.1492875207504705,,0,0,,0,0,0,0,0,,,,True,False,False,False,False
2025-12-23,26.31,27.46,26.11,26.99,119756.0,2.1188043889519337,8.749013958818134,,,,,,,,,,,,,,,,,,,,26.936999999999998,21.5504,1.0,0.45,6.137279141843268,,0,0,,0,0,0,0,0,,,,True,False,True,False,False
2025-12-24,26.81,28.05,26.67,27.73,108620.0,2.7417562060022327,7.935451219202594,,,,,,,,,,,,,,,,,,,,26.958166666666664,21.59216,1.2222222222222223,0.5,6.145717955784809,,0,0,,0,0,0,0,0,,,,True,False,True,False,False
2025-12-25,27.61,27.8,27.21,27.71,73743.0,-0.07212405337180261,5.38744226898966,,,,,,,,,,,,,,,,,,,,26.986499999999996,21.634359999999997,1.2222222222222223,0.45,5.757439001515385,,0,0,,0,0,0,0,0,,,,True,False,False,False,False
2025-12-26,27.95,28.96,27.55,28.21,130430.0,1.8044027426921794,9.52882436494747,,,,,,,,,,,,,,,,,,,,27.012833333333333,21.680799999999998,1.2222222222222223,0.45,5.731918803720866,,0,0,,0,0,0,0,0,,,,True,False,True,True,False
2025-12-29,28.2,28.7,27.62,27.76,106291.0,-1.595179014533854,7.765301468792699,,,,,,,,,,,,,,,,,,,,27.04325,21.725720000000003,1.2222222222222223,0.45,5.663950224805517,,0,0,,0,0,0,0,0,,,,False,False,False,False,False
2025-12-30,27.44,28.29,27.23,27.98,80784.0,0.7925072046109483,5.901836598159292,,,,,,,,,,,,,,,,,,,,27.072583333333334,21.77152,1.2222222222222223,0.5,5.676563515663512,,0,0,,0,0,0,0,0,,,,True,False,False,False,False
2025-12-31,27.95,27.95,27.34,27.54,60723.0,-1.572551822730528,4.436240143469335,,,,,,,,,,,,,,,,,,,,27.101083333333335,21.81436,1.2222222222222223,0.5,5.4247652632965115,,0,0,,0,0,0,0,0,,,,False,False,False,False,False
2026-01-05,27.73,31.96,27.73,31.8,284503.32,15.46840958605664,20.784958732840966,,,,,,,,,,,,,,,,,,,,27.17008333333333,21.87692,1.5,0.55,6.03909543015687,,0,0,,0,0,0,0,0,,,,True,False,True,True,False
2026-01-06,31.4,31.65,30.6,30.73,226669.13,-3.3647798742138413,16.559766378328955,,,,,,,,,,,,,,,,,,,,27.23233333333333,21.93448,1.2222222222222223,0.5,6.623114978748632,,0,0,,0,0,0,0,0,,,,False,False,False,False,False
2026-01-07,30.85,31.58,30.73,30.93,156088.81,0.6508298080051933,11.403380018582048,,,,,,,,,,,,,,,,,,,,27.293916666666668,21.99448,1.2222222222222223,0.5,6.902970077497038,,0,0,,0,0,0,0,0,,,,True,False,False,False,False
2026-01-08,31.11,31.59,30.5,30.99,161933.1,0.19398642095052043,11.830346306612553,,,,,,,,,,,,,,,,,,,,27.348,22.05436,1.2222222222222223,0.55,7.288831940958255,,0,0,,0,0,0,0,0,,,,False,False,False,False,False
2026-01-09,30.6,31.26,30.42,30.79,127491.0,-0.6453694740238713,9.314109845215963,,,,,,,,,,,,,,,,,,,,27.414416666666668,22.1124,1.2222222222222223,0.5,7.539391877194108,,0,0,,0,0,0,0,0,,,,True,False,False,False,False
2026-01-12,31.2,32.55,31.04,32.47,205957.51,5.456316986034415,15.046637579022558,,,,,,,,,,,,,,,,,,,,27.49725,22.1778,1.5,0.55,8.09860853813493,,0,0,,0,0,0,0,0,,,,True,False,True,True,False
2026-01-13,32.55,32.58,30.1,30.29,173225.03,-6.713889744379431,12.655300824064684,,,,,,,,,,,,,,,,,,,,27.55825,22.23608,1.5,0.55,8.49362784070725,,0,0,,0,0,0,0,0,,,,False,False,False,False,False
2026-01-14,30.15,31.06,29.78,30.38,129414.43,0.29712776493893145,9.454629868586897,,,,,,,,,,,,,,,,,,,,27.62066666666667,22.296280000000003,1.8571428571428572,0.6,8.769917830966927,,0,0,,0,0,0,0,0,,,,True,False,False,False,False
2026-01-15,29.9,31.89,29.8,31.27,148015.0,2.9295589203423233,10.813531690391013,,,,,,,,,,,,,,,,,,,,27.689000000000004,22.362479999999998,2.3333333333333335,0.65,9.097617593002017,,0,0,,0,0,0,0,0,,,,True,False,False,False,False
2026-01-16,31.28,33.86,31.16,33.28,240402.8,6.427886152862183,17.563107092245602,,,,,,,,,,,,,,,,,,,,27.77558333333333,22.436359999999997,2.3333333333333335,0.65,9.798920217556438,,0,0,,0,0,0,0,0,,,,True,False,True,True,False
2026-01-19,32.99,33.58,32.02,32.54,153958.74,-2.2235576923076983,11.247763496960921,,,,,,,,,,,,,,,,,,,,27.85958333333333,22.50632,1.8571428571428572,0.65,10.179871335666409,,0,0,,0,0,0,0,0,,,,False,False,False,False,False
2026-01-20,32.57,34.76,31.92,34.72,219972.46,6.699446834665035,16.07052776558639,,,,,,,,,,,,,,,,,,,,27.958583333333333,22.58548,2.3333333333333335,0.65,10.810614268725924,,0,0,,0,0,0,0,0,,,,True,False,True,True,True
2026-01-21,33.89,36.28,33.49,35.7,214685.0,2.822580645161299,15.684241806246629,,,,,,,,,,,,,,,,,,,,28.0675,22.6684,2.3333333333333335,0.65,11.40662057135322,,0,0,,0,0,0,0,0,,,,True,False,True,True,True
2026-01-22,34.91,35.67,34.34,35.1,140320.81,-1.6806722689075682,10.251417260117801,,,,,,,,,,,,,,,,,,,,28.167416666666664,22.75064,2.3333333333333335,0.6,11.481740736418201,,0,0,,0,0,0,0,0,,,,True,False,False,False,False
2026-01-23,34.84,35.03,33.51,33.7,149431.51,-3.9886039886039892,10.9170176598857,,,,,,,,,,,,,,,,,,,,28.2585,22.82676,1.8571428571428572,0.55,11.630819058452357,,0,0,,0,0,0,0,0,,,,False,False,False,False,False
2026-01-26,33.4,34.53,33.23,33.45,103745.55,-0.7418397626112738,7.579338530973518,,,,,,,,,,,,,,,,,,,,28.351083333333335,22.89944,1.8571428571428572,0.55,11.74041387155155,,0,0,,0,0,0,0,0,,,,True,False,False,False,False
2026-01-27,32.9,32.99,30.58,31.18,126180.37,-6.786248131539619,9.218359150763527,,,,,,,,,,,,,,,,,,,,28.427250000000004,22.96356,1.5,0.5,11.724890610842353,,0,0,,0,0,0,0,0,,,,False,False,False,False,False
2026-01-28,31.18,31.41,30.6,30.71,70565.0,-1.5073765234124403,5.155267126523946,,,,,,,,,,,,,,,,,,,,28.49775,23.02572,1.5,0.5,11.594388893728915,,0,0,,0,0,0,0,0,,,,False,False,False,False,False
2026-01-29,30.7,31.02,29.64,29.7,83034.23,-3.2888309996743748,6.066231648766789,,,,,,,,,,,,,,,,,,,,28.556833333333334,23.08372,1.2222222222222223,0.45,11.60260864625929,,0,0,,0,0,0,0,0,,,,False,False,False,False,False
2026-01-30,29.58,30.07,28.78,29.72,68640.0,0.06734006734006037,5.014632403664758,,,,,,,,,,,,,,,,,,,,28.605249999999998,23.1408,1.5,0.5,11.63152825926906,,0,0,,0,0,0,0,0,,,,True,False,False,False,False
2026-02-02,29.5,29.78,28.58,28.6,44304.82,-3.7685060565275874,3.236777185468159,,,,,,,,,,,,,,,,,,,,28.640166666666666,23.19408,1.2222222222222223,0.45,10.754119181900421,,0,0,,0,0,0,0,0,,,,False,False,False,False,False
2026-02-03,29.04,29.49,28.8,29.47,46122.0,3.041958041958037,3.3695349027072554,,,,,,,,,,,,,,,,,,,,28.687166666666666,23.2516,1.5,0.5,10.094607608119336,,0,0,,0,0,0,0,0,,,,True,False,False,False,False
2026-02-04,29.45,29.82,28.95,29.6,47160.82,0.44112656939261363,3.445427974291973,,,,,,,,,,,,,,,,,,,,28.73775,23.30908,1.5,0.5,9.696710005904832,,0,0,,0,0,0,0,0,,,,True,False,False,False,False
2026-02-05,29.38,29.7,28.7,28.71,40327.0,-3.0067567567567566,2.9461695941519332,,,,,,,,,,,,,,,,,,,,28.773916666666665,23.36324,1.5,0.45,9.252501170281802,,0,0,,0,0,0,0,0,,,,False,False,False,False,False
2026-02-06,28.83,29.89,28.56,29.54,60043.0,2.8909787530477127,4.386561384225569,,,,,,,,,,,,,,,,,,,,28.820666666666668,23.420720000000003,1.5,0.5,9.006123747232282,,0,0,,0,0,0,0,0,,,,True,False,False,False,False
2026-02-09,29.8,30.35,29.6,30.25,51550.0,2.40352064996614,3.766088292670721,,,,,,,,,,,,,,,,,,,,28.87366666666667,23.48008,1.5,0.5,8.44209628291469,,0,0,,0,0,0,0,0,,,,True,False,True,False,False
2026-02-10,30.05,30.25,29.76,29.78,37093.0,-1.5537190082644536,2.7099032597484976,,,,,,,,,,,,,,,,,,,,28.929583333333333,23.535880000000002,1.5,0.5,7.9448264046988815,,0,0,,0,0,0,0,0,,,,False,False,False,False,False
2026-02-11,29.67,30.56,29.61,30.13,46716.8,1.1752854264607038,3.4129892056457716,,,,,,,,,,,,,,,,,,,,28.97275,23.59308,1.5,0.5,7.6427443715518235,,0,0,,0,0,0,0,0,,,,True,False,False,False,False
2026-02-12,29.98,30.08,29.4,29.71,42551.8,-1.3939595087952172,3.108706805277711,,,,,,,,,,,,,,,,,,,,29.008333333333333,23.64776,1.2222222222222223,0.45,7.257503127296159,,0,0,,0,0,0,0,0,,,,False,False,False,False,False
2026-02-13,29.7,29.95,29.27,29.27,30509.8,-1.4809828340626052,2.2289544246697415,,,,,,,,,,,,,,,,,,,,29.04483333333333,23.70092,1.0,0.4,6.490795493917366,,0,0,,0,0,0,0,0,,,,False,False,False,False,False
2026-02-24,29.66,30.14,29.48,30.05,41625.0,2.6648445507345464,3.0409975787084145,,,,,,,,,,,,,,,,,,,,29.08925,23.75648,1.2222222222222223,0.45,6.080457198004741,,0,0,,0,0,0,0,0,,,,True,False,False,False,False
2026-02-25,29.98,32.07,29.98,31.87,117491.22,6.0565723793677195,8.58355592887682,,,,,,,,,,,,,,,,,,,,29.15283333333333,23.818,1.2222222222222223,0.45,5.706108606169262,,0,0,,0,0,0,0,0,,,,True,False,True,True,False
2026-02-26,31.45,31.8,31.11,31.57,78808.6,-0.9413241292751784,5.757519802556155,,,,,,,,,,,,,,,,,,,,29.21441666666667,23.87652,1.2222222222222223,0.4,5.209772505984739,,0,0,,0,0,0,0,0,,,,True,False,False,False,False
2026-02-27,31.28,31.69,31.06,31.48,52783.0,-0.2850807728856486,3.856167572299489,,,,,,,,,,,,,,,,,,,,29.27541666666667,23.93616,1.2222222222222223,0.4,4.890010021593822,,0,0,,0,0,0,0,0,,,,True,False,False,False,False
2026-03-02,30.75,30.99,29.92,30.19,63381.0,-4.0978398983481545,4.630425646513346,,,,,,,,,,,,,,,,,,,,29.317583333333335,23.992800000000003,1.2222222222222223,0.4,4.575680420925204,,0,0,,0,0,0,0,0,,,,False,False,False,False,False
2026-03-03,30.2,30.48,27.58,27.6,94931.6,-8.578999668764487,6.935417795625602,,,,,,,,,,,,,,,,,,,,29.350833333333334,24.0382,1.0,0.4,4.543484384157809,,0,0,,0,0,0,0,0,,,,False,False,False,False,False
2026-03-04,27.28,28.14,27.21,27.58,40054.4,-0.07246376811594901,2.9262542562550946,,,,,,,,,,,,,,,,,,,,29.39,24.082879999999996,1.2222222222222223,0.4,4.2288791394323875,,0,0,,0,0,0,0,0,,,,True,False,False,False,False
2026-03-05,28.02,28.26,27.7,28.01,38674.8,1.5591007976794913,2.825464820589362,,,,,,,,,,,,,,,,,,,,29.43025,24.12896,1.2222222222222223,0.45,4.112389024135658,,0,0,,0,0,0,0,0,,,,False,False,False,False,False
2026-03-06,28.01,28.69,27.76,28.52,39488.97,1.8207782934666072,2.884945637373915,,,,,,,,,,,,,,,,,,,,29.459416666666666,24.176640000000003,1.5,0.5,3.953324723566015,,0,0,,0,0,0,0,0,,,,True,False,False,False,False
2026-03-09,27.96,28.38,27.54,28.15,41645.97,-1.297335203366068,3.042529583975093,,,,,,,,,,,,,,,,,,,,29.485,24.22368,1.5,0.45,3.8547195825815317,,0,0,,0,0,0,0,0,,,,True,False,False,False,False
2026-03-10,28.32,28.83,28.18,28.79,31870.0,2.2735346358792263,2.328326554557049,,,,,,,,,,,,,,,,,,,,29.47416666666667,24.272599999999997,1.8571428571428572,0.5,3.8092970510359754,,0,0,,0,0,0,0,0,,,,True,False,False,False,False
2026-03-11,28.76,29.57,28.66,28.9,49976.37,0.3820771101076703,3.6511236075107707,,,,,,,,,,,,,,,,,,,,29.486583333333332,24.31964,1.8571428571428572,0.5,3.823376486276151,,0,0,,0,0,0,0,0,,,,True,False,True,False,False
2026-03-12,28.94,29.17,28.42,28.69,43387.37,-0.7266435986159059,3.1697510418384645,,,,,,,,,,,,,,,,,,,,29.490333333333332,24.36636,1.5,0.45,3.809592639653476,,0,0,,0,0,0,0,0,,,,False,False,False,False,False
2026-03-13,28.41,29.67,28.41,28.52,53181.0,-0.5925409550366023,3.8852442578568693,,,,,,,,,,,,,,,,,,,,29.480166666666666,24.40908,1.8571428571428572,0.45,3.8565463728387224,,0,0,,0,0,0,0,0,,,,True,False,False,False,False
2026-03-16,28.84,29.2,28.45,28.74,38921.37,0.7713884992987419,2.8434784848051486,,,,,,,,,,,,,,,,,,,,29.454416666666667,24.4544,1.5,0.45,3.779392227867702,,0,0,,0,0,0,0,0,,,,False,False,False,False,False
2026-03-17,28.47,28.89,26.6,26.64,73397.8,-7.306889352818368,5.36222299297356,,,,,,,,,,,,,,,,,,,,29.425083333333337,24.490719999999996,1.2222222222222223,0.4,3.859198962882844,,0,0,,0,0,0,0,0,,,,False,False,False,False,False
2026-03-18,26.79,27.13,26.39,26.96,35660.0,1.2012012012011963,2.6052125803421515,,,,,,,,,,,,,,,,,,,,29.405166666666666,24.52928,1.5,0.45,3.853964428912527,,0,0,,0,0,0,0,0,,,,True,False,False,False,False
2026-03-19,26.63,26.71,25.68,25.83,43800.93,-4.1913946587537225,3.1999644942985404,,,,,,,,,,,,,,,,,,,,29.386416666666666,24.56524,1.2222222222222223,0.4,3.843313193345165,,0,0,,0,0,0,0,0,,,,False,False,False,False,False
2026-03-20,25.91,26.17,25.14,25.16,33620.2,-2.5938830816879532,2.456190914010634,,,,,,,,,,,,,,,,,,,,29.360999999999997,24.598119999999998,1.2222222222222223,0.4,3.8106873987818104,,0,0,,0,0,0,0,0,,,,False,False,False,False,False
2026-03-23,24.77,25.3,23.88,24.03,36768.9,-4.491255961844198,2.6862254864089326,,,,,,,,,,,,,,,,,,,,29.331166666666668,24.62688,1.2222222222222223,0.4,3.8335509518687707,,0,0,,0,0,0,0,0,,,,False,False,False,False,False
2026-03-24,24.52,25.0,23.94,24.96,37751.8,3.8701622971285987,2.758033210615839,,,,,,,,,,,,,,,,,,,,29.311416666666666,24.659200000000002,1.2222222222222223,0.4,3.819402733464142,,0,0,,0,0,0,0,0,,,,True,False,False,False,False
2026-03-25,24.96,25.22,24.84,25.11,37829.85,0.6009615384615419,2.7637353093790393,,,,,,,,,,,,,,,,,,,,29.290750000000003,24.693,1.2222222222222223,0.4,3.528411702489253,,0,0,,0,0,0,0,0,,,,True,False,False,False,False
2026-03-26,25.02,25.94,24.92,25.32,52253.0,0.8363201911589124,3.8174473628889074,,,,,,,,,,,,,,,,,,,,29.263916666666667,24.72724,1.2222222222222223,0.45,3.43140808050589,,0,0,,0,0,0,0,0,,,,True,False,False,False,False
2026-03-27,24.77,26.85,24.62,26.41,75800.58,4.304897314375977,5.537762888761404,,,,,,,,,,,,,,,,,,,,29.25116666666667,24.765480000000004,1.2222222222222223,0.5,3.5154878463289863,,0,0,,0,0,0,0,0,,,,True,False,True,False,False
2026-03-30,26.1,26.73,25.99,26.31,49989.0,-0.37864445285876736,3.652046317406725,,,,,,,,,,,,,,,,,,,,29.249000000000002,24.80276,1.5,0.5,3.4665688798736554,,0,0,,0,0,0,0,0,,,,True,False,False,False,False
2026-03-31,26.24,26.47,25.74,25.74,44259.01,-2.166476624857472,3.2284293296950226,,,,,,,,,,,,,,,,,,,,29.233833333333333,24.838919999999998,1.5,0.5,3.2812194565771264,,0,0,,0,0,0,0,0,,,,False,False,False,False,False
2026-04-01,26.07,26.57,25.86,26.18,36378.59,1.7094017094017255,2.6535999546521727,,,,,,,,,,,,,,,,,,,,29.23366666666667,24.87704,1.5,0.55,3.26758674149698,,0,0,,0,0,0,0,0,,,,True,False,False,False,False
2026-04-02,26.09,26.82,25.92,26.21,45026.0,0.11459129106188293,3.284376650061718,,,,,,,,,,,,,,,,,,,,29.24025,24.916439999999998,1.8571428571428572,0.55,3.290532332970598,,0,0,,0,0,0,0,0,,,,True,False,False,False,False
2026-04-03,26.22,26.48,25.44,25.46,29559.0,-2.8615032430370113,2.1561517656281777,,,,,,,,,,,,,,,,,,,,29.233249999999998,24.95432,1.5,0.5,3.254092639383311,,0,0,,0,0,0,0,0,,,,False,False,False,False,False
2026-04-07,25.46,26.14,25.46,25.99,29058.8,2.081696779261577,2.1196651756499234,,,,,,,,,,,,,,,,,,,,29.231,24.992759999999997,1.5,0.55,3.2079494189670528,,0,0,,0,0,0,0,0,,,,True,False,False,False,False
2026-04-08,26.41,26.65,26.19,26.4,57664.0,1.5775298191612164,4.206242951831363,,,,,,,,,,,,,,,,,,,,29.229499999999998,25.031920000000003,1.2222222222222223,0.55,3.3018452388307677,,0,0,,0,0,0,0,0,,,,False,False,False,False,False
2026-04-09,26.43,26.43,25.42,25.75,52361.0,-2.4621212121212044,3.8194209073397953,,,,,,,,,,,,,,,,,,,,29.228166666666667,25.066440000000004,1.0,0.5,3.3102601038222197,,0,0,,0,0,0,0,0,,,,False,False,False,False,False
2026-04-10,25.87,26.74,25.87,26.48,65620.0,2.834951456310675,4.786585434572246,,,,,,,,,,,,,,,,,,,,29.23241666666667,25.10744,1.2222222222222223,0.55,3.3911018234589085,,0,0,,0,0,0,0,0,,,,True,False,False,False,False
2026-04-13,26.36,26.48,25.89,26.14,37411.0,-1.2839879154078582,2.7289080721240824,,,,,,,,,,,,,,,,,,,,29.234750000000002,25.14268,1.0,0.55,3.3332850141722687,,0,0,,0,0,0,0,0,,,,False,False,False,False,False
2026-04-14,26.23,27.04,26.18,27.04,58290.5,3.4429992348890437,4.251942369307125,,,,,,,,,,,,,,,,,,,,29.241333333333333,25.18036,1.2222222222222223,0.55,3.4037082083973678,,0,0,,0,0,0,0,0,,,,True,False,True,True,False
2026-04-15,27.03,27.2,26.21,26.29,48576.0,-2.7736686390532506,3.543327858423978,,,,,,,,,,,,,,,,,,,,29.2475,25.216440000000002,1.2222222222222223,0.55,3.312763451669889,,0,0,,0,0,0,0,0,,,,False,False,False,False,False
2026-04-16,26.39,26.69,26.09,26.55,35402.0,0.9889691898060216,2.5823635713917503,,,,,,,,,,,,,,,,,,,,29.26425,25.25352,1.2222222222222223,0.55,3.311621001222369,,0,0,,0,0,0,0,0,,,,True,False,False,False,False
2026-04-17,26.44,26.81,26.24,26.71,42032.0,0.6026365348399176,3.0659823070091536,,,,,,,,,,,,,,,,,,,,29.275916666666667,25.30484,1.5,0.6,3.3049218918578993,,0,0,,0,0,0,0,0,,,,True,False,False,False,False
2026-04-20,26.81,26.82,26.55,26.62,34107.0,-0.3369524522650713,2.4879010883412924,,,,,,,,,,,,,,,,,,,,29.285083333333333,25.35168,1.5,0.6,3.306507400574432,,0,0,,0,0,0,0,0,,,,False,False,False,False,False
2026-04-21,28.63,31.26,28.63,30.78,274828.77,15.627347858752817,20.047110446257328,,,,,,,,,,,,,,,,,,,,29.317083333333333,25.41528,1.8571428571428572,0.65,4.174551648566853,,0,0,,0,0,0,0,0,,,,True,False,True,True,False
2026-04-22,31.24,31.77,29.9,30.63,223419.48,-0.4873294346978585,16.297111075399346,,,,,,,,,,,,,,,,,,,,29.34241666666667,25.47744,1.5,0.6,4.851505541806028,,0,0,,0,0,0,0,0,,,,False,False,False,False,False
2026-04-23,31.89,32.46,30.46,30.97,184635.42,1.1100228534116852,13.468046511400933,,,,,,,,,,,,,,,,,,,,29.36841666666667,25.541280000000004,1.2222222222222223,0.6,5.386721101907122,,0,0,,0,0,0,0,0,,,,False,False,False,False,False
2026-04-24,29.98,31.39,29.97,30.71,151434.42,-0.8395221181788814,11.046232689193783,,,,,,,,,,,,,,,,,,,,29.389499999999998,25.60248,1.2222222222222223,0.55,5.748160368222366,,0,0,,0,0,0,0,0,,,,True,False,False,False,False
2026-04-27,30.1,30.73,29.9,30.46,101793.6,-0.814067079127323,7.425232598181551,,,,,,,,,,,,,,,,,,,,29.390666666666664,25.662359999999996,1.2222222222222223,0.5,5.842533853693373,,0,0,,0,0,0,0,0,,,,True,False,False,False,False
2026-04-28,30.02,30.59,29.75,29.99,84087.64,-1.5430072225870117,6.133689010233993,,,,,,,,,,,,,,,,,,,,29.3755,25.721600000000002,1.0,0.5,5.966615988334737,,0,0,,0,0,0,0,0,,,,False,False,False,False,False
2026-04-29,29.7,30.9,29.46,30.7,109974.97,2.367455818606201,8.022014470733309,,,,,,,,,,,,,,,,,,,,29.382166666666663,25.78212,1.2222222222222223,0.55,6.2062952453866504,,0,0,,0,0,0,0,0,,,,True,False,False,False,False
2026-04-30,30.42,31.02,30.05,30.2,79910.0,-1.6286644951140072,5.828955228233285,,,,,,,,,,,,,,,,,,,,29.373083333333334,25.84056,1.0,0.5,6.3650630090657065,,0,0,,0,0,0,0,0,,,,False,False,False,False,False
2026-05-06,30.2,30.89,30.0,30.87,96436.42,2.218543046357624,7.0344584476423595,,,,,,,,,,,,,,,,,,,,29.361,25.90084,1.0,0.5,6.552567098944739,,0,0,,0,0,0,0,0,,,,True,False,False,False,False
2026-05-07,30.69,31.25,30.6,30.86,104020.4,-0.03239390994493885,7.5876643026269255,,,,,,,,,,,,,,,,,,,,29.36716666666667,25.961800000000004,1.2222222222222223,0.5,6.824142725794677,,0,0,,0,0,0,0,0,,,,True,False,False,False,False
2026-05-08,30.6,31.23,30.31,30.47,84375.0,-1.2637718729747283,6.154650198750888,,,,,,,,,,,,,,,,,,,,29.364416666666667,26.02068,1.0,0.45,7.025891976949725,,0,0,,0,0,0,0,0,,,,False,False,False,False,False
2026-05-11,30.63,31.07,30.3,30.86,89278.0,1.279947489333777,6.512294642300229,,,,,,,,,,,,,,,,,,,,29.362083333333334,26.08188,1.2222222222222223,0.45,7.141194561473168,,0,0,,0,0,0,0,0,,,,True,False,False,False,False
2026-05-12,30.8,30.8,29.62,30.06,84425.0,-2.5923525599481523,6.158297398868666,,,,,,,,,,,,,,,,,,,,29.34916666666667,26.140719999999998,1.2222222222222223,0.45,7.258138386049611,,0,0,,0,0,0,0,0,,,,False,False,False,False,False
2026-05-13,29.9,30.31,29.71,30.18,58364.6,0.3992015968063978,4.257347519881672,,,,,,,,,,,,,,,,,,,,29.349249999999998,26.20052,1.2222222222222223,0.45,7.231676490315083,,0,0,,0,0,0,0,0,,,,True,False,False,False,False
2026-05-14,30.19,30.38,28.73,28.78,84706.6,-4.638833664678588,6.178838429931994,,,,,,,,,,,,,,,,,,,,29.321250000000003,26.25384,1.2222222222222223,0.45,7.404173008205478,,0,0,,0,0,0,0,0,,,,False,False,False,False,False
2026-05-15,28.88,31.12,28.79,30.5,135682.84,5.976372480889491,9.897249400569894,,,,,,,,,,,,,,,,,,,,29.284166666666668,26.314040000000002,1.2222222222222223,0.45,7.6864383597686174,,0,0,,0,0,0,0,0,,,,True,False,False,False,False
2026-05-18,30.6,31.04,29.9,30.18,84270.04,-1.0491803278688483,6.146993996263648,,,,,,,,,,,,,,,,,,,,29.186166666666665,26.37152,1.2222222222222223,0.45,7.816621666660599,,0,0,,0,0,0,0,0,,,,False,False,False,False,False
2026-05-19,29.9,30.64,29.5,29.74,61989.0,-1.4579191517561374,4.521725762019186,,,,,,,,,,,,,,,,,,,,29.1085,26.42688,1.0,0.4,7.913589776191972,,0,0,,0,0,0,0,0,,,,False,False,False,False,False
2026-05-20,29.57,30.55,29.31,30.1,81047.59,1.210490921318108,5.911935595872954,,,,,,,,,,,,,,,,,,,,29.044416666666667,26.48284,1.0,0.4,8.055887440635162,,0,0,,0,0,0,0,0,,,,True,False,False,False,False
2026-05-21,29.92,30.7,28.54,28.57,83286.65,-5.083056478405323,6.075261593787207,,,,,,,,,,,,,,,,,,,,28.991833333333336,26.53356,1.0,0.4,8.235255465907457,,0,0,,0,0,0,0,0,,,,False,False,False,False,False
2026-05-22,28.71,30.0,28.6,29.77,69217.2,4.200210010500527,5.048979599845689,,,,,,,,,,,,,,,,,,,,28.9615,26.58808,1.0,0.4,7.485348923586876,,0,0,,0,0,0,0,0,,,,True,False,False,False,False
2026-05-25,29.78,30.03,28.71,29.13,60161.8,-2.1498152502519297,4.388442480915096,,,,,,,,,,,,,,,,,,,,28.938249999999996,26.64,1.0,0.4,6.889915493862664,,0,0,,0,0,0,0,0,,,,False,False,False,False,False
2026-05-26,28.81,29.76,28.21,28.62,55595.0,-1.750772399588052,4.055321810957696,,,,,,,,,,,,,,,,,,,,28.93475,26.69,1.0,0.35,6.419279258840501,,0,0,,0,0,0,0,0,,,,False,False,False,False,False
2026-05-27,28.37,28.62,27.15,27.51,65495.8,-3.8784067085953833,4.777525789479685,,,,,,,,,,,,,,,,,,,,28.923916666666667,26.73576,0.8181818181818182,0.35,6.105843913854796,,0,0,,0,0,0,0,0,,,,False,False,False,False,False
2026-05-28,27.47,28.99,26.89,28.63,78762.2,4.071246819338414,5.745230102329566,,,,,,,,,,,,,,,,,,,,28.915916666666664,26.785880000000002,0.8181818181818182,0.4,6.021843789062197,,0,0,,0,0,0,0,0,,,,True,False,False,False,False
2026-05-29,28.44,28.65,26.82,26.97,58034.0,-5.798113866573528,4.233232232702922,,,,,,,,,,,,,,,,,,,,28.900166666666667,26.829279999999997,0.8181818181818182,0.4,5.926820950185644,,0,0,,0,0,0,0,0,,,,False,False,False,False,False
2026-06-01,26.88,27.82,26.81,26.94,38122.0,-0.11123470522802492,2.7807712577988903,,,,,,,,,,,,,,,,,,,,28.874916666666664,26.87248,0.8181818181818182,0.35,5.664758789538923,,0,0,,0,0,0,0,0,,,,True,False,False,False,False
2026-06-02,26.87,26.99,25.69,26.14,41961.0,-2.9695619896065395,3.0608032828419085,,,,,,,,,,,,,,,,,,,,28.842916666666664,26.91216,0.8181818181818182,0.35,5.526351192269354,,0,0,,0,0,0,0,0,,,,False,False,False,False,False
2026-06-03,26.14,26.97,25.71,26.28,47757.1,0.5355776587605332,3.483594014895005,,,,,,,,,,,,,,,,,,,,28.817416666666666,26.9548,0.8181818181818182,0.35,5.348807970631986,,0,0,,0,0,0,0,0,,,,True,False,False,False,False
2026-06-04,25.91,26.03,25.22,25.47,45828.0,-3.08219178082193,3.342877739950882,,,,,,,,,,,,,,,,,,,,28.787333333333333,26.99388,0.6666666666666666,0.35,5.136568642498184,,0,0,,0,0,0,0,0,,,,False,False,False,False,False
2026-06-05,25.35,25.94,24.46,25.57,51636.0,0.39261876717706645,3.76653650563201,,,,,,,,,,,,,,,,,,,,28.762,27.0332,0.8181818181818182,0.4,5.01716295784224,,0,0,,0,0,0,0,0,,,,True,False,False,False,False
2026-06-08,24.8,25.11,23.68,24.08,51643.0,-5.827141181071571,3.767047113648499,,,,,,,,,,,,,,,,,,,,28.732083333333332,27.06592,0.6666666666666666,0.35,4.879900581409654,,0,0,,0,0,0,0,0,,,,False,False,False,False,False
2026-06-09,24.31,25.61,24.21,25.47,56861.8,5.772425249169433,4.147727273141727,,,,,,,,,,,,,,,,,,,,28.71191666666667,27.10416,0.8181818181818182,0.4,4.779372075123307,,0,0,,0,0,0,0,0,,,,True,False,False,False,False
2026-06-10,25.2,25.77,25.07,25.57,51182.0,0.39261876717706645,3.7334199285625833,,,,,,,,,,,,,,,,,,,,28.685916666666667,27.14216,0.8181818181818182,0.4,4.753175695557352,,0,0,,0,0,0,0,0,,,,True,False,False,False,False
2026-06-11,25.31,26.12,24.88,26.03,63071.5,1.798983183418068,4.600687644569086,,,,,,,,,,,,,,,,,,,,28.667250000000003,27.18336,1.0,0.45,4.674268156289207,,0,0,,0,0,0,0,0,,,,True,False,False,False,False
2026-06-12,26.1,26.86,25.84,26.35,66017.05,1.229350749135616,4.815547850707524,,,,,,,,,,,,,,,,,,,,28.651166666666665,27.22568,1.0,0.45,4.4201830787960885,,0,0,,0,0,0,0,0,,,,True,False,True,False,False
2026-06-15,26.6,27.03,26.08,27.03,45466.0,2.580645161290329,3.316472011098168,,,,,,,,,,,,,,,,,,,,28.646916666666666,27.26988,1.2222222222222223,0.5,4.278656979537814,,0,0,,0,0,0,0,0,,,,True,False,True,False,False
2026-06-16,27.02,27.85,26.82,27.46,52983.0,1.5908250092489862,3.864792076804958,,,,,,,,,,,,,,,,,,,,28.64941666666667,27.316200000000002,1.5,0.55,4.245810295277102,,0,0,,0,0,0,0,0,,,,True,False,True,True,False
2026-06-17,27.29,28.4,27.17,28.03,72489.83,2.0757465404224407,5.287698330274584,,,,,,,,,,,,,,,,,,,,28.65983333333333,27.36428,1.5,0.55,4.214598431997184,,0,0,,0,0,0,0,0,,,,True,False,True,True,False
2026-06-18,27.78,27.98,27.0,27.2,66516.0,-2.9611130931145313,4.851943260682833,,,,,,,,,,,,,,,,,,,,28.670416666666668,27.40772,1.5,0.55,4.153432515341966,,0,0,,0,0,0,0,0,,,,False,False,False,False,False
2026-06-22,27.0,28.27,26.32,28.27,79378.0,3.933823529411762,5.790149018980125,,,,,,,,,,,,,,,,,,,,28.68641666666667,27.454240000000002,1.5,0.55,4.190490986298687,,0,0,,0,0,0,0,0,,,,True,False,False,False,False
2026-06-23,27.9,29.75,27.63,28.98,124386.34,2.511496285815351,9.073237477960243,,,,,,,,,,,,,,,,,,,,28.709500000000002,27.503400000000003,1.8571428571428572,0.6,4.424730736150945,,0,0,,0,0,0,0,0,,,,True,False,True,True,False
2026-06-24,29.88,30.55,27.68,28.87,128652.26,-0.3795721187025536,9.384410756488899,,,,,,,,,,,,,,,,,,,,28.731583333333333,27.55088,1.8571428571428572,0.6,4.691185183427505,,0,0,,0,0,0,0,0,,,,False,False,False,False,False
2026-06-25,28.28,30.4,27.34,28.32,135690.14,-1.905091790786284,9.89778189178709,,,,,,,,,,,,,,,,,,,,28.747333333333334,27.597759999999997,2.3333333333333335,0.6,4.947197988542875,,0,0,,0,0,0,0,0,,,,True,False,False,False,False
2026-06-26,28.86,30.5,28.86,30.27,217566.04,6.88559322033897,15.870137734251182,,,,,,,,,,,,,,,,,,,,28.774666666666665,27.652240000000003,2.3333333333333335,0.6,5.453443370138956,,0,0,,0,0,0,0,0,,,,True,False,False,False,False
2026-06-29,30.51,35.22,30.51,33.59,279828.02,10.967955071027436,20.411775750033392,,,,,,,,,,,,,,,,,,,,28.823500000000003,27.72004,3.0,0.65,6.26237054600548,,0,0,,0,0,0,0,0,,,,True,False,True,True,True
2026-06-30,33.42,33.5,31.0,32.3,224638.45,-3.840428699017584,16.386027625950714,,,,,,,,,,,,,,,,,,,,28.861750000000004,27.78308,2.3333333333333335,0.65,6.942633364413071,,0,0,,0,0,0,0,0,,,,False,False,False,False,False
2026-07-01,31.83,35.99,31.83,35.45,252435.04,9.752321981424172,18.41362215238742,,,,,,,,,,,,,,,,,,,,28.922083333333333,27.85632,3.0,0.7,7.710274307890346,,0,0,,0,0,0,0,0,,,,True,False,True,True,True
2026-07-02,34.8,36.12,33.6,34.99,181230.67,-1.2976022566995815,13.21969041938082,,,,,,,,,,,,,,,,,,,,28.982333333333333,27.924400000000002,3.0,0.65,8.197079128114638,,0,0,,0,0,0,0,0,,,,True,False,False,False,False
2026-07-03,34.37,34.4,30.62,31.32,196116.35,-10.488711060302947,14.305511496365023,,,,,,,,,,,,,,,,,,,,29.010166666666667,27.963399999999996,3.0,0.65,8.745210815935343,,0,0,,0,0,0,0,0,,,,False,False,False,False,False
2026-07-06,31.03,32.03,29.96,30.1,120220.4,-3.895274584929753,8.769357140787095,,,,,,,,,,,,,,,,,,,,29.031499999999998,27.98028,2.3333333333333335,0.6,8.9953518476931,,0,0,,0,0,0,0,0,,,,False,False,False,False,False
2026-07-07,29.76,30.47,29.39,29.57,72753.43,-1.7607973421926992,5.306926369295511,,,,,,,,,,,,,,,,,,,,29.01291666666667,27.97432,2.3333333333333335,0.6,9.072345810475449,,0,0,,0,0,0,0,0,,,,False,False,False,False,False
2026-07-08,29.41,29.66,26.88,26.9,112411.83,-9.029421711193786,8.199768792313494,,,,,,,,,,,,,,,,,,,,28.981,27.97568,1.8571428571428572,0.55,9.274947886434038,,0,0,,0,0,0,0,0,,,,False,False,False,False,False
2026-07-09,26.98,27.18,25.67,26.74,93077.83,-0.5947955390334547,6.78946945077098,,,,,,,,,,,,,,,,,,,,28.94608333333333,27.976200000000002,1.5,0.5,9.427750362544458,,0,0,,0,0,0,0,0,,,,False,False,False,False,False
2026-07-10,26.6,27.28,26.0,26.0,93346.63,-2.7673896783844354,6.809076798604155,,,,,,,,,,,,,,,,,,,,28.9045,27.96944,1.2222222222222223,0.45,9.53816982024621,,0,0,,0,0,0,0,0,,,,False,False,False,False,False
2026-07-13,25.62,25.75,23.68,23.78,80446.0,-8.53846153846154,5.868053213495869,,,,,,,,,,,,,,,,,,,,28.846083333333336,27.9638,1.0,0.4,9.590795088385628,,0,0,,0,0,0,0,0,,,,False,False,False,False,False
2026-07-14,23.72,23.89,22.72,23.48,63055.0,-1.2615643397813292,4.599484068530219,,,,,,,,,,,,,,,,,,,,28.771166666666666,27.96048,0.8181818181818182,0.35,9.654945691257229,,0,0,,0,0,0,0,0,,,,False,False,False,False,False
2026-07-15,23.67,24.18,22.38,23.54,105011.6,0.25553662691650825,7.659966397761762,,,,,,,,,,,,,,,,,,,,28.714916666666667,27.95444,0.6666666666666666,0.35,9.84470440730507,,0,0,,0,0,0,0,0,,,,False,False,False,False,False
2026-07-16,23.55,23.55,22.19,22.35,119461.86,-5.055225148683085,8.714026197240306,,,,,,,,,,,,,,,,,,,,28.648,27.9474,0.5384615384615384,0.3,10.016020800653356,,0,0,,0,0,0,0,0,,,,False,False,False,False,False
2026-07-17,22.27,22.75,21.05,21.16,87928.86,-5.324384787472036,6.41388297096224,,,,,,,,,,,,,,,,,,,,28.563749999999995,27.934199999999997,0.5384615384615384,0.3,10.094117786167327,,0,0,,0,0,0,0,0,,,,False,False,False,False,False
2026-07-20,21.35,21.55,19.24,19.64,94657.0,-7.1834,,,,,,,,,,,,,,,,,,,,,28.450083333333335,27.91628,0.42857142857142855,0.25,,,0,0,,0,0,0,0,0,,,,False,False,False,False,False
2026-07-21,19.65,20.85,18.56,20.81,103230.0,5.9572,,,,,,,,,,,,,,,,,,,,,28.352333333333334,27.905440000000002,0.42857142857142855,0.25,,,0,0,,0,0,0,0,0,,,,True,False,False,False,False
2026-07-22,20.47,20.87,20.22,20.37,68715.0,-2.1144,,,,,,,,,,,,,,,,,,,,,28.23275,27.89388,0.42857142857142855,0.25,,,0,0,,0,0,0,0,0,,,,False,False,False,False,False
2026-07-23,20.31,21.17,20.27,21.13,61282.0,3.731,,,,,,,,,,,,,,,,,,,,,28.111333333333334,27.884240000000002,0.42857142857142855,0.3,,,0,0,,0,0,0,0,0,,,,True,False,False,False,False
2026-07-24,20.9,23.97,20.82,22.75,219181.0,7.6668,,,,,,,,,,,,,,,,,,,,,28.00841666666667,27.87724,0.42857142857142855,0.3,,,0,0,,0,0,0,0,0,,,,True,False,False,False,False
2026-07-27,22.44,25.44,22.22,24.77,192479.0,8.8791,,,,,,,,,,,,,,,,,,,,,27.934,27.88504,0.42857142857142855,0.3,,,0,0,,0,0,0,0,0,,,,True,False,True,False,False
2026-07-28,24.08,24.77,23.42,23.57,133974.0,-4.8446,,,,,,,,,,,,,,,,,,,,,27.85166666666667,27.889200000000002,0.42857142857142855,0.3,,,0,0,,0,0,0,0,0,,,,False,False,False,False,False
2026-07-29,23.41,23.83,22.09,23.38,123491.0,-0.8061,,,,,,,,,,,,,,,,,,,,,27.786666666666665,27.89084,0.3333333333333333,0.25,,,0,0,,0,0,0,0,0,,,,False,False,False,False,False
2026-07-30,23.21,23.21,22.18,22.22,102267.0,-4.9615,,,,,,,,,,,,,,,,,,,,,27.71591666666667,27.88816,0.25,0.25,,,0,0,,0,0,0,0,0,,,,False,False,False,False,False
2026-07-31,22.88,23.53,22.32,22.36,105593.0,0.6301,,,,,,,,,,,,,,,,,,,,,27.654749999999996,27.88532,0.25,0.3,,,0,0,,0,0,0,0,0,,,,False,False,False,False,False
2026-08-03,22.16,22.8,21.88,22.5,77329.0,0.6261,,,,,,,,,,,,,,,,,,,,,27.594583333333333,27.88376,0.3333333333333333,0.35,,,0,0,,0,0,0,0,0,,,,True,False,False,False,False
2026-08-04,22.54,22.75,22.23,22.6,88236.0,0.4444,,,,,,,,,,,,,,,,,,,,,27.544583333333335,27.88432,0.42857142857142855,0.4,,,0,0,,0,0,0,0,0,,,,True,False,False,False,False
2026-08-05,22.4,24.26,22.4,23.9,141318.0,5.7522,,,,,,,,,,,,,,,,,,,,,27.498166666666666,27.88856,0.5384615384615384,0.45,,,0,0,,0,0,0,0,0,,,,True,False,True,False,False
2026-08-06,23.49,23.99,23.39,23.79,87870.0,-0.4603,,,,,,,,,,,,,,,,,,,,,27.44975,27.8932,0.6666666666666666,0.45,,,0,0,,0,0,0,0,0,,,,True,False,False,False,False
2026-08-07,23.64,24.09,23.15,24.04,84725.0,1.0509,,,,,,,,,,,,,,,,,,,,,27.410833333333336,27.89692,0.8181818181818182,0.5,,,0,0,,0,0,0,0,0,,,,True,False,False,False,False
2026-08-10,24.1,24.16,23.69,23.94,60783.0,-0.416,,,,,,,,,,,,,,,,,,,,,27.36416666666667,27.9016,0.8181818181818182,0.5,,,0,0,,0,0,0,0,0,,,,False,False,False,False,False
2026-08-11,23.88,24.11,23.61,23.98,68713.0,0.1671,,,,,,,,,,,,,,,,,,,,,27.311916666666665,27.90816,1.0,0.55,,,0,0,,0,0,0,0,0,,,,True,False,False,False,False
2026-08-12,24.1,24.32,23.72,23.8,80577.0,-0.7506,,,,,,,,,,,,,,,,,,,,,27.262083333333333,27.915200000000002,1.0,0.5,,,0,0,,0,0,0,0,0,,,,False,False,False,False,False
2026-08-13,23.9,24.04,23.33,23.33,68128.0,-1.9748,,,,,,,,,,,,,,,,,,,,,27.205416666666668,27.919520000000002,1.0,0.5,,,0,0,,0,0,0,0,0,,,,False,False,False,False,False
2026-08-14,23.39,23.98,23.27,23.73,56019.0,1.7145,,,,,,,,,,,,,,,,,,,,,27.155583333333333,27.924,1.2222222222222223,0.55,,,0,0,,0,0,0,0,0,,,,True,False,False,False,False
2026-08-17,23.83,24.49,23.53,24.47,70870.0,3.1184,,,,,,,,,,,,,,,,,,,,,27.115583333333337,27.92624,1.5,0.6,,,0,0,,0,0,0,0,0,,,,True,False,True,True,False
2026-08-18,24.42,24.42,23.64,23.88,60233.0,-2.4111,,,,,,,,,,,,,,,,,,,,,27.064166666666665,27.92412,1.2222222222222223,0.55,,,0,0,,0,0,0,0,0,,,,False,False,False,False,False
2026-08-19,23.41,23.75,22.71,22.79,57796.0,-4.5645,,,,,,,,,,,,,,,,,,,,,26.9885,27.91996,1.2222222222222223,0.55,,,0,0,,0,0,0,0,0,,,,False,False,False,False,False
2026-08-20,23.16,23.25,22.69,22.82,36489.0,0.1316,,,,,,,,,,,,,,,,,,,,,26.915583333333334,27.91712,1.0,0.55,,,0,0,,0,0,0,0,0,,,,False,False,False,False,False
2026-08-21,22.6,22.87,22.08,22.77,41602.0,-0.2191,,,,,,,,,,,,,,,,,,,,,26.843,27.910719999999998,1.0,0.5,,,0,0,,0,0,0,0,0,,,,True,False,False,False,False
2026-08-24,22.67,23.15,22.1,22.46,45053.0,-1.3614,,22.944,23.403,23.3165,22.877666666666666,25.49,26.732000000000003,28.235799999999998,41.57327811757729,-0.47235163949846637,-0.5116088160164227,48234.6,58548.0,31.797263428526406,27.329611627856345,41.05610211129648,-0.12336933902392389,24.6846839673163,23.3165,21.948316032683703,26.778583333333334,27.90484,0.8181818181818182,0.45,,0.934039050805853,0,0,-0.11887014515496264,0,0,1,0,0,0.1869938471505295,0.117357576593082,31.797263428526406,False,False,False,False,False
2026-08-25,22.35,22.51,21.81,22.45,43529.0,-0.0445,,22.658,23.25,23.2605,22.84333333333333,25.415166666666664,26.699099999999998,28.19855,41.51815553491456,-0.49826015687652614,-0.5089390841884435,44893.8,56029.6,31.63919335673748,26.179940090212696,36.09738143760189,6.34505739543431,24.675866420847786,23.2605,21.845133579152215,26.735666666666663,27.899079999999998,1.0,0.45,,0.96959936561396,0,0,-0.11666918047622477,0,0,1,0,0,0.2136783846000379,0.12169699024937432,31.63919335673748,True,False,False,False,False
2026-08-26,22.38,22.9,22.25,22.68,39552.0,1.0245,,22.636,23.137999999999998,23.225500000000004,22.814666666666668,25.3575,26.664099999999998,28.155500000000004,43.37773625374235,-0.49453309605447515,-0.5060578865616499,41245.0,51927.1,39.88698194908472,28.274188915863203,33.489650597022326,17.843265553544953,24.662872969215684,23.225500000000004,21.788127030784324,26.694833333333335,27.89752,1.2222222222222223,0.5,,0.9589526003151897,0,0,-0.10559006211180133,0,0,1,0,0,0.31024410098039384,0.12377541660809711,39.88698194908472,True,True,False,False,False
2026-08-27,22.42,23.22,22.41,23.13,43254.0,1.9841,,22.698,23.118,23.271,22.840666666666667,25.305,26.6333,28.109550000000002,46.93312311615848,-0.4500798934610799,-0.4948622879415359,42598.0,49439.7,53.15627268845672,35.267369725003334,34.08222363968267,37.63766189564467,24.62982147078783,23.271,21.91217852921217,26.654166666666665,27.890240000000002,1.5,0.55,,1.0153997840274191,0,0,-0.08595139300533494,0,0,1,1,1,0.44811680451360125,0.11678238758865805,53.15627268845672,True,True,False,False,False
2026-08-28,23.1,23.47,23.01,23.26,39975.0,0.562,,22.796,23.071,23.316,22.910666666666668,25.268166666666666,26.6113,28.075249999999997,47.94992540026272,-0.39975239976584476,-0.47584031030639773,42272.6,47835.3,56.48608262102132,42.03009833518742,36.73151520485092,52.62726459586041,24.60564132100457,23.316,22.02635867899543,26.610333333333333,27.881520000000002,1.8571428571428572,0.55,,0.945648008402606,0,0,-0.07947417369681209,0,0,1,0,1,0.478288536863732,0.1106228616404675,56.48608262102132,True,True,True,False,False
2026-08-31,23.03,23.18,22.66,23.16,38966.0,-0.4299,,22.936,22.94,23.348999999999997,23.028,25.228,26.583000000000002,28.037050000000004,47.2007165367394,-0.36374365228649097,-0.4534209787024164,41055.2,44644.9,53.007944248504344,51.21594184545141,41.55965741838442,70.52851069958538,24.58331464042976,23.348999999999997,22.114685359570235,26.56875,27.874599999999997,1.8571428571428572,0.5,,0.949112414505349,0,0,-0.08197241160615198,0,0,1,0,1,0.4234392942409762,0.1057274093477033,53.007944248504344,True,True,False,False,False
2026-09-01,23.16,23.28,22.75,22.87,37065.0,-1.2522,,23.02,22.839000000000002,23.3625,23.096666666666668,25.207833333333333,26.5477,27.995700000000003,45.00460397310679,-0.35452034697034307,-0.43364085235600175,39762.4,42328.1,43.65375327170521,55.42910179254998,46.18280554310627,73.9216942914374,24.567889214276885,23.3625,22.157110785723116,26.519416666666665,27.8672,1.5,0.45,,0.9321620425326439,0,0,-0.09274233538516463,0,0,1,0,0,0.29570913935236615,0.10319008789957278,43.65375327170521,False,False,False,False,False
2026-09-02,22.6,22.61,22.13,22.36,29497.0,-2.23,,22.956,22.796,23.2855,23.163,25.156,26.5138,27.949450000000002,41.36005358296809,-0.3839377533811046,-0.4237002325610223,37751.4,39498.2,31.8081515461362,47.99691123519398,46.787507440468836,50.41571882464426,24.54198591003066,23.2855,22.029014089969337,26.464916666666667,27.859679999999997,1.2222222222222223,0.4,,0.7813485062805617,0,0,-0.11114644617586256,0,0,1,0,0,0.13171095170601055,0.10792002834645269,31.8081515461362,False,False,False,False,False
2026-09-03,22.6,22.72,22.23,22.35,21084.0,-0.0447,,22.800000000000004,22.749,23.213500000000003,23.203666666666667,25.10233333333333,26.4725,27.910350000000005,41.289447747510074,-0.40340794070143104,-0.41964177418910403,33317.4,37957.7,31.606351633179415,42.84131431743861,45.47210973279209,37.57972348673164,24.512572948804692,23.213500000000003,21.914427051195315,26.412083333333335,27.85236,1.0,0.4,,0.6328224891498135,0,0,-0.10964452175760542,0,0,1,0,0,0.16764760947623034,0.11192391916812963,31.606351633179415,False,False,False,False,False
2026-09-04,22.42,22.7,21.72,21.85,36577.0,-2.2371,,22.518,22.657000000000004,23.104,23.17366666666667,25.032666666666668,26.4296,27.8589,37.8135892085859,-0.4539511593632106,-0.42650365122392536,32637.8,37455.2,22.892255052662094,31.037066687816267,40.66042871780015,11.790342627848503,24.476840313480093,23.104,21.731159686519906,26.3565,27.843120000000003,0.8181818181818182,0.35,,1.1206944095496634,0,0,-0.12714053636581535,0,0,1,0,0,0.04328264267635047,0.11884005483726572,22.892255052662094,False,False,False,False,False
