date,open,high,low,close,volume,change_rate,turnover,MA5,MA10,MA20,MA30,MA60,MA100,MA200,RSI14,DIF,DEA,VOL_MA5,VOL_MA10,RSI6,K,D,J,BOLL_UPPER,BOLL_MIDDLE,BOLL_LOWER,MA120,MA250,updown_ratio_20,up_days_ratio_20,turnover_ma20,vol_ratio,ma_bull,dif_above_zero,bias60,macd_gold,macd_gold3,dif_below0,kdj_gold,kdj_gold3,boll_pos,boll_width,rsi6,is_yang,above_ma5,break_high5,break_high10,break_close40
2024-07-31,10.07,10.2,9.88,10.19,44078.59,1.2922465208747402,5.179843442214783,,,,,,,,,,,,,,,,,,,,,,,,,,0,0,,0,0,0,0,0,,,,True,False,False,False,False
2024-08-01,10.2,10.39,10.08,10.11,35096.88,-0.7850834151128527,4.1243683999465315,,,,,,,,,,,,,,,,,,,,,,,,,,0,0,,0,0,0,0,0,,,,False,False,False,False,False
2024-08-02,10.04,10.11,9.8,9.8,31393.29,-3.066271018793265,3.689145395441345,,,,,,,,,,,,,,,,,,,,,,,,,,0,0,,0,0,0,0,0,,,,False,False,False,False,False
2024-08-05,9.7,9.93,9.4,9.43,28599.0,-3.7755102040816446,3.360777706453418,,,,,,,,,,,,,,,,,,,,,,,,,,0,0,,0,0,0,0,0,,,,False,False,False,False,False
2024-08-06,9.62,9.79,9.48,9.73,24820.0,3.181336161187698,2.916692984865689,,,,,,,,,,,,,,,,,,,,,,,,,,0,0,,0,0,0,0,0,,,,True,False,False,False,False
2024-08-07,9.81,9.98,9.68,9.83,20520.0,1.0277492291880685,2.4113835636359364,,,,,,,,,,,,,,,,,,,,,,,,,,0,0,,0,0,0,0,0,,,,True,False,False,False,False
2024-08-08,9.78,9.84,9.44,9.63,22529.0,-2.0345879959308144,2.6474688257872323,,,,,,,,,,,,,,,,,,,,,,,,,,0,0,,0,0,0,0,0,,,,False,False,False,False,False
2024-08-09,9.8,10.0,9.65,9.69,25231.44,0.6230529595015355,2.9650428705100538,,,,,,,,,,,,,,,,,,,,,,,,,,0,0,,0,0,0,0,0,,,,False,False,False,False,False
2024-08-12,9.7,9.81,9.49,9.57,19878.44,-1.238390092879249,2.3359913979884572,,,,,,,,,,,,,,,,,,,,,,,,,,0,0,,0,0,0,0,0,,,,False,False,False,False,False
2024-08-13,9.68,9.93,9.5,9.92,26889.16,3.6572622779519337,3.159847878361446,,,,,,,,,,,,,,,,,,,,,,,,,,0,0,,0,0,0,0,0,,,,True,False,False,False,False
2024-08-14,9.91,10.1,9.84,9.92,20153.0,0.0,2.3682559921030713,,,,,,,,,,,,,,,,,,,,,,,,,,0,0,,0,0,0,0,0,,,,True,False,False,False,False
2024-08-15,9.92,9.98,9.68,9.88,27350.0,-0.40322580645160144,3.2140029466590088,,,,,,,,,,,,,,,,,,,,,,,,,,0,0,,0,0,0,0,0,,,,False,False,False,False,False
2024-08-16,9.95,10.06,9.8,9.81,22675.0,-0.7085020242915019,2.6646258433452656,,,,,,,,,,,,,,,,,,,,,,,,,,0,0,,0,0,0,0,0,,,,False,False,False,False,False
2024-08-19,9.8,10.09,9.56,9.74,28317.0,-0.7135575942915473,3.327638809526258,,,,,,,,,,,,,,,,,,,,,,,,,,0,0,,0,0,0,0,0,,,,False,False,False,False,False
2024-08-20,9.74,9.79,9.45,9.5,20042.0,-2.4640657084188944,2.35521195820621,,,,,,,,,,,,,,,,,,,,,,,,,,0,0,,0,0,0,0,0,,,,False,False,False,False,False
2024-08-21,9.44,9.6,9.35,9.51,12285.0,0.10526315789474161,1.4436572650715145,,,,,,,,,,,,,,,,,,,,,,,,,,0,0,,0,0,0,0,0,,,,True,False,False,False,False
2024-08-22,9.54,9.62,9.24,9.25,14132.0,-2.733964248159826,1.6607052885625269,,,,,,,,,,,,,,,,,,,,,,,,,,0,0,,0,0,0,0,0,,,,False,False,False,False,False
2024-08-23,9.28,9.3,8.97,9.07,17184.0,-1.9459459459459483,2.019357463816761,,,,,,,,,,,,,,,,,,,,,,,,,,0,0,,0,0,0,0,0,,,,False,False,False,False,False
2024-08-26,9.01,9.34,9.0,9.29,17746.0,2.425578831312003,2.0854002300333003,,,,,,,,,,,,,,,,,,,,,,,,,,0,0,,0,0,0,0,0,,,,True,False,False,False,False
2024-08-27,9.34,9.35,9.11,9.14,11638.0,-1.6146393972012785,1.3676258242492703,,,,,,,,,,,,,,,,,,,,,,0.5384615384615384,0.3,2.764852204338904,,0,0,,0,0,0,0,0,,,,False,False,False,False,False
2024-08-28,9.15,9.94,9.11,9.3,34011.0,1.7505470459518557,3.996762494289563,,,,,,,,,,,,,,,,,,,,,,0.5384615384615384,0.35,2.705698156942643,,0,0,,0,0,0,0,0,,,,True,False,False,False,False
2024-08-29,9.2,9.48,9.01,9.44,27550.34,1.5053763440860068,3.23754566513556,,,,,,,,,,,,,,,,,,,,,,0.6666666666666666,0.4,2.661357020202094,,0,0,,0,0,0,0,0,,,,True,False,False,False,False
2024-08-30,9.45,9.67,9.36,9.56,27626.0,1.271186440677985,3.2464367606728253,,,,,,,,,,,,,,,,,,,,,,0.8181818181818182,0.45,2.6392215884636685,,0,0,,0,0,0,0,0,,,,True,False,False,False,False
2024-09-02,9.57,9.89,9.51,9.63,29291.0,0.7322175732217495,3.442097269125741,,,,,,,,,,,,,,,,,,,,,,1.0,0.5,2.6432875665972846,,0,0,,0,0,0,0,0,,,,True,False,False,False,False
2024-09-03,9.56,9.77,9.51,9.62,17447.0,-0.10384215991694479,2.050263598184999,,,,,,,,,,,,,,,,,,,,,,1.0,0.45,2.5999660972632497,,0,0,,0,0,0,0,0,,,,True,False,False,False,False
2024-09-04,9.52,9.64,9.35,9.47,15074.0,-1.55925155925154,1.7714033059575098,,,,,,,,,,,,,,,,,,,,,,0.8181818181818182,0.4,2.5679670843793287,,0,0,,0,0,0,0,0,,,,False,False,False,False,False
2024-09-05,9.61,9.75,9.51,9.69,17767.0,2.323125659978875,2.0878680202300037,,,,,,,,,,,,,,,,,,,,,,1.0,0.45,2.5399870441014674,,0,0,,0,0,0,0,0,,,,True,False,False,False,False
2024-09-06,9.61,9.75,9.43,9.43,17136.71,-2.6831785345717174,2.0138002353214226,,,,,,,,,,,,,,,,,,,,,,1.0,0.4,2.4924249123420354,,0,0,,0,0,0,0,0,,,,False,False,False,False,False
2024-09-09,9.41,9.55,9.24,9.5,13708.91,0.7423117709437932,1.610986366928086,,,,,,,,,,,,,,,,,,,,,,1.2222222222222223,0.45,2.456174660789017,,0,0,,0,0,0,0,0,,,,True,False,False,False,False
2024-09-10,9.56,9.68,9.38,9.68,16836.12,1.8947368421052602,1.9784767565010848,,,,,,,,,,,,,,,,,,,,,,1.2222222222222223,0.45,2.397106104695999,,0,0,,0,0,0,0,0,,,,True,False,False,False,False
2024-09-11,9.69,9.87,9.48,9.59,18809.44,-0.9297520661156966,2.210369125594363,,,,,,,,,,,,,,,,,,,,,,1.0,0.45,2.3892117613705635,,0,0,,0,0,0,0,0,,,,False,False,False,False,False
2024-09-12,9.6,9.71,9.41,9.44,16966.0,-1.564129301355588,1.9937394512986013,,,,,,,,,,,,,,,,,,,,,,1.0,0.45,2.3281985866025434,,0,0,,0,0,0,0,0,,,,False,False,False,False,False
2024-09-13,9.48,10.84,9.48,10.11,100680.73,7.097457627118642,11.831377070997442,,,,,,,,,,,,,,,,,,,,,,1.2222222222222223,0.5,2.786536147985152,,0,0,,0,0,0,0,0,,,,True,False,True,True,False
2024-09-18,10.0,10.55,9.81,10.47,118379.27,3.5608308605341366,13.911200095186194,,,,,,,,,,,,,,,,,,,,,,1.5,0.55,3.315714212268149,,0,0,,0,0,0,0,0,,,,True,False,False,False,False
2024-09-19,10.2,10.8,10.01,10.39,103175.05,-0.764087870105068,12.124494139732745,,,,,,,,,,,,,,,,,,,,,,1.8571428571428572,0.55,3.8041783213444758,,0,0,,0,0,0,0,0,,,,True,False,False,False,False
2024-09-20,10.34,10.35,9.93,10.05,65909.92,-3.2723772858517797,7.745326401976582,,,,,,,,,,,,,,,,,,,,,,1.5,0.5,4.119261778189729,,0,0,,0,0,0,0,0,,,,False,False,False,False,False
2024-09-23,10.04,10.08,9.77,9.85,48924.1,-1.9900497512437942,5.749257826787569,,,,,,,,,,,,,,,,,,,,,,1.5,0.5,4.323689405100981,,0,0,,0,0,0,0,0,,,,False,False,False,False,False
2024-09-24,9.82,10.15,9.71,10.15,58991.04,3.0456852791878264,6.932262390730511,,,,,,,,,,,,,,,,,,,,,,1.8571428571428572,0.55,4.569334651446669,,0,0,,0,0,0,0,0,,,,True,False,False,False,False
2024-09-25,10.1,10.43,10.04,10.16,72843.06,0.09852216748769127,8.560066160280035,,,,,,,,,,,,,,,,,,,,,,1.8571428571428572,0.55,4.893067947959006,,0,0,,0,0,0,0,0,,,,True,False,False,False,False
2024-09-26,10.09,10.4,10.04,10.4,63983.47,2.3622047244094446,7.518941905574708,,,,,,,,,,,,,,,,,,,,,,2.3333333333333335,0.6,5.2006337520252774,,0,0,,0,0,0,0,0,,,,True,False,False,False,False
2024-09-27,10.59,11.11,10.37,10.95,102859.83,5.28846153846152,12.087451433742038,,,,,,,,,,,,,,,,,,,,,,2.3333333333333335,0.6,5.605168198997901,,0,0,,0,0,0,0,0,,,,True,False,True,True,True
2024-09-30,11.5,12.68,11.15,12.64,125693.66,15.433789954337907,14.647310343742634,,,,,,,,,,,,,,,,,,,,,,2.3333333333333335,0.6,6.175656432928255,,0,0,,0,0,0,0,0,,,,True,False,True,True,True
2024-10-08,14.6,14.6,13.1,14.3,123016.74,13.132911392405067,14.335363997320933,,,,,,,,,,,,,,,,,,,,,,1.8571428571428572,0.6,6.7301027947606595,,0,0,,0,0,0,0,0,,,,False,False,True,True,True
2024-10-09,13.58,13.73,11.66,11.67,86189.0,-18.391608391608393,10.043760609857602,,,,,,,,,,,,,,,,,,,,,,1.5,0.55,7.060185961797254,,0,0,,0,0,0,0,0,,,,False,False,False,False,False
2024-10-10,12.1,12.58,11.8,12.13,59649.28,3.941730934018861,6.9510388665649545,,,,,,,,,,,,,,,,,,,,,,1.5,0.6,7.305224725216251,,0,0,,0,0,0,0,0,,,,True,False,False,False,False
2024-10-11,12.09,12.12,11.37,11.59,39602.8,-4.451772464962911,4.6149861662169025,,,,,,,,,,,,,,,,,,,,,,1.5,0.6,7.447403868229221,,0,0,,0,0,0,0,0,,,,False,False,False,False,False
2024-10-14,11.87,11.87,11.46,11.86,35116.43,2.329594477998276,4.092181327000217,,,,,,,,,,,,,,,,,,,,,,1.2222222222222223,0.6,7.547619533567731,,0,0,,0,0,0,0,0,,,,False,False,False,False,False
2024-10-15,11.87,12.07,11.6,11.66,38836.43,-1.6863406408094361,4.525679679094688,,,,,,,,,,,,,,,,,,,,,,1.2222222222222223,0.6,7.6732135057563955,,0,0,,0,0,0,0,0,,,,False,False,False,False,False
2024-10-16,11.5,11.81,11.44,11.71,25746.0,0.42881646655232863,3.000228111028018,,,,,,,,,,,,,,,,,,,,,,1.2222222222222223,0.6,7.74267559296139,,0,0,,0,0,0,0,0,,,,True,False,False,False,False
2024-10-17,11.69,11.99,11.4,11.48,37687.0,-1.964133219470543,4.391734514888251,,,,,,,,,,,,,,,,,,,,,,1.0,0.55,7.863338480880751,,0,0,,0,0,0,0,0,,,,False,False,False,False,False
2024-10-18,11.55,12.16,11.48,11.96,49614.98,4.181184668989557,5.781723674516153,,,,,,,,,,,,,,,,,,,,,,1.2222222222222223,0.6,8.04190620832684,,0,0,,0,0,0,0,0,,,,True,False,False,False,False
2024-10-21,12.02,12.19,11.81,11.89,75982.52,-0.58528428093646,8.85438096988847,,,,,,,,,,,,,,,,,,,,,,1.2222222222222223,0.6,8.384938284256332,,0,0,,0,0,0,0,0,,,,False,False,False,False,False
2024-10-22,12.0,12.45,11.94,12.13,75775.0,2.0185029436501356,8.830198287623244,,,,,,,,,,,,,,,,,,,,,,1.2222222222222223,0.6,8.234879345087622,,0,0,,0,0,0,0,0,,,,True,False,False,False,False
2024-10-23,12.17,12.36,12.0,12.02,54597.15,-0.906842539159125,6.362304987649084,,,,,,,,,,,,,,,,,,,,,,1.0,0.55,7.857434589710766,,0,0,,0,0,0,0,0,,,,False,False,False,False,False
2024-10-24,11.98,12.5,11.95,12.13,49265.65,0.9151414309484185,5.74101561555455,,,,,,,,,,,,,,,,,,,,,,1.0,0.6,7.538260663501857,,0,0,,0,0,0,0,0,,,,True,False,False,False,False
2024-10-25,11.73,12.59,11.73,12.42,82767.67,2.3907666941467287,9.645066814972823,,,,,,,,,,,,,,,,,,,,,,1.2222222222222223,0.65,7.633247684151669,,0,0,,0,0,0,0,0,,,,True,False,False,False,False
2024-10-28,12.39,12.7,12.31,12.59,61109.28,1.3687600644122444,7.1211753165805245,,,,,,,,,,,,,,,,,,,,,,1.5,0.7,7.7018435586413165,,0,0,,0,0,0,0,0,,,,True,False,False,False,False
2024-10-29,12.59,13.0,12.08,12.1,48873.95,-3.8919777601270855,5.695370103588044,,,,,,,,,,,,,,,,,,,,,,1.2222222222222223,0.65,7.639998944284194,,0,0,,0,0,0,0,0,,,,False,False,False,False,False
2024-10-30,12.06,12.3,11.65,11.81,47991.05,-2.3966942148760273,5.592484164054655,,,,,,,,,,,,,,,,,,,,,,1.0,0.6,7.4916198444729245,,0,0,,0,0,0,0,0,,,,False,False,False,False,False
2024-10-31,11.94,12.2,11.85,12.1,36869.29,2.4555461473327655,4.296445284379872,,,,,,,,,,,,,,,,,,,,,,1.0,0.6,7.3304950134131825,,0,0,,0,0,0,0,0,,,,True,False,False,False,False
2024-11-01,12.24,12.28,11.28,11.36,52753.94,-6.115702479338847,6.147512380777028,,,,,,,,,,,,,,,,,,,,,,0.8181818181818182,0.55,7.0334980607649324,,0,0,,0,0,0,0,0,,,,False,False,False,False,False
2024-11-04,11.47,11.88,11.34,11.84,32431.0,4.225352112676051,3.779243294832193,,,,,,,,,,,,,,,,,,,,,,0.8181818181818182,0.55,6.490094708319411,,0,0,,0,0,0,0,0,,,,True,False,False,False,False
2024-11-05,11.93,12.09,11.85,12.09,40560.28,2.1114864864864913,4.726563048518895,,,,,,,,,,,,,,,,,,,,,,1.0,0.55,6.009654660879308,,0,0,,0,0,0,0,0,,,,True,False,False,False,False
2024-11-06,12.1,12.33,11.92,12.25,48679.19,1.3234077750206685,5.672674367283227,,,,,,,,,,,,,,,,,,,,,,1.2222222222222223,0.6,5.791100348750589,,0,0,,0,0,0,0,0,,,,True,False,False,False,False
2024-11-07,12.14,12.64,12.14,12.64,47772.86,3.183673469387749,5.567058087322533,,,,,,,,,,,,,,,,,,,,,,1.2222222222222223,0.6,5.721901309788469,,0,0,,0,0,0,0,0,,,,True,False,True,False,False
2024-11-08,12.71,12.95,12.56,12.66,42160.0,0.15822784810126667,4.912981323737327,,,,,,,,,,,,,,,,,,,,,,1.2222222222222223,0.65,5.73680106766449,,0,0,,0,0,0,0,0,,,,False,False,True,False,False
2024-11-11,12.52,13.27,12.51,13.2,44809.06,4.265402843601884,5.221681093790923,,,,,,,,,,,,,,,,,,,,,,1.5,0.65,5.793276056004025,,0,0,,0,0,0,0,0,,,,True,False,True,True,False
2024-11-12,13.99,15.84,13.99,15.84,94680.17,19.999999999999996,11.033252062103301,,,,,,,,,,,,,,,,,,,,,,1.8571428571428572,0.7,6.118654675154455,,0,0,,0,0,0,0,0,,,,True,False,True,True,True
2024-11-13,15.0,15.37,14.23,14.69,209151.02,-7.260101010101017,24.372747986257405,,,,,,,,,,,,,,,,,,,,,,1.5,0.65,7.187280668915925,,0,0,,0,0,0,0,0,,,,False,False,False,False,False
2024-11-14,14.5,14.52,13.38,13.4,116566.54,-8.781484002722939,13.583710483697345,,,,,,,,,,,,,,,,,,,,,,1.5,0.65,7.64687946735638,,0,0,,0,0,0,0,0,,,,False,False,False,False,False
2024-11-15,13.5,13.73,13.23,13.54,81007.53,1.044776119402968,9.439954505979394,,,,,,,,,,,,,,,,,,,,,,1.5,0.65,7.829791008929543,,0,0,,0,0,0,0,0,,,,True,False,False,False,False
2024-11-18,13.33,14.1,12.72,12.83,84745.71,-5.243722304283594,9.875571406472002,,,,,,,,,,,,,,,,,,,,,,1.5,0.65,7.880850530758719,,0,0,,0,0,0,0,0,,,,False,False,False,False,False
2024-11-19,12.84,13.2,12.48,13.07,68394.65,1.870615744349191,7.970152706203774,,,,,,,,,,,,,,,,,,,,,,1.5,0.65,7.8378482516877455,,0,0,,0,0,0,0,0,,,,True,False,False,False,False
2024-11-20,12.93,13.52,12.93,13.35,63127.87,2.142310635042066,7.356405273181164,,,,,,,,,,,,,,,,,,,,,,1.8571428571428572,0.7,7.887553265964348,,0,0,,0,0,0,0,0,,,,True,False,False,False,False
2024-11-21,13.39,13.45,13.02,13.3,53004.14,-0.3745318352059823,6.176668640909834,,,,,,,,,,,,,,,,,,,,,,1.5,0.65,7.909335917232113,,0,0,,0,0,0,0,0,,,,False,False,False,False,False
2024-11-22,13.31,13.47,12.66,12.71,49280.73,-4.4360902255639045,5.7427729153259435,,,,,,,,,,,,,,,,,,,,,,1.2222222222222223,0.6,7.714221222249769,,0,0,,0,0,0,0,0,,,,False,False,False,False,False
2024-11-25,12.79,13.16,12.73,13.16,45259.0,3.540519276160503,5.274113418667639,,,,,,,,,,,,,,,,,,,,,,1.2222222222222223,0.6,7.621868127354125,,0,0,,0,0,0,0,0,,,,True,False,False,False,False
2024-11-26,13.16,13.24,12.84,12.92,34499.64,-1.823708206686936,4.020305668777543,,,,,,,,,,,,,,,,,,,,,,1.2222222222222223,0.6,7.538114905613599,,0,0,,0,0,0,0,0,,,,False,False,False,False,False
2024-11-27,12.75,12.99,12.22,12.96,47623.0,0.3095975232198178,5.54959462951477,,,,,,,,,,,,,,,,,,,,,,1.5,0.65,7.535970428886605,,0,0,,0,0,0,0,0,,,,True,False,False,False,False
2024-11-28,12.94,13.29,12.87,13.02,42192.73,0.4629629629629539,4.916795410044868,,,,,,,,,,,,,,,,,,,,,,1.5,0.65,7.5669879351698555,,0,0,,0,0,0,0,0,,,,True,False,False,False,False
2024-11-29,12.98,13.28,12.78,13.2,44798.53,1.382488479262678,5.220454013778139,,,,,,,,,,,,,,,,,,,,,,1.8571428571428572,0.7,7.520635016819911,,0,0,,0,0,0,0,0,,,,True,False,False,False,False
2024-12-02,13.23,13.84,13.23,13.83,61214.96,4.772727272727284,7.133490398798091,,,,,,,,,,,,,,,,,,,,,,1.8571428571428572,0.7,7.688347372018205,,0,0,,0,0,0,0,0,,,,True,False,True,False,False
2024-12-03,13.89,13.89,13.47,13.72,46873.25,-0.7953723788864719,5.462224901159171,,,,,,,,,,,,,,,,,,,,,,1.5,0.65,7.725130464650221,,0,0,,0,0,0,0,0,,,,False,False,False,False,False
2024-12-04,13.74,13.86,13.45,13.61,39987.0,-0.8017492711370311,4.659757689570315,,,,,,,,,,,,,,,,,,,,,,1.2222222222222223,0.6,7.674484630764574,,0,0,,0,0,0,0,0,,,,False,False,False,False,False
2024-12-05,13.6,14.41,13.51,14.2,86502.52,4.335047759000732,10.080295664521218,,,,,,,,,,,,,,,,,,,,,,1.2222222222222223,0.6,7.900146509624508,,0,0,,0,0,0,0,0,,,,True,False,True,True,False
2024-12-06,14.08,14.2,13.75,14.03,54859.5,-1.1971830985915477,6.392877109335101,,,,,,,,,,,,,,,,,,,,,,1.2222222222222223,0.55,7.974141298904397,,0,0,,0,0,0,0,0,,,,False,False,False,False,False
2024-12-09,13.96,14.36,13.92,14.15,58675.33,0.8553100498930988,6.837542705268607,,,,,,,,,,,,,,,,,,,,,,1.2222222222222223,0.55,8.054934379478281,,0,0,,0,0,0,0,0,,,,True,False,False,False,False
2024-12-10,14.51,14.86,13.9,13.93,61512.63,-1.5547703180212036,7.168178424192704,,,,,,,,,,,,,,,,,,,,,,1.0,0.5,7.861680697582751,,0,0,,0,0,0,0,0,,,,False,False,False,False,False
2024-12-11,13.88,14.49,13.8,14.18,50907.0,1.794687724335975,5.932285110234727,,,,,,,,,,,,,,,,,,,,,,1.2222222222222223,0.55,6.939657553781617,,0,0,,0,0,0,0,0,,,,True,False,False,False,False
2024-12-12,14.23,14.35,13.98,14.15,38276.0,-0.21156558533145242,4.460371753969874,,,,,,,,,,,,,,,,,,,,,,1.2222222222222223,0.55,6.483490617295244,,0,0,,0,0,0,0,0,,,,False,False,False,False,False
2024-12-13,14.15,14.15,13.75,13.82,36376.0,-2.3321554770318054,4.2389613053194735,,,,,,,,,,,,,,,,,,,,,,1.0,0.5,6.223440957262248,,0,0,,0,0,0,0,0,,,,False,False,False,False,False
2024-12-16,13.8,14.09,13.76,13.86,31019.0,0.28943560057885787,3.6147003719404207,,,,,,,,,,,,,,,,,,,,,,1.2222222222222223,0.55,5.91039740553567,,0,0,,0,0,0,0,0,,,,True,False,False,False,False
2024-12-17,13.9,14.05,13.2,13.26,49356.47,-4.329004329004327,5.751599035000039,,,,,,,,,,,,,,,,,,,,,,1.0,0.5,5.799469721975482,,0,0,,0,0,0,0,0,,,,False,False,False,False,False
2024-12-18,13.3,13.46,12.84,13.13,32731.51,-0.9803921568627416,3.814262270581631,,,,,,,,,,,,,,,,,,,,,,0.8181818181818182,0.45,5.622362571845505,,0,0,,0,0,0,0,0,,,,False,False,False,False,False
2024-12-19,13.01,13.14,12.81,12.9,25872.94,-1.7517136329017524,3.0150206596341658,,,,,,,,,,,,,,,,,,,,,,0.8181818181818182,0.45,5.464280172781722,,0,0,,0,0,0,0,0,,,,False,False,False,False,False
2024-12-20,12.89,13.57,12.8,13.52,36343.0,4.806201550387601,4.235115755421861,,,,,,,,,,,,,,,,,,,,,,1.0,0.5,5.388897314786518,,0,0,,0,0,0,0,0,,,,True,False,False,False,False
2024-12-23,13.45,13.68,12.08,12.33,56483.94,-8.801775147928993,6.58217605102229,,,,,,,,,,,,,,,,,,,,,,0.8181818181818182,0.45,5.45430044640425,,0,0,,0,0,0,0,0,,,,False,False,False,False,False
2024-12-24,12.31,12.7,11.76,12.02,41000.51,-2.514193025141931,4.777863849471193,,,,,,,,,,,,,,,,,,,,,,0.8181818181818182,0.45,5.4921783554389325,,0,0,,0,0,0,0,0,,,,False,False,False,False,False
2024-12-25,12.02,12.1,11.4,11.62,26302.28,-3.327787021630624,3.065052429120252,,,,,,,,,,,,,,,,,,,,,,0.6666666666666666,0.4,5.367951245419207,,0,0,,0,0,0,0,0,,,,False,False,False,False,False
2024-12-26,11.63,12.17,11.5,12.05,28173.0,3.7005163511187655,3.283050826225135,,,,,,,,,,,,,,,,,,,,,,0.6666666666666666,0.4,5.286264016228221,,0,0,,0,0,0,0,0,,,,True,False,False,False,False
2024-12-27,11.96,12.36,11.82,12.18,21952.0,1.078838174273855,2.5581064046176896,,,,,,,,,,,,,,,,,,,,,,0.6666666666666666,0.4,5.153146635770198,,0,0,,0,0,0,0,0,,,,True,False,False,False,False
2024-12-30,12.18,12.18,11.51,11.81,24586.0,-3.03776683087027,2.865051205536193,,,,,,,,,,,,,,,,,,,,,,0.5384615384615384,0.35,4.939724676107103,,0,0,,0,0,0,0,0,,,,False,False,False,False,False
2024-12-31,11.92,12.08,11.46,11.5,25729.05,-2.6248941574936513,2.9982528967624256,,,,,,,,,,,,,,,,,,,,,,0.5384615384615384,0.35,4.816526075887266,,0,0,,0,0,0,0,0,,,,False,False,False,False,False
2025-01-02,11.57,11.91,11.18,11.34,30296.0,-1.3913043478260834,3.530447869638189,,,,,,,,,,,,,,,,,,,,,,0.5384615384615384,0.35,4.76006058489066,,0,0,,0,0,0,0,0,,,,False,False,False,False,False
2025-01-03,11.28,11.59,10.46,10.53,36443.44,-7.142857142857151,4.246820210928412,,,,,,,,,,,,,,,,,,,,,,0.42857142857142855,0.3,4.468386812211019,,0,0,,0,0,0,0,0,,,,False,False,False,False,False
2025-01-06,10.5,10.6,9.86,10.4,27006.0,-1.2345679012345623,3.147058198027757,,,,,,,,,,,,,,,,,,,,,,0.42857142857142855,0.3,4.306095866645652,,0,0,,0,0,0,0,0,,,,False,False,False,False,False
2025-01-07,10.39,10.98,10.36,10.88,23186.0,4.615384615384621,2.7019066644253713,,,,,,,,,,,,,,,,,,,,,,0.42857142857142855,0.3,4.09931406460349,,0,0,,0,0,0,0,0,,,,True,False,False,False,False
2025-01-08,10.92,10.95,10.38,10.74,24737.0,-1.2867647058823595,2.8826475096131463,,,,,,,,,,,,,,,,,,,,,,0.42857142857142855,0.3,3.8850375188745128,,0,0,,0,0,0,0,0,,,,False,False,False,False,False
2025-01-09,10.66,10.96,10.57,10.82,19447.0,0.7448789571694592,2.2661942078443973,,,,,,,,,,,,,,,,,,,,,,0.42857142857142855,0.3,3.7017329737549955,,0,0,,0,0,0,0,0,,,,True,False,False,False,False
2025-01-10,10.95,11.08,10.29,10.29,25383.28,-4.898336414048066,2.9579596910625052,,,,,,,,,,,,,,,,,,,,,,0.42857142857142855,0.3,3.626612370609627,,0,0,,0,0,0,0,0,,,,False,False,False,False,False
2025-01-13,10.33,10.62,9.99,10.49,20394.0,1.9436345966958424,2.3765498367243607,,,,,,,,,,,,,,,,,,,,,,0.5384615384615384,0.35,3.5334917971798716,,0,0,,0,0,0,0,0,,,,True,False,False,False,False
2025-01-14,10.55,11.88,10.44,11.64,43639.0,10.962821734985706,5.085331878239403,,,,,,,,,,,,,,,,,,,,,,0.5384615384615384,0.35,3.607023372494821,,0,0,,0,0,0,0,0,,,,True,False,True,False,False
2025-01-15,11.97,11.97,11.43,11.68,26724.0,0.3436426116838476,3.1141962261754346,,,,,,,,,,,,,,,,,,,,,,0.5384615384615384,0.4,3.4751532320535907,,0,0,,0,0,0,0,0,,,,False,False,False,False,False
2025-01-16,11.8,11.92,11.57,11.7,20420.0,0.1712328767123239,2.379579663916419,,,,,,,,,,,,,,,,,,,,,,0.5384615384615384,0.45,3.40341910172033,,0,0,,0,0,0,0,0,,,,False,False,False,False,False
2025-01-17,11.8,11.8,11.46,11.55,15882.16,-1.2820512820512664,1.8507769321776095,,,,,,,,,,,,,,,,,,,,,,0.5384615384615384,0.45,3.3452069153475024,,0,0,,0,0,0,0,0,,,,False,False,False,False,False
2025-01-20,11.72,11.86,11.29,11.76,21050.0,1.8181818181818077,2.4529947074162886,,,,,,,,,,,,,,,,,,,,,,0.5384615384615384,0.45,3.256100862947224,,0,0,,0,0,0,0,0,,,,True,False,False,False,False
2025-01-21,11.9,11.9,11.32,11.41,23756.0,-2.9761904761904767,2.7683297990204916,,,,,,,,,,,,,,,,,,,,,,0.5384615384615384,0.45,3.0654085503471338,,0,0,,0,0,0,0,0,,,,False,False,False,False,False
2025-01-22,11.39,11.46,11.02,11.46,18948.0,0.4382120946538226,2.208044832119897,,,,,,,,,,,,,,,,,,,,,,0.6666666666666666,0.5,2.936917599479569,,0,0,,0,0,0,0,0,,,,True,False,False,False,False
2025-01-23,11.54,11.84,11.46,11.5,19480.0,0.3490401396160525,2.2700397577420093,,,,,,,,,,,,,,,,,,,,,,0.6666666666666666,0.55,2.8971669659106567,,0,0,,0,0,0,0,0,,,,False,False,False,False,False
2025-01-24,11.41,11.85,11.32,11.74,26072.0,2.086956521739136,3.038217482743823,,,,,,,,,,,,,,,,,,,,11.532,,0.6666666666666666,0.55,2.8849252987365914,,0,0,,0,0,0,0,0,,,,True,False,False,False,False
2025-01-27,11.94,11.96,11.62,11.86,23355.0,1.0221465076660996,2.7216005411737494,,,,,,,,,,,,,,,,,,,,11.545916666666667,,0.5384615384615384,0.55,2.8931000055643943,,0,0,,0,0,0,0,0,,,,False,False,False,False,False
2025-02-05,12.0,12.65,11.91,12.48,33347.0,5.227655986509294,3.885986437444702,,,,,,,,,,,,,,,,,,,,11.565666666666667,,0.6666666666666666,0.6,2.9441467671598196,,0,0,,0,0,0,0,0,,,,True,False,True,True,False
2025-02-06,12.47,12.97,12.31,12.85,30472.0,2.9647435897435903,3.550957469092121,,,,,,,,,,,,,,,,,,,,11.591083333333334,,0.8181818181818182,0.65,2.9717819957763045,,0,0,,0,0,0,0,0,,,,True,False,True,True,False
2025-02-07,12.85,12.95,12.43,12.59,25945.0,-2.0233463035019494,3.02341794222877,,,,,,,,,,,,,,,,,,,,11.617416666666667,,0.8181818181818182,0.65,2.9464304994058335,,0,0,,0,0,0,0,0,,,,False,False,False,False,False
2025-02-10,12.67,13.19,12.58,12.99,30469.12,3.1771247021445514,3.5506218574646935,,,,,,,,,,,,,,,,,,,,11.644583333333333,,1.0,0.7,2.911620581732648,,0,0,,0,0,0,0,0,,,,True,False,True,True,False
2025-02-11,12.96,13.09,12.6,12.89,21998.0,-0.7698229407236301,2.5634668681113313,,,,,,,,,,,,,,,,,,,,11.670083333333334,,1.0,0.7,2.882441015236826,,0,0,,0,0,0,0,0,,,,False,False,False,False,False
2025-02-12,12.86,13.25,12.75,12.94,25291.0,0.38789759503490284,2.9472061351670003,,,,,,,,,,,,,,,,,,,,11.697666666666667,,1.0,0.7,2.8947059887739077,,0,0,,0,0,0,0,0,,,,True,False,False,False,False
2025-02-13,12.96,13.25,12.68,12.96,22792.0,0.15455950540959051,2.655993129284183,,,,,,,,,,,,,,,,,,,,11.724916666666667,,1.1111111111111112,0.75,2.8833732697574592,,0,0,,0,0,0,0,0,,,,False,False,False,False,False
2025-02-14,12.97,13.42,12.9,13.27,32955.0,2.3919753086419693,3.840305965933672,,,,,,,,,,,,,,,,,,,,11.75575,,1.1111111111111112,0.75,2.9620788576619232,,0,0,,0,0,0,0,0,,,,True,False,True,True,False
2025-02-17,13.18,13.43,13.03,13.16,23639.11,-0.8289374529012794,2.7547083951558893,,,,,,,,,,,,,,,,,,,,11.782749999999998,,1.1111111111111112,0.75,2.9519162928665925,,0,0,,0,0,0,0,0,,,,False,False,False,False,False
2025-02-18,13.16,13.36,13.02,13.1,27378.0,-0.455927051671734,3.1904080332372042,,,,,,,,,,,,,,,,,,,,11.80925,,0.9,0.7,2.9926092026922344,,0,0,,0,0,0,0,0,,,,False,False,False,False,False
2025-02-19,13.1,13.77,13.01,13.41,33880.77,2.366412213740454,3.9481876243795044,,,,,,,,,,,,,,,,,,,,11.838666666666665,,0.9,0.7,2.9357519899992397,,0,0,,0,0,0,0,0,,,,True,False,False,False,False
2025-02-20,13.5,14.29,13.33,13.53,34669.0,0.8948545861297452,4.04004149697935,,,,,,,,,,,,,,,,,,,,11.869666666666667,,1.1111111111111112,0.7,2.9820442535394354,,0,0,,0,0,0,0,0,,,,True,False,False,False,True
2025-02-21,13.47,13.65,13.34,13.49,22215.0,-0.2956393200295615,2.5887542719835084,,,,,,,,,,,,,,,,,,,,11.900916666666665,,1.375,0.65,2.99250298394279,,0,0,,0,0,0,0,0,,,,True,False,False,False,False
2025-02-24,13.59,14.24,13.43,13.76,47223.61,2.0014825796886626,5.503052987890305,,,,,,,,,,,,,,,,,,,,11.936416666666668,,1.7142857142857142,0.7,3.1751167867284247,,0,0,,0,0,0,0,0,,,,True,False,False,False,True
2025-02-25,13.53,13.89,13.4,13.52,30625.0,-1.744186046511631,3.5687868367992324,,,,,,,,,,,,,,,,,,,,11.969833333333334,,1.375,0.65,3.2309063931975723,,0,0,,0,0,0,0,0,,,,False,False,False,False,False
2025-02-26,13.5,13.75,13.47,13.6,24000.0,0.591715976331364,2.7967635618998066,,,,,,,,,,,,,,,,,,,,12.006083333333333,,1.7142857142857142,0.7,3.2323280813415374,,0,0,,0,0,0,0,0,,,,True,False,False,False,False
2025-02-27,13.7,13.8,13.08,13.4,27714.0,-1.4705882352941124,3.2295627231038013,,,,,,,,,,,,,,,,,,,,12.042166666666668,,1.375,0.65,3.283403975890733,,0,0,,0,0,0,0,0,,,,False,False,False,False,False
2025-02-28,13.39,13.55,12.94,12.94,22135.0,-3.43283582089553,2.579431726777176,,,,,,,,,,,,,,,,,,,,12.072583333333334,,1.375,0.6,3.2988735743424913,,0,0,,0,0,0,0,0,,,,False,False,False,False,False
2025-03-03,13.1,13.4,12.94,13.14,22100.0,1.5455950540958385,2.575353113249405,,,,,,,,,,,,,,,,,,,,12.105916666666667,,1.375,0.6,3.2757303558677697,,0,0,,0,0,0,0,0,,,,True,False,False,False,False
2025-03-04,13.19,13.39,13.05,13.22,17694.0,0.60882800608828,2.0619139360106327,,,,,,,,,,,,,,,,,,,,12.138583333333335,,1.7142857142857142,0.6,3.242746025609615,,0,0,,0,0,0,0,0,,,,True,False,False,False,False
2025-03-05,13.25,13.36,12.84,13.2,21234.0,-0.1512859304084846,2.474436561390854,,,,,,,,,,,,,,,,,,,,12.169916666666667,,1.375,0.55,3.172168531806922,,0,0,,0,0,0,0,0,,,,False,False,False,False,False
2025-03-06,13.19,13.66,13.19,13.57,30937.0,2.803030303030307,3.60514476310393,,,,,,,,,,,,,,,,,,,,12.203333333333335,,1.375,0.55,3.1748778965075126,,0,0,,0,0,0,0,0,,,,True,False,False,False,False
2025-03-07,13.5,13.7,13.26,13.41,20489.0,-1.179071481208549,2.3876203591568808,,,,,,,,,,,,,,,,,,,,12.234833333333334,,1.375,0.55,3.143088017353918,,0,0,,0,0,0,0,0,,,,False,False,False,False,False
2025-03-10,13.44,13.62,13.29,13.39,23581.0,-0.1491424310216205,2.747936731381639,,,,,,,,,,,,,,,,,,,,12.266250000000001,,1.1111111111111112,0.5,3.1029537610497653,,0,0,,0,0,0,0,0,,,,False,False,False,False,False
2025-03-11,13.22,13.44,13.08,13.31,19904.71,-0.5974607916355512,2.319531984924279,,,,,,,,,,,,,,,,,,,,12.29825,,1.375,0.5,3.090757016890413,,0,0,,0,0,0,0,0,,,,True,False,False,False,False
2025-03-12,13.4,13.66,13.18,13.43,23549.0,0.9015777610818843,2.7442077132991063,,,,,,,,,,,,,,,,,,,,12.329416666666667,,1.375,0.5,3.080607095797018,,0,0,,0,0,0,0,0,,,,True,False,False,False,False
2025-03-13,13.42,13.43,12.91,13.2,24533.0,-1.7125837676842948,2.858875019336998,,,,,,,,,,,,,,,,,,,,12.360833333333334,,1.2222222222222223,0.45,3.0907511902996587,,0,0,,0,0,0,0,0,,,,False,False,False,False,False
2025-03-14,13.12,13.43,12.89,13.39,27406.69,1.4393939393939403,3.1937513310118253,,,,,,,,,,,,,,,,,,,,12.393249999999998,,1.2222222222222223,0.45,3.0584234585535666,,0,0,,0,0,0,0,0,,,,True,False,False,False,False
2025-03-17,13.39,13.65,13.2,13.62,25286.0,1.7176997759521972,2.9466234760916046,,,,,,,,,,,,,,,,,,,,12.426083333333334,,1.5,0.5,3.068019212600352,,0,0,,0,0,0,0,0,,,,True,False,False,False,False
2025-03-18,13.62,13.73,13.44,13.65,22883.0,0.22026431718062955,2.666597524456386,,,,,,,,,,,,,,,,,,,,12.459916666666665,,1.8571428571428572,0.55,3.041828687161311,,0,0,,0,0,0,0,0,,,,True,False,False,False,False
2025-03-19,13.9,14.02,13.46,13.53,24657.0,-0.8791208791208871,2.8733249644068137,,,,,,,,,,,,,,,,,,,,12.494000000000002,,1.5,0.5,2.9880855541626765,,0,0,,0,0,0,0,0,,,,False,False,False,False,False
2025-03-20,13.52,13.71,13.23,13.6,23115.0,0.5173688100517326,2.693632905554751,,,,,,,,,,,,,,,,,,,,12.523083333333334,,1.5,0.5,2.9207651245914468,,0,0,,0,0,0,0,0,,,,True,False,False,False,False
2025-03-21,13.57,13.69,13.0,13.12,40783.0,-3.529411764705881,4.752517014373325,,,,,,,,,,,,,,,,,,,,12.545166666666665,,1.2222222222222223,0.5,3.0289532617109374,,0,0,,0,0,0,0,0,,,,False,False,False,False,False
2025-03-24,13.16,13.3,11.78,11.96,67021.0,-8.841463414634132,7.810078778420289,,,,,,,,,,,,,,,,,,,,12.55825,,1.0,0.45,3.144304551237437,,0,0,,0,0,0,0,0,,,,False,False,False,False,False
2025-03-25,12.1,12.1,11.6,11.9,38065.32,-0.5016722408026753,4.435820831168997,,,,,,,,,,,,,,,,,,,,12.573666666666666,,1.0,0.45,3.187656250955925,,0,0,,0,0,0,0,0,,,,False,False,False,False,False
2025-03-26,11.94,12.43,11.71,12.21,34989.11,2.6050420168067356,4.077344496304339,,,,,,,,,,,,,,,,,,,,12.593333333333334,,1.0,0.45,3.2516852976761514,,0,0,,0,0,0,0,0,,,,True,False,False,False,False
2025-03-27,12.22,12.26,11.85,12.01,25845.0,-1.6380016380016515,3.011764760720854,,,,,,,,,,,,,,,,,,,,12.608833333333333,,1.0,0.45,3.2407953995570047,,0,0,,0,0,0,0,0,,,,False,False,False,False,False
2025-03-28,11.99,12.14,11.71,11.77,21401.0,-1.9983347210657754,2.493897374509073,,,,,,,,,,,,,,,,,,,,12.622250000000001,,1.0,0.45,3.236518681943599,,0,0,,0,0,0,0,0,,,,False,False,False,False,False
2025-03-31,11.68,11.74,11.28,11.62,30942.69,-1.274426508071369,3.604862646460298,,,,,,,,,,,,,,,,,,,,12.632416666666666,,0.8181818181818182,0.4,3.287994158604144,,0,0,,0,0,0,0,0,,,,False,False,False,False,False
2025-04-01,11.7,12.25,11.68,11.88,29727.0,2.23752151462997,3.4632332189387958,,,,,,,,,,,,,,,,,,,,12.640166666666666,,0.8181818181818182,0.4,3.358060122750552,,0,0,,0,0,0,0,0,,,,True,False,False,False,False
2025-04-02,11.88,12.1,11.64,11.77,22406.0,-0.9259259259259411,2.610327429728619,,,,,,,,,,,,,,,,,,,,12.632916666666667,,0.8181818181818182,0.4,3.36485466616744,,0,0,,0,0,0,0,0,,,,False,False,False,False,False
2025-04-03,11.78,11.92,11.52,11.69,26333.0,-0.679694137638065,3.0678279124807517,,,,,,,,,,,,,,,,,,,,12.611166666666668,,0.6666666666666666,0.35,3.337988823636281,,0,0,,0,0,0,0,0,,,,False,False,False,False,False
2025-04-07,11.06,11.22,9.35,10.44,53499.0,-10.692899914456799,6.232701381908925,,,,,,,,,,,,,,,,,,,,12.600916666666667,,0.6666666666666666,0.35,3.530242874773883,,0,0,,0,0,0,0,0,,,,False,False,False,False,False
2025-04-08,10.07,10.75,10.0,10.17,44458.02,-2.5862068965517238,5.179415740311682,,,,,,,,,,,,,,,,,,,,12.584583333333333,,0.8181818181818182,0.35,3.6518168252203855,,0,0,,0,0,0,0,0,,,,True,False,False,False,False
2025-04-09,10.07,10.68,9.35,10.59,37574.0,4.129793510324475,4.377418675561151,,,,,,,,,,,,,,,,,,,,12.57625,,0.8181818181818182,0.4,3.7547111597522296,,0,0,,0,0,0,0,0,,,,True,False,False,False,False
2025-04-10,10.65,11.55,10.65,11.21,44136.0,5.854579792256853,5.141900001718393,,,,,,,,,,,,,,,,,,,,12.570833333333333,,0.8181818181818182,0.4,3.8745957741731942,,0,0,,0,0,0,0,0,,,,True,False,False,False,False
2025-04-11,11.11,11.45,11.03,11.18,17831.0,-0.2676181980374781,2.0773341247652866,,,,,,,,,,,,,,,,,,,,12.566833333333333,,1.0,0.4,3.8355187294446083,,0,0,,0,0,0,0,0,,,,True,False,False,False,False
2025-04-14,11.34,11.73,11.34,11.5,20938.0,2.8622540250447193,2.4393035670649748,,,,,,,,,,,,,,,,,,,,12.565083333333332,,1.0,0.4,3.7977963412472655,,0,0,,0,0,0,0,0,,,,True,False,False,False,False
2025-04-15,11.51,11.74,11.41,11.71,18810.0,1.8260869565217552,2.1913888669639974,,,,,,,,,,,,,,,,,,,,12.567,,1.0,0.4,3.7600346107908846,,0,0,,0,0,0,0,0,,,,True,False,False,False,False
2025-04-16,11.63,11.75,11.05,11.44,26654.17,-2.3057216054654273,3.105244624995522,,,,,,,,,,,,,,,,,,,,12.562666666666667,,0.8181818181818182,0.35,3.781966965817842,,0,0,,0,0,0,0,0,,,,False,False,False,False,False
2025-04-17,11.49,11.87,11.39,11.74,21833.0,2.622377622377625,2.543572202680753,,,,,,,,,,,,,,,,,,,,12.561416666666668,,1.0,0.4,3.7654793277315393,,0,0,,0,0,0,0,0,,,,True,False,False,False,False
2025-04-18,11.62,11.78,11.39,11.52,19588.0,-1.873935264054516,2.2820268541249753,,,,,,,,,,,,,,,,,,,,12.556333333333333,,0.8181818181818182,0.35,3.7448990251600507,,0,0,,0,0,0,0,0,,,,False,False,False,False,False
2025-04-21,11.45,11.72,11.29,11.38,25800.0,-1.215277777777768,3.005732736186663,,,,,,,,,,,,,,,,,,,,12.550999999999998,,0.8181818181818182,0.35,3.6575598112507173,,0,0,,0,0,0,0,0,,,,False,False,False,False,False
2025-04-22,11.37,11.49,11.15,11.15,22025.0,-2.0210896309314608,2.5659404462988857,,,,,,,,,,,,,,,,,,,,12.542833333333334,,0.8181818181818182,0.35,3.3953528946446467,,0,0,,0,0,0,0,0,,,,False,False,False,False,False
2025-04-23,11.11,11.94,11.11,11.9,40483.0,6.726457399103136,4.716320866629639,,,,,,,,,,,,,,,,,,,,12.538499999999999,,1.0,0.4,3.4093778964176793,,0,0,,0,0,0,0,0,,,,True,False,True,True,False
2025-04-24,11.85,12.05,11.61,11.96,33313.0,0.5042016806722671,3.881006769014973,,,,,,,,,,,,,,,,,,,,12.53325,,1.0,0.4,3.399561010053211,,0,0,,0,0,0,0,0,,,,True,False,True,True,False
2025-04-25,11.9,12.28,11.84,12.13,24122.0,1.421404682274252,2.8102436070656855,,,,,,,,,,,,,,,,,,,,12.5335,,1.2222222222222223,0.45,3.389484952370452,,0,0,,0,0,0,0,0,,,,True,False,True,True,False
2025-04-28,12.13,12.13,11.62,11.9,22575.0,-1.8961253091508645,2.63001614416333,,,,,,,,,,,,,,,,,,,,12.534249999999998,,1.2222222222222223,0.45,3.3962908908531646,,0,0,,0,0,0,0,0,,,,False,False,False,False,False
2025-04-29,11.9,12.68,11.9,12.41,29584.0,4.285714285714293,3.4465735374940403,,,,,,,,,,,,,,,,,,,,12.536833333333334,,1.5,0.5,3.3883764354048522,,0,0,,0,0,0,0,0,,,,True,False,True,True,False
2025-04-30,12.41,13.05,12.41,12.89,30505.07,3.8678485092667136,3.553879361188592,,,,,,,,,,,,,,,,,,,,12.549583333333334,,1.5,0.5,3.392908742517342,,0,0,,0,0,0,0,0,,,,True,False,True,True,False
2025-05-06,13.1,13.67,12.92,13.66,38311.78,5.973622963537628,4.463370981689204,,,,,,,,,,,,,,,,,,,,12.56475,,1.8571428571428572,0.55,3.485560920115371,,0,0,,0,0,0,0,0,,,,True,False,True,True,True
2025-05-07,13.66,14.16,13.34,13.77,41040.0,0.8052708638360162,4.781212073375994,,,,,,,,,,,,,,,,,,,,12.578749999999998,,2.3333333333333335,0.6,3.5712301281601335,,0,0,,0,0,0,0,0,,,,True,False,True,True,True
2025-05-08,13.66,14.28,13.66,14.03,32518.0,1.8881626724764011,3.78838826028364,,,,,,,,,,,,,,,,,,,,12.593583333333331,,3.0,0.65,3.4490144720788685,,0,0,,0,0,0,0,0,,,,True,False,False,False,True
2025-05-09,14.0,14.34,13.66,13.93,39953.87,-0.7127583749109045,4.654676550245978,,,,,,,,,,,,,,,,,,,,12.604333333333333,,2.3333333333333335,0.65,3.422777512575584,,0,0,,0,0,0,0,0,,,,False,False,False,False,False
2025-05-12,13.87,14.43,13.8,14.04,27973.0,0.7896625987078298,3.258889993385641,,,,,,,,,,,,,,,,,,,,12.615833333333333,,2.3333333333333335,0.65,3.3668510784668086,,0,0,,0,0,0,0,0,,,,True,False,False,False,True
2025-05-13,14.17,14.27,13.8,13.94,30011.0,-0.712250712250706,3.496319579290618,,,,,,,,,,,,,,,,,,,,12.621999999999998,,1.8571428571428572,0.6,3.2845720573454193,,0,0,,0,0,0,0,0,,,,False,False,False,False,False
2025-05-14,13.94,14.22,13.73,13.84,26474.0,-0.717360114777621,3.0842545913878183,,,,,,,,,,,,,,,,,,,,12.605333333333332,,1.5,0.6,3.334918080676546,,0,0,,0,0,0,0,0,,,,False,False,False,False,False
2025-05-15,13.85,14.15,13.65,14.01,41219.11,1.2283236994219626,4.802078615638723,,,,,,,,,,,,,,,,,,,,12.599666666666666,,1.5,0.6,3.453056833105234,,0,0,,0,0,0,0,0,,,,True,False,False,False,False
2025-05-16,14.01,14.39,13.75,14.23,43315.0,1.570306923625986,5.046252459997104,,,,,,,,,,,,,,,,,,,,12.606583333333333,,1.5,0.6,3.5958000127568885,,0,0,,0,0,0,0,0,,,,True,False,False,False,True
2025-05-19,14.23,14.33,13.8,13.94,26185.0,-2.037947997189049,3.050585724691774,,,,,,,,,,,,,,,,,,,,12.609916666666667,,1.5,0.6,3.593067067741701,,0,0,,0,0,0,0,0,,,,False,False,False,False,False
2025-05-20,14.01,14.21,13.85,14.2,18248.0,1.865136298421799,2.12591515387342,,,,,,,,,,,,,,,,,,,,12.621333333333332,,1.5,0.6,3.572184215301335,,0,0,,0,0,0,0,0,,,,True,False,False,False,False
2025-05-21,14.19,14.2,13.78,14.05,23881.5,-1.0563380281690016,2.7822250519085965,,,,,,,,,,,,,,,,,,,,12.6295,,1.5,0.6,3.5971941251905157,,0,0,,0,0,0,0,0,,,,False,False,False,False,False
2025-05-22,14.0,14.28,13.7,13.78,24389.11,-1.9217081850533946,2.841362260986725,,,,,,,,,,,,,,,,,,,,12.633083333333333,,1.5,0.6,3.588975601430519,,0,0,,0,0,0,0,0,,,,False,False,False,False,False
2025-05-23,13.74,14.11,13.47,13.73,25865.11,-0.36284470246733536,3.013318133801125,,,,,,,,,,,,,,,,,,,,12.636666666666665,,1.5,0.6,3.6113444858056303,,0,0,,0,0,0,0,0,,,,False,False,False,False,False
2025-05-26,13.8,13.99,13.65,13.87,14099.11,1.0196649672250535,1.642564204577393,,,,,,,,,,,,,,,,,,,,12.646333333333335,,1.5,0.6,3.457656652703019,,0,0,,0,0,0,0,0,,,,True,False,False,False,False
2025-05-27,13.97,14.08,13.64,13.97,18140.11,0.7209805335256059,2.1133458319777922,,,,,,,,,,,,,,,,,,,,12.653083333333335,,1.375,0.6,3.36927360585116,,0,0,,0,0,0,0,0,,,,False,False,False,False,False
2025-05-28,14.07,14.38,13.74,13.84,18305.0,-0.9305654974946398,2.132555726197553,,,,,,,,,,,,,,,,,,,,12.66075,,1.1111111111111112,0.55,3.3353892118077533,,0,0,,0,0,0,0,0,,,,False,False,False,False,False
2025-05-29,13.77,14.19,13.77,14.04,19132.0,1.4450867052023142,2.2289022755319086,,,,,,,,,,,,,,,,,,,,12.669749999999999,,1.375,0.6,3.315333518376182,,0,0,,0,0,0,0,0,,,,True,False,False,False,False
2025-05-30,14.12,14.18,13.67,13.75,24442.0,-2.065527065527062,2.8475240130959074,,,,,,,,,,,,,,,,,,,,12.675833333333333,,1.1111111111111112,0.55,3.2853810421562755,,0,0,,0,0,0,0,0,,,,False,False,False,False,False
2025-06-03,13.68,13.97,13.53,13.8,19719.0,0.363636363636366,2.297288520343597,,,,,,,,,,,,,,,,,,,,12.680833333333334,,1.1111111111111112,0.55,3.222551500114025,,0,0,,0,0,0,0,0,,,,True,False,False,False,False
2025-06-04,13.85,14.07,13.84,13.94,14745.0,1.0144927536231751,1.7178112091113313,,,,,,,,,,,,,,,,,,,,12.68175,,1.1111111111111112,0.55,3.085273511485132,,0,0,,0,0,0,0,0,,,,True,False,False,False,False
2025-06-05,14.1,14.23,13.8,13.94,18922.0,0.0,2.2044370090745753,,,,,,,,,,,,,,,,,,,,12.683583333333333,,0.9,0.5,2.9564347582700607,,0,0,,0,0,0,0,0,,,,False,False,False,False,False
2025-06-06,14.0,14.33,13.86,14.3,29973.79,2.582496413199431,3.491984567076916,,,,,,,,,,,,,,,,,,,,12.689333333333334,,0.9,0.5,2.9416145736097246,,0,0,,0,0,0,0,0,,,,True,False,True,False,True
2025-06-09,14.15,14.45,14.06,14.13,32500.0,-1.1888111888111896,3.78629123744444,,,,,,,,,,,,,,,,,,,,12.68875,,0.9,0.5,2.8981953079696483,,0,0,,0,0,0,0,0,,,,False,False,False,False,False
2025-06-10,14.17,14.28,13.73,13.9,29450.0,-1.6277423920736056,3.4309623674688843,,,,,,,,,,,,,,,,,,,,12.687666666666667,,0.7272727272727273,0.45,2.90679892667381,,0,0,,0,0,0,0,0,,,,False,False,False,False,False
2025-06-11,14.0,14.25,13.83,13.87,25564.0,-0.21582733812950394,2.978238436739374,,,,,,,,,,,,,,,,,,,,12.685333333333334,,0.7272727272727273,0.45,2.880894869546248,,0,0,,0,0,0,0,0,,,,False,False,False,False,False
2025-06-12,13.82,13.97,13.61,13.79,33379.0,-0.5767844268204758,3.8886958527587066,,,,,,,,,,,,,,,,,,,,12.684166666666668,,0.7272727272727273,0.45,2.9211169326147925,,0,0,,0,0,0,0,0,,,,False,False,False,False,False
2025-06-13,13.92,13.97,13.44,13.52,27756.0,-1.9579405366207392,3.233609218046396,,,,,,,,,,,,,,,,,,,,12.678666666666667,,0.5833333333333334,0.4,2.842693462735176,,0,0,,0,0,0,0,0,,,,False,False,False,False,False
2025-06-16,13.6,13.96,13.52,13.76,25898.11,1.775147928994092,3.0171626756729917,,,,,,,,,,,,,,,,,,,,12.675416666666667,,0.5833333333333334,0.4,2.7412389735189704,,0,0,,0,0,0,0,0,,,,True,False,False,False,False
2025-06-17,13.76,13.86,13.41,13.58,18138.0,-1.3081395348837233,2.1131000143005307,,,,,,,,,,,,,,,,,,,,12.673416666666666,,0.5833333333333334,0.4,2.694364687999408,,0,0,,0,0,0,0,0,,,,False,False,False,False,False
2025-06-18,13.53,13.73,13.35,13.59,17888.0,0.07363770250368162,2.08397469708942,,,,,,,,,,,,,,,,,,,,12.671166666666668,,0.5833333333333334,0.4,2.692267665160208,,0,0,,0,0,0,0,0,,,,True,False,False,False,False
2025-06-19,13.61,13.77,13.29,13.38,23799.0,-1.5452538631346546,2.77261369722893,,,,,,,,,,,,,,,,,,,,12.672166666666667,,0.5833333333333334,0.4,2.6917870974262246,,0,0,,0,0,0,0,0,,,,False,False,False,False,False
2025-06-20,13.31,13.62,13.17,13.25,19497.0,-0.9715994020926821,2.2714252386601306,,,,,,,,,,,,,,,,,,,,12.673166666666667,,0.5833333333333334,0.4,2.663290246309895,,0,0,,0,0,0,0,0,,,,False,False,False,False,False
2025-06-23,13.03,13.66,13.02,13.61,24869.0,2.7169811320754578,2.8972700548924855,,,,,,,,,,,,,,,,,,,,12.679083333333331,,0.7272727272727273,0.45,2.6574878423644632,,0,0,,0,0,0,0,0,,,,True,False,False,False,False
2025-06-24,13.68,14.16,13.61,14.16,34003.0,4.041146216017633,3.9613926445176397,,,,,,,,,,,,,,,,,,,,12.684416666666666,,0.7272727272727273,0.45,2.7734292643614755,,0,0,,0,0,0,0,0,,,,True,False,True,False,False
2025-06-25,14.19,14.6,14.15,14.28,34105.0,0.8474576271186418,3.9732757739397733,,,,,,,,,,,,,,,,,,,,12.700666666666667,,0.8181818181818182,0.45,2.8664257614595745,,0,0,,0,0,0,0,0,,,,True,False,True,True,False
2025-06-26,14.28,14.6,14.19,14.36,21863.74,0.5602240896358524,2.5471534516850305,,,,,,,,,,,,,,,,,,,,12.720166666666668,,1.0,0.5,2.8871556477339486,,0,0,,0,0,0,0,0,,,,True,False,False,False,True
2025-06-27,14.35,14.58,14.27,14.38,20672.0,0.1392757660167332,2.408314229552353,,,,,,,,,,,,,,,,,,,,12.743166666666667,,1.0,0.5,2.8961262454349708,,0,0,,0,0,0,0,0,,,,True,False,False,False,True
2025-06-30,14.47,14.8,14.31,14.69,25950.0,2.1557719054241975,3.0232079265133294,,,,,,,,,,,,,,,,,,,,12.765166666666666,,1.2222222222222223,0.55,2.9049104411058417,,0,0,,0,0,0,0,0,,,,True,False,True,True,True
2025-07-01,14.68,15.05,14.54,14.96,34983.93,1.83798502382575,4.0756722341652205,,,,,,,,,,,,,,,,,,,,12.788333333333334,,1.2222222222222223,0.55,2.9938296267969227,,0,0,,0,0,0,0,0,,,,True,False,True,True,True
2025-07-02,14.93,15.37,14.75,14.91,46783.0,-0.33422459893048817,5.450278860349638,,,,,,,,,,,,,,,,,,,,12.814166666666665,,1.0,0.5,3.180453009358838,,0,0,,0,0,0,0,0,,,,False,False,False,False,False
2025-07-03,14.89,15.0,14.62,14.94,28623.3,0.2012072434607548,3.334650768515183,,,,,,,,,,,,,,,,,,,,12.842833333333333,,1.2222222222222223,0.55,3.236963697330869,,0,0,,0,0,0,0,0,,,,True,False,False,False,False
2025-07-04,14.95,15.3,14.91,15.2,49556.1,1.7402945113788482,5.773348528982166,,,,,,,,,,,,,,,,,,,,12.875,,1.2222222222222223,0.55,3.3510318954261313,,0,0,,0,0,0,0,0,,,,True,False,False,False,True
2025-07-07,15.18,15.35,14.94,15.16,34171.0,-0.2631578947368318,3.980964857683506,,,,,,,,,,,,,,,,,,,,12.913583333333333,,1.2222222222222223,0.55,3.3607655764380846,,0,0,,0,0,0,0,0,,,,False,False,False,False,False
2025-07-08,15.23,15.33,14.88,15.21,31759.0,0.32981530343008103,3.6999637972307062,,,,,,,,,,,,,,,,,,,,12.953666666666667,,1.2222222222222223,0.6,3.374215647926176,,0,0,,0,0,0,0,0,,,,False,False,False,False,True
2025-07-09,15.24,15.5,15.03,15.14,26498.0,-0.4602235371466201,3.0870506218400853,,,,,,,,,,,,,,,,,,,,12.989166666666668,,1.2222222222222223,0.6,3.379656257181211,,0,0,,0,0,0,0,0,,,,False,False,False,False,False
2025-07-10,15.14,15.24,14.88,15.13,22874.0,-0.06605019815059121,2.664850023547819,,,,,,,,,,,,,,,,,,,,13.02575,,1.2222222222222223,0.6,3.3184639657206665,,0,0,,0,0,0,0,0,,,,False,False,False,False,False
2025-07-11,15.17,15.18,14.78,15.03,21504.0,-0.6609385327164707,2.50524328523093,,,,,,,,,,,,,,,,,,,,13.060833333333333,,1.2222222222222223,0.6,3.2820456690798934,,0,0,,0,0,0,0,0,,,,False,False,False,False,False
2025-07-14,15.04,15.25,14.81,15.24,26961.0,1.39720558882237,3.1409907093150626,,,,,,,,,,,,,,,,,,,,13.102083333333333,,1.2222222222222223,0.6,3.288237070761997,,0,0,,0,0,0,0,0,,,,True,False,False,False,True
2025-07-15,15.15,15.34,14.68,14.92,22912.0,-2.099737532808399,2.669277071763908,,,,,,,,,,,,,,,,,,,,13.139,,1.2222222222222223,0.6,3.3160459236351656,,0,0,,0,0,0,0,0,,,,False,False,False,False,False
2025-07-16,15.05,15.18,14.88,15.02,18925.0,0.6702412868632601,2.204786512881108,,,,,,,,,,,,,,,,,,,,13.167166666666667,,1.0,0.6,3.3220865144247504,,0,0,,0,0,0,0,0,,,,False,False,False,False,False
2025-07-17,15.13,15.25,14.82,15.16,23111.5,0.9320905459387463,2.6925190748983745,,,,,,,,,,,,,,,,,,,,13.196166666666667,,1.2222222222222223,0.65,3.318081783308222,,0,0,,0,0,0,0,0,,,,True,False,False,False,False
2025-07-18,15.31,15.37,15.0,15.18,21351.0,0.13192612137202797,2.4874185910977302,,,,,,,,,,,,,,,,,,,,13.225166666666667,,1.2222222222222223,0.7,3.3288814509301026,,0,0,,0,0,0,0,0,,,,False,False,False,False,False
2025-07-21,15.23,15.88,15.12,15.63,38339.0,2.964426877470361,4.46654214622715,,,,,,,,,,,,,,,,,,,,13.259166666666665,,1.2222222222222223,0.7,3.407345055496836,,0,0,,0,0,0,0,0,,,,True,False,True,True,True
2025-07-22,15.7,16.38,15.48,15.72,61219.0,0.5758157389635254,7.132091177388037,,,,,,,,,,,,,,,,,,,,13.292166666666667,,1.2222222222222223,0.7,3.5658799821403555,,0,0,,0,0,0,0,0,,,,True,False,False,False,True
2025-07-23,15.68,17.17,15.4,16.33,104955.0,3.880407124681917,12.227390671568651,,,,,,,,,,,,,,,,,,,,13.333166666666667,,1.2222222222222223,0.7,3.978585727021799,,0,0,,0,0,0,0,0,,,,True,False,False,False,True
2025-07-24,16.27,16.9,15.91,16.05,68248.73,-1.7146356399264984,7.951063642021891,,,,,,,,,,,,,,,,,,,,13.371416666666669,,1.0,0.65,4.248781236538642,,0,0,,0,0,0,0,0,,,,False,False,False,False,False
2025-07-25,16.26,16.29,15.87,16.05,44067.0,0.0,5.133861414168127,,,,,,,,,,,,,,,,,,,,13.409333333333334,,0.8181818181818182,0.6,4.385058595769431,,0,0,,0,0,0,0,0,,,,False,False,False,False,False
2025-07-28,16.02,16.28,16.01,16.19,33436.63,0.8722741433021763,3.895409820882212,,,,,,,,,,,,,,,,,,,,13.446416666666668,,0.8181818181818182,0.6,4.428668690487876,,0,0,,0,0,0,0,0,,,,True,False,False,False,False
2025-07-29,16.24,16.25,15.61,15.84,33068.0,-2.1618282890673357,3.852463958148084,,,,,,,,,,,,,,,,,,,,13.479583333333332,,0.6666666666666666,0.55,4.417508276687018,,0,0,,0,0,0,0,0,,,,False,False,False,False,False
2025-07-30,15.8,15.98,15.43,15.68,30615.0,-1.0101010101010055,3.5666863456726623,,,,,,,,,,,,,,,,,,,,13.50625,,0.6666666666666666,0.55,4.32332865095317,,0,0,,0,0,0,0,0,,,,False,False,False,False,False
2025-07-31,15.5,15.76,15.28,15.4,28285.0,-1.7857142857142794,3.295238389265107,,,,,,,,,,,,,,,,,,,,13.5275,,0.5384615384615384,0.5,4.321358031990666,,0,0,,0,0,0,0,0,,,,False,False,False,False,False
2025-08-01,15.38,15.83,15.27,15.68,28383.0,1.8181818181818077,3.306655513611863,,,,,,,,,,,,,,,,,,,,13.553249999999998,,0.5384615384615384,0.5,4.198023381222151,,0,0,,0,0,0,0,0,,,,True,False,False,False,False
2025-08-04,15.67,15.85,15.43,15.81,25474.0,0.8290816326530726,2.967753322543374,,,,,,,,,,,,,,,,,,,,13.57675,,0.6666666666666666,0.55,4.1473628044651445,,0,0,,0,0,0,0,0,,,,True,False,False,False,False
2025-08-05,15.85,16.15,15.85,16.02,31301.71,1.3282732447817747,3.646688932000831,,,,,,,,,,,,,,,,,,,,13.602833333333333,,0.8181818181818182,0.55,4.14469906120365,,0,0,,0,0,0,0,0,,,,True,False,False,False,False
2025-08-06,16.02,16.3,15.89,16.3,30711.0,1.7478152309613026,3.5778704674817288,,,,,,,,,,,,,,,,,,,,13.630833333333333,,1.0,0.6,4.169240053485732,,0,0,,0,0,0,0,0,,,,True,False,True,False,False
2025-08-07,16.47,16.47,16.16,16.17,24245.0,-0.797546012269934,2.8245732631335523,,,,,,,,,,,,,,,,,,,,13.657583333333331,,1.0,0.6,4.177226215465019,,0,0,,0,0,0,0,0,,,,False,False,False,False,False
2025-08-08,16.09,16.36,15.86,16.29,25122.0,0.7421150278293043,2.9267448759101296,,,,,,,,,,,,,,,,,,,,13.682749999999999,,1.2222222222222223,0.65,4.198301294998979,,0,0,,0,0,0,0,0,,,,True,False,False,False,False
2025-08-11,16.46,17.5,16.27,17.05,89603.34,4.665438919582576,10.438902802700149,,,,,,,,,,,,,,,,,,,,13.715166666666669,12.630600000000001,1.2222222222222223,0.65,4.563196899668233,,0,0,,0,0,0,0,0,,,,True,False,True,True,True
2025-08-12,17.62,17.89,16.69,16.77,62620.53,-1.6422287390029378,7.29537120071159,,,,,,,,,,,,,,,,,,,,13.74575,12.65692,1.2222222222222223,0.65,4.7945016061156185,,0,0,,0,0,0,0,0,,,,False,False,False,False,False
2025-08-13,16.74,17.05,16.33,16.42,50408.0,-2.0870602265950944,5.872595959910749,,,,,,,,,,,,,,,,,,,,13.770833333333334,12.68216,1.2222222222222223,0.6,4.977892078467099,,0,0,,0,0,0,0,0,,,,False,False,False,False,False
2025-08-14,16.53,16.53,15.7,15.7,38244.0,-4.3848964677222995,4.4554745256869275,,,,,,,,,,,,,,,,,,,,13.788916666666665,12.70576,1.0,0.55,5.066039851006527,,0,0,,0,0,0,0,0,,,,False,False,False,False,False
2025-08-15,15.7,16.4,15.67,16.19,54161.0,3.121019108280265,6.309825221883949,,,,,,,,,,,,,,,,,,,,13.811416666666668,12.7328,1.2222222222222223,0.55,5.257160182545838,,0,0,,0,0,0,0,0,,,,True,False,False,False,False
2025-08-18,16.24,16.45,15.93,15.98,44523.99,-1.2970969734404036,5.1871013290173495,,,,,,,,,,,,,,,,,,,,13.829916666666666,12.7578,1.0,0.5,5.293188141685348,,0,0,,0,0,0,0,0,,,,False,False,False,False,False
2025-08-19,16.0,16.4,15.75,16.18,57447.21,1.251564455569465,6.69267285657325,,,,,,,,,,,,,,,,,,,,13.852083333333333,12.783199999999999,1.0,0.5,5.271217225644609,,0,0,,0,0,0,0,0,,,,True,False,False,False,False
2025-08-20,16.2,16.2,15.86,16.07,33356.0,-0.6798516687268163,3.884884838542772,,,,,,,,,,,,,,,,,,,,13.872666666666667,12.80896,0.8181818181818182,0.45,4.854091933993315,,0,0,,0,0,0,0,0,,,,False,False,False,False,False
2025-08-21,16.08,16.27,15.87,16.06,26311.0,-0.062227753578103506,3.0643723763910202,,,,,,,,,,,,,,,,,,,,13.894833333333333,12.83444,0.8181818181818182,0.45,4.609757370711771,,0,0,,0,0,0,0,0,,,,False,False,False,False,False
2025-08-22,15.99,16.1,15.73,15.84,28036.93,-1.3698630136986245,3.2653868652202003,,,,,,,,,,,,,,,,,,,,13.919,12.85952,0.8181818181818182,0.45,4.5163336432643755,,0,0,,0,0,0,0,0,,,,False,False,False,False,False
2025-08-25,15.95,16.2,15.47,15.6,52835.79,-1.5151515151515138,6.153644306974152,,,,,,,,,,,,,,,,,,,,13.9395,12.88224,0.6666666666666666,0.4,4.629245367568972,,0,0,,0,0,0,0,0,,,,False,False,False,False,False
2025-08-26,15.77,16.38,15.44,16.3,62649.34,4.487179487179493,7.296602443659649,,,,,,,,,,,,,,,,,,,,13.965166666666667,12.90776,0.8181818181818182,0.45,4.80145229184455,,0,0,,0,0,0,0,0,,,,True,False,False,False,False
2025-08-27,16.25,16.38,15.21,15.21,65803.43,-6.687116564417172,7.6639509392945975,,,,,,,,,,,,,,,,,,,,13.981916666666667,12.92908,0.8181818181818182,0.45,5.006315521525647,,0,0,,0,0,0,0,0,,,,False,False,False,False,False
2025-08-28,15.21,15.71,14.21,14.89,66396.0,-2.103879026955957,7.73296599531976,,,,,,,,,,,,,,,,,,,,13.992916666666668,12.949399999999999,0.8181818181818182,0.45,5.228201901828379,,0,0,,0,0,0,0,0,,,,False,False,False,False,False
2025-08-29,14.95,14.95,14.52,14.52,40047.0,-2.484889187374084,4.664167859729056,,,,,,,,,,,,,,,,,,,,14.002166666666666,12.96852,0.6666666666666666,0.4,5.296077519134239,,0,0,,0,0,0,0,0,,,,False,False,False,False,False
2025-09-01,14.61,15.58,14.53,15.04,59071.0,3.581267217630857,6.879842675907185,,,,,,,,,,,,,,,,,,,,14.015916666666667,12.990680000000001,0.6666666666666666,0.4,5.49168198680243,,0,0,,0,0,0,0,0,,,,True,False,False,False,False
2025-09-02,15.08,15.37,14.53,15.11,44645.0,0.465425531914887,5.199684722890696,,,,,,,,,,,,,,,,,,,,14.030916666666666,13.01308,0.6666666666666666,0.4,5.569331776346923,,0,0,,0,0,0,0,0,,,,True,False,False,False,False
2025-09-03,15.1,15.29,14.76,15.15,42236.0,0.2647253474520328,4.919114883100267,,,,,,,,,,,,,,,,,,,,14.045250000000001,13.036679999999999,0.6666666666666666,0.4,5.6363939971278505,,0,0,,0,0,0,0,0,,,,True,False,False,False,False
2025-09-04,15.21,15.7,14.96,15.29,63380.84,0.9240924092409175,7.381798308253545,,,,,,,,,,,,,,,,,,,,14.062666666666667,13.06156,0.8181818181818182,0.45,5.86425524938385,,0,0,,0,0,0,0,0,,,,True,False,False,False,False
2025-09-05,15.28,16.11,15.03,15.92,74291.48,4.120340091563124,8.65253160705431,,,,,,,,,,,,,,,,,,,,14.083750000000002,13.08808,0.8181818181818182,0.45,6.150544585941058,,0,0,,0,0,0,0,0,,,,True,False,True,False,False
2025-09-08,15.89,15.96,15.41,15.89,59151.0,-0.18844221105527303,6.889160063695993,,,,,,,,,,,,,,,,,,,,14.102666666666666,13.11508,0.7272727272727273,0.4,5.9730574489908514,,0,0,,0,0,0,0,0,,,,False,False,False,False,False
2025-09-09,15.81,16.13,15.73,15.87,44740.52,-0.12586532410321372,5.210809683910531,,,,,,,,,,,,,,,,,,,,14.121166666666669,13.14136,0.9,0.4,5.868829373150797,,0,0,,0,0,0,0,0,,,,True,False,False,False,False
2025-09-10,15.91,16.35,15.75,16.16,45094.59,1.8273471959672438,5.2520472775903135,,,,,,,,,,,,,,,,,,,,14.143083333333331,13.168239999999999,1.1111111111111112,0.45,5.837801939034777,,0,0,,0,0,0,0,0,,,,True,False,True,False,False
2025-09-11,16.07,16.15,15.71,15.95,41981.44,-1.2995049504950562,4.889466955156286,,,,,,,,,,,,,,,,,,,,14.162666666666667,13.193800000000001,1.1111111111111112,0.45,5.859501560508244,,0,0,,0,0,0,0,0,,,,False,False,False,False,False
2025-09-12,16.01,16.01,15.64,15.67,37932.02,-1.7554858934169193,4.417841749409438,,,,,,,,,,,,,,,,,,,,14.183916666666669,13.21796,0.9,0.4,5.764902386884518,,0,0,,0,0,0,0,0,,,,False,False,False,False,False
2025-09-15,15.71,16.29,15.58,16.08,45821.5,2.616464582003819,5.336708557059828,,,,,,,,,,,,,,,,,,,,14.218250000000001,13.2438,1.1111111111111112,0.45,5.772382748286643,,0,0,,0,0,0,0,0,,,,True,False,False,False,False
2025-09-16,16.1,16.66,15.93,16.6,57195.44,3.2338308457711573,6.661401177892517,,,,,,,,,,,,,,,,,,,,14.257416666666666,13.27232,1.1111111111111112,0.45,5.770819164352606,,0,0,,0,0,0,0,0,,,,True,False,True,True,False
2025-09-17,16.76,19.89,16.41,18.06,220437.29,8.79518072289156,25.67374642554432,,,,,,,,,,,,,,,,,,,,14.306166666666666,13.305800000000001,1.375,0.5,6.8602622437026834,,0,0,,0,0,0,0,0,,,,True,False,True,True,True
2025-09-18,17.87,21.38,17.34,20.49,272006.17,13.455149501661134,31.67983708547451,,,,,,,,,,,,,,,,,,,,14.376833333333334,13.35004,1.7142857142857142,0.55,8.291035479156857,,0,0,,0,0,0,0,0,,,,True,False,True,True,True
2025-09-19,19.48,20.53,18.88,19.0,188521.38,-7.271839921913125,21.95658504926132,,,,,,,,,,,,,,,,,,,,14.437083333333334,13.388039999999998,1.7142857142857142,0.55,9.225595388358915,,0,0,,0,0,0,0,0,,,,False,False,False,False,False
2025-09-22,19.0,19.39,18.25,18.78,136948.43,-1.1578947368421022,15.950020367227369,,,,,,,,,,,,,,,,,,,,14.49675,13.42444,1.7142857142857142,0.55,9.715414191371575,,0,0,,0,0,0,0,0,,,,False,False,False,False,False
2025-09-23,18.69,18.69,17.66,18.0,111245.94,-4.1533546325878685,12.95651953637843,,,,,,,,,,,,,,,,,,,,14.54775,13.45808,1.375,0.5,9.998410046007512,,0,0,,0,0,0,0,0,,,,False,False,False,False,False
2025-09-24,17.91,18.6,17.33,17.75,120272.61,-1.388888888888884,14.007831846773227,,,,,,,,,,,,,,,,,,,,14.597583333333334,13.49132,1.375,0.5,10.315604091381445,,0,0,,0,0,0,0,0,,,,False,False,False,False,False
2025-09-25,17.99,17.99,17.27,17.45,86922.52,-1.6901408450704314,10.123635330253354,,,,,,,,,,,,,,,,,,,,14.645583333333333,13.52068,1.375,0.5,10.435137558128124,,0,0,,0,0,0,0,0,,,,False,False,False,False,False
2025-09-26,17.35,17.6,16.92,17.13,70424.3,-1.833810888252152,8.205846745768284,,,,,,,,,,,,,,,,,,,,14.701333333333334,13.54732,1.375,0.5,10.612221502430085,,0,0,,0,0,0,0,0,,,,False,False,False,False,False
2025-09-29,17.17,18.09,16.92,17.65,83266.09,3.0356100408639897,9.70217344949611,,,,,,,,,,,,,,,,,,,,14.763666666666667,13.576360000000001,1.375,0.5,10.753338041109533,,0,0,,0,0,0,0,0,,,,True,False,False,False,False
2025-09-30,17.72,17.8,17.29,17.48,49041.0,-0.9631728045325638,5.714262410264956,,,,,,,,,,,,,,,,,,,,14.821083333333336,13.60608,1.1111111111111112,0.45,10.779066925478244,,0,0,,0,0,0,0,0,,,,False,False,False,False,False
2025-10-09,17.59,17.59,17.0,17.21,58900.0,-1.5446224256292829,6.863034113590789,,,,,,,,,,,,,,,,,,,,14.871083333333333,13.63552,0.9,0.4,10.87626288700277,,0,0,,0,0,0,0,0,,,,False,False,False,False,False
2025-10-10,17.15,17.76,17.03,17.15,59553.87,-0.34863451481698116,6.939223113859951,,,,,,,,,,,,,,,,,,,,14.920833333333333,13.66352,0.8,0.35,10.854134127283093,,0,0,,0,0,0,0,0,,,,False,False,False,False,False
2025-10-13,15.89,17.34,15.48,17.08,75334.19,-0.40816326530612734,8.777947638195757,,,,,,,,,,,,,,,,,,,,14.967333333333332,13.6912,0.8,0.3,10.860404928840165,,0,0,,0,0,0,0,0,,,,True,False,False,False,False
2025-10-14,17.2,17.54,16.66,16.9,54032.0,-1.0538641686182681,6.295814248311333,,,,,,,,,,,,,,,,,,,,15.010583333333333,13.717199999999998,0.7272727272727273,0.3,10.830737638070932,,0,0,,0,0,0,0,0,,,,False,False,False,False,False
2025-10-15,17.05,17.36,16.74,17.34,42598.68,2.6035502958579926,4.96360261517721,,,,,,,,,,,,,,,,,,,,15.05975,13.74276,0.7272727272727273,0.35,10.818377284634265,,0,0,,0,0,0,0,0,,,,True,False,False,False,False
2025-10-16,17.3,17.47,16.84,16.97,38793.68,-2.1337946943483344,4.520243620233018,,,,,,,,,,,,,,,,,,,,15.103333333333332,13.76008,0.5833333333333334,0.3,10.781787101766401,,0,0,,0,0,0,0,0,,,,False,False,False,False,False
2025-10-17,17.49,17.51,16.7,16.88,68495.0,-0.5303476723629963,7.981044509514451,,,,,,,,,,,,,,,,,,,,15.148,13.7704,0.5833333333333334,0.3,10.936365979484309,,0,0,,0,0,0,0,0,,,,False,False,False,False,False
2025-10-20,17.04,17.48,16.8,17.18,62897.0,1.7772511848341166,7.328764968463836,,,,,,,,,,,,,,,,,,,,15.196333333333333,13.792440000000001,0.7272727272727273,0.35,11.08191214043703,,0,0,,0,0,0,0,0,,,,True,False,False,False,False
2025-10-21,17.18,17.56,16.98,17.54,45659.22,2.0954598370197974,5.320217053649352,,,,,,,,,,,,,,,,,,,,15.249583333333334,13.81408,0.7272727272727273,0.35,11.081087565266504,,0,0,,0,0,0,0,0,,,,True,False,False,False,False
2025-10-22,17.54,17.75,17.3,17.37,41699.22,-0.9692132269099152,4.858797442616763,,,,,,,,,,,,,,,,,,,,15.295166666666667,13.837200000000001,0.5833333333333334,0.3,10.990957378502717,,0,0,,0,0,0,0,0,,,,False,False,False,False,False
2025-10-23,17.35,17.37,17.0,17.29,32274.0,-0.4605641911341496,3.7605698299156054,,,,,,,,,,,,,,,,,,,,15.339583333333334,13.85892,0.46153846153846156,0.25,9.895298548721282,,0,0,,0,0,0,0,0,,,,False,False,False,False,False
2025-10-24,17.35,17.65,17.2,17.42,36608.0,0.7518796992481258,4.26556795976794,,,,,,,,,,,,,,,,,,,,15.383666666666667,13.881960000000001,0.46153846153846156,0.25,8.524585092435952,,0,0,,0,0,0,0,0,,,,True,False,False,False,False
2025-10-27,17.42,17.64,16.88,17.15,51500.0,-1.549942594718734,6.000785345499587,,,,,,,,,,,,,,,,,,,,15.427416666666666,13.903720000000002,0.46153846153846156,0.25,7.726795107247867,,0,0,,0,0,0,0,0,,,,False,False,False,False,False
2025-10-28,17.15,17.24,16.9,16.93,39130.0,-1.282798833819232,4.5594316615417245,,,,,,,,,,,,,,,,,,,,15.465083333333332,13.92552,0.46153846153846156,0.25,7.157265671963583,,0,0,,0,0,0,0,0,,,,False,False,False,False,False
2025-10-29,16.9,16.92,16.42,16.61,44161.79,-1.890135853514474,5.1457363546219455,,,,,,,,,,,,,,,,,,,,15.496083333333333,13.944120000000002,0.46153846153846156,0.25,6.766726512875761,,0,0,,0,0,0,0,0,,,,False,False,False,False,False
2025-10-30,16.61,16.74,16.3,16.39,27415.67,-1.3245033112582738,3.1944767140398573,,,,,,,,,,,,,,,,,,,,15.518833333333333,13.962119999999999,0.46153846153846156,0.25,6.226058756239091,,0,0,,0,0,0,0,0,,,,False,False,False,False,False
2025-10-31,16.4,16.95,16.39,16.88,29867.0,2.9896278218425776,3.480105940078372,,,,,,,,,,,,,,,,,,,,15.54475,13.98112,0.5833333333333334,0.3,5.893882286730342,,0,0,,0,0,0,0,0,,,,True,False,False,False,False
2025-11-03,17.06,17.33,16.81,17.29,37782.0,2.4289099526066282,4.40236256162457,,,,,,,,,,,,,,,,,,,,15.571916666666668,14.0022,0.7272727272727273,0.35,5.703708077523157,,0,0,,0,0,0,0,0,,,,True,False,False,False,False
2025-11-04,17.29,17.43,17.1,17.28,31602.23,-0.05783689994215413,3.682295119788493,,,,,,,,,,,,,,,,,,,,15.599833333333333,14.022800000000002,0.5833333333333334,0.3,5.402714161037776,,0,0,,0,0,0,0,0,,,,False,False,False,False,False
2025-11-05,17.18,17.44,17.1,17.35,27589.0,0.4050925925926041,3.214673143630837,,,,,,,,,,,,,,,,,,,,15.627416666666667,14.04252,0.7272727272727273,0.35,5.2777346977060695,,0,0,,0,0,0,0,0,,,,True,False,False,False,False
2025-11-06,17.37,17.47,17.15,17.46,29500.23,0.6340057636887497,3.4373698616090733,,,,,,,,,,,,,,,,,,,,15.656749999999999,14.062,0.9,0.4,5.106451485106984,,0,0,,0,0,0,0,0,,,,True,False,True,False,False
2025-11-07,17.46,17.55,17.29,17.48,28980.34,0.11454753722794919,3.3767922248465143,,,,,,,,,,,,,,,,,,,,15.687083333333334,14.08352,1.0,0.45,4.928329940656313,,0,0,,0,0,0,0,0,,,,True,False,True,False,False
2025-11-10,17.58,17.65,17.23,17.31,31326.0,-0.9725400457666011,3.6501087715168947,,,,,,,,,,,,,,,,,,,,15.714583333333334,14.10552,0.8181818181818182,0.45,4.6719379973223685,,0,0,,0,0,0,0,0,,,,False,False,False,False,False
2025-11-11,17.31,17.66,17.2,17.6,34209.14,1.6753321779318542,3.9860525435756062,,,,,,,,,,,,,,,,,,,,15.742666666666668,14.12752,1.0,0.5,4.556449912085583,,0,0,,0,0,0,0,0,,,,True,False,False,False,False
2025-11-12,17.57,17.6,17.24,17.36,26009.62,-1.363636363636378,3.030643622097339,,,,,,,,,,,,,,,,,,,,15.771166666666666,14.15152,0.8181818181818182,0.45,4.459801962431589,,0,0,,0,0,0,0,0,,,,False,False,False,False,False
2025-11-13,17.44,18.48,17.38,18.31,91152.63,5.472350230414746,10.621113908888272,,,,,,,,,,,,,,,,,,,,15.805416666666668,14.1774,1.0,0.5,4.764845476864352,,0,0,,0,0,0,0,0,,,,True,False,True,True,False
2025-11-14,18.69,19.98,18.41,18.62,119964.03,1.6930638995084735,13.978221227399471,,,,,,,,,,,,,,,,,,,,15.8435,14.203520000000001,1.0,0.55,5.064704312758602,,0,0,,0,0,0,0,0,,,,False,False,True,True,False
2025-11-17,18.51,18.85,18.25,18.7,74436.86,0.42964554242748143,8.673390653456396,,,,,,,,,,,,,,,,,,,,15.884500000000001,14.22932,1.0,0.55,5.131935597008232,,0,0,,0,0,0,0,0,,,,True,False,False,False,False
2025-11-18,18.7,19.49,18.52,18.83,80716.0,0.6951871657753905,9.405036698006693,,,,,,,,,,,,,,,,,,,,15.927,14.25408,1.0,0.55,5.336176579226097,,0,0,,0,0,0,0,0,,,,True,False,False,False,False
2025-11-19,18.94,19.39,18.02,18.08,70971.0,-3.9830058417419045,8.269548286513615,,,,,,,,,,,,,,,,,,,,15.962083333333332,14.27576,1.0,0.55,5.50671412142094,,0,0,,0,0,0,0,0,,,,False,False,False,False,False
2025-11-20,18.21,18.6,17.18,17.83,74073.48,-1.382743362831862,8.631049578138967,,,,,,,,,,,,,,,,,,,,15.99425,14.29428,1.0,0.55,5.750238108832108,,0,0,,0,0,0,0,0,,,,False,False,False,False,False
2025-11-21,17.65,17.9,16.35,16.61,62041.21,-6.842400448681996,7.229048228836163,,,,,,,,,,,,,,,,,,,,16.017333333333333,14.297360000000001,0.8181818181818182,0.5,5.898412122285519,,0,0,,0,0,0,0,0,,,,False,False,False,False,False
2025-11-24,16.63,17.37,16.39,17.11,52870.21,3.0102347983142597,6.1604423569220526,,,,,,,,,,,,,,,,,,,,16.042916666666667,14.307039999999999,1.0,0.55,5.906394972856644,,0,0,,0,0,0,0,0,,,,True,False,False,False,False
2025-11-25,17.5,18.01,17.32,17.54,46126.0,2.513150204558734,5.3746063076993,,,,,,,,,,,,,,,,,,,,16.0745,14.323599999999999,1.2222222222222223,0.6,5.9471537051645225,,0,0,,0,0,0,0,0,,,,True,False,False,False,False
2025-11-26,17.66,17.79,16.87,16.95,47029.69,-3.3637400228050174,5.479904360298805,,,,,,,,,,,,,,,,,,,,16.10075,14.33724,1.2222222222222223,0.6,5.963862105448365,,0,0,,0,0,0,0,0,,,,False,False,False,False,False
2025-11-27,16.89,17.49,16.8,17.41,38175.31,2.7138643067846635,4.448191083648618,,,,,,,,,,,,,,,,,,,,16.129666666666665,14.355559999999999,1.5,0.65,6.026547823928803,,0,0,,0,0,0,0,0,,,,True,False,False,False,False
2025-11-28,17.37,17.79,17.26,17.77,34219.0,2.0677771395749556,3.987201431799036,,,,,,,,,,,,,,,,,,,,16.161583333333333,14.374360000000001,1.5,0.65,6.051902598514836,,0,0,,0,0,0,0,0,,,,True,False,False,False,False
2025-12-01,17.79,18.06,17.5,17.59,37041.0,-1.0129431626336505,4.316021164711654,,,,,,,,,,,,,,,,,,,,16.189,14.39132,1.2222222222222223,0.6,6.04758552866919,,0,0,,0,0,0,0,0,,,,False,False,False,False,False
2025-12-02,17.59,17.59,17.06,17.19,33634.0,-2.2740193291642896,3.9190371710783127,,,,,,,,,,,,,,,,,,,,16.214499999999997,14.406880000000001,1.2222222222222223,0.6,6.059422631233681,,0,0,,0,0,0,0,0,,,,False,False,False,False,False
2025-12-03,17.38,17.39,16.63,16.7,31546.0,-2.850494473531129,3.6757431943520382,,,,,,,,,,,,,,,,,,,,16.237833333333334,14.42284,1.0,0.55,6.082476133769741,,0,0,,0,0,0,0,0,,,,False,False,False,False,False
2025-12-04,16.75,17.05,16.41,16.52,33518.0,-1.0778443113772407,3.905520839037964,,,,,,,,,,,,,,,,,,,,16.259916666666665,14.436279999999998,0.8181818181818182,0.5,6.105883682641187,,0,0,,0,0,0,0,0,,,,False,False,False,False,False
2025-12-05,16.46,17.58,16.2,17.38,57184.42,5.205811138014527,6.663134553920262,,,,,,,,,,,,,,,,,,,,16.289833333333334,14.454120000000001,0.8181818181818182,0.5,6.270200799094873,,0,0,,0,0,0,0,0,,,,True,False,False,False,False
2025-12-08,17.4,17.52,17.23,17.28,36584.0,-0.575373993095496,4.262771477276832,,,,,,,,,,,,,,,,,,,,16.321166666666667,14.4714,0.8181818181818182,0.5,6.3008339343828705,,0,0,,0,0,0,0,0,,,,False,False,False,False,False
2025-12-09,17.27,17.34,16.82,16.95,24740.0,-1.909722222222232,2.882707367915724,,,,,,,,,,,,,,,,,,,,16.34775,14.48712,0.6666666666666666,0.45,6.245666675599876,,0,0,,0,0,0,0,0,,,,False,False,False,False,False
2025-12-10,16.89,17.01,16.38,16.4,28388.0,-3.2448377581120957,3.3077727065639273,,,,,,,,,,,,,,,,,,,,16.37125,14.49992,0.6666666666666666,0.45,6.259523129823205,,0,0,,0,0,0,0,0,,,,False,False,False,False,False
2025-12-11,16.45,16.54,15.95,16.0,31190.0,-2.4390243902438935,3.6342620374006236,,,,,,,,,,,,,,,,,,,,16.391333333333332,14.5086,0.5384615384615384,0.4,5.910180536248822,,0,0,,0,0,0,0,0,,,,False,False,False,False,False
2025-12-12,15.95,16.38,15.72,15.77,33088.08,-1.4375000000000027,3.8554265160139414,,,,,,,,,,,,,,,,,,,,16.41125,14.516800000000002,0.5384615384615384,0.35,5.404040800679547,,0,0,,0,0,0,0,0,,,,False,False,False,False,False
2025-12-15,15.76,16.22,15.51,16.01,38547.0,1.5218769816106592,4.4915004410285935,,,,,,,,,,,,,,,,,,,,16.43425,14.526399999999999,0.5384615384615384,0.35,5.194946290058157,,0,0,,0,0,0,0,0,,,,True,False,False,False,False
2025-12-16,16.08,16.08,15.45,15.5,27459.0,-3.185509056839486,3.1995255301373424,,,,,,,,,,,,,,,,,,,,16.45,14.531600000000001,0.42857142857142855,0.3,4.884670731664689,,0,0,,0,0,0,0,0,,,,False,False,False,False,False
2025-12-17,15.51,15.78,15.08,15.52,29522.0,0.1290322580645098,3.4399065042687145,,,,,,,,,,,,,,,,,,,,16.461333333333336,14.53756,0.5384615384615384,0.35,4.643188642552444,,0,0,,0,0,0,0,0,,,,True,False,False,False,False
2025-12-18,15.5,16.22,15.42,15.97,34856.0,2.899484536082486,4.061424737917157,,,,,,,,,,,,,,,,,,,,16.475416666666668,14.54484,0.6666666666666666,0.4,4.414707400541354,,0,0,,0,0,0,0,0,,,,True,False,False,False,False
2025-12-19,15.96,16.43,15.96,16.41,28240.0,2.7551659361302328,3.2905277312021037,,,,,,,,,,,,,,,,,,,,16.4925,14.55476,0.8181818181818182,0.45,4.2177813756596505,,0,0,,0,0,0,0,0,,,,True,False,True,False,False
2025-12-22,16.41,16.9,16.14,16.27,31936.92,-0.8531383302864182,3.721293233328013,,,,,,,,,,,,,,,,,,,,16.50825,14.56312,0.6666666666666666,0.4,4.095823919479948,,0,0,,0,0,0,0,0,,,,False,False,False,False,False
2025-12-23,16.21,16.4,15.9,16.32,33510.57,0.3073140749846326,3.904655094666759,,,,,,,,,,,,,,,,,,,,16.521833333333333,14.571800000000001,0.6666666666666666,0.4,4.022326358828321,,0,0,,0,0,0,0,0,,,,True,False,False,False,False
2025-12-24,16.4,17.03,16.4,16.85,30710.0,3.2475490196078427,3.5783323875784916,,,,,,,,,,,,,,,,,,,,16.537583333333334,14.58392,0.8181818181818182,0.45,3.927247760192306,,0,0,,0,0,0,0,0,,,,True,False,False,False,False
2025-12-25,17.01,17.18,16.5,16.82,28621.0,-0.17804154302670794,3.3349218907484204,,,,,,,,,,,,,,,,,,,,16.5535,14.59576,0.6666666666666666,0.4,3.8715843005472954,,0,0,,0,0,0,0,0,,,,False,False,False,False,False
2025-12-26,16.73,16.87,16.48,16.5,28982.73,-1.9024970273483932,3.3770707078945876,,,,,,,,,,,,,,,,,,,,16.5665,14.608720000000002,0.5384615384615384,0.35,3.841077764352073,,0,0,,0,0,0,0,0,,,,False,False,False,False,False
2025-12-29,16.53,16.79,16.2,16.59,31833.01,0.5454545454545379,3.7091856293425596,,,,,,,,,,,,,,,,,,,,16.578083333333332,14.62256,0.6666666666666666,0.4,3.810735987583618,,0,0,,0,0,0,0,0,,,,True,False,False,False,False
2025-12-30,16.55,16.82,16.25,16.47,35154.0,-0.7233273056057921,4.096147728848398,,,,,,,,,,,,,,,,,,,,16.589,14.63684,0.6666666666666666,0.4,3.8195915154721227,,0,0,,0,0,0,0,0,,,,False,False,False,False,False
2025-12-31,16.51,16.61,16.15,16.5,24690.0,0.18214936247724633,2.876881362725918,,,,,,,,,,,,,,,,,,,,16.599749999999997,14.64876,0.6666666666666666,0.45,3.779648423890817,,0,0,,0,0,0,0,0,,,,False,False,False,False,False
2026-01-05,16.6,16.8,16.4,16.43,32778.0,-0.424242424242427,3.819295962228844,,,,,,,,,,,,,,,,,,,,16.6105,14.66516,0.6666666666666666,0.45,3.77533718005036,,0,0,,0,0,0,0,0,,,,False,False,False,False,False
2026-01-06,16.46,16.63,16.18,16.28,37023.13,-0.9129640900791158,4.3139389504568175,,,,,,,,,,,,,,,,,,,,16.620083333333334,14.6822,0.5384615384615384,0.4,3.657877399877188,,0,0,,0,0,0,0,0,,,,False,False,False,False,False
2026-01-07,16.26,16.4,16.06,16.1,28151.67,-1.1056511056511065,3.2802355104337932,,,,,,,,,,,,,,,,,,,,16.629,14.70012,0.5384615384615384,0.4,3.6087506015350366,,0,0,,0,0,0,0,0,,,,False,False,False,False,False
2026-01-08,16.13,17.7,16.0,17.57,76594.48,9.130434782608688,8.924796759808954,,,,,,,,,,,,,,,,,,,,16.648416666666666,14.722199999999999,0.6666666666666666,0.45,3.910855071129698,,0,0,,0,0,0,0,0,,,,True,False,True,True,False
2026-01-09,17.69,19.98,17.6,19.05,158294.57,8.42344906089927,18.44449972676036,,,,,,,,,,,,,,,,,,,,16.682833333333335,14.74968,0.8181818181818182,0.5,4.667691422139519,,0,0,,0,0,0,0,0,,,,True,False,True,True,True
2026-01-12,19.05,19.98,19.05,19.37,95495.76,1.6797900262467191,11.127175867288265,,,,,,,,,,,,,,,,,,,,16.719083333333334,14.77992,1.0,0.55,5.042337113633902,,0,0,,0,0,0,0,0,,,,True,False,False,False,True
2026-01-13,19.7,19.8,18.91,19.44,69129.04,0.3613835828600864,8.054922916125335,,,,,,,,,,,,,,,,,,,,16.754749999999998,14.81168,1.0,0.6,5.252311933639471,,0,0,,0,0,0,0,0,,,,False,False,False,False,True
2026-01-14,19.57,20.5,19.22,19.6,70726.82,0.8230452674897082,8.24109640756868,,,,,,,,,,,,,,,,,,,,16.79158333333333,14.844719999999999,1.0,0.6,5.4397917319664755,,0,0,,0,0,0,0,0,,,,True,False,False,False,True
2026-01-15,19.55,19.55,18.72,18.85,47783.1,-3.826530612244894,5.567691771699831,,,,,,,,,,,,,,,,,,,,16.818416666666668,14.878,1.0,0.6,5.5582000440446,,0,0,,0,0,0,0,0,,,,False,False,False,False,False
2026-01-16,19.1,19.4,18.53,18.9,40139.44,0.2652519893899141,4.677051715117669,,,,,,,,,,,,,,,,,,,,16.844916666666666,14.912,0.8181818181818182,0.6,5.620057304587048,,0,0,,0,0,0,0,0,,,,False,False,False,False,False
2026-01-19,18.9,20.14,18.9,20.1,70533.99,6.349206349206371,8.218627835953678,,,,,,,,,,,,,,,,,,,,16.87633333333333,14.94888,0.8181818181818182,0.6,5.827917459488874,,0,0,,0,0,0,0,0,,,,True,False,False,False,True
2026-01-20,20.1,20.5,19.28,19.85,67651.9,-1.243781094527363,7.882806410003951,,,,,,,,,,,,,,,,,,,,16.908,14.98532,0.6666666666666666,0.55,6.057531393428966,,0,0,,0,0,0,0,0,,,,False,False,False,False,False
2026-02-04,23.82,23.82,23.82,23.82,11283.4,19.999999999999996,1.3130045740581113,,,,,,,,,,,,,,,,,,,,16.97275,15.03732,0.7272727272727273,0.6,5.937116960465471,,0,0,,0,0,0,0,0,,,,False,False,True,True,True
2026-02-05,28.58,28.58,28.58,28.58,7446.52,19.983207388748948,0.8665220430734715,,,,,,,,,,,,,,,,,,,,17.076,15.11048,0.6363636363636364,0.6,5.785210307885807,,0,0,,0,0,0,0,0,,,,False,False,True,True,True
2026-02-06,34.3,34.3,34.3,34.3,17462.33,20.01399580125962,2.032022188676479,,,,,,,,,,,,,,,,,,,,17.229833333333332,15.20572,0.5454545454545454,0.6,5.707894797940706,,0,0,,0,0,0,0,0,,,,False,False,True,True,True
2026-02-09,41.16,41.16,41.16,41.16,21583.0,19.999999999999996,2.511528238110518,,,,,,,,,,,,,,,,,,,,17.442166666666665,15.323799999999999,0.6,0.65,5.666725115308811,,0,0,,0,0,0,0,0,,,,False,False,True,True,True
2026-02-10,46.0,48.0,41.51,43.0,412722.55,4.470359572400406,48.026888700828444,,,,,,,,,,,,,,,,,,,,17.672166666666666,15.44908,0.6,0.7,7.8992160149555035,,0,0,,0,0,0,0,0,,,,False,False,True,True,True
2026-02-11,41.51,41.89,36.58,36.9,292365.25,-14.186046511627914,34.021386332634066,,,,,,,,,,,,,,,,,,,,17.848999999999997,15.54988,0.45454545454545453,0.65,9.41482605012008,,0,0,,0,0,0,0,0,,,,False,False,False,False,False
2026-02-12,36.0,36.39,33.1,33.16,228058.07,-10.135501355013554,26.538214462029615,,,,,,,,,,,,,,,,,,,,17.993583333333333,15.636320000000001,0.45454545454545453,0.65,10.53692938677914,,0,0,,0,0,0,0,0,,,,False,False,False,False,False
2026-02-13,33.87,34.97,32.61,32.61,161604.93,-1.6586248492159172,18.805325724545874,,,,,,,,,,,,,,,,,,,,18.13183333333333,15.719719999999999,0.45454545454545453,0.6,11.333351604870137,,0,0,,0,0,0,0,0,,,,False,False,False,False,False
2026-02-24,33.17,34.59,33.17,33.38,151595.28,2.361238883777994,17.64054239374835,,,,,,,,,,,,,,,,,,,,18.274166666666666,15.8076,0.6,0.65,12.024413926446114,,0,0,,0,0,0,0,0,,,,True,False,False,False,False
2026-02-25,33.1,34.7,33.1,34.0,140308.91,1.8573996405032878,16.327192212551882,,,,,,,,,,,,,,,,,,,,18.42275,15.89776,0.7777777777777778,0.7,12.625076589550867,,0,0,,0,0,0,0,0,,,,True,False,False,False,False
2026-02-26,34.6,35.18,33.1,34.96,149040.34,2.8235294117647136,17.343234143890683,,,,,,,,,,,,,,,,,,,,18.578333333333333,15.9916,1.0,0.75,13.328226521223709,,0,0,,0,0,0,0,0,,,,True,False,False,False,False
2026-02-27,35.24,35.54,34.1,34.82,117893.23,-0.4004576659038972,13.718768300377986,,,,,,,,,,,,,,,,,,,,18.72641666666667,16.08392,0.7777777777777778,0.7,13.567925098252164,,0,0,,0,0,0,0,0,,,,False,False,False,False,False
2026-03-02,33.89,34.45,32.8,33.27,104204.49,-4.45146467547386,12.125863836023958,,,,,,,,,,,,,,,,,,,,18.863916666666668,16.16956,0.6,0.65,13.251993303715341,,0,0,,0,0,0,0,0,,,,False,False,False,False,False
2026-03-03,34.0,34.67,29.69,30.0,140143.03,-9.828674481514888,16.30788941386135,,,,,,,,,,,,,,,,,,,,18.977083333333333,16.23964,0.45454545454545453,0.6,13.511028981043996,,0,0,,0,0,0,0,0,,,,False,False,False,False,False
2026-03-04,29.46,31.2,28.99,29.23,132387.04,-2.5666666666666615,15.405355572435095,,,,,,,,,,,,,,,,,,,,19.089833333333335,16.30516,0.45454545454545453,0.55,13.878550613859483,,0,0,,0,0,0,0,0,,,,False,False,False,False,False
2026-03-05,29.88,30.2,28.42,28.53,106888.93,-2.3947998631542955,12.438241488042372,,,,,,,,,,,,,,,,,,,,19.192666666666664,16.36892,0.3333333333333333,0.5,14.088407867883172,,0,0,,0,0,0,0,0,,,,False,False,False,False,False
2026-03-06,28.3,29.28,28.1,28.88,81311.14,1.2267788293024884,9.461855357594295,,,,,,,,,,,,,,,,,,,,19.300166666666666,16.432479999999998,0.45454545454545453,0.55,14.283116047177893,,0,0,,0,0,0,0,0,,,,True,False,False,False,False
2026-03-09,27.57,28.22,26.96,28.05,88718.53,-2.8739612188365626,10.323823997528384,,,,,,,,,,,,,,,,,,,,19.399083333333337,16.493119999999998,0.6,0.5,14.565454661298428,,0,0,,0,0,0,0,0,,,,True,False,False,False,False
2026-03-10,28.56,29.11,28.3,28.88,72704.7,2.95900178253119,8.460358017576509,,,,,,,,,,,,,,,,,,,,19.50583333333333,16.55688,0.6,0.5,14.57754117037957,,0,0,,0,0,0,0,0,,,,True,False,False,False,False
2026-03-11,29.0,29.19,27.69,27.85,77118.4,-3.5664819944598247,8.973962807668173,,,,,,,,,,,,,,,,,,,,19.604083333333335,16.61644,0.6,0.5,14.632098990262781,,0,0,,0,0,0,0,0,,,,False,False,False,False,False
2026-03-12,27.7,27.84,26.61,26.85,68139.84,-3.590664272890487,7.929163336900922,,,,,,,,,,,,,,,,,,,,19.695833333333333,16.670759999999998,0.5454545454545454,0.45,14.962906928404923,,0,0,,0,0,0,0,0,,,,False,False,False,False,False
2026-03-13,26.85,27.19,26.44,26.55,49800.0,-1.1173184357541888,5.795028784594533,,,,,,,,,,,,,,,,,,,,19.78708333333333,16.72432,0.5,0.4,15.209332265480976,,0,0,,0,0,0,0,0,,,,False,False,False,False,False
2026-03-16,26.82,26.98,26.0,26.93,53050.0,1.4312617702448183,6.173218414111244,,,,,,,,,,,,,,,,,,,,19.875666666666667,16.77964,0.5833333333333334,0.4,15.416392076752711,,0,0,,0,0,0,0,0,,,,True,False,False,False,False
2026-03-17,26.94,27.05,26.05,26.28,45810.5,-2.4136650575566243,5.330786468607788,,,,,,,,,,,,,,,,,,,,19.967916666666667,16.83112,0.5384615384615384,0.35,15.557354988277577,,0,0,,0,0,0,0,0,,,,False,False,False,False,False
2026-03-18,26.48,26.83,26.18,26.72,43054.01,1.6742770167427645,5.010024643418089,,,,,,,,,,,,,,,,,,,,20.0665,16.88388,0.6666666666666666,0.35,13.406511785407059,,0,0,,0,0,0,0,0,,,,True,False,False,False,False
2026-03-19,26.25,26.37,25.05,25.55,56147.0,-4.378742514970058,6.533604039530708,,,,,,,,,,,,,,,,,,,,20.158416666666664,16.93212,0.6666666666666666,0.35,12.03212267075189,,0,0,,0,0,0,0,0,,,,False,False,False,False,False
2026-03-20,25.78,25.9,24.94,25.05,52380.94,-1.9569471624266144,6.0953625514883365,,,,,,,,,,,,,,,,,,,,20.241833333333332,16.97728,0.6666666666666666,0.35,11.009980075224828,,0,0,,0,0,0,0,0,,,,False,False,False,False,False
2026-03-23,24.81,25.29,23.8,23.94,63905.83,-4.431137724550894,7.436468360510137,,,,,,,,,,,,,,,,,,,,20.315416666666668,17.01896,0.6666666666666666,0.35,10.441537207023039,,0,0,,0,0,0,0,0,,,,False,False,False,False,False
2026-03-24,24.35,24.76,24.01,24.74,45341.67,3.3416875522138456,5.276230578144305,,,,,,,,,,,,,,,,,,,,20.395333333333333,17.06352,0.6666666666666666,0.35,9.823321616242836,,0,0,,0,0,0,0,0,,,,True,False,False,False,False
2026-03-25,24.86,25.29,24.76,25.1,48053.0,1.455133387227181,5.591737312974319,,,,,,,,,,,,,,,,,,,,20.477083333333333,17.110319999999998,0.6666666666666666,0.35,9.28654887126396,,0,0,,0,0,0,0,0,,,,True,False,False,False,False
2026-03-26,24.96,25.3,24.57,24.8,38830.4,-1.195219123505975,4.518539873841758,,,,,,,,,,,,,,,,,,,,20.551083333333334,17.157760000000003,0.5384615384615384,0.3,8.645314157761513,,0,0,,0,0,0,0,0,,,,False,False,False,False,False
2026-03-27,24.55,25.38,24.51,25.2,32585.22,1.6129032258064502,3.791813009083242,,,,,,,,,,,,,,,,,,,,20.628666666666664,17.206,0.6666666666666666,0.35,8.148966393196776,,0,0,,0,0,0,0,0,,,,True,False,False,False,False
2026-03-30,24.9,25.28,24.61,25.18,36959.0,-0.07936507936507908,4.300772466864043,,,,,,,,,,,,,,,,,,,,20.70625,17.25384,0.8181818181818182,0.35,7.75771182473878,,0,0,,0,0,0,0,0,,,,True,False,False,False,False
2026-03-31,25.4,25.66,24.8,24.87,44180.73,-1.2311358220810087,5.138841813988166,,,,,,,,,,,,,,,,,,,,20.778833333333335,17.30052,0.8181818181818182,0.35,7.199259444745121,,0,0,,0,0,0,0,0,,,,False,False,False,False,False
2026-04-01,25.42,25.55,24.85,25.12,37956.95,1.0052271813429936,4.414928449381849,,,,,,,,,,,,,,,,,,,,20.855249999999998,17.34672,0.8181818181818182,0.4,6.649738088592459,,0,0,,0,0,0,0,0,,,,False,False,False,False,False
2026-04-02,24.87,25.1,24.25,24.55,37996.24,-2.2691082802547835,4.419498430341231,,,,,,,,,,,,,,,,,,,,20.929250000000003,17.39128,0.8181818181818182,0.4,6.248800935707402,,0,0,,0,0,0,0,0,,,,False,False,False,False,False
2026-04-03,24.88,24.88,23.81,24.0,33717.16,-2.2403258655804503,3.921781094538937,,,,,,,,,,,,,,,,,,,,20.99525,17.433719999999997,0.6666666666666666,0.35,5.971797222554633,,0,0,,0,0,0,0,0,,,,False,False,False,False,False
2026-04-07,24.12,24.82,24.0,24.61,32623.63,2.5416666666666643,3.794588137590274,,,,,,,,,,,,,,,,,,,,21.062,17.478920000000002,0.6666666666666666,0.4,5.645335429557728,,0,0,,0,0,0,0,0,,,,True,False,False,False,False
2026-04-08,25.1,25.65,24.91,25.65,35301.79,4.225924420967075,4.1060959056273925,,,,,,,,,,,,,,,,,,,,21.125249999999998,17.5278,0.6666666666666666,0.4,5.427622323960272,,0,0,,0,0,0,0,0,,,,True,False,False,False,False
2026-04-09,25.39,25.48,25.12,25.23,29468.0,-1.637426900584793,3.427543876586088,,,,,,,,,,,,,,,,,,,,21.16475,17.575920000000004,0.6666666666666666,0.4,5.1503013774061674,,0,0,,0,0,0,0,0,,,,False,False,False,False,False
2026-04-10,25.5,26.07,25.39,25.76,39041.5,2.100673801030517,4.54107690571928,,,,,,,,,,,,,,,,,,,,21.221083333333336,17.6254,0.8181818181818182,0.45,4.980897055847086,,0,0,,0,0,0,0,0,,,,True,False,True,True,False
2026-04-13,25.43,25.58,25.14,25.36,30295.01,-1.552795031055909,3.523736799803662,,,,,,,,,,,,,,,,,,,,21.275916666666667,17.67236,0.8181818181818182,0.45,4.867332456607543,,0,0,,0,0,0,0,0,,,,False,False,False,False,False
2026-04-14,25.5,25.58,24.89,25.16,40290.04,-0.7886435331230235,4.686299711192091,,,,,,,,,,,,,,,,,,,,21.335583333333332,17.718400000000003,0.6666666666666666,0.4,4.792986521461585,,0,0,,0,0,0,0,0,,,,False,False,False,False,False
2026-04-15,25.28,25.7,25.09,25.41,35417.21,0.9936406995230573,4.119520878962385,,,,,,,,,,,,,,,,,,,,21.399416666666664,17.765919999999998,0.8181818181818182,0.45,4.732423241979314,,0,0,,0,0,0,0,0,,,,True,False,False,False,False
2026-04-16,25.45,27.29,25.07,26.69,114114.0,5.037386855568671,13.273067121377252,,,,,,,,,,,,,,,,,,,,21.47641666666667,17.81828,0.8181818181818182,0.45,5.1455753658772725,,0,0,,0,0,0,0,0,,,,True,False,True,True,False
2026-04-17,26.68,28.27,26.54,27.87,146299.06,4.421131509928822,17.016643384461133,,,,,,,,,,,,,,,,,,,,21.565916666666666,17.877280000000003,1.0,0.5,5.669727333123793,,0,0,,0,0,0,0,0,,,,True,False,True,True,False
2026-04-20,27.64,28.28,26.92,27.21,91893.62,-2.3681377825618966,10.688523636769679,,,,,,,,,,,,,,,,,,,,21.64558333333333,17.938280000000002,1.0,0.5,5.899385387387861,,0,0,,0,0,0,0,0,,,,False,False,False,False,False
2026-04-21,27.28,27.5,26.55,26.73,69324.71,-1.764057331863289,8.063441199151837,,,,,,,,,,,,,,,,,,,,21.722666666666665,17.9976,1.0,0.5,5.930734029319946,,0,0,,0,0,0,0,0,,,,False,False,False,False,False
2026-04-22,26.48,27.12,26.1,26.72,59693.94,-0.037411148522270565,6.943246861554816,,,,,,,,,,,,,,,,,,,,21.801916666666667,18.05564,1.0,0.45,6.014084843490472,,0,0,,0,0,0,0,0,,,,True,False,False,False,False
2026-04-23,26.51,26.51,25.09,25.37,77360.9,-5.052395209580829,8.998163400372903,,,,,,,,,,,,,,,,,,,,21.870416666666664,18.109080000000002,0.8181818181818182,0.4,6.184406147860401,,0,0,,0,0,0,0,0,,,,False,False,False,False,False
2026-04-24,25.4,27.0,25.3,26.12,67428.94,2.956247536460377,7.842936419223929,,,,,,,,,,,,,,,,,,,,21.945749999999997,18.16648,1.0,0.45,6.3506259751295095,,0,0,,0,0,0,0,0,,,,True,False,False,False,False
2026-04-27,25.8,26.7,25.28,26.68,55001.0,2.143950995405808,6.397391772638504,,,,,,,,,,,,,,,,,,,,22.027250000000002,18.22672,1.0,0.45,6.480904913307272,,0,0,,0,0,0,0,0,,,,True,False,False,False,False
2026-04-28,26.69,26.86,25.81,26.1,34271.32,-2.1739130434782594,3.986237715777193,,,,,,,,,,,,,,,,,,,,22.100250000000003,18.2836,0.8181818181818182,0.45,6.465178175752929,,0,0,,0,0,0,0,0,,,,False,False,False,False,False
2026-04-29,25.86,26.76,25.72,26.4,38541.47,1.1494252873563093,4.482916366673219,,,,,,,,,,,,,,,,,,,,22.178833333333333,18.34212,1.0,0.5,6.432381903387183,,0,0,,0,0,0,0,0,,,,True,False,False,False,False
2026-04-30,26.27,26.73,26.12,26.3,30721.0,-0.37878787878786735,3.573285442941537,,,,,,,,,,,,,,,,,,,,22.257333333333335,18.400560000000002,1.2222222222222223,0.45,6.390299753065166,,0,0,,0,0,0,0,0,,,,True,False,False,False,False
2026-05-06,26.28,27.12,26.28,26.9,47583.0,2.281368821292773,5.534573784430427,,,,,,,,,,,,,,,,,,,,22.33833333333333,18.4664,1.5,0.5,6.446053520769627,,0,0,,0,0,0,0,0,,,,True,False,False,False,False
2026-05-07,27.09,30.88,26.9,30.74,164522.76,14.27509293680298,19.136316634893532,,,,,,,,,,,,,,,,,,,,22.44833333333333,18.54868,1.8571428571428572,0.55,7.206780297787357,,0,0,,0,0,0,0,0,,,,True,False,True,True,True
2026-05-08,30.3,33.65,29.72,31.43,192606.54,2.244632400780744,22.40285620902109,,,,,,,,,,,,,,,,,,,,22.5655,18.63204,1.8571428571428572,0.55,8.137193701358898,,0,0,,0,0,0,0,0,,,,True,False,True,True,True
2026-05-11,31.36,31.64,30.42,30.53,116424.74,-2.863506204263433,13.541838763069345,,,,,,,,,,,,,,,,,,,,22.675833333333333,18.709319999999998,1.5,0.5,8.608980844230995,,0,0,,0,0,0,0,0,,,,False,False,False,False,False
2026-05-12,30.87,31.69,30.1,30.65,99532.75,0.3930560104814962,11.577045329574068,,,,,,,,,,,,,,,,,,,,22.786083333333334,18.787200000000002,1.5,0.55,9.016455916880393,,0,0,,0,0,0,0,0,,,,False,False,False,False,False
2026-05-13,30.9,31.83,29.9,31.27,111995.45,2.022838499184343,13.026630946658724,,,,,,,,,,,,,,,,,,,,22.90375,18.86628,1.5,0.55,9.440733618927366,,0,0,,0,0,0,0,0,,,,True,False,False,False,False
2026-05-14,30.96,33.58,30.6,32.99,145220.57,5.500479692996496,16.89117523304223,,,,,,,,,,,,,,,,,,,,23.037583333333334,18.9514,1.8571428571428572,0.6,10.109105540589294,,0,0,,0,0,0,0,0,,,,True,False,False,False,True
2026-05-15,32.2,37.82,31.95,34.86,196585.55,5.668384358896628,22.865637928111592,,,,,,,,,,,,,,,,,,,,23.189666666666664,19.045080000000002,2.3333333333333335,0.65,11.01807245143527,,0,0,,0,0,0,0,0,,,,True,False,True,True,True
2026-05-18,33.8,36.86,33.8,36.17,172700.03,3.757888697647749,20.087419223610333,,,,,,,,,,,,,,,,,,,,23.354499999999998,19.1428,2.3333333333333335,0.65,11.816467368667668,,0,0,,0,0,0,0,0,,,,True,False,False,False,True
2026-05-19,35.4,36.0,34.57,35.58,113320.0,-1.631186065800394,13.180694562818102,,,,,,,,,,,,,,,,,,,,23.51033333333333,19.23904,2.3333333333333335,0.6,11.811848740739709,,0,0,,0,0,0,0,0,,,,True,False,False,False,False
2026-05-20,35.01,35.05,30.36,30.9,162848.99,-13.153456998313661,18.941606045300205,,,,,,,,,,,,,,,,,,,,23.623749999999998,19.31712,1.8571428571428572,0.55,11.908096873781663,,0,0,,0,0,0,0,0,,,,False,False,False,False,False
2026-05-21,30.8,31.89,29.8,31.85,111319.16,3.0744336569579422,12.9479689988482,,,,,,,,,,,,,,,,,,,,23.745166666666663,19.39992,2.3333333333333335,0.6,12.021069141885588,,0,0,,0,0,0,0,0,,,,True,False,False,False,False
2026-05-22,30.53,31.34,30.21,30.7,79070.79,-3.6106750392464693,9.197034343723367,,,,,,,,,,,,,,,,,,,,23.856416666666668,19.47512,3.0,0.6,12.077748799114165,,0,0,,0,0,0,0,0,,,,True,False,False,False,False
2026-05-25,30.6,31.11,28.9,29.63,86181.16,-3.48534201954398,10.024069423132339,,,,,,,,,,,,,,,,,,,,23.957833333333333,19.5458,2.3333333333333335,0.6,12.231789927193043,,0,0,,0,0,0,0,0,,,,False,False,False,False,False
2026-05-26,30.07,30.22,27.68,28.35,91416.28,-4.319946000674979,10.63298680505698,,,,,,,,,,,,,,,,,,,,24.048416666666665,19.61068,2.3333333333333335,0.6,12.313531097427246,,0,0,,0,0,0,0,0,,,,False,False,False,False,False
2026-05-27,28.11,28.48,27.18,27.51,64785.3,-2.9629629629629672,7.535432857929222,,,,,,,,,,,,,,,,,,,,24.133416666666665,19.673119999999997,1.8571428571428572,0.55,12.298155919362511,,0,0,,0,0,0,0,0,,,,False,False,False,False,False
2026-05-28,27.55,28.05,26.96,27.58,52131.23,0.2544529262086481,6.063588244034768,,,,,,,,,,,,,,,,,,,,24.216583333333332,19.7338,1.8571428571428572,0.55,12.281465742932324,,0,0,,0,0,0,0,0,,,,True,False,False,False,False
2026-05-29,27.59,28.11,26.29,26.68,53983.88,-3.2632342277012283,6.2790772466980656,,,,,,,,,,,,,,,,,,,,24.294249999999998,19.78896,1.8571428571428572,0.55,12.396107719478367,,0,0,,0,0,0,0,0,,,,False,False,False,False,False
2026-06-01,26.56,27.15,26.07,26.33,36271.63,-1.3118440779610219,4.218895837676931,,,,,,,,,,,,,,,,,,,,24.361083333333333,19.83964,1.5,0.5,12.382906693028554,,0,0,,0,0,0,0,0,,,,False,False,False,False,False
2026-06-02,26.55,26.94,25.6,26.07,33182.47,-0.9874667679452998,3.8595834972632788,,,,,,,,,,,,,,,,,,,,24.423166666666667,19.888840000000002,1.2222222222222223,0.5,12.39722159574464,,0,0,,0,0,0,0,0,,,,False,False,False,False,False
2026-06-03,25.98,26.61,25.78,26.35,36372.57,1.0740314537782902,4.230636565784687,,,,,,,,,,,,,,,,,,,,24.48691666666667,19.938119999999998,1.2222222222222223,0.5,12.332024734812354,,0,0,,0,0,0,0,0,,,,True,False,False,False,False
2026-06-04,26.02,26.77,25.66,26.45,42202.12,0.3795066413662118,4.908694437199055,,,,,,,,,,,,,,,,,,,,24.550416666666663,19.9882,1.2222222222222223,0.5,11.620643624927629,,0,0,,0,0,0,0,0,,,,True,False,False,False,False
2026-06-05,26.29,27.87,25.53,27.38,65694.95,3.5160680529300548,7.6412378244758825,,,,,,,,,,,,,,,,,,,,24.627916666666668,20.04156,1.2222222222222223,0.5,10.88256270570037,,0,0,,0,0,0,0,0,,,,True,False,False,False,False
2026-06-08,26.63,27.99,25.88,26.5,60195.76,-3.2140248356464562,7.0016054230206795,,,,,,,,,,,,,,,,,,,,24.700166666666668,20.0918,1.2222222222222223,0.5,10.555551038697935,,0,0,,0,0,0,0,0,,,,False,False,False,False,False
2026-06-09,26.6,27.21,26.0,26.25,50083.29,-0.9433962264150941,5.825384293955543,,,,,,,,,,,,,,,,,,,,24.7805,20.14144,1.2222222222222223,0.45,10.26796798691701,,0,0,,0,0,0,0,0,,,,False,False,False,False,False
2026-06-10,25.95,26.25,25.02,25.45,42226.4,-3.0476190476190546,4.911518539422716,,,,,,,,,,,,,,,,,,,,24.85,20.1872,1.0,0.4,9.862212366555209,,0,0,,0,0,0,0,0,,,,False,False,False,False,False
2026-06-11,25.27,25.6,24.58,25.33,32071.33,-0.4715127701375277,3.7303424369338605,,,,,,,,,,,,,,,,,,,,24.914916666666667,20.2316,1.0,0.35,9.20417072674979,,0,0,,0,0,0,0,0,,,,True,False,False,False,False
2026-06-12,25.71,26.1,25.18,25.5,28682.4,0.6711409395973256,3.33616266968385,,,,,,,,,,,,,,,,,,,,24.986166666666666,20.27784,0.8181818181818182,0.35,8.227696963828404,,0,0,,0,0,0,0,0,,,,False,False,False,False,False
2026-06-15,25.54,29.66,25.54,29.01,82802.09,13.764705882352946,9.631036511233454,,,,,,,,,,,,,,,,,,,,25.082833333333333,20.33708,0.8181818181818182,0.35,7.7048778282095585,,0,0,,0,0,0,0,0,,,,True,False,True,True,False
2026-06-16,28.85,29.24,28.13,28.81,50872.85,-0.6894174422612975,5.917221120632376,,,,,,,,,,,,,,,,,,,,25.174833333333332,20.396120000000003,0.6666666666666666,0.35,7.341704156100272,,0,0,,0,0,0,0,0,,,,False,False,False,False,False
2026-06-17,28.8,28.8,27.38,27.64,43099.69,-4.061089899340498,5.013094331469693,,,,,,,,,,,,,,,,,,,,25.25858333333333,20.451559999999997,0.6666666666666666,0.35,6.645278570408747,,0,0,,0,0,0,0,0,,,,False,False,False,False,False
2026-06-18,27.62,28.55,27.12,27.34,59060.33,-1.085383502170767,6.869539097328298,,,,,,,,,,,,,,,,,,,,25.343166666666665,20.506,0.5384615384615384,0.3,6.341357075332753,,0,0,,0,0,0,0,0,,,,False,False,False,False,False
2026-06-22,27.43,27.43,25.4,26.55,60979.46,-2.8895391367959045,7.092760650066925,,,,,,,,,,,,,,,,,,,,25.425250000000002,20.556720000000002,0.42857142857142855,0.3,6.23614339064993,,0,0,,0,0,0,0,0,,,,False,False,False,False,False
2026-06-23,26.29,27.26,26.01,26.55,36650.76,0.0,4.262993938008746,,,,,,,,,,,,,,,,,,,,25.50883333333333,20.60704,0.5384615384615384,0.3,5.948089616393751,,0,0,,0,0,0,0,0,,,,True,False,False,False,False
2026-06-24,26.27,26.69,25.31,25.75,33583.0,-3.0131826741996215,3.906170715699967,,,,,,,,,,,,,,,,,,,,25.57858333333333,20.65468,0.5384615384615384,0.3,5.611748811925899,,0,0,,0,0,0,0,0,,,,False,False,False,False,False
2026-06-25,25.62,25.73,24.1,24.17,44483.85,-6.135922330097077,5.174091421004377,,,,,,,,,,,,,,,,,,,,25.636000000000003,20.6952,0.5384615384615384,0.3,5.493681740079657,,0,0,,0,0,0,0,0,,,,False,False,False,False,False
2026-06-26,24.0,24.16,23.24,23.55,30658.0,-2.5651634257343847,3.5659524700571597,,,,,,,,,,,,,,,,,,,,25.691,20.734399999999997,0.42857142857142855,0.25,5.368799951380778,,0,0,,0,0,0,0,0,,,,False,False,False,False,False
2026-06-29,23.25,24.26,22.63,23.41,38519.24,-0.5944798301486198,4.480324190186071,,,,,,,,,,,,,,,,,,,,25.749416666666665,20.77284,0.5384615384615384,0.25,5.278862298555177,,0,0,,0,0,0,0,0,,,,True,False,False,False,False
2026-06-30,23.83,24.34,23.25,23.8,48154.77,1.665954720205054,5.601070553412956,,,,,,,,,,,,,,,,,,,,25.814416666666666,20.812279999999998,0.5384615384615384,0.3,5.347971034341978,,0,0,,0,0,0,0,0,,,,False,False,False,False,False
2026-07-01,23.68,24.56,23.5,24.08,40553.0,1.17647058823529,4.71687880873599,,,,,,,,,,,,,,,,,,,,25.883666666666667,20.85284,0.6666666666666666,0.35,5.390835799915615,,0,0,,0,0,0,0,0,,,,True,False,False,False,False
2026-07-02,23.64,25.68,23.59,23.8,57300.5,-1.1627906976744096,6.664846353660065,,,,,,,,,,,,,,,,,,,,25.948583333333332,20.89084,0.6666666666666666,0.3,5.512546289309382,,0,0,,0,0,0,0,0,,,,True,False,False,False,False
2026-07-03,25.0,28.56,24.62,28.56,86276.21,19.999999999999996,10.035125062191605,,,,,,,,,,,,,,,,,,,,26.05741666666667,20.94856,0.6666666666666666,0.3,5.768867820559011,,0,0,,0,0,0,0,0,,,,True,False,True,True,False
2026-07-06,27.91,31.1,27.68,29.13,188281.56,1.995798319327724,21.899768215415722,,,,,,,,,,,,,,,,,,,,26.170833333333334,21.00948,0.6666666666666666,0.3,6.481794340106002,,0,0,,0,0,0,0,0,,,,True,False,True,True,False
2026-07-07,28.58,30.94,27.1,27.51,131407.23,-5.561277033985579,15.284491369360993,,,,,,,,,,,,,,,,,,,,26.267,21.06404,0.6666666666666666,0.3,6.895938637423018,,0,0,,0,0,0,0,0,,,,False,False,False,False,False
2026-07-08,27.21,27.22,24.92,24.96,103048.32,-9.269356597600876,11.985955092936285,,,,,,,,,,,,,,,,,,,,26.338250000000002,21.108719999999998,0.6666666666666666,0.3,7.203967177372054,,0,0,,0,0,0,0,0,,,,False,False,False,False,False
2026-07-09,24.74,25.09,23.65,24.88,77393.87,-0.3205128205128305,9.001985188002568,,,,,,,,,,,,,,,,,,,,26.41,21.15416,0.8181818181818182,0.3,7.408490509801048,,0,0,,0,0,0,0,0,,,,True,False,False,False,False
2026-07-10,24.6,26.05,24.24,25.12,77117.63,0.9646302250803984,8.96985462794227,,,,,,,,,,,,,,,,,,,,26.483333333333334,21.1996,0.8181818181818182,0.35,7.670466119351469,,0,0,,0,0,0,0,0,,,,True,False,False,False,False
2026-07-13,24.88,24.88,22.88,23.07,52651.36,-8.160828025477706,6.124086608515517,,,,,,,,,,,,,,,,,,,,26.535166666666665,21.237560000000002,0.8181818181818182,0.3,7.809862316293052,,0,0,,0,0,0,0,0,,,,False,False,False,False,False
2026-07-14,23.0,27.68,22.22,27.68,88828.59,19.98266146510619,10.332002411187771,,,,,,,,,,,,,,,,,,,,26.625666666666667,21.29392,0.8181818181818182,0.3,7.844910611290769,,0,0,,0,0,0,0,0,,,,True,False,False,False,False
2026-07-15,28.5,28.58,26.0,26.52,103926.2,-4.190751445086704,12.088064765922578,,,,,,,,,,,,,,,,,,,,26.709166666666665,21.34648,0.8181818181818182,0.3,8.153452793555278,,0,0,,0,0,0,0,0,,,,False,False,False,False,False
2026-07-16,26.52,26.65,25.72,26.11,71723.66,-1.5460030165912575,8.342460778215797,,,,,,,,,,,,,,,,,,,,26.7885,21.39792,0.8181818181818182,0.3,8.319921115892583,,0,0,,0,0,0,0,0,,,,False,False,False,False,False
2026-07-17,26.2,27.0,24.08,24.36,71338.64,-6.702412868632712,8.29767758883549,,,,,,,,,,,,,,,,,,,,26.854249999999997,21.440920000000002,0.8181818181818182,0.3,8.391328040467943,,0,0,,0,0,0,0,0,,,,False,False,False,False,False
2026-07-20,24.36,25.29,21.6,22.88,83726.0,-6.0755,,,,,,,,,,,,,,,,,,,,,26.907416666666666,21.4758,0.8181818181818182,0.3,,,0,0,,0,0,0,0,0,,,,False,False,False,False,False
2026-07-21,22.5,23.28,19.21,22.65,81455.0,-1.0052,,,,,,,,,,,,,,,,,,,,,26.95925,21.50928,0.8181818181818182,0.3,,,0,0,,0,0,0,0,0,,,,True,False,False,False,False
2026-07-22,22.43,22.6,21.56,21.75,56424.0,-3.9735,,,,,,,,,,,,,,,,,,,,,27.004833333333334,21.53884,0.8181818181818182,0.3,,,0,0,,0,0,0,0,0,,,,False,False,False,False,False
2026-07-23,22.56,23.5,21.75,22.98,68324.0,5.6552,,,,,,,,,,,,,,,,,,,,,27.062166666666666,21.57324,1.0,0.35,,,0,0,,0,0,0,0,0,,,,True,False,False,False,False
2026-07-24,22.31,24.5,21.41,22.31,79461.0,-2.9156,,,,,,,,,,,,,,,,,,,,,27.10166666666667,21.603720000000003,1.1111111111111112,0.35,,,0,0,,0,0,0,0,0,,,,False,False,False,False,False
2026-07-27,22.62,24.38,22.28,23.58,70166.0,5.6925,,,,,,,,,,,,,,,,,,,,,27.139416666666666,21.6382,1.1111111111111112,0.4,,,0,0,,0,0,0,0,0,,,,True,False,False,False,False
2026-07-28,23.69,24.44,22.86,22.89,55771.0,-2.9262,,,,,,,,,,,,,,,,,,,,,27.16875,21.670120000000004,1.1111111111111112,0.35,,,0,0,,0,0,0,0,0,,,,False,False,False,False,False
2026-07-29,22.88,23.28,21.85,22.8,47904.0,-0.3932,,,,,,,,,,,,,,,,,,,,,27.19675,21.701559999999997,0.9,0.3,,,0,0,,0,0,0,0,0,,,,False,False,False,False,False
2026-07-30,22.6,22.75,21.7,21.71,39132.0,-4.7807,,,,,,,,,,,,,,,,,,,,,27.214333333333336,21.7276,0.7272727272727273,0.3,,,0,0,,0,0,0,0,0,,,,False,False,False,False,False
2026-07-31,24.93,24.93,22.78,22.91,55431.0,5.5274,,,,,,,,,,,,,,,,,,,,,27.248166666666666,21.7586,0.5833333333333334,0.3,,,0,0,,0,0,0,0,0,,,,False,False,False,False,False
2026-08-03,22.54,22.83,21.55,22.05,72575.0,-3.7538,,,,,,,,,,,,,,,,,,,,,27.27441666666667,21.78596,0.46153846153846156,0.25,,,0,0,,0,0,0,0,0,,,,False,False,False,False,False
2026-08-04,22.0,23.1,21.69,22.89,57257.0,3.8095,,,,,,,,,,,,,,,,,,,,,27.297666666666665,21.816959999999998,0.5833333333333334,0.3,,,0,0,,0,0,0,0,0,,,,True,False,False,False,False
2026-08-05,19.19,21.3,19.19,20.42,166125.0,-10.7907,,,,,,,,,,,,,,,,,,,,,27.302416666666666,21.83812,0.7272727272727273,0.3,,,0,0,,0,0,0,0,0,,,,True,False,False,False,False
2026-08-06,19.76,20.32,19.36,19.78,108271.0,-3.1342,,,,,,,,,,,,,,,,,,,,,27.26875,21.85712,0.7272727272727273,0.3,,,0,0,,0,0,0,0,0,,,,True,False,False,False,False
2026-08-07,19.6,20.09,19.52,20.07,85878.0,1.4661,,,,,,,,,,,,,,,,,,,,,27.19783333333333,21.876440000000002,0.7272727272727273,0.3,,,0,0,,0,0,0,0,0,,,,True,False,False,False,False
2026-08-10,20.18,22.37,20.1,21.39,125979.0,6.577,,,,,,,,,,,,,,,,,,,,,27.09025,21.90232,0.9,0.35,,,0,0,,0,0,0,0,0,,,,True,False,False,False,False
2026-08-11,21.3,21.56,20.2,21.55,101896.0,0.748,,,,,,,,,,,,,,,,,,,,,26.926833333333335,21.92844,0.9,0.35,,,0,0,,0,0,0,0,0,,,,True,False,False,False,False
2026-08-12,21.4,22.14,21.11,22.0,86660.0,2.0882,,,,,,,,,,,,,,,,,,,,,26.751833333333334,21.9558,1.1111111111111112,0.4,,,0,0,,0,0,0,0,0,,,,True,False,False,False,False
2026-08-13,21.96,21.98,21.0,21.04,74971.0,-4.3636,,,,,,,,,,,,,,,,,,,,,26.619666666666667,21.97924,1.1111111111111112,0.4,,,0,0,,0,0,0,0,0,,,,False,False,False,False,False
2026-08-14,21.0,21.0,20.3,20.8,57040.0,-1.1407,,,,,,,,,,,,,,,,,,,,,26.516666666666666,21.999920000000003,1.1111111111111112,0.4,,,0,0,,0,0,0,0,0,,,,False,False,False,False,False
2026-08-17,20.77,21.04,20.51,21.01,42698.0,1.0096,,,,,,,,,,,,,,,,,,,,,26.42,22.02108,1.375,0.45,,,0,0,,0,0,0,0,0,,,,True,False,False,False,False
2026-08-18,20.91,21.36,20.73,21.34,44090.0,1.5707,,,,,,,,,,,,,,,,,,,,,26.319666666666667,22.04112,1.375,0.5,,,0,0,,0,0,0,0,0,,,,True,False,False,False,False
2026-08-19,20.67,20.8,19.26,19.31,65986.0,-9.5127,,,,,,,,,,,,,,,,,,,,,26.19725,22.05416,1.375,0.5,,,0,0,,0,0,0,0,0,,,,False,False,False,False,False
2026-08-20,19.49,19.64,19.04,19.12,41487.0,-0.9839,,,,,,,,,,,,,,,,,,,,,26.06525,22.06644,1.1111111111111112,0.45,,,0,0,,0,0,0,0,0,,,,False,False,False,False,False
2026-08-21,19.12,19.78,18.55,19.69,43174.0,2.9812,,,,,,,,,,,,,,,,,,,,,25.939166666666665,22.080440000000003,1.2222222222222223,0.5,,,0,0,,0,0,0,0,0,,,,True,False,False,False,False
2026-08-24,19.66,19.68,18.66,19.06,38269.0,-3.1996,,19.704,20.491999999999997,21.0915,22.08833333333333,24.032500000000002,25.6418,23.505,37.943210561054144,-1.1693400997204186,-1.0929599852623086,46601.20000000001,59627.1,32.04258054296258,22.752716898814494,29.58281309980265,9.09252449683818,23.672534268416417,21.0915,18.510465731583583,25.820749999999997,22.09332,1.0,0.45,,0.8212020291322968,0,0,-0.20690731301362753,0,0,1,0,0,0.10645621314310953,0.24474639247245733,32.04258054296258,False,False,False,False,False
2026-08-25,19.0,20.05,18.8,19.91,44715.0,4.4596,,19.418,20.328000000000003,20.942500000000003,21.829333333333334,23.9255,25.5922,23.519699999999997,42.518378294028544,-1.1210343737435764,-1.0985748629585623,46726.20000000001,53909.0,45.487585827940904,28.385193190074574,29.183606463226624,26.788366643770473,23.428696630239365,20.942500000000003,18.45630336976064,25.736666666666665,22.110239999999997,1.2222222222222223,0.5,,0.9569577667347224,0,0,-0.1678334831038013,0,0,1,0,0,0.29235351149587135,0.2374307394283741,45.487585827940904,True,True,False,False,False
2026-08-26,19.91,20.02,19.35,19.67,33860.0,-1.2054,,19.490000000000002,20.095000000000002,20.786,21.601000000000003,23.81883333333333,25.5377,23.533649999999998,41.58610559004417,-1.0895579858843014,-1.0967714875437102,40301.000000000015,48629.0,42.62991545920538,32.2093458752336,30.192186267228948,36.24366509124292,23.1719095143214,20.786,18.400090485678604,25.656999999999996,22.12732,1.2222222222222223,0.5,,0.840177663085283,0,0,-0.17418289448825497,1,1,1,1,1,0.2661269228147126,0.22956889390179905,42.62991545920538,False,True,False,False,False
2026-08-27,19.6,20.09,19.51,19.92,33769.0,1.271,,19.65,19.982999999999997,20.6965,21.39466666666667,23.711666666666666,25.4914,23.54735,42.98841183050777,-1.0325373630784966,-1.0839246626506676,38757.40000000001,44508.8,46.80709342388306,37.72438004968126,32.702917528046385,47.767305092951005,23.070732507570195,20.6965,18.322267492429805,25.58525,22.14428,1.5,0.55,,0.8712916759122127,0,0,-0.15990721866872837,0,1,1,0,1,0.3364734714219978,0.22943323823546927,46.80709342388306,True,True,False,False,False
2026-08-28,19.74,19.94,19.41,19.55,45156.0,-1.8574,,19.622,19.858,20.5285,21.234333333333336,23.596666666666668,25.4469,23.5574,41.40418506899985,-1.0056119479106584,-1.0682621197026658,39153.80000000001,43320.4,41.447424110242565,37.01198290382073,34.1392726533045,42.75740340485319,22.711016895697046,20.5285,18.345983104302956,25.5075,22.15924,1.5,0.5,,1.153298019604738,0,0,-0.17149314874982347,0,1,1,0,1,0.2758322050268733,0.21263286608344936,41.447424110242565,False,False,False,False,False
2026-08-31,19.5,20.76,19.2,20.7,64062.0,5.8824,,19.95,19.826999999999998,20.461,21.16166666666667,23.485333333333337,25.407799999999998,23.574049999999996,47.83842749132537,-0.8813186802103807,-1.030873431804209,44312.40000000001,45456.8,58.97020500923583,56.52650712106565,41.60168414255821,86.3761530780805,22.52570999620385,20.461,18.396290003796146,25.44625,22.17796,1.8571428571428572,0.55,,1.4456901454220485,0,0,-0.1185988418303624,0,0,1,0,0,0.5578773775589363,0.2018190700556036,58.97020500923583,True,True,True,False,False
2026-09-01,21.0,21.25,20.49,21.03,48955.0,1.5942,,20.174,19.796,20.368000000000002,21.107666666666667,23.394166666666667,25.361600000000003,23.592749999999995,49.550371576641915,-0.7475696108701619,-0.9742126676173996,45160.40000000001,45943.3,62.803373619749905,68.30162203132772,50.50166343881472,103.90153921635374,22.115185405762176,20.368000000000002,18.620814594237828,25.380833333333335,22.196879999999997,1.8571428571428572,0.55,,1.0840249422060033,0,0,-0.10105795604317314,0,0,1,0,0,0.689447553137961,0.17156180339377197,62.803373619749905,True,True,True,False,False
2026-09-02,20.86,21.94,20.5,20.91,39283.0,-0.5706,,20.422,19.956,20.3925,21.07966666666667,23.30516666666667,25.3184,23.610200000000006,48.9216019428074,-0.6438337917475359,-0.9081368924434268,46245.000000000015,43273.0,60.34336486895059,68.7399210788989,56.58108265217611,93.05759793234449,22.156417589673893,20.3925,18.628582410326104,25.322999999999997,22.21584,1.8571428571428572,0.55,,0.8494539950264891,0,0,-0.1027740629760211,0,0,1,0,0,0.6466905265386221,0.17299669875433565,60.34336486895059,True,True,False,False,False
2026-09-03,21.26,21.44,20.74,20.96,38484.0,0.2391,,20.630000000000003,20.14,20.451500000000003,21.012333333333334,23.23033333333333,25.2704,23.62925,49.210796084569246,-0.5512335483694386,-0.8367562236286292,47188.000000000015,42972.7,61.10512125682245,69.20059779243667,60.78758769892963,86.02661797945075,22.208078911887334,20.451500000000003,18.69492108811267,25.273916666666665,22.234519999999996,1.5,0.6,,0.8155463253369498,0,0,-0.09773141438636257,0,0,1,0,0,0.6447415759573384,0.17177995862282286,61.10512125682245,False,True,False,False,False
2026-09-04,21.14,21.36,20.59,20.73,35016.0,-1.0973,,20.866000000000003,20.244,20.4845,20.959666666666667,23.153666666666666,25.2241,23.648249999999997,47.86821064950804,-0.49074921468723076,-0.7675548218403496,45160.000000000015,42156.9,55.24712605004494,66.62205457924651,62.73240999236859,74.40134375300235,22.235691774644344,20.4845,18.733308225355657,25.225416666666668,22.24924,1.2222222222222223,0.55,,0.7753764393268376,0,0,-0.10467744489713648,0,0,1,0,0,0.5700951213780854,0.1709772534984348,55.24712605004494,False,False,False,False,False
