date,open,high,low,close,volume,change_rate,turnover,MA5,MA10,MA20,MA30,MA60,MA100,MA200,RSI14,DIF,DEA,VOL_MA5,VOL_MA10,RSI6,K,D,J,BOLL_UPPER,BOLL_MIDDLE,BOLL_LOWER,MA120,MA250,updown_ratio_20,up_days_ratio_20,turnover_ma20,vol_ratio,ma_bull,dif_above_zero,bias60,macd_gold,macd_gold3,dif_below0,kdj_gold,kdj_gold3,boll_pos,boll_width,rsi6,is_yang,above_ma5,break_high5,break_high10,break_close40
2024-08-14,6.62,6.68,6.54,6.65,240798.91,0.605143721633894,0.5208217494759384,,,,,,,,,,,,,,,,,,,,,,,,,,0,0,,0,0,0,0,0,,,,True,False,False,False,False
2024-08-15,6.63,6.79,6.62,6.73,199781.4,1.2030075187969835,0.4321053540514458,,,,,,,,,,,,,,,,,,,,,,,,,,0,0,,0,0,0,0,0,,,,True,False,False,False,False
2024-08-16,6.74,6.75,6.67,6.7,138095.87,-0.4457652303120341,0.29868628810986625,,,,,,,,,,,,,,,,,,,,,,,,,,0,0,,0,0,0,0,0,,,,False,False,False,False,False
2024-08-19,6.7,6.78,6.7,6.76,186042.83,0.8955223880596996,0.4023903272571067,,,,,,,,,,,,,,,,,,,,,,,,,,0,0,,0,0,0,0,0,,,,True,False,False,False,False
2024-08-20,6.77,6.81,6.7,6.73,129086.5,-0.4437869822485063,0.2792000045337652,,,,,,,,,,,,,,,,,,,,,,,,,,0,0,,0,0,0,0,0,,,,False,False,False,False,False
2024-08-21,6.73,6.76,6.67,6.73,109959.68,0.0,0.23783078133291527,,,,,,,,,,,,,,,,,,,,,,,,,,0,0,,0,0,0,0,0,,,,False,False,False,False,False
2024-08-22,6.73,6.75,6.66,6.68,170841.05,-0.7429420505200679,0.3695105370007956,,,,,,,,,,,,,,,,,,,,,,,,,,0,0,,0,0,0,0,0,,,,False,False,False,False,False
2024-08-23,6.66,6.71,6.62,6.65,127766.04,-0.44910179640718084,0.2763439937349082,,,,,,,,,,,,,,,,,,,,,,,,,,0,0,,0,0,0,0,0,,,,False,False,False,False,False
2024-08-26,6.64,6.67,6.57,6.67,133721.63,0.3007518796992459,0.28922528461351477,,,,,,,,,,,,,,,,,,,,,,,,,,0,0,,0,0,0,0,0,,,,True,False,False,False,False
2024-08-27,6.67,6.68,6.58,6.59,98477.0,-1.199400299850073,0.21299499828774968,,,,,,,,,,,,,,,,,,,,,,,,,,0,0,,0,0,0,0,0,,,,False,False,False,False,False
2024-08-28,6.59,6.6,6.46,6.48,148746.98,-1.669195751138075,0.321723476044233,,,,,,,,,,,,,,,,,,,,,,,,,,0,0,,0,0,0,0,0,,,,False,False,False,False,False
2024-08-29,6.45,6.47,6.41,6.43,127306.87,-0.7716049382716195,0.2753508591617207,,,,,,,,,,,,,,,,,,,,,,,,,,0,0,,0,0,0,0,0,,,,False,False,False,False,False
2024-08-30,6.38,6.5,6.31,6.37,283372.79,-0.9331259720062102,0.6129044032702544,,,,,,,,,,,,,,,,,,,,,,,,,,0,0,,0,0,0,0,0,,,,False,False,False,False,False
2024-09-02,6.24,6.3,6.04,6.27,452775.03,-1.5698587127158659,0.9793029513448398,,,,,,,,,,,,,,,,,,,,,,,,,,0,0,,0,0,0,0,0,,,,True,False,False,False,False
2024-09-03,6.23,6.31,6.22,6.28,267912.33,0.15948963317384823,0.5794651164192351,,,,,,,,,,,,,,,,,,,,,,,,,,0,0,,0,0,0,0,0,,,,True,False,False,False,False
2024-09-04,6.28,6.37,6.24,6.31,168820.83,0.4777070063694211,0.36514102172879426,,,,,,,,,,,,,,,,,,,,,,,,,,0,0,,0,0,0,0,0,,,,True,False,False,False,False
2024-09-05,6.31,6.35,6.22,6.32,129651.21,0.15847860538829028,0.2804214106030309,,,,,,,,,,,,,,,,,,,,,,,,,,0,0,,0,0,0,0,0,,,,True,False,False,False,False
2024-09-06,6.3,6.31,6.2,6.22,107612.05,-1.5822784810126667,0.23275311398084053,,,,,,,,,,,,,,,,,,,,,,,,,,0,0,,0,0,0,0,0,,,,False,False,False,False,False
2024-09-09,6.22,6.22,6.12,6.13,130850.65,-1.4469453376205754,0.2830156683560723,,,,,,,,,,,,,,,,,,,,,,,,,,0,0,,0,0,0,0,0,,,,False,False,False,False,False
2024-09-10,6.18,6.18,6.01,6.1,170224.51,-0.4893964110929905,0.3681770283008522,,,,,,,,,,,,,,,,,,,,,,0.7272727272727273,0.3,0.380868218380394,,0,0,,0,0,0,0,0,,,,False,False,False,False,False
2024-09-11,6.1,6.11,5.94,5.97,142912.8,-2.1311475409836023,0.3091047817388579,,,,,,,,,,,,,,,,,,,,,,0.5833333333333334,0.3,0.3702823699935399,,0,0,,0,0,0,0,0,,,,False,False,False,False,False
2024-09-12,5.95,6.01,5.91,5.91,142416.84,-1.005025125628134,0.3080320744127737,,,,,,,,,,,,,,,,,,,,,,0.46153846153846156,0.25,0.3640787060116063,,0,0,,0,0,0,0,0,,,,False,False,False,False,False
2024-09-13,5.95,6.02,5.91,5.92,155568.4,0.16920473773265332,0.33647746267278605,,,,,,,,,,,,,,,,,,,,,,0.46153846153846156,0.3,0.3659682647397523,,0,0,,0,0,0,0,0,,,,False,False,False,False,False
2024-09-18,5.92,5.96,5.81,5.91,174973.32,-0.16891891891891442,0.37844818580787265,,,,,,,,,,,,,,,,,,,,,,0.35714285714285715,0.25,0.3647711576672906,,0,0,,0,0,0,0,0,,,,False,False,False,False,False
2024-09-19,5.92,5.96,5.83,5.86,207545.73,-0.8460236886632777,0.44889875205357344,,,,,,,,,,,,,,,,,,,,,,0.35714285714285715,0.25,0.373256095043281,,0,0,,0,0,0,0,0,,,,False,False,False,False,False
2024-09-20,5.86,5.89,5.77,5.86,175550.68,0.0,0.3796969524458837,,,,,,,,,,,,,,,,,,,,,,0.35714285714285715,0.25,0.38034940359892944,,0,0,,0,0,0,0,0,,,,False,False,False,False,False
2024-09-23,5.85,5.93,5.84,5.92,143592.96,1.0238907849829282,0.31057589355212795,,,,,,,,,,,,,,,,,,,,,,0.46153846153846156,0.3,0.3774026714264961,,0,0,,0,0,0,0,0,,,,True,False,False,False,False
2024-09-24,5.95,6.21,5.95,6.21,299678.83,4.89864864864864,0.6481725873323194,,,,,,,,,,,,,,,,,,,,,,0.5833333333333334,0.35,0.3959941011063666,,0,0,,0,0,0,0,0,,,,True,False,True,False,False
2024-09-25,6.27,6.42,6.27,6.31,267826.13,1.61030595813203,0.5792786752314207,,,,,,,,,,,,,,,,,,,,,,0.5833333333333334,0.35,0.4104967706372619,,0,0,,0,0,0,0,0,,,,True,False,True,True,False
2024-09-26,6.3,6.61,6.28,6.61,310523.99,4.754358161648198,0.6716294842283497,,,,,,,,,,,,,,,,,,,,,,0.7272727272727273,0.4,0.4334284949342919,,0,0,,0,0,0,0,0,,,,True,False,True,True,False
2024-09-27,6.71,6.76,6.58,6.7,284066.31,1.3615733736762392,0.6144044113047449,,,,,,,,,,,,,,,,,,,,,,0.7272727272727273,0.45,0.4480625416973175,,0,0,,0,0,0,0,0,,,,False,False,True,True,False
2024-09-30,6.9,7.29,6.9,7.23,746279.32,7.910447761194028,1.6141206828557224,,,,,,,,,,,,,,,,,,,,,,0.9,0.5,0.5150010328820176,,0,0,,0,0,0,0,0,,,,True,False,True,True,False
2024-10-08,7.96,7.96,7.39,7.54,909377.6,4.287690179806347,1.9668844537802523,,,,,,,,,,,,,,,,,,,,,,0.9,0.55,0.5827000354075176,,0,0,,0,0,0,0,0,,,,False,False,True,True,False
2024-10-09,7.41,7.42,6.78,6.84,700857.62,-9.283819628647215,1.5158785053551216,,,,,,,,,,,,,,,,,,,,,,0.7272727272727273,0.55,0.6095288131080316,,0,0,,0,0,0,0,0,,,,False,False,False,False,False
2024-10-10,6.86,7.14,6.82,6.98,440071.71,2.046783625731008,0.9518270572614627,,,,,,,,,,,,,,,,,,,,,,0.7272727272727273,0.55,0.6281469101501429,,0,0,,0,0,0,0,0,,,,True,False,False,False,False
2024-10-11,6.94,7.03,6.82,6.88,274653.77,-1.4326647564469996,0.5940461150408114,,,,,,,,,,,,,,,,,,,,,,0.5833333333333334,0.5,0.6395921648157439,,0,0,,0,0,0,0,0,,,,False,False,False,False,False
2024-10-14,6.93,7.06,6.85,6.95,286688.13,1.0174418604651292,0.6200751216879896,,,,,,,,,,,,,,,,,,,,,,0.5833333333333334,0.5,0.6565748503699917,,0,0,,0,0,0,0,0,,,,True,False,False,False,False
2024-10-15,6.93,6.97,6.83,6.83,229501.53,-1.726618705035976,0.4963867500978495,,,,,,,,,,,,,,,,,,,,,,0.5833333333333334,0.5,0.6697565321758422,,0,0,,0,0,0,0,0,,,,False,False,False,False,False
2024-10-16,6.78,6.97,6.77,6.91,235094.54,1.171303074670571,0.5084838200265981,,,,,,,,,,,,,,,,,,,,,,0.7272727272727273,0.55,0.6810299397593685,,0,0,,0,0,0,0,0,,,,True,False,False,False,False
2024-10-17,6.95,6.95,6.75,6.76,260830.31,-2.170767004341534,0.5641474804456189,,,,,,,,,,,,,,,,,,,,,,0.7272727272727273,0.55,0.6908284623666068,,0,0,,0,0,0,0,0,,,,False,False,False,False,False
2024-10-18,6.78,6.95,6.64,6.83,328606.86,1.0355029585798814,0.7107407575681914,,,,,,,,,,,,,,,,,,,,,,0.9,0.6,0.7109102611580735,,0,0,,0,0,0,0,0,,,,True,False,False,False,False
2024-10-21,6.87,6.87,6.67,6.75,314582.45,-1.171303074670571,0.680407490064747,,,,,,,,,,,,,,,,,,,,,,0.9,0.6,0.7295290319406722,,0,0,,0,0,0,0,0,,,,False,False,False,False,False
2024-10-22,6.78,6.8,6.72,6.77,190699.04,0.2962962962962834,0.4124612010751293,,,,,,,,,,,,,,,,,,,,,,0.9,0.6,0.7333282188607894,,0,0,,0,0,0,0,0,,,,False,False,False,False,False
2024-10-23,6.77,6.92,6.77,6.87,242503.37,1.4771048744461002,0.5245083103458017,,,,,,,,,,,,,,,,,,,,,,1.1111111111111112,0.65,0.7406312250876858,,0,0,,0,0,0,0,0,,,,True,False,False,False,False
2024-10-24,6.86,6.91,6.82,6.87,135531.16,0.0,0.2931391004207757,,,,,,,,,,,,,,,,,,,,,,1.375,0.65,0.7328432425060458,,0,0,,0,0,0,0,0,,,,True,False,False,False,False
2024-10-25,6.85,6.94,6.85,6.9,165481.13,0.4366812227074357,0.35791761529092964,,,,,,,,,,,,,,,,,,,,,,1.5,0.7,0.7317542756482982,,0,0,,0,0,0,0,0,,,,True,False,False,False,False
2024-10-28,6.89,6.91,6.78,6.86,243386.24,-0.5797101449275366,0.5264178617551493,,,,,,,,,,,,,,,,,,,,,,1.2222222222222223,0.65,0.7425463740584493,,0,0,,0,0,0,0,0,,,,False,False,False,False,False
2024-10-29,6.86,6.92,6.78,6.78,207427.54,-1.1661807580174988,0.4486431199887499,,,,,,,,,,,,,,,,,,,,,,1.0,0.6,0.7325699006912708,,0,0,,0,0,0,0,0,,,,False,False,False,False,False
2024-10-30,6.78,6.81,6.65,6.73,264420.56,-0.7374631268436516,0.5719127991759071,,,,,,,,,,,,,,,,,,,,,,0.8181818181818182,0.55,0.7322016068884951,,0,0,,0,0,0,0,0,,,,False,False,False,False,False
2024-10-31,6.75,6.79,6.64,6.72,202085.64,-0.14858841010402246,0.4370891735712785,,,,,,,,,,,,,,,,,,,,,,0.6666666666666666,0.5,0.7204745913556415,,0,0,,0,0,0,0,0,,,,False,False,False,False,False
2024-11-01,6.69,6.83,6.69,6.78,263461.22,0.8928571428571397,0.5698378515063257,,,,,,,,,,,,,,,,,,,,,,0.8181818181818182,0.5,0.7182462633657206,,0,0,,0,0,0,0,0,,,,True,False,False,False,False
2024-11-04,6.79,6.87,6.69,6.87,219654.2,1.327433628318575,0.4750880505386742,,,,,,,,,,,,,,,,,,,,,,0.8181818181818182,0.5,0.6612946317498681,,0,0,,0,0,0,0,0,,,,True,False,False,False,False
2024-11-05,6.87,6.96,6.86,6.93,267710.02,0.8733624454148492,0.5790275419794818,,,,,,,,,,,,,,,,,,,,,,1.0,0.5,0.5919017861598296,,0,0,,0,0,0,0,0,,,,True,False,True,False,False
2024-11-06,6.93,6.94,6.8,6.85,309594.04,-1.1544011544011523,0.6696181039196716,,,,,,,,,,,,,,,,,,,,,,1.0,0.5,0.5495887660880572,,0,0,,0,0,0,0,0,,,,False,False,False,False,False
2024-11-07,6.81,7.02,6.79,7.0,335160.52,2.1897810218978186,0.7249156085534824,,,,,,,,,,,,,,,,,,,,,,1.0,0.5,0.5382431936526582,,0,0,,0,0,0,0,0,,,,True,False,True,True,False
2024-11-08,7.07,7.12,6.87,6.91,332878.08,-1.285714285714279,0.7199789400533058,,,,,,,,,,,,,,,,,,,,,,1.0,0.5,0.5445398349032828,,0,0,,0,0,0,0,0,,,,False,False,False,False,False
2024-11-11,6.89,6.91,6.78,6.83,284658.73,-1.157742402315487,0.6156857510783532,,,,,,,,,,,,,,,,,,,,,,0.8181818181818182,0.45,0.544320366372801,,0,0,,0,0,0,0,0,,,,False,False,False,False,False
2024-11-12,6.84,6.92,6.78,6.81,294837.02,-0.2928257686676483,0.6377002809799771,,,,,,,,,,,,,,,,,,,,,,0.8181818181818182,0.45,0.5513860429169075,,0,0,,0,0,0,0,0,,,,False,False,False,False,False
2024-11-13,6.79,6.92,6.79,6.84,246297.47,0.4405286343612369,0.5327145343676907,,,,,,,,,,,,,,,,,,,,,,0.8181818181818182,0.45,0.552597578633962,,0,0,,0,0,0,0,0,,,,True,False,False,False,False
2024-11-14,6.86,6.87,6.75,6.75,268521.81,-1.3157894736842035,0.5807833551100606,,,,,,,,,,,,,,,,,,,,,,0.8181818181818182,0.45,0.5534293723671841,,0,0,,0,0,0,0,0,,,,False,False,False,False,False
2024-11-15,6.77,6.85,6.74,6.78,206536.75,0.4444444444444473,0.44671643848418796,,,,,,,,,,,,,,,,,,,,,,0.8181818181818182,0.45,0.5402281564129839,,0,0,,0,0,0,0,0,,,,True,False,False,False,False
2024-11-18,6.9,7.08,6.84,6.87,561869.71,1.327433628318575,1.215262832127181,,,,,,,,,,,,,,,,,,,,,,0.8181818181818182,0.5,0.5669709235161056,,0,0,,0,0,0,0,0,,,,False,False,False,False,False
2024-11-19,6.86,6.96,6.8,6.92,323559.31,0.727802037845704,0.6998234580606177,,,,,,,,,,,,,,,,,,,,,,1.0,0.5,0.5813390363653801,,0,0,,0,0,0,0,0,,,,True,False,False,False,False
2024-11-20,6.89,6.92,6.83,6.88,228779.72,-0.5780346820809301,0.4948255538823466,,,,,,,,,,,,,,,,,,,,,,0.8181818181818182,0.45,0.5798548985422074,,0,0,,0,0,0,0,0,,,,False,False,False,False,False
2024-11-21,6.89,6.98,6.84,6.96,307933.0,1.1627906976744207,0.6660254557687746,,,,,,,,,,,,,,,,,,,,,,0.8181818181818182,0.5,0.5984992163096072,,0,0,,0,0,0,0,0,,,,True,False,False,False,False
2024-11-22,6.96,7.01,6.77,6.77,280023.0,-2.7298850574712707,0.6056591732641177,,,,,,,,,,,,,,,,,,,,,,0.6666666666666666,0.45,0.6108862942082667,,0,0,,0,0,0,0,0,,,,False,False,False,False,False
2024-11-25,6.78,6.89,6.76,6.83,257649.67,0.886262924667669,0.5572681034199789,,,,,,,,,,,,,,,,,,,,,,0.8181818181818182,0.5,0.6124288062915082,,0,0,,0,0,0,0,0,,,,True,False,False,False,False
2024-11-26,6.81,6.86,6.78,6.81,148614.75,-0.2928257686676483,0.3214374769924383,,,,,,,,,,,,,,,,,,,,,,0.9,0.5,0.6060685241416925,,0,0,,0,0,0,0,0,,,,False,False,False,False,False
2024-11-27,6.82,7.03,6.79,7.0,355940.56,2.7900146842878115,0.7698605660990957,,,,,,,,,,,,,,,,,,,,,,1.1111111111111112,0.55,0.615965912487852,,0,0,,0,0,0,0,0,,,,True,False,False,False,False
2024-11-28,7.01,7.09,6.95,7.04,257355.05,0.5714285714285783,0.5566308725295624,,,,,,,,,,,,,,,,,,,,,,1.375,0.6,0.6219429974357662,,0,0,,0,0,0,0,0,,,,True,False,True,False,False
2024-11-29,7.06,7.29,7.04,7.24,452877.6,2.840909090909083,0.9795247990552126,,,,,,,,,,,,,,,,,,,,,,1.375,0.6,0.6424273448132105,,0,0,,0,0,0,0,0,,,,True,False,True,True,False
2024-12-02,7.27,7.37,7.14,7.18,377252.94,-0.8287292817679592,0.815956916938458,,,,,,,,,,,,,,,,,,,,,,1.1111111111111112,0.55,0.6594707881331997,,0,0,,0,0,0,0,0,,,,False,False,False,False,False
2024-12-03,7.21,7.23,7.14,7.22,316039.92,0.557103064066844,0.6835598385334701,,,,,,,,,,,,,,,,,,,,,,1.1111111111111112,0.55,0.6646974029608992,,0,0,,0,0,0,0,0,,,,True,False,False,False,False
2024-12-04,7.24,7.24,7.13,7.17,191759.19,-0.6925207756232621,0.414754189767258,,,,,,,,,,,,,,,,,,,,,,1.1111111111111112,0.55,0.6519542072532785,,0,0,,0,0,0,0,0,,,,False,False,False,False,False
2024-12-05,7.17,7.2,7.08,7.2,208022.07,0.4184100418409997,0.4499290234619671,,,,,,,,,,,,,,,,,,,,,,1.1111111111111112,0.55,0.6382048779987027,,0,0,,0,0,0,0,0,,,,True,False,False,False,False
2024-12-06,7.2,7.32,7.16,7.3,223980.21,1.388888888888884,0.48444473781126357,,,,,,,,,,,,,,,,,,,,,,1.375,0.6,0.6264281678866006,,0,0,,0,0,0,0,0,,,,True,False,False,False,True
2024-12-09,7.32,7.38,7.25,7.33,209797.66,0.4109589041095818,0.4537694307551396,,,,,,,,,,,,,,,,,,,,,,1.7142857142857142,0.65,0.6183323518704399,,0,0,,0,0,0,0,0,,,,True,False,False,False,True
2024-12-10,7.43,7.5,7.35,7.38,299701.18,0.6821282401091366,0.648220927941921,,,,,,,,,,,,,,,,,,,,,,1.7142857142857142,0.7,0.6188583842185371,,0,0,,0,0,0,0,0,,,,False,False,False,False,True
2024-12-11,7.36,7.56,7.34,7.55,326681.79,2.3035230352303593,0.7065770413567533,,,,,,,,,,,,,,,,,,,,,,1.7142857142857142,0.7,0.6275515095679902,,0,0,,0,0,0,0,0,,,,True,False,True,True,True
2024-12-12,7.55,7.78,7.52,7.74,409488.33,2.516556291390737,0.885678545723402,,,,,,,,,,,,,,,,,,,,,,2.1666666666666665,0.75,0.6427962690986573,,0,0,,0,0,0,0,0,,,,True,False,True,True,True
2024-12-13,7.73,7.85,7.66,7.76,666553.98,0.2583979328165231,1.4416834776525758,,,,,,,,,,,,,,,,,,,,,,2.1666666666666665,0.75,0.6925446210570767,,0,0,,0,0,0,0,0,,,,True,False,False,False,True
2024-12-16,7.81,8.31,7.75,8.2,1133546.84,5.670103092783507,2.451738042841314,,,,,,,,,,,,,,,,,,,,,,2.8,0.75,0.7543683815927833,,0,0,,0,0,0,0,0,,,,True,False,True,True,True
2024-12-17,8.16,9.03,7.7,8.5,1801450.8,3.658536585365857,3.896341379829455,,,,,,,,,,,,,,,,,,,,,,2.8,0.75,0.9141942776812252,,0,0,,0,0,0,0,0,,,,True,False,True,True,True
2024-12-18,8.02,8.15,7.76,7.84,1165994.2,-7.76470588235294,2.521918139591235,,,,,,,,,,,,,,,,,,,,,,2.8,0.75,1.0155489069666697,,0,0,,0,0,0,0,0,,,,False,False,False,False,False
2024-12-19,7.73,7.79,7.57,7.66,653502.4,-2.2959183673469385,1.4134543352157385,,,,,,,,,,,,,,,,,,,,,,2.1666666666666665,0.7,1.0529203509390177,,0,0,,0,0,0,0,0,,,,False,False,False,False,False
2024-12-20,7.63,7.88,7.62,7.7,489999.39,0.5221932114882533,1.059815177493713,,,,,,,,,,,,,,,,,,,,,,2.8,0.75,1.0756281511504977,,0,0,,0,0,0,0,0,,,,True,False,False,False,False
2024-12-23,7.7,7.94,7.66,7.78,543608.15,1.0389610389610393,1.1757650718285158,,,,,,,,,,,,,,,,,,,,,,2.8,0.75,1.1065529995709245,,0,0,,0,0,0,0,0,,,,True,False,False,False,False
2024-12-24,7.76,7.83,7.69,7.8,355872.84,0.25706940874035134,0.7697140951334485,,,,,,,,,,,,,,,,,,,,,,3.0,0.8,1.128966830477975,,0,0,,0,0,0,0,0,,,,True,False,False,False,False
2024-12-25,7.76,7.9,7.72,7.87,332904.67,0.8974358974358942,0.7200364513199413,,,,,,,,,,,,,,,,,,,,,,3.0,0.8,1.1264756247390173,,0,0,,0,0,0,0,0,,,,True,False,False,False,False
2024-12-26,7.86,7.96,7.79,7.82,300806.62,-0.6353240152477735,0.6506118739588307,,,,,,,,,,,,,,,,,,,,,,2.3333333333333335,0.75,1.1311746748104805,,0,0,,0,0,0,0,0,,,,False,False,False,False,False
2024-12-27,7.82,8.08,7.81,8.04,426693.38,2.813299232736566,0.9228911902524864,,,,,,,,,,,,,,,,,,,,,,2.3333333333333335,0.75,1.1283429943703442,,0,0,,0,0,0,0,0,,,,True,False,True,False,False
2024-12-30,8.04,8.09,7.95,8.07,352884.72,0.3731343283582156,0.7632511178465329,,,,,,,,,,,,,,,,,,,,,,3.0,0.8,1.125707704415748,,0,0,,0,0,0,0,0,,,,True,False,False,False,False
2024-12-31,8.08,8.2,8.05,8.07,401248.26,0.0,0.8678561740473666,,,,,,,,,,,,,,,,,,,,,,2.3333333333333335,0.75,1.1349225211914429,,0,0,,0,0,0,0,0,,,,False,False,False,False,False
2025-01-02,8.06,8.22,7.79,7.85,563773.18,-2.726146220570025,1.219379829897125,,,,,,,,,,,,,,,,,,,,,,2.3333333333333335,0.75,1.1751538031979363,,0,0,,0,0,0,0,0,,,,False,False,False,False,False
2025-01-03,7.85,7.88,7.71,7.75,373004.61,-1.273885350318471,0.8067682430239826,,,,,,,,,,,,,,,,,,,,,,1.8571428571428572,0.7,1.192995764176037,,0,0,,0,0,0,0,0,,,,False,False,False,False,False
2025-01-06,7.68,7.75,7.63,7.74,279014.23,-0.1290322580645098,0.6034773139018023,,,,,,,,,,,,,,,,,,,,,,1.8571428571428572,0.65,1.1989473929805639,,0,0,,0,0,0,0,0,,,,True,False,False,False,False
2025-01-07,7.72,7.78,7.64,7.7,223255.12,-0.5167958656330796,0.4828764473139042,,,,,,,,,,,,,,,,,,,,,,1.5,0.6,1.200402743808502,,0,0,,0,0,0,0,0,,,,False,False,False,False,False
2025-01-08,7.69,7.71,7.52,7.6,304096.65,-1.2987012987013102,0.657727849610167,,,,,,,,,,,,,,,,,,,,,,1.5,0.55,1.2008780898919142,,0,0,,0,0,0,0,0,,,,False,False,False,False,False
2025-01-09,7.59,7.63,7.4,7.41,230628.46,-2.499999999999991,0.4988241766382641,,,,,,,,,,,,,,,,,,,,,,1.2222222222222223,0.5,1.19049044665599,,0,0,,0,0,0,0,0,,,,False,False,False,False,False
2025-01-10,7.44,7.47,7.31,7.35,178266.96,-0.809716599190291,0.3855719694950327,,,,,,,,,,,,,,,,,,,,,,1.0,0.45,1.1654851178445715,,0,0,,0,0,0,0,0,,,,False,False,False,False,False
2025-01-13,7.34,7.36,7.23,7.28,188642.49,-0.952380952380949,0.4080131079800038,,,,,,,,,,,,,,,,,,,,,,0.8181818181818182,0.4,1.113801599360943,,0,0,,0,0,0,0,0,,,,False,False,False,False,False
2025-01-14,7.29,7.47,7.28,7.45,210301.73,2.335164835164827,0.4548596791256922,,,,,,,,,,,,,,,,,,,,,,0.8181818181818182,0.4,1.0139576811751618,,0,0,,0,0,0,0,0,,,,True,False,False,False,False
2025-01-15,7.45,7.52,7.34,7.37,239248.69,-1.0738255033557076,0.5174687928845958,,,,,,,,,,,,,,,,,,,,,,0.6666666666666666,0.35,0.8450140518279188,,0,0,,0,0,0,0,0,,,,False,False,False,False,False
2025-01-16,7.41,7.51,7.34,7.41,212506.27,0.5427408412483015,0.45962785843177656,,,,,,,,,,,,,,,,,,,,,,0.7272727272727273,0.4,0.741899537769946,,0,0,,0,0,0,0,0,,,,False,False,False,False,False
2025-01-17,7.4,7.47,7.32,7.39,147034.52,-0.26990553306343035,0.3180196120478903,,,,,,,,,,,,,,,,,,,,,,0.7272727272727273,0.4,0.6871278016115536,,0,0,,0,0,0,0,0,,,,False,False,False,False,False
2025-01-20,7.43,7.52,7.34,7.35,221403.96,-0.5412719891745632,0.4788725903622266,,,,,,,,,,,,,,,,,,,,,,0.5833333333333334,0.35,0.6580806722549792,,0,0,,0,0,0,0,0,,,,False,False,False,False,False
2025-01-21,7.39,7.4,7.29,7.31,157600.37,-0.5442176870748328,0.3408723919118039,,,,,,,,,,,,,,,,,,,,,,0.46153846153846156,0.3,0.6163360382591436,,0,0,,0,0,0,0,0,,,,False,False,False,False,False
2025-01-22,7.31,7.33,7.22,7.24,155265.27,-0.9575923392612817,0.3358218255815773,,,,,,,,,,,,,,,,,,,,,,0.35714285714285715,0.25,0.5946414247815501,,0,0,,0,0,0,0,0,,,,False,False,False,False,False
2025-01-23,7.29,7.39,7.29,7.32,170847.55,1.104972375690605,0.36952459579106006,,,,,,,,,,,,,,,,,,,,,,0.35714285714285715,0.25,0.5771158320051061,,0,0,,0,0,0,0,0,,,,True,False,False,False,False
2025-01-24,7.32,7.42,7.28,7.37,179282.23,0.6830601092896238,0.38776788764761255,,,,,,,,,,,,,,,,,,,,,,0.46153846153846156,0.3,0.5639736326895453,,0,0,,0,0,0,0,0,,,,True,False,False,False,False
2025-01-27,7.38,7.43,7.36,7.4,171297.18,0.4070556309362372,0.370497096385921,,,,,,,,,,,,,,,,,,,,,,0.46153846153846156,0.3,0.5363539279962168,,0,0,,0,0,0,0,0,,,,True,False,False,False,False
2025-02-05,7.41,7.42,7.31,7.34,210921.99,-0.8108108108108136,0.4562012337794485,,,,,,,,,,,,,,,,,,,,,,0.35714285714285715,0.25,0.5210014337928627,,0,0,,0,0,0,0,0,,,,False,False,False,False,False
2025-02-06,7.33,7.4,7.24,7.28,284880.6,-0.8174386920980825,0.6161656316623485,,,,,,,,,,,,,,,,,,,,,,0.35714285714285715,0.25,0.5084169066736117,,0,0,,0,0,0,0,0,,,,False,False,False,False,False
2025-02-07,7.25,7.34,7.16,7.28,252212.86,0.0,0.5455088770357388,,,,,,,,,,,,,,,,,,,,,,0.46153846153846156,0.25,0.47472335903054236,,0,0,,0,0,0,0,0,,,,True,False,False,False,False
2025-02-10,7.28,7.37,7.24,7.28,188436.24,0.0,0.4075670117504593,,,,,,,,,,,,,,,,,,,,,,0.5,0.25,0.45476329746686633,,0,0,,0,0,0,0,0,,,,False,False,False,False,False
2025-02-11,7.34,7.46,7.34,7.44,360594.23,2.19780219780219,0.7799259461744611,,,,,,,,,,,,,,,,,,,,,,0.5,0.3,0.4635857290804991,,0,0,,0,0,0,0,0,,,,True,False,True,False,False
2025-02-12,7.41,7.44,7.33,7.4,194746.8,-0.5376344086021501,0.4212160639798605,,,,,,,,,,,,,,,,,,,,,,0.5,0.3,0.46050270991379694,,0,0,,0,0,0,0,0,,,,False,False,False,False,False
2025-02-13,7.4,7.46,7.36,7.4,189149.88,0.0,0.40911053714804524,,,,,,,,,,,,,,,,,,,,,,0.5454545454545454,0.3,0.4480718442906909,,0,0,,0,0,0,0,0,,,,False,False,False,False,False
2025-02-14,7.41,7.42,7.3,7.33,226555.48,-0.9459459459459474,0.49001476562730684,,,,,,,,,,,,,,,,,,,,,,0.5454545454545454,0.3,0.44763137374014306,,0,0,,0,0,0,0,0,,,,False,False,False,False,False
2025-02-17,7.34,7.35,7.28,7.3,172252.81,-0.4092769440654842,0.37256401973059766,,,,,,,,,,,,,,,,,,,,7.018083333333333,,0.5454545454545454,0.3,0.44698097625192135,,0,0,,0,0,0,0,0,,,,False,False,False,False,False
2025-02-18,7.3,7.36,7.25,7.26,209759.67,-0.5479452054794498,0.453687262533271,,,,,,,,,,,,,,,,,,,,7.023166666666667,,0.5454545454545454,0.3,0.4492646839795847,,0,0,,0,0,0,0,0,,,,False,False,False,False,False
2025-02-19,7.28,7.31,7.23,7.31,183095.78,0.688705234159781,0.39601617989575416,,,,,,,,,,,,,,,,,,,,7.0280000000000005,,0.5454545454545454,0.3,0.44632250901808784,,0,0,,0,0,0,0,0,,,,True,False,False,False,False
2025-02-20,7.3,7.34,7.28,7.3,153506.73,-0.1367989056087482,0.3320182955767138,,,,,,,,,,,,,,,,,,,,7.0329999999999995,,0.6,0.3,0.4370499841526937,,0,0,,0,0,0,0,0,,,,False,False,False,False,False
2025-02-21,7.32,7.39,7.31,7.34,199663.07,0.5479452054794498,0.43184941918190883,,,,,,,,,,,,,,,,,,,,7.037833333333333,,0.7,0.3,0.4356610621902003,,0,0,,0,0,0,0,0,,,,True,False,False,False,False
2025-02-24,7.35,7.39,7.31,7.35,181571.63,0.13623978201635634,0.39271960986782606,,,,,,,,,,,,,,,,,,,,7.043,,0.7777777777777778,0.35,0.4393960620811971,,0,0,,0,0,0,0,0,,,,False,False,False,False,False
2025-02-25,7.33,7.39,7.28,7.3,229924.23,-0.6802721088435382,0.49730100404319955,,,,,,,,,,,,,,,,,,,,7.04775,,0.7777777777777778,0.35,0.44031748276524574,,0,0,,0,0,0,0,0,,,,False,False,False,False,False
2025-02-26,7.29,7.38,7.29,7.32,226718.69,0.273972602739736,0.4903677710363927,,,,,,,,,,,,,,,,,,,,7.053083333333333,,1.0,0.4,0.44779225172147524,,0,0,,0,0,0,0,0,,,,True,False,False,False,False
2025-02-27,7.33,7.52,7.32,7.48,359313.14,2.1857923497267784,0.7771550883867904,,,,,,,,,,,,,,,,,,,,7.0600000000000005,,1.2857142857142858,0.45,0.46985891486173587,,0,0,,0,0,0,0,0,,,,True,False,True,True,False
2025-02-28,7.48,7.59,7.41,7.47,248602.68,-0.13368983957220415,0.537700451891609,,,,,,,,,,,,,,,,,,,,7.066666666666666,,1.0,0.4,0.4782677076667632,,0,0,,0,0,0,0,0,,,,False,False,False,False,False
2025-03-03,7.48,7.51,7.36,7.42,274181.06,-0.669344042838016,0.5930236949260578,,,,,,,,,,,,,,,,,,,,7.073583333333334,,0.7777777777777778,0.35,0.4885304980306855,,0,0,,0,0,0,0,0,,,,False,False,False,False,False
2025-03-04,7.39,7.64,7.39,7.64,272874.59,2.96495956873315,0.5901979429696314,,,,,,,,,,,,,,,,,,,,7.0832500000000005,,0.7777777777777778,0.35,0.49951554035987106,,0,0,,0,0,0,0,0,,,,True,False,True,True,False
2025-03-05,7.64,7.67,7.56,7.64,188556.7,0.0,0.4078275535774214,,,,,,,,,,,,,,,,,,,,7.093333333333334,,0.875,0.35,0.49709685634976963,,0,0,,0,0,0,0,0,,,,False,False,False,False,False
2025-03-06,7.65,7.68,7.55,7.64,203571.9,0.0,0.44030379166641903,,,,,,,,,,,,,,,,,,,,7.103916666666667,,0.875,0.35,0.48830376434997325,,0,0,,0,0,0,0,0,,,,False,False,False,False,False
2025-03-07,7.64,7.64,7.54,7.55,150148.6,-1.1780104712041828,0.3247550270612225,,,,,,,,,,,,,,,,,,,,7.114583333333333,,0.6666666666666666,0.35,0.4772660718512475,,0,0,,0,0,0,0,0,,,,False,False,False,False,False
2025-03-10,7.54,7.56,7.42,7.44,234205.73,-1.4569536423840956,0.5065614210458397,,,,,,,,,,,,,,,,,,,,7.12425,,0.6,0.35,0.4822157923160164,,0,0,,0,0,0,0,0,,,,False,False,False,False,False
2025-03-11,7.41,7.6,7.39,7.6,183276.58,2.1505376344086002,0.39640723055418636,,,,,,,,,,,,,,,,,,,,7.135000000000001,,0.6,0.35,0.4630398565350028,,0,0,,0,0,0,0,0,,,,True,False,False,False,False
2025-03-12,7.59,7.59,7.46,7.47,209397.27,-1.7105263157894735,0.45290343090375873,,,,,,,,,,,,,,,,,,,,7.144583333333333,,0.6,0.35,0.46462422488119764,,0,0,,0,0,0,0,0,,,,False,False,False,False,False
2025-03-13,7.49,7.5,7.41,7.45,257140.82,-0.2677376171351997,0.5561675164313549,,,,,,,,,,,,,,,,,,,,7.1548333333333325,,0.5454545454545454,0.35,0.47197707384536314,,0,0,,0,0,0,0,0,,,,False,False,False,False,False
2025-03-14,7.46,7.52,7.44,7.5,342495.92,0.6711409395973034,0.7407812778005143,,,,,,,,,,,,,,,,,,,,7.16625,,0.7,0.4,0.4845153994540234,,0,0,,0,0,0,0,0,,,,True,False,False,False,False
2025-03-17,7.53,7.55,7.47,7.47,221563.01,-0.40000000000000036,0.4792165981455432,,,,,,,,,,,,,,,,,,,,7.177666666666667,,0.7,0.4,0.4898480283747707,,0,0,,0,0,0,0,0,,,,False,False,False,False,False
2025-03-18,7.5,7.5,7.43,7.47,188245.68,0.0,0.4071548512777224,,,,,,,,,,,,,,,,,,,,7.190166666666667,,0.7,0.4,0.4875214078119933,,0,0,,0,0,0,0,0,,,,False,False,False,False,False
2025-03-19,7.47,7.49,7.42,7.44,262469.73,-0.40160642570280514,0.5676933668972056,,,,,,,,,,,,,,,,,,,,7.202916666666667,,0.5454545454545454,0.35,0.4961052671620658,,0,0,,0,0,0,0,0,,,,False,False,False,False,False
2025-03-20,7.45,7.46,7.38,7.39,283045.99,-0.6720430107526987,0.6121975705535749,,,,,,,,,,,,,,,,,,,,7.215166666666666,,0.5,0.35,0.510114230910909,,0,0,,0,0,0,0,0,,,,False,False,False,False,False
2025-03-21,7.39,7.45,7.36,7.39,299220.81,0.0,0.6471819400835633,,,,,,,,,,,,,,,,,,,,7.2275,,0.4166666666666667,0.3,0.5208808569559917,,0,0,,0,0,0,0,0,,,,False,False,False,False,False
2025-03-24,7.39,7.45,7.39,7.41,199591.22,0.27063599458727605,0.43169401547721664,,,,,,,,,,,,,,,,,,,,7.2404166666666665,,0.5,0.3,0.5228295772364612,,0,0,,0,0,0,0,0,,,,True,False,False,False,False
2025-03-25,7.42,7.48,7.39,7.46,192321.64,0.6747638326585648,0.41597070770329325,,,,,,,,,,,,,,,,,,,,7.253749999999999,,0.6363636363636364,0.35,0.5187630624194658,,0,0,,0,0,0,0,0,,,,True,False,False,False,False
2025-03-26,7.46,7.48,7.44,7.44,128613.67,-0.2680965147452974,0.27817732487211433,,,,,,,,,,,,,,,,,,,,7.266416666666667,,0.5,0.3,0.5081535401112519,,0,0,,0,0,0,0,0,,,,False,False,False,False,False
2025-03-27,7.44,7.48,7.44,7.46,105697.87,0.26881720430107503,0.22861295165032225,,,,,,,,,,,,,,,,,,,,7.276833333333333,,0.5,0.3,0.48072643327442854,,0,0,,0,0,0,0,0,,,,True,False,False,False,False
2025-03-28,7.46,7.51,7.44,7.49,186263.85,0.40214477211797384,0.4028683693839136,,,,,,,,,,,,,,,,,,,,7.286666666666667,,0.6363636363636364,0.35,0.4739848291490437,,0,0,,0,0,0,0,0,,,,True,False,True,False,False
2025-03-31,7.5,7.57,7.4,7.4,286873.23,-1.2016021361815787,0.6204754727769044,,,,,,,,,,,,,,,,,,,,7.2932500000000005,,0.6363636363636364,0.35,0.47535741804158615,,0,0,,0,0,0,0,0,,,,False,False,False,False,False
2025-04-01,7.4,7.51,7.37,7.46,275175.79,0.8108108108108025,0.595175187301402,,,,,,,,,,,,,,,,,,,,7.299583333333333,,0.6363636363636364,0.35,0.4756062802581747,,0,0,,0,0,0,0,0,,,,True,False,False,False,False
2025-04-02,7.47,7.57,7.46,7.51,212013.48,0.6702412868632601,0.45856200746955983,,,,,,,,,,,,,,,,,,,,7.301916666666667,,0.7272727272727273,0.4,0.4781430029527816,,0,0,,0,0,0,0,0,,,,True,False,False,False,False
2025-04-03,7.48,7.51,7.39,7.42,339669.08,-1.1984021304926706,0.7346671315434213,,,,,,,,,,,,,,,,,,,,7.300916666666667,,0.7272727272727273,0.4,0.4928611699466317,,0,0,,0,0,0,0,0,,,,False,False,False,False,False
2025-04-07,7.19,7.25,6.68,6.93,697247.29,-6.6037735849056585,1.5080697557773703,,,,,,,,,,,,,,,,,,,,7.301666666666666,,0.7272727272727273,0.4,0.5520269063824391,,0,0,,0,0,0,0,0,,,,False,False,False,False,False
2025-04-08,6.94,7.22,6.94,7.14,502231.1,3.0303030303030276,1.0862710306422274,,,,,,,,,,,,,,,,,,,,7.302999999999999,,0.9,0.45,0.5810123868622584,,0,0,,0,0,0,0,0,,,,True,False,False,False,False
2025-04-09,7.06,7.07,6.86,6.99,565768.57,-2.1008403361344463,1.223695640590316,,,,,,,,,,,,,,,,,,,,7.303916666666666,,0.7272727272727273,0.4,0.622376807364065,,0,0,,0,0,0,0,0,,,,False,False,False,False,False
2025-04-10,7.03,7.23,7.0,7.16,352025.12,2.4320457796852546,0.7613918969063321,,,,,,,,,,,,,,,,,,,,7.305666666666667,,0.9,0.45,0.6378012306641936,,0,0,,0,0,0,0,0,,,,True,False,False,False,False
2025-04-11,7.14,7.18,7.07,7.13,180571.45,-0.41899441340782495,0.3905563297375679,,,,,,,,,,,,,,,,,,,,7.308166666666667,,0.9,0.45,0.6295206713295043,,0,0,,0,0,0,0,0,,,,False,False,False,False,False
2025-04-14,7.16,7.19,7.15,7.17,148723.39,0.5610098176718203,0.32167245345002715,,,,,,,,,,,,,,,,,,,,7.310333333333333,,0.9,0.45,0.6085652301119799,,0,0,,0,0,0,0,0,,,,True,False,False,False,False
2025-04-15,7.17,7.28,7.16,7.28,178189.33,1.5341701534170138,0.3854040642814592,,,,,,,,,,,,,,,,,,,,7.314666666666667,,1.1111111111111112,0.5,0.6038746034187757,,0,0,,0,0,0,0,0,,,,True,False,True,False,False
2025-04-16,7.28,7.37,7.26,7.36,219368.42,1.098901098901095,0.4744699396030175,,,,,,,,,,,,,,,,,,,,7.319083333333333,,1.375,0.55,0.6072403578350405,,0,0,,0,0,0,0,0,,,,True,False,True,False,False
2025-04-17,7.35,7.39,7.3,7.3,117559.04,-0.815217391304357,0.2542673672381317,,,,,,,,,,,,,,,,,,,,7.323666666666667,,1.375,0.55,0.5915690578520868,,0,0,,0,0,0,0,0,,,,False,False,False,False,False
2025-04-18,7.3,7.33,7.15,7.16,302878.05,-1.9178082191780743,0.6550921508692076,,,,,,,,,,,,,,,,,,,,7.3269166666666665,,1.375,0.55,0.5937137868678684,,0,0,,0,0,0,0,0,,,,False,False,False,False,False
2025-04-21,7.18,7.23,7.12,7.17,217355.63,0.13966480446927498,0.47011649460973376,,,,,,,,,,,,,,,,,,,,7.329416666666666,,1.2222222222222223,0.6,0.5848605145941769,,0,0,,0,0,0,0,0,,,,False,False,False,False,False
2025-04-22,7.17,7.25,7.16,7.21,147420.53,0.557880055788007,0.3188545095294246,,,,,,,,,,,,,,,,,,,,7.33225,,1.2222222222222223,0.6,0.5792185392967873,,0,0,,0,0,0,0,0,,,,True,False,False,False,False
2025-04-23,7.23,7.28,7.17,7.2,162263.07,-0.1386962552011095,0.3509573028911827,,,,,,,,,,,,,,,,,,,,7.33475,,1.0,0.55,0.5759678690561818,,0,0,,0,0,0,0,0,,,,False,False,False,False,False
2025-04-24,7.13,7.13,6.96,7.0,392611.02,-2.777777777777779,0.8491747670283583,,,,,,,,,,,,,,,,,,,,7.335916666666666,,1.0,0.55,0.6045177411639939,,0,0,,0,0,0,0,0,,,,False,False,False,False,False
2025-04-25,7.0,7.08,6.99,7.03,176316.36,0.4285714285714226,0.38135303468121745,,,,,,,,,,,,,,,,,,,,7.338,,1.0,0.55,0.6121547453155387,,0,0,,0,0,0,0,0,,,,True,False,False,False,False
2025-04-28,7.03,7.05,6.95,6.96,186030.48,-0.9957325746799417,0.40236361555560435,,,,,,,,,,,,,,,,,,,,7.339916666666666,,0.8181818181818182,0.5,0.6121295076241233,,0,0,,0,0,0,0,0,,,,False,False,False,False,False
2025-04-29,6.95,6.96,6.88,6.9,164527.44,-0.8620689655172376,0.3558548879544242,,,,,,,,,,,,,,,,,,,,7.3414166666666665,,0.8181818181818182,0.5,0.5988984783829993,,0,0,,0,0,0,0,0,,,,False,False,False,False,False
2025-04-30,6.88,6.98,6.86,6.87,197759.52,-0.43478260869566077,0.42773224838069995,,,,,,,,,,,,,,,,,,,,7.342166666666667,,0.6666666666666666,0.45,0.5905263314369641,,0,0,,0,0,0,0,0,,,,False,False,False,False,False
2025-05-06,6.93,6.93,6.85,6.87,264046.84,0.0,0.5711044836224266,,,,,,,,,,,,,,,,,,,,7.342166666666667,,0.5384615384615384,0.4,0.5961534552446075,,0,0,,0,0,0,0,0,,,,False,False,False,False,False
2025-05-07,6.91,6.96,6.89,6.93,204962.04,0.8733624454148492,0.4433105126969107,,,,,,,,,,,,,,,,,,,,7.3421666666666665,,0.6666666666666666,0.45,0.581585624302282,,0,0,,0,0,0,0,0,,,,True,False,False,False,False
2025-05-08,6.93,6.95,6.89,6.94,159083.3,0.14430014430015792,0.3440798075805474,,,,,,,,,,,,,,,,,,,,7.3429166666666665,,0.8181818181818182,0.5,0.5233861268924408,,0,0,,0,0,0,0,0,,,,True,False,False,False,False
2025-05-09,6.94,7.02,6.94,6.97,189769.68,0.4322766570605152,0.410451096872029,,,,,,,,,,,,,,,,,,,,7.342666666666667,,0.8181818181818182,0.5,0.4895951302039309,,0,0,,0,0,0,0,0,,,,True,False,False,False,False
2025-05-12,6.99,7.02,6.94,6.96,194077.6,-0.1434720229555153,0.4197686574498671,,,,,,,,,,,,,,,,,,,,7.343083333333333,,0.8181818181818182,0.5,0.44939878104690845,,0,0,,0,0,0,0,0,,,,False,False,False,False,False
2025-05-13,7.02,7.03,6.93,6.93,272455.5,-0.4310344827586188,0.5892914970601052,,,,,,,,,,,,,,,,,,,,7.343916666666667,,0.6666666666666666,0.45,0.44079376105459717,,0,0,,0,0,0,0,0,,,,False,False,False,False,False
2025-05-14,6.93,6.99,6.88,6.97,248750.76,0.5772005772005873,0.5380207327627408,,,,,,,,,,,,,,,,,,,,7.345249999999999,,0.8181818181818182,0.5,0.44816698120585574,,0,0,,0,0,0,0,0,,,,True,False,False,False,False
2025-05-15,6.96,7.0,6.91,6.91,166911.62,-0.8608321377331363,0.3610116089656013,,,,,,,,,,,,,,,,,,,,7.345833333333333,,0.6666666666666666,0.45,0.45013393898163445,,0,0,,0,0,0,0,0,,,,False,False,False,False,False
2025-05-16,6.9,6.92,6.86,6.87,183386.24,-0.5788712011577379,0.3966444131604014,,,,,,,,,,,,,,,,,,,,7.3468333333333335,,0.5384615384615384,0.4,0.45069595642558163,,0,0,,0,0,0,0,0,,,,False,False,False,False,False
2025-05-19,6.86,6.92,6.84,6.88,157376.88,0.14556040756914523,0.3403890074446966,,,,,,,,,,,,,,,,,,,,7.347666666666666,,0.5384615384615384,0.4,0.4439919098176655,,0,0,,0,0,0,0,0,,,,True,False,False,False,False
2025-05-20,6.89,6.9,6.86,6.87,150325.69,-0.14534883720930258,0.3251380533947499,,,,,,,,,,,,,,,,,,,,7.347666666666666,,0.5384615384615384,0.4,0.44753544412549645,,0,0,,0,0,0,0,0,,,,False,False,False,False,False
2025-05-21,6.88,6.92,6.87,6.9,149016.57,0.4366812227074357,0.3223065697776773,,,,,,,,,,,,,,,,,,,,7.3475,,0.6666666666666666,0.45,0.43089616507091993,,0,0,,0,0,0,0,0,,,,True,False,False,False,False
2025-05-22,6.89,6.91,6.86,6.88,109032.81,-0.28985507246377384,0.23582606272793175,,,,,,,,,,,,,,,,,,,,7.3475,,0.6666666666666666,0.4,0.4191816434768298,,0,0,,0,0,0,0,0,,,,False,False,False,False,False
2025-05-23,6.88,6.91,6.82,6.82,179830.16,-0.8720930232558044,0.38895300040908787,,,,,,,,,,,,,,,,,,,,7.346333333333333,,0.5384615384615384,0.35,0.422686568020813,,0,0,,0,0,0,0,0,,,,False,False,False,False,False
2025-05-26,6.83,6.84,6.72,6.72,248538.4,-1.4662756598240567,0.5375614212703478,,,,,,,,,,,,,,,,,,,,7.345916666666667,,0.5384615384615384,0.35,0.4320167739397712,,0,0,,0,0,0,0,0,,,,False,False,False,False,False
2025-05-27,6.73,6.76,6.72,6.76,125428.09,0.5952380952380931,0.2712872631658733,,,,,,,,,,,,,,,,,,,,7.3453333333333335,,0.6666666666666666,0.4,0.403122398746647,,0,0,,0,0,0,0,0,,,,True,False,False,False,False
2025-05-28,6.75,6.86,6.75,6.83,170920.0,1.0355029585798814,0.36968129723023824,,,,,,,,,,,,,,,,,,,,7.3455,,0.6666666666666666,0.4,0.402538811874098,,0,0,,0,0,0,0,0,,,,True,False,False,False,False
2025-05-29,6.84,6.92,6.83,6.91,161821.57,1.171303074670571,0.3500023865986064,,,,,,,,,,,,,,,,,,,,7.34475,,0.8181818181818182,0.45,0.39992075042624814,,0,0,,0,0,0,0,0,,,,True,False,False,False,False
2025-05-30,6.92,6.95,6.88,6.89,226871.17,-0.28943560057888007,0.49069756862708813,,,,,,,,,,,,,,,,,,,,7.343500000000001,,0.8181818181818182,0.45,0.4066628844598813,,0,0,,0,0,0,0,0,,,,False,False,False,False,False
2025-06-03,6.88,6.91,6.83,6.9,232538.8,0.14513788098695635,0.5029560334680723,,,,,,,,,,,,,,,,,,,,7.3406666666666665,,1.0,0.5,0.4104240737142499,,0,0,,0,0,0,0,0,,,,True,False,False,False,False
2025-06-04,6.9,6.92,6.86,6.9,160369.37,0.0,0.3468614365644515,,,,,,,,,,,,,,,,,,,,7.338333333333333,,1.1111111111111112,0.5,0.3992119213613512,,0,0,,0,0,0,0,0,,,,False,False,False,False,False
2025-06-05,6.89,6.93,6.83,6.85,261948.01,-0.7246376811594346,0.5665649435038581,,,,,,,,,,,,,,,,,,,,7.33525,,0.9,0.45,0.40537464290169856,,0,0,,0,0,0,0,0,,,,False,False,False,False,False
2025-06-06,6.89,6.93,6.85,6.86,181682.44,0.14598540145986938,0.3929592797984725,,,,,,,,,,,,,,,,,,,,7.332666666666666,,0.7272727272727273,0.45,0.4078186165125948,,0,0,,0,0,0,0,0,,,,False,False,False,False,False
2025-06-09,6.88,6.96,6.86,6.93,187486.41,1.0204081632652962,0.40551263317248015,,,,,,,,,,,,,,,,,,,,7.330416666666667,,0.7272727272727273,0.45,0.40757169332761733,,0,0,,0,0,0,0,0,,,,True,False,False,False,False
2025-06-10,6.95,6.97,6.88,6.91,168875.61,-0.28860028860028253,0.3652595048873613,,,,,,,,,,,,,,,,,,,,7.327166666666667,,0.7272727272727273,0.45,0.4048462356994921,,0,0,,0,0,0,0,0,,,,False,False,False,False,False
2025-06-11,6.91,6.95,6.9,6.92,137429.27,0.14471780028944004,0.2972445050959786,,,,,,,,,,,,,,,,,,,,7.32375,,0.9,0.5,0.3902438861012858,,0,0,,0,0,0,0,0,,,,True,False,False,False,False
2025-06-12,6.91,6.96,6.9,6.93,158353.95,0.14450867052022698,0.34250230316833774,,,,,,,,,,,,,,,,,,,,7.320000000000001,,0.9,0.5,0.38046796462156557,,0,0,,0,0,0,0,0,,,,True,False,False,False,False
2025-06-13,6.93,6.96,6.85,6.86,257812.79,-1.0101010101010055,0.5576209141688918,,,,,,,,,,,,,,,,,,,,7.31425,,0.9,0.5,0.39029842988173014,,0,0,,0,0,0,0,0,,,,False,False,False,False,False
2025-06-16,6.86,6.9,6.83,6.88,139119.96,0.2915451895043608,0.3009012829593895,,,,,,,,,,,,,,,,,,,,7.307083333333334,,1.1111111111111112,0.55,0.38551127337167956,,0,0,,0,0,0,0,0,,,,True,False,False,False,False
2025-06-17,6.88,6.91,6.86,6.87,90154.83,-0.14534883720930258,0.19499505327622046,,,,,,,,,,,,,,,,,,,,7.299666666666667,,0.9,0.5,0.3782415756632557,,0,0,,0,0,0,0,0,,,,False,False,False,False,False
2025-06-18,6.87,6.88,6.83,6.85,127177.32,-0.29112081513829047,0.2750706566572965,,,,,,,,,,,,,,,,,,,,7.2884166666666665,,0.9,0.5,0.37573820582638306,,0,0,,0,0,0,0,0,,,,False,False,False,False,False
2025-06-19,6.85,6.88,6.82,6.85,125018.71,0.0,0.27040181892611137,,,,,,,,,,,,,,,,,,,,7.274666666666667,,0.8,0.45,0.3731429682838048,,0,0,,0,0,0,0,0,,,,False,False,False,False,False
2025-06-20,6.86,6.91,6.85,6.87,144714.87,0.29197080291971655,0.3130024623806768,,,,,,,,,,,,,,,,,,,,7.266583333333333,,1.0,0.5,0.37700178826644204,,0,0,,0,0,0,0,0,,,,True,False,False,False,False
2025-06-23,6.86,6.87,6.79,6.81,165526.5,-0.8733624454148492,0.35801574564697536,,,,,,,,,,,,,,,,,,,,7.259500000000001,,1.0,0.5,0.3754549255283364,,0,0,,0,0,0,0,0,,,,False,False,False,False,False
2025-06-24,6.82,6.86,6.81,6.83,158792.11,0.2936857562408246,0.343449995405609,,,,,,,,,,,,,,,,,,,,7.25225,,1.25,0.55,0.36574935423509947,,0,0,,0,0,0,0,0,,,,True,False,False,False,False
2025-06-25,6.86,6.99,6.85,6.99,316099.45,2.342606149341142,0.6836885954233842,,,,,,,,,,,,,,,,,,,,7.245666666666667,,1.25,0.55,0.386369420847975,,0,0,,0,0,0,0,0,,,,True,False,True,True,False
2025-06-26,6.99,6.99,6.89,6.9,224061.44,-1.2875536480686622,0.4846204294317529,,,,,,,,,,,,,,,,,,,,7.238166666666666,,1.0,0.5,0.3921163774580507,,0,0,,0,0,0,0,0,,,,False,False,False,False,False
2025-06-27,6.93,7.0,6.9,6.93,246053.22,0.43478260869564966,0.5321862482873695,,,,,,,,,,,,,,,,,,,,7.230333333333333,,0.8888888888888888,0.5,0.40122557054248886,,0,0,,0,0,0,0,0,,,,False,False,False,False,False
2025-06-30,6.94,6.96,6.87,6.88,200766.36,-0.721500721500723,0.4342357149835772,,,,,,,,,,,,,,,,,,,,7.2225,,0.8888888888888888,0.5,0.39840247786031335,,0,0,,0,0,0,0,0,,,,False,False,False,False,False
2025-07-01,6.9,6.9,6.84,6.87,168532.49,-0.14534883720930258,0.36451737379266413,,,,,,,,,,,,,,,,,,,,7.21275,,0.7,0.45,0.39148054487654294,,0,0,,0,0,0,0,0,,,,False,False,False,False,False
2025-07-02,6.88,6.89,6.85,6.87,135330.58,0.0,0.2927052677821234,,,,,,,,,,,,,,,,,,,,7.20275,,0.6363636363636364,0.45,0.3887727364374265,,0,0,,0,0,0,0,0,,,,False,False,False,False,False
2025-07-03,6.88,6.92,6.87,6.88,163171.34,0.14556040756914523,0.3529217917271019,,,,,,,,,,,,,,,,,,,,7.192833333333334,,0.7,0.5,0.3780905788485887,,0,0,,0,0,0,0,0,,,,False,False,False,False,False
2025-07-04,6.87,6.92,6.87,6.87,160503.76,-0.14534883720930258,0.3471521074603956,,,,,,,,,,,,,,,,,,,,7.184666666666668,,0.7777777777777778,0.45,0.3758002202316849,,0,0,,0,0,0,0,0,,,,False,False,False,False,False
2025-07-07,6.88,6.91,6.82,6.91,150617.59,0.5822416302765587,0.3257694012221633,,,,,,,,,,,,,,,,,,,,7.177666666666667,,0.7777777777777778,0.45,0.3718130586341691,,0,0,,0,0,0,0,0,,,,True,False,False,False,False
2025-07-08,6.91,6.94,6.9,6.92,159036.39,0.14471780028944004,0.3439783463726544,,,,,,,,,,,,,,,,,,,,7.170833333333333,,1.0,0.5,0.3707490007084337,,0,0,,0,0,0,0,0,,,,True,False,False,False,False
2025-07-09,6.92,6.97,6.92,6.95,161816.49,0.43352601156070314,0.349991399113292,,,,,,,,,,,,,,,,,,,,7.164583333333334,,1.0,0.5,0.3733863454092993,,0,0,,0,0,0,0,0,,,,True,False,True,False,False
2025-07-10,6.94,7.05,6.94,7.04,272867.07,1.2949640287769792,0.5901816780307408,,,,,,,,,,,,,,,,,,,,7.159916666666666,,1.0,0.5,0.3857703141524195,,0,0,,0,0,0,0,0,,,,True,False,True,True,True
2025-07-11,7.04,7.11,7.02,7.08,247491.89,0.5681818181818121,0.5352979344088663,,,,,,,,,,,,,,,,,,,,7.157166666666667,,1.2857142857142858,0.55,0.38465416516441825,,0,0,,0,0,0,0,0,,,,True,False,True,True,True
2025-07-14,7.09,7.12,7.05,7.08,175451.08,0.0,0.3794815285212164,,,,,,,,,,,,,,,,,,,,7.154916666666667,,1.0,0.5,0.3885831774425096,,0,0,,0,0,0,0,0,,,,False,False,False,False,False
2025-07-15,7.09,7.1,7.0,7.01,193091.44,-0.9887005649717562,0.4176357010487638,,,,,,,,,,,,,,,,,,,,7.152666666666667,,1.0,0.5,0.3997152098311368,,0,0,,0,0,0,0,0,,,,False,False,False,False,False
2025-07-16,7.01,7.06,6.98,7.0,158686.2,-0.14265335235377208,0.3432209236399311,,,,,,,,,,,,,,,,,,,,7.148916666666667,,1.0,0.5,0.4031227231802685,,0,0,,0,0,0,0,0,,,,False,False,False,False,False
2025-07-17,7.01,7.05,6.99,7.0,149467.52,0.0,0.32328192538840733,,,,,,,,,,,,,,,,,,,,7.145833333333333,,0.8888888888888888,0.5,0.40576672850338324,,0,0,,0,0,0,0,0,,,,False,False,False,False,False
2025-07-18,7.02,7.03,6.99,7.02,119062.58,0.28571428571428914,0.2575193600864675,,,,,,,,,,,,,,,,,,,,7.1425833333333335,,0.7777777777777778,0.5,0.4029925733886728,,0,0,,0,0,0,0,0,,,,False,False,False,False,False
2025-07-21,7.02,7.07,7.01,7.06,142871.73,0.5698005698005604,0.3090159518132948,,,,,,,,,,,,,,,,,,,,7.139833333333333,,1.0,0.55,0.4005425836969888,,0,0,,0,0,0,0,0,,,,True,False,False,False,False
2025-07-22,7.07,7.1,7.03,7.1,225286.99,0.56657223796035,0.48727116026384104,,,,,,,,,,,,,,,,,,,,7.13775,,1.0,0.55,0.4077336419399004,,0,0,,0,0,0,0,0,,,,True,False,False,False,True
2025-07-23,7.12,7.16,7.08,7.1,206591.72,0.0,0.4468353325920088,,,,,,,,,,,,,,,,,,,,7.136,,0.7777777777777778,0.5,0.3958909787983316,,0,0,,0,0,0,0,0,,,,False,False,False,False,False
2025-07-24,7.1,7.15,7.09,7.13,181628.95,0.42253521126760507,0.3928435867690503,,,,,,,,,,,,,,,,,,,,7.135083333333333,,1.0,0.55,0.3913021366651965,,0,0,,0,0,0,0,0,,,,True,False,False,False,True
2025-07-25,7.13,7.22,7.12,7.15,244884.37,0.28050490883591017,0.5296581533642033,,,,,,,,,,,,,,,,,,,,7.133666666666667,,1.125,0.55,0.3911757319190382,,0,0,,0,0,0,0,0,,,,True,False,False,False,True
2025-07-28,7.16,7.17,7.04,7.05,210379.04,-1.3986013986014068,0.45502689221420656,,,,,,,,,,,,,,,,,,,,7.131,,1.125,0.55,0.39221529078056966,,0,0,,0,0,0,0,0,,,,False,False,False,False,False
2025-07-29,7.07,7.09,7.0,7.04,133574.86,-0.14184397163120588,0.28890783712934387,,,,,,,,,,,,,,,,,,,,7.128,,1.125,0.55,0.38843481394740365,,0,0,,0,0,0,0,0,,,,False,False,False,False,False
2025-07-30,7.02,7.08,7.01,7.03,174756.56,-0.14204545454544748,0.377979357595916,,,,,,,,,,,,,,,,,,,,7.125416666666666,,1.4285714285714286,0.55,0.3926985184380932,,0,0,,0,0,0,0,0,,,,True,False,False,False,False
2025-07-31,7.03,7.04,6.9,6.93,270158.4,-1.422475106685639,0.5843231205806553,,,,,,,,,,,,,,,,,,,,7.1225000000000005,,1.25,0.5,0.4042685848807709,,0,0,,0,0,0,0,0,,,,False,False,False,False,False
2025-08-01,6.9,6.99,6.9,6.96,201605.89,0.43290043290042934,0.43605152670522296,,,,,,,,,,,,,,,,,,,,7.119833333333333,,1.375,0.55,0.40871355584301233,,0,0,,0,0,0,0,0,,,,True,False,False,False,False
2025-08-04,6.96,6.98,6.92,6.96,154562.16,0.0,0.3343010754242197,,,,,,,,,,,,,,,,,,,,7.117166666666667,,1.25,0.5,0.4091401395531151,,0,0,,0,0,0,0,0,,,,False,False,False,False,False
2025-08-05,6.96,7.03,6.95,7.01,136817.34,0.7183908045977017,0.29592096732266887,,,,,,,,,,,,,,,,,,,,7.113583333333334,,1.25,0.5,0.4067372706006158,,0,0,,0,0,0,0,0,,,,True,False,False,False,False
2025-08-06,7.01,7.01,6.97,7.0,199579.54,-0.14265335235377208,0.43166875291255685,,,,,,,,,,,,,,,,,,,,7.11025,,1.0,0.45,0.41082113829057915,,0,0,,0,0,0,0,0,,,,False,False,False,False,False
2025-08-07,6.99,7.04,6.98,7.01,154977.49,0.14285714285713347,0.3351993888643007,,,,,,,,,,,,,,,,,,,,7.107,,1.0,0.45,0.3980720238322571,,0,0,,0,0,0,0,0,,,,True,False,False,False,False
2025-08-08,7.01,7.03,6.99,6.99,99920.4,-0.28530670470755526,0.21611691488277732,,,,,,,,,,,,,,,,,,,,7.104166666666667,,0.8,0.4,0.38211297285595264,,0,0,,0,0,0,0,0,,,,False,False,False,False,False
2025-08-11,6.99,7.0,6.97,6.97,144077.63,-0.28612303290415086,0.3116241818409682,,,,,,,,,,,,,,,,,,,,7.101416666666667,,0.8,0.4,0.37872010552194024,,0,0,,0,0,0,0,0,,,,False,False,False,False,False
2025-08-12,6.97,7.0,6.97,6.99,112870.9,0.2869440459110528,0.24412743231654868,,,,,,,,,,,,,,,,,,,,7.099166666666667,,1.0,0.45,0.3700446920853294,,0,0,,0,0,0,0,0,,,,True,False,False,False,False
2025-08-13,7.0,7.01,6.97,6.99,182452.64,0.0,0.3946251383002671,,,,,,,,,,,,,,,,,,,,7.096500000000001,,1.0,0.45,0.37261490281834625,,0,0,,0,0,0,0,0,,,,False,False,False,False,False
2025-08-14,6.99,7.05,6.98,6.99,187392.12,0.0,0.4053086941980135,,,,,,,,,,,,,,,,,,,,7.093916666666667,,1.125,0.45,0.3767162412588266,,0,0,,0,0,0,0,0,,,,False,False,False,False,False
2025-08-15,6.99,7.03,6.96,7.01,182843.06,0.28612303290413976,0.3954695741302731,,,,,,,,,,,,,,,,,,,,7.091166666666667,,1.25,0.45,0.3836137519610169,,0,0,,0,0,0,0,0,,,,True,False,False,False,False
2025-08-18,7.03,7.04,7.0,7.0,210784.08,-0.14265335235377208,0.4559029495078535,,,,,,,,,,,,,,,,,,,,7.08825,,1.0,0.4,0.39095810184574475,,0,0,,0,0,0,0,0,,,,False,False,False,False,False
2025-08-19,7.0,7.01,6.97,6.99,177022.71,-0.14285714285714457,0.3828807926047991,,,,,,,,,,,,,,,,,,,,7.085666666666667,,0.8,0.35,0.38573858346279266,,0,0,,0,0,0,0,0,,,,False,False,False,False,False
2025-08-20,6.98,7.04,6.95,7.04,215890.81,0.7153075822603716,0.4669482488935578,,,,,,,,,,,,,,,,,,,,7.083333333333333,,1.0,0.4,0.3867442292778701,,0,0,,0,0,0,0,0,,,,True,False,False,False,False
2025-08-21,7.04,7.07,7.03,7.05,186901.44,0.14204545454545858,0.40424740693540573,,,,,,,,,,,,,,,,,,,,7.07975,,1.0,0.4,0.3873144202861879,,0,0,,0,0,0,0,0,,,,True,False,False,False,False
2025-08-22,7.05,7.06,6.99,7.05,201474.26,0.0,0.4357668253879142,,,,,,,,,,,,,,,,,,,,7.076250000000001,,0.8888888888888888,0.35,0.38261985388737346,,0,0,,0,0,0,0,0,,,,False,False,False,False,False
2025-08-25,7.05,7.17,7.05,7.16,359150.72,1.5602836879432758,0.7768037916614443,,,,,,,,,,,,,,,,,,,,7.074083333333333,7.058439999999999,1.125,0.4,0.39870869885973537,,0,0,,0,0,0,0,0,,,,True,False,True,True,True
2025-08-26,7.16,7.18,7.13,7.15,204410.7,-0.13966480446927498,0.44211802447777354,,,,,,,,,,,,,,,,,,,,7.069999999999999,7.06044,1.125,0.4,0.4063692082271568,,0,0,,0,0,0,0,0,,,,False,False,False,False,False
2025-08-27,7.15,7.16,7.02,7.03,244316.63,-1.6783216783216814,0.5284301937357836,,,,,,,,,,,,,,,,,,,,7.064916666666666,7.06164,0.8888888888888888,0.4,0.4138917500341502,,0,0,,0,0,0,0,0,,,,False,False,False,False,False
2025-08-28,7.03,7.06,6.96,7.05,227426.76,0.2844950213371167,0.49189924913216737,,,,,,,,,,,,,,,,,,,,7.0600000000000005,7.06304,1.125,0.45,0.40927055646172583,,0,0,,0,0,0,0,0,,,,True,False,False,False,False
2025-08-29,7.07,7.14,7.04,7.06,225395.09,0.14184397163119478,0.48750496876039257,,,,,,,,,,,,,,,,,,,,7.055916666666666,7.064240000000001,0.8888888888888888,0.45,0.4118432285644843,,0,0,,0,0,0,0,0,,,,False,False,False,False,False
2025-09-01,6.97,6.99,6.86,6.95,368277.74,-1.5580736543909235,0.7965445393413315,,,,,,,,,,,,,,,,,,,,7.051833333333334,7.06512,0.8,0.45,0.4349554017603399,,0,0,,0,0,0,0,0,,,,False,False,False,False,False
2025-09-02,6.96,6.99,6.88,6.91,214082.67,-0.575539568345329,0.46303743950452264,,,,,,,,,,,,,,,,,,,,7.046083333333333,7.065840000000001,0.6363636363636364,0.4,0.44331122536943257,,0,0,,0,0,0,0,0,,,,False,False,False,False,False
2025-09-03,6.92,6.93,6.86,6.86,190423.32,-0.723589001447178,0.4118648488210202,,,,,,,,,,,,,,,,,,,,7.0409999999999995,7.066559999999999,0.6363636363636364,0.4,0.4423210301648558,,0,0,,0,0,0,0,0,,,,False,False,False,False,False
2025-09-04,6.87,6.96,6.83,6.94,239997.28,1.1661807580174877,0.5190879113159882,,,,,,,,,,,,,,,,,,,,7.03675,7.06772,0.6363636363636364,0.4,0.4515154562874401,,0,0,,0,0,0,0,0,,,,True,False,False,False,False
2025-09-05,6.94,6.95,6.88,6.94,154025.68,0.0,0.3331407277625179,,,,,,,,,,,,,,,,,,,,7.0320833333333335,7.0688,0.7,0.4,0.4573666469314272,,0,0,,0,0,0,0,0,,,,False,False,False,False,False
2025-09-08,6.93,6.96,6.91,6.93,176612.03,-0.14409221902018654,0.3819925366069843,,,,,,,,,,,,,,,,,,,,7.027583333333333,7.07016,0.7777777777777778,0.4,0.4608850646697279,,0,0,,0,0,0,0,0,,,,False,False,False,False,False
2025-09-09,6.93,6.97,6.91,6.96,152636.53,0.43290043290042934,0.33013614799392804,,,,,,,,,,,,,,,,,,,,7.0233333333333325,7.072080000000001,0.7777777777777778,0.4,0.46518550045359686,,0,0,,0,0,0,0,0,,,,True,False,False,False,False
2025-09-10,6.97,6.98,6.93,6.95,101314.77,-0.1436781609195359,0.21913278494139496,,,,,,,,,,,,,,,,,,,,7.01925,7.07416,0.7777777777777778,0.4,0.4564108827856533,,0,0,,0,0,0,0,0,,,,False,False,False,False,False
2025-09-11,6.94,6.97,6.9,6.95,200762.3,0.0,0.4342269336468889,,,,,,,,,,,,,,,,,,,,7.015583333333334,7.076479999999999,0.8888888888888888,0.4,0.45785679475809704,,0,0,,0,0,0,0,0,,,,True,False,False,False,False
2025-09-12,6.97,7.01,6.95,6.98,196595.32,0.4316546762589857,0.42521421089979994,,,,,,,,,,,,,,,,,,,,7.012166666666667,7.07932,0.8888888888888888,0.4,0.4593440265965734,,0,0,,0,0,0,0,0,,,,True,False,False,False,False
2025-09-15,6.99,6.99,6.93,6.96,156973.77,-0.2865329512894088,0.33951712453031274,,,,,,,,,,,,,,,,,,,,7.008416666666666,7.08204,0.8888888888888888,0.4,0.45352473534769644,,0,0,,0,0,0,0,0,,,,False,False,False,False,False
2025-09-16,6.96,6.99,6.93,6.95,137918.28,-0.1436781609195359,0.2983021803309339,,,,,,,,,,,,,,,,,,,,7.004166666666666,7.0846,0.8888888888888888,0.4,0.4492958047340031,,0,0,,0,0,0,0,0,,,,False,False,False,False,False
2025-09-17,6.96,7.11,6.93,7.11,341785.4,2.302158273381294,0.7392445006222552,,,,,,,,,,,,,,,,,,,,7.001416666666667,7.08776,0.8888888888888888,0.4,0.462910617320438,,0,0,,0,0,0,0,0,,,,True,False,True,True,False
2025-09-18,7.12,7.12,6.99,6.99,239074.04,-1.6877637130801704,0.5170910440046447,,,,,,,,,,,,,,,,,,,,6.9975,7.09084,0.7,0.35,0.46855279917389997,,0,0,,0,0,0,0,0,,,,False,False,False,False,False
2025-09-19,6.99,7.05,6.96,7.03,194810.73,0.5722460658083017,0.42135433758933827,,,,,,,,,,,,,,,,,,,,6.993666666666666,7.09444,0.8,0.4,0.46783217478397116,,0,0,,0,0,0,0,0,,,,True,False,False,False,False
2025-09-22,7.03,7.08,6.99,7.08,184658.98,0.7112375533428139,0.3993972108098094,,,,,,,,,,,,,,,,,,,,6.991,7.0983600000000004,0.8,0.4,0.4489618457413894,,0,0,,0,0,0,0,0,,,,True,False,False,False,False
2025-09-23,7.07,7.07,6.99,7.05,196776.87,-0.4237288135593209,0.4256068837263395,,,,,,,,,,,,,,,,,,,,6.987583333333334,7.10268,0.8,0.4,0.4481362887038177,,0,0,,0,0,0,0,0,,,,False,False,False,False,False
2025-09-24,7.05,7.1,7.02,7.05,173540.55,0.0,0.37534926074215436,,,,,,,,,,,,,,,,,,,,6.98375,7.10724,0.8888888888888888,0.4,0.4404822420541362,,0,0,,0,0,0,0,0,,,,False,False,False,False,False
2025-09-25,7.05,7.09,7.0,7.04,199137.36,-0.14184397163120588,0.43071236585422973,,,,,,,,,,,,,,,,,,,,6.980583333333333,7.11172,0.7,0.35,0.43742289789023936,,0,0,,0,0,0,0,0,,,,False,False,False,False,False
2025-09-26,7.04,7.09,7.02,7.09,205289.21,0.7102272727272707,0.44401814568318976,,,,,,,,,,,,,,,,,,,,6.981916666666667,7.11644,0.8888888888888888,0.35,0.4352485567363792,,0,0,,0,0,0,0,0,,,,True,False,False,False,False
2025-09-29,7.1,7.1,7.0,7.08,226835.22,-0.14104372355430161,0.4906198127024718,,,,,,,,,,,,,,,,,,,,6.981416666666667,7.121320000000001,0.8888888888888888,0.35,0.4199523204044362,,0,0,,0,0,0,0,0,,,,False,False,False,False,False
2025-09-30,7.06,7.08,7.02,7.06,156652.49,-0.28248587570621764,0.3388222309709041,,,,,,,,,,,,,,,,,,,,6.982,7.12612,1.0,0.35,0.4137415599777553,,0,0,,0,0,0,0,0,,,,False,False,False,False,False
2025-10-09,7.05,7.06,6.99,7.02,252648.93,-0.5665722379603388,0.5464520488312172,,,,,,,,,,,,,,,,,,,,6.980833333333333,7.13052,1.0,0.35,0.42047091997826513,,0,0,,0,0,0,0,0,,,,False,False,False,False,False
2025-10-10,7.01,7.1,7.0,7.1,287877.14,1.139601139601143,0.6226468204898836,,,,,,,,,,,,,,,,,,,,6.980583333333333,7.134080000000001,1.0,0.35,0.42564886543695996,,0,0,,0,0,0,0,0,,,,True,False,False,False,False
2025-10-13,7.03,7.1,7.0,7.08,287800.01,-0.28169014084505895,0.6224799967217151,,,,,,,,,,,,,,,,,,,,6.979833333333334,7.13716,1.125,0.35,0.44011582888491974,,0,0,,0,0,0,0,0,,,,True,False,False,False,False
2025-10-14,7.08,7.19,7.04,7.14,352702.72,0.8474576271186418,0.7628574717191288,,,,,,,,,,,,,,,,,,,,6.978666666666667,7.139279999999999,1.25,0.4,0.459159075640527,,0,0,,0,0,0,0,0,,,,True,False,True,True,False
2025-10-15,7.15,7.23,7.12,7.19,265777.38,0.7002801120448376,0.5748474526846126,,,,,,,,,,,,,,,,,,,,6.97725,7.14124,1.25,0.4,0.4713946408750613,,0,0,,0,0,0,0,0,,,,True,False,False,False,True
2025-10-16,7.19,7.32,7.18,7.27,271373.9,1.112656467315709,0.5869521143601039,,,,,,,,,,,,,,,,,,,,6.976999999999999,7.1414,1.5714285714285714,0.45,0.4897856073459967,,0,0,,0,0,0,0,0,,,,True,False,True,True,True
2025-10-17,7.28,7.31,7.21,7.23,230791.01,-0.5502063273727487,0.4991757545394155,,,,,,,,,,,,,,,,,,,,6.977583333333333,7.14016,1.25,0.45,0.493033048390623,,0,0,,0,0,0,0,0,,,,False,False,False,False,False
2025-10-20,7.24,7.27,7.16,7.22,205449.59,-0.13831258644537714,0.44436503011128353,,,,,,,,,,,,,,,,,,,,6.978,7.14168,1.0,0.4,0.49399058935119716,,0,0,,0,0,0,0,0,,,,False,False,False,False,False
2025-10-21,7.24,7.29,7.22,7.25,182157.05,0.41551246537396835,0.39398580940576505,,,,,,,,,,,,,,,,,,,,6.9783333333333335,7.14276,1.25,0.45,0.49671402359496974,,0,0,,0,0,0,0,0,,,,True,False,False,False,False
2025-10-22,7.24,7.31,7.24,7.28,148029.92,0.41379310344829,0.3201725535600772,,,,,,,,,,,,,,,,,,,,6.979,7.14436,1.5714285714285714,0.5,0.4978075422564269,,0,0,,0,0,0,0,0,,,,True,False,False,False,True
2025-10-23,7.28,7.35,7.26,7.33,183775.77,0.6868131868131844,0.3974869240175866,,,,,,,,,,,,,,,,,,,,6.981750000000001,7.145879999999999,1.5714285714285714,0.5,0.4807196634261935,,0,0,,0,0,0,0,0,,,,True,False,True,True,True
2025-10-24,7.33,7.35,7.25,7.25,157872.96,-1.0914051841746208,0.34146197431767794,,,,,,,,,,,,,,,,,,,,6.983583333333333,7.1475599999999995,1.5714285714285714,0.5,0.47193820994184515,,0,0,,0,0,0,0,0,,,,False,False,False,False,False
2025-10-27,7.27,7.28,7.17,7.18,170216.08,-0.96551724137931,0.36815879513132466,,,,,,,,,,,,,,,,,,,,6.985416666666667,7.148639999999999,1.25,0.45,0.4692784328189445,,0,0,,0,0,0,0,0,,,,False,False,False,False,False
2025-10-28,7.18,7.21,7.14,7.15,141456.53,-0.41782729805013297,0.3059550287391066,,,,,,,,,,,,,,,,,,,,6.9875,7.1502,1.0,0.4,0.46460632371540933,,0,0,,0,0,0,0,0,,,,False,False,False,False,False
2025-10-29,7.15,7.16,7.12,7.14,102617.64,-0.13986013986014845,0.2219507504909056,,,,,,,,,,,,,,,,,,,,6.98975,7.15144,1.0,0.4,0.45442351705363776,,0,0,,0,0,0,0,0,,,,False,False,False,False,False
2025-10-30,7.14,7.17,7.12,7.14,133862.29,0.0,0.289529516834837,,,,,,,,,,,,,,,,,,,,6.992,7.153,1.0,0.4,0.4501325298582718,,0,0,,0,0,0,0,0,,,,False,False,False,False,False
2025-10-31,7.14,7.18,7.1,7.15,175267.67,0.1400560224089631,0.3790848327177704,,,,,,,,,,,,,,,,,,,,6.993833333333333,7.154520000000001,1.25,0.45,0.44755115320144884,,0,0,,0,0,0,0,0,,,,True,False,False,False,False
2025-11-03,7.16,7.2,7.12,7.2,157660.04,0.6993006993006867,0.34100145160643136,,,,,,,,,,,,,,,,,,,,6.996,7.15584,1.25,0.45,0.4424003184976109,,0,0,,0,0,0,0,0,,,,True,False,False,False,False
2025-11-04,7.2,7.28,7.16,7.24,170015.96,0.5555555555555536,0.36772595742244496,,,,,,,,,,,,,,,,,,,,6.9982500000000005,7.1573199999999995,1.5714285714285714,0.5,0.4362556257336096,,0,0,,0,0,0,0,0,,,,True,False,True,False,False
2025-11-05,7.23,7.27,7.18,7.2,152418.9,-0.5524861878453025,0.32966543806696674,,,,,,,,,,,,,,,,,,,,7.000249999999999,7.158519999999999,1.375,0.5,0.4357977860884127,,0,0,,0,0,0,0,0,,,,False,False,False,False,False
2025-11-06,7.2,7.31,7.17,7.24,180386.8,0.5555555555555536,0.39015695194951755,,,,,,,,,,,,,,,,,,,,7.002833333333333,7.16004,1.7142857142857142,0.55,0.4279830312443277,,0,0,,0,0,0,0,0,,,,True,False,False,False,False
2025-11-07,7.24,7.27,7.22,7.25,123781.69,0.13812154696133394,0.2677262797364335,,,,,,,,,,,,,,,,,,,,7.005166666666667,7.16192,1.7142857142857142,0.55,0.41023700420665515,,0,0,,0,0,0,0,0,,,,True,False,False,False,False
2025-11-10,7.26,7.34,7.24,7.33,193373.4,1.1034482758620623,0.4182455497415268,,,,,,,,,,,,,,,,,,,,7.0086666666666675,7.16432,1.7142857142857142,0.6,0.4000252818576458,,0,0,,0,0,0,0,0,,,,True,False,True,True,False
2025-11-11,7.34,7.34,7.25,7.32,162944.37,-0.13642564802182067,0.3524308803999761,,,,,,,,,,,,,,,,,,,,7.012416666666667,7.166720000000001,1.375,0.55,0.3795039522916882,,0,0,,0,0,0,0,0,,,,False,False,False,False,False
2025-11-12,7.32,7.54,7.28,7.41,315625.09,1.2295081967213184,0.6826626065387942,,,,,,,,,,,,,,,,,,,,7.016833333333334,7.169239999999999,1.375,0.55,0.38489470998439723,,0,0,,0,0,0,0,0,,,,True,False,True,True,True
2025-11-13,7.41,7.42,7.33,7.4,189793.27,-0.13495276653171517,0.4105021194662348,,,,,,,,,,,,,,,,,,,,7.02125,7.17136,1.1111111111111112,0.5,0.37607221023970383,,0,0,,0,0,0,0,0,,,,False,False,False,False,False
2025-11-14,7.4,7.49,7.37,7.37,157773.25,-0.40540540540541237,0.3412463124750216,,,,,,,,,,,,,,,,,,,,7.025166666666666,7.17312,1.1111111111111112,0.5,0.36817573813648413,,0,0,,0,0,0,0,0,,,,False,False,False,False,False
2025-11-17,7.4,7.4,7.3,7.33,149632.12,-0.5427408412483015,0.3236379372157189,,,,,,,,,,,,,,,,,,,,7.028916666666666,7.17504,1.1111111111111112,0.5,0.3621393834917058,,0,0,,0,0,0,0,0,,,,False,False,False,False,False
2025-11-18,7.34,7.39,7.3,7.35,149108.18,0.27285129604364133,0.3225047122047734,,,,,,,,,,,,,,,,,,,,7.033333333333333,7.1764399999999995,1.1111111111111112,0.5,0.3585653286316563,,0,0,,0,0,0,0,0,,,,True,False,False,False,False
2025-11-19,7.34,7.4,7.32,7.35,155866.88,0.0,0.33712304232172874,,,,,,,,,,,,,,,,,,,,7.038583333333333,7.1781999999999995,1.1111111111111112,0.45,0.35941285306973886,,0,0,,0,0,0,0,0,,,,True,False,False,False,False
2025-11-20,7.36,7.44,7.34,7.4,170292.91,0.6802721088435382,0.36832497003225023,,,,,,,,,,,,,,,,,,,,7.043916666666666,7.180479999999999,1.1111111111111112,0.45,0.35795475537047206,,0,0,,0,0,0,0,0,,,,True,False,False,False,False
2025-11-21,7.4,7.4,7.22,7.26,255088.36,-1.8918918918918948,0.551728269559642,,,,,,,,,,,,,,,,,,,,7.047499999999999,7.1822799999999996,1.1111111111111112,0.45,0.36846807013257027,,0,0,,0,0,0,0,0,,,,False,False,False,False,False
2025-11-24,7.25,7.29,7.15,7.15,262253.59,-1.5151515151515027,0.5672258796775511,,,,,,,,,,,,,,,,,,,,7.049499999999999,7.183520000000001,1.1111111111111112,0.45,0.3784214243598815,,0,0,,0,0,0,0,0,,,,False,False,False,False,False
2025-11-25,7.18,7.28,7.16,7.22,212254.82,0.9790209790209614,0.4590839995376241,,,,,,,,,,,,,,,,,,,,7.05225,7.1854000000000005,1.375,0.5,0.38607787289980744,,0,0,,0,0,0,0,0,,,,True,False,False,False,False
2025-11-26,7.24,7.29,7.21,7.27,141805.32,0.6925207756232732,0.30670942342469604,,,,,,,,,,,,,,,,,,,,7.0553333333333335,7.187360000000001,1.7142857142857142,0.55,0.390315806546497,,0,0,,0,0,0,0,0,,,,True,False,False,False,False
2025-11-27,7.3,7.36,7.26,7.32,131638.72,0.687757909215958,0.28472017771664,,,,,,,,,,,,,,,,,,,,7.058833333333334,7.18916,1.8571428571428572,0.6,0.3900753395905871,,0,0,,0,0,0,0,0,,,,True,False,False,False,False
2025-11-28,7.35,7.37,7.28,7.36,136102.42,0.5464480874316946,0.29437467342484624,,,,,,,,,,,,,,,,,,,,7.063083333333334,7.19092,1.8571428571428572,0.6,0.38583983162594093,,0,0,,0,0,0,0,0,,,,True,False,False,False,False
2025-12-01,7.35,7.42,7.33,7.38,228786.53,0.27173913043476716,0.4948402831687621,,,,,,,,,,,,,,,,,,,,7.067416666666667,7.19292,1.8571428571428572,0.6,0.3935317732040574,,0,0,,0,0,0,0,0,,,,True,False,True,False,False
2025-12-02,7.4,7.4,7.27,7.33,186363.92,-0.6775067750677488,0.40308480986726153,,,,,,,,,,,,,,,,,,,,7.070749999999999,7.1944,1.5,0.55,0.39529971582629825,,0,0,,0,0,0,0,0,,,,False,False,False,False,False
2025-12-03,7.33,7.36,7.24,7.25,171757.32,-1.0914051841746208,0.3714923289631941,,,,,,,,,,,,,,,,,,,,7.073583333333333,7.19632,1.5,0.55,0.39739106037110966,,0,0,,0,0,0,0,0,,,,False,False,False,False,False
2025-12-04,7.26,7.31,7.25,7.28,158095.56,0.41379310344829,0.34194343381196446,,,,,,,,,,,,,,,,,,,,7.076583333333334,7.19812,1.5,0.55,0.394980384464232,,0,0,,0,0,0,0,0,,,,True,False,False,False,False
2025-12-05,7.28,7.28,7.2,7.24,177356.64,-0.5494505494505475,0.3836030467329532,,,,,,,,,,,,,,,,,,,,7.079166666666667,7.19984,1.2222222222222223,0.5,0.40077422281405795,,0,0,,0,0,0,0,0,,,,False,False,False,False,False
2025-12-08,7.24,7.25,7.16,7.18,194792.86,-0.8287292817679592,0.4213156867305651,,,,,,,,,,,,,,,,,,,,7.081833333333333,7.20056,1.0,0.45,0.40092772966350987,,0,0,,0,0,0,0,0,,,,False,False,False,False,False
2025-12-09,7.18,7.2,7.14,7.15,201668.81,-0.41782729805013297,0.43618761579498266,,,,,,,,,,,,,,,,,,,,7.084083333333333,7.201,1.0,0.45,0.4051155664332602,,0,0,,0,0,0,0,0,,,,False,False,False,False,False
2025-12-10,7.15,7.17,7.09,7.12,243505.57,-0.41958041958042314,0.5266759595154961,,,,,,,,,,,,,,,,,,,,7.086166666666666,7.200519999999999,0.8181818181818182,0.4,0.3973162340820953,,0,0,,0,0,0,0,0,,,,False,False,False,False,False
2025-12-11,7.13,7.2,7.06,7.15,333898.08,0.4213483146067398,0.7221850886794166,,,,,,,,,,,,,,,,,,,,7.088666666666667,7.2004,1.0,0.45,0.4129003825427544,,0,0,,0,0,0,0,0,,,,True,False,False,False,False
2025-12-12,7.14,7.21,7.08,7.21,617369.25,0.8391608391608241,1.33530227714755,,,,,,,,,,,,,,,,,,,,7.091666666666667,7.200360000000001,1.2222222222222223,0.5,0.4626031807763808,,0,0,,0,0,0,0,0,,,,True,False,False,False,False
2025-12-15,7.17,7.32,7.07,7.25,389204.24,0.554785020804438,0.8418062738749647,,,,,,,,,,,,,,,,,,,,7.094833333333333,7.20068,1.5,0.55,0.48851159760934315,,0,0,,0,0,0,0,0,,,,True,False,False,False,False
2025-12-16,7.25,7.34,7.23,7.33,310406.97,1.1034482758620623,0.6713763827457737,,,,,,,,,,,,,,,,,,,,7.099166666666666,7.2012,1.5,0.55,0.5059551811363932,,0,0,,0,0,0,0,0,,,,True,False,True,False,False
2025-12-17,7.3,7.33,7.24,7.3,171040.66,-0.4092769440654842,0.36994227163536225,,,,,,,,,,,,,,,,,,,,7.103083333333333,7.2012,1.375,0.55,0.5075961426020748,,0,0,,0,0,0,0,0,,,,False,False,False,False,False
2025-12-18,7.29,7.37,7.27,7.36,155541.14,0.8219178082191858,0.3364185022693078,,,,,,,,,,,,,,,,,,,,7.106166666666667,7.201320000000001,1.375,0.55,0.5060008192139277,,0,0,,0,0,0,0,0,,,,True,False,True,True,False
2025-12-19,7.36,7.4,7.33,7.34,159456.27,-0.27173913043478937,0.34488650096592044,,,,,,,,,,,,,,,,,,,,7.1098333333333334,7.20116,1.375,0.55,0.4956587307842416,,0,0,,0,0,0,0,0,,,,False,False,False,False,False
2025-12-22,7.34,7.35,7.24,7.24,184166.18,-1.3623978201634857,0.3983313382186845,,,,,,,,,,,,,,,,,,,,7.112416666666666,7.19992,1.375,0.55,0.4872140037112983,,0,0,,0,0,0,0,0,,,,False,False,False,False,False
2025-12-23,7.23,7.27,7.21,7.23,126558.39,-0.13812154696132284,0.2737319786483174,,,,,,,,,,,,,,,,,,,,7.115333333333334,7.1978800000000005,1.25,0.5,0.47794640266683297,,0,0,,0,0,0,0,0,,,,False,False,False,False,False
2025-12-24,7.22,7.29,7.2,7.23,154903.43,0.0,0.33503920517091856,,,,,,,,,,,,,,,,,,,,7.118333333333333,7.19576,1.25,0.45,0.4793628917541441,,0,0,,0,0,0,0,0,,,,True,False,False,False,False
2025-12-25,7.24,7.28,7.22,7.25,130863.21,0.2766251728907321,0.28304283426464477,,,,,,,,,,,,,,,,,,,,7.121499999999999,7.19196,1.25,0.45,0.47927902458154426,,0,0,,0,0,0,0,0,,,,True,False,False,False,False
2025-12-26,7.25,7.27,7.21,7.23,126509.59,-0.27586206896551557,0.2736264295767937,,,,,,,,,,,,,,,,,,,,7.124416666666666,7.18688,1.0,0.4,0.47824161238914165,,0,0,,0,0,0,0,0,,,,False,False,False,False,False
2025-12-29,7.23,7.29,7.22,7.23,128809.02,0.0,0.2785998455918307,,,,,,,,,,,,,,,,,,,,7.127416666666666,7.18444,0.8888888888888888,0.35,0.46742959051029515,,0,0,,0,0,0,0,0,,,,False,False,False,False,False
2025-12-30,7.23,7.27,7.19,7.26,121751.57,0.4149377593360981,0.26333535184541396,,,,,,,,,,,,,,,,,,,,7.130333333333334,7.182840000000001,1.125,0.4,0.46044211760920273,,0,0,,0,0,0,0,0,,,,True,False,False,False,False
2025-12-31,7.28,7.34,7.24,7.32,143069.39,0.8264462809917328,0.3094434688107821,,,,,,,,,,,,,,,,,,,,7.1336666666666675,7.1813199999999995,1.4285714285714286,0.45,0.45733967460158215,,0,0,,0,0,0,0,0,,,,True,False,True,False,False
2026-01-05,7.29,7.3,7.16,7.21,323340.37,-1.5027322404371657,0.6993499147466955,,,,,,,,,,,,,,,,,,,,7.135833333333333,7.17904,1.125,0.4,0.4752099986483187,,0,0,,0,0,0,0,0,,,,False,False,False,False,False
2026-01-06,7.2,7.3,7.19,7.27,208468.62,0.832177531206657,0.45089486235313353,,,,,,,,,,,,,,,,,,,,7.1377500000000005,7.17692,1.4285714285714286,0.45,0.4785745894293276,,0,0,,0,0,0,0,0,,,,True,False,False,False,False
2026-01-07,7.28,7.29,7.23,7.24,159919.36,-0.4126547455295615,0.3458881140710828,,,,,,,,,,,,,,,,,,,,7.139083333333333,7.1744,1.4285714285714286,0.45,0.4748032107963536,,0,0,,0,0,0,0,0,,,,False,False,False,False,False
2026-01-08,7.23,7.25,7.2,7.21,159087.77,-0.4143646408839796,0.3440894757024677,,,,,,,,,,,,,,,,,,,,7.1401666666666666,7.17196,1.4285714285714286,0.45,0.47019830379172783,,0,0,,0,0,0,0,0,,,,False,False,False,False,False
2026-01-09,7.2,7.27,7.2,7.25,180635.19,0.554785020804438,0.39069419239779174,,,,,,,,,,,,,,,,,,,,7.142166666666666,7.1688,1.8333333333333333,0.5,0.46339921543584267,,0,0,,0,0,0,0,0,,,,True,False,False,False,False
2026-01-12,7.25,7.26,7.2,7.23,160753.7,-0.27586206896551557,0.3476927003894252,,,,,,,,,,,,,,,,,,,,7.144083333333333,7.16544,1.4285714285714286,0.45,0.44467459602134307,,0,0,,0,0,0,0,0,,,,False,False,False,False,False
2026-01-13,7.22,7.25,7.18,7.2,191704.57,-0.4149377593360981,0.4146360526712205,,,,,,,,,,,,,,,,,,,,7.1457500000000005,7.16196,1.125,0.4,0.3986412847975266,,0,0,,0,0,0,0,0,,,,False,False,False,False,False
2026-01-14,7.21,7.22,7.08,7.13,307523.01,-0.9722222222222299,0.6651386921656186,,,,,,,,,,,,,,,,,,,,7.1466666666666665,7.15908,0.8888888888888888,0.35,0.38980790571205925,,0,0,,0,0,0,0,0,,,,False,False,False,False,False
2026-01-15,7.12,7.13,7.07,7.08,205674.67,-0.7012622720897643,0.4448518535747787,,,,,,,,,,,,,,,,,,,,7.146833333333333,7.1564,0.7,0.3,0.3784816792535095,,0,0,,0,0,0,0,0,,,,False,False,False,False,False
2026-01-16,7.1,7.12,6.98,7.0,238622.48,-1.1299435028248594,0.5161143690305207,,,,,,,,,,,,,,,,,,,,7.146,7.15344,0.6363636363636364,0.3,0.38579028412326744,,0,0,,0,0,0,0,0,,,,False,False,False,False,False
2026-01-19,6.99,7.04,6.98,7.0,174424.86,0.0,0.37726192671426806,,,,,,,,,,,,,,,,,,,,7.145166666666666,7.15064,0.6363636363636364,0.25,0.38783245534551547,,0,0,,0,0,0,0,0,,,,True,False,False,False,False
2026-01-20,7.0,7.11,7.0,7.09,217827.4,1.28571428571429,0.47113688160712613,,,,,,,,,,,,,,,,,,,,7.144833333333334,7.1486,0.8,0.3,0.39414497437757573,,0,0,,0,0,0,0,0,,,,True,False,False,False,False
2026-01-21,7.1,7.11,7.06,7.09,144008.79,0.0,0.31147528843761385,,,,,,,,,,,,,,,,,,,,7.144333333333334,7.14732,0.8,0.3,0.38980217188852223,,0,0,,0,0,0,0,0,,,,False,False,False,False,False
2026-01-22,7.14,7.2,7.12,7.16,197484.14,0.9873060648801113,0.42713663150946624,,,,,,,,,,,,,,,,,,,,7.14525,7.146559999999999,0.9,0.35,0.39747240453157967,,0,0,,0,0,0,0,0,,,,True,False,True,False,False
2026-01-23,7.18,7.18,7.14,7.16,154265.45,0.0,0.3336593240920106,,,,,,,,,,,,,,,,,,,,7.146249999999999,7.1460799999999995,0.7272727272727273,0.35,0.3974034104776342,,0,0,,0,0,0,0,0,,,,False,False,False,False,False
2026-01-26,7.16,7.19,7.08,7.1,195210.7,-0.8379888268156499,0.42221942902657894,,,,,,,,,,,,,,,,,,,,7.146833333333333,7.14468,0.5833333333333334,0.3,0.4043622402157309,,0,0,,0,0,0,0,0,,,,False,False,False,False,False
2026-01-27,7.12,7.13,7.04,7.06,162254.11,-0.5633802816901401,0.3509379233895259,,,,,,,,,,,,,,,,,,,,7.147916666666666,7.143440000000001,0.5833333333333334,0.3,0.40822781490636756,,0,0,,0,0,0,0,0,,,,False,False,False,False,False
2026-01-28,7.07,7.15,7.05,7.09,223628.09,0.4249291784702569,0.48368314069927726,,,,,,,,,,,,,,,,,,,,7.149,7.14216,0.6666666666666666,0.35,0.4184819796617399,,0,0,,0,0,0,0,0,,,,True,False,False,False,False
2026-01-29,7.09,7.18,7.06,7.17,255719.93,1.128349788434413,0.5530942865084585,,,,,,,,,,,,,,,,,,,,7.15075,7.14128,0.6666666666666666,0.35,0.4329699263948921,,0,0,,0,0,0,0,0,,,,True,False,False,False,False
2026-01-30,7.17,7.18,7.06,7.08,194825.74,-1.2552301255230103,0.421386802580395,,,,,,,,,,,,,,,,,,,,7.151333333333333,7.1402,0.5384615384615384,0.3,0.43856709308337277,,0,0,,0,0,0,0,0,,,,False,False,False,False,False
2026-02-02,7.09,7.12,6.92,6.92,302205.09,-2.259887005649719,0.6536366118697688,,,,,,,,,,,,,,,,,,,,7.150666666666667,7.1386400000000005,0.5384615384615384,0.3,0.43628142793952646,,0,0,,0,0,0,0,0,,,,False,False,False,False,False
2026-02-03,6.95,7.04,6.91,6.94,209981.56,0.28901734104047616,0.45416718637508247,,,,,,,,,,,,,,,,,,,,7.150083333333333,7.137440000000001,0.42857142857142855,0.3,0.43644504414062385,,0,0,,0,0,0,0,0,,,,False,False,False,False,False
2026-02-04,6.94,7.06,6.92,7.04,230268.7,1.4409221902017322,0.49804605504049004,,,,,,,,,,,,,,,,,,,,7.150499999999999,7.13632,0.5384615384615384,0.35,0.4440529411890942,,0,0,,0,0,0,0,0,,,,True,False,False,False,False
2026-02-05,7.07,7.16,7.03,7.14,250401.03,1.4204545454545414,0.541590086579615,,,,,,,,,,,,,,,,,,,,7.151916666666667,7.1354,0.6666666666666666,0.4,0.45392797173295163,,0,0,,0,0,0,0,0,,,,True,False,False,False,False
2026-02-06,7.14,7.15,7.08,7.1,183006.53,-0.5602240896358524,0.39582314189096957,,,,,,,,,,,,,,,,,,,,7.152833333333333,7.134200000000001,0.5384615384615384,0.35,0.45418441920761055,,0,0,,0,0,0,0,0,,,,False,False,False,False,False
2026-02-09,7.11,7.15,7.09,7.13,149101.79,0.42253521126760507,0.32249089133249803,,,,,,,,,,,,,,,,,,,,7.153999999999999,7.13336,0.6666666666666666,0.4,0.4529243287547642,,0,0,,0,0,0,0,0,,,,True,False,False,False,False
2026-02-10,7.15,7.22,7.13,7.15,151329.76,0.28050490883591017,0.32730974717025874,,,,,,,,,,,,,,,,,,,,7.155333333333334,7.13284,0.7272727272727273,0.45,0.44855801347971597,,0,0,,0,0,0,0,0,,,,False,False,False,False,False
2026-02-11,7.18,7.21,7.15,7.19,156851.62,0.5594405594405494,0.33925292741788193,,,,,,,,,,,,,,,,,,,,7.156833333333333,7.13248,0.9,0.5,0.43226372524232926,,0,0,,0,0,0,0,0,,,,True,False,False,False,False
2026-02-12,7.19,7.24,7.14,7.14,176109.55,-0.6954102920723293,0.38090572723281946,,,,,,,,,,,,,,,,,,,,7.1579999999999995,7.13192,0.9,0.5,0.4290664189252313,,0,0,,0,0,0,0,0,,,,False,False,False,False,False
2026-02-13,7.13,7.14,6.97,6.98,243318.26,-2.2408963585434094,0.5262708284378913,,,,,,,,,,,,,,,,,,,,7.157916666666667,7.1300799999999995,0.9,0.5,0.42957424189559984,,0,0,,0,0,0,0,0,,,,False,False,False,False,False
2026-02-24,7.01,7.03,6.98,6.99,197071.94,0.14326647564468775,0.4262450879176204,,,,,,,,,,,,,,,,,,,,7.1575,7.128439999999999,0.7272727272727273,0.55,0.4320233999557674,,0,0,,0,0,0,0,0,,,,False,False,False,False,False
2026-02-25,6.99,7.11,6.99,7.01,230688.72,0.28612303290413976,0.4989545124384695,,,,,,,,,,,,,,,,,,,,7.157166666666667,7.12688,0.7272727272727273,0.55,0.4334142814973346,,0,0,,0,0,0,0,0,,,,True,False,False,False,False
2026-02-26,7.02,7.1,6.97,6.99,219860.17,-0.28530670470755526,0.4755335411587919,,,,,,,,,,,,,,,,,,,,7.156666666666666,7.125520000000001,0.7272727272727273,0.55,0.44161719413339345,,0,0,,0,0,0,0,0,,,,False,False,False,False,False
2026-02-27,6.99,7.06,6.94,7.05,483061.59,0.8583690987124415,1.0448094736327023,,,,,,,,,,,,,,,,,,,,7.155749999999999,7.1245199999999995,0.7272727272727273,0.55,0.47250083623955536,,0,0,,0,0,0,0,0,,,,True,False,False,False,False
2026-03-02,6.99,7.02,6.93,6.98,303255.87,-0.99290780141843,0.6559093342750087,,,,,,,,,,,,,,,,,,,,7.154333333333333,7.123399999999999,0.7272727272727273,0.55,0.4886133367487052,,0,0,,0,0,0,0,0,,,,False,False,False,False,False
2026-03-03,6.99,7.06,6.94,6.95,333365.75,-0.42979942693409656,0.7210337170145757,,,,,,,,,,,,,,,,,,,,7.153666666666667,7.12196,0.7272727272727273,0.55,0.503554051148105,,0,0,,0,0,0,0,0,,,,False,False,False,False,False
2026-03-04,6.93,6.94,6.7,6.72,474656.68,-3.30935251798562,1.026630571035561,,,,,,,,,,,,,,,,,,,,7.150916666666666,7.11964,0.7272727272727273,0.55,0.5373386835304068,,0,0,,0,0,0,0,0,,,,False,False,False,False,False
2026-03-05,6.76,6.78,6.63,6.65,281975.02,-1.041666666666663,0.6098811793828831,,,,,,,,,,,,,,,,,,,,7.1475,7.116879999999999,0.5833333333333334,0.5,0.543648585464587,,0,0,,0,0,0,0,0,,,,False,False,False,False,False
2026-03-06,6.65,6.78,6.63,6.76,221433.8,1.6541353383458635,0.47893713102399443,,,,,,,,,,,,,,,,,,,,7.1459166666666665,7.11452,0.5833333333333334,0.5,0.5399407276903638,,0,0,,0,0,0,0,0,,,,True,False,False,False,False
2026-03-09,6.81,6.83,6.74,6.75,283656.35,-0.14792899408283544,0.6135177125883131,,,,,,,,,,,,,,,,,,,,7.144583333333333,7.1123199999999995,0.5833333333333334,0.5,0.5495472731907598,,0,0,,0,0,0,0,0,,,,False,False,False,False,False
2026-03-10,6.77,6.82,6.76,6.81,168253.08,0.8888888888888724,0.3639130404714665,,,,,,,,,,,,,,,,,,,,7.144166666666666,7.11028,0.7272727272727273,0.55,0.5350610946208447,,0,0,,0,0,0,0,0,,,,True,False,False,False,False
2026-03-11,6.81,7.01,6.79,6.99,343611.1,2.643171806167399,0.7431932903739124,,,,,,,,,,,,,,,,,,,,7.144583333333333,7.108320000000001,0.9,0.55,0.5495123998207861,,0,0,,0,0,0,0,0,,,,True,False,True,False,False
2026-03-12,7.02,7.24,7.0,7.15,486832.13,2.2889842632331847,1.0529647399471096,,,,,,,,,,,,,,,,,,,,7.146333333333334,7.10704,0.9,0.55,0.5772583340661172,,0,0,,0,0,0,0,0,,,,True,False,True,True,False
2026-03-13,7.16,7.3,7.15,7.28,511650.31,1.8181818181818077,1.1066437533878628,,,,,,,,,,,,,,,,,,,,7.14925,7.1064799999999995,0.9,0.55,0.6055110174065296,,0,0,,0,0,0,0,0,,,,True,False,True,True,True
2026-03-16,7.29,7.39,7.25,7.36,385181.2,1.098901098901095,0.8331048776310546,,,,,,,,,,,,,,,,,,,,7.152583333333334,7.105360000000001,1.1111111111111112,0.6,0.6273751041935338,,0,0,,0,0,0,0,0,,,,True,False,True,True,True
2026-03-17,7.37,7.51,7.34,7.44,377543.55,1.0869565217391353,0.8165854746367267,,,,,,,,,,,,,,,,,,,,7.156666666666666,7.10456,1.1111111111111112,0.6,0.6520798333587452,,0,0,,0,0,0,0,0,,,,True,False,True,True,True
2026-03-18,7.44,7.53,7.41,7.46,343095.72,0.26881720430107503,0.7420785797082998,,,,,,,,,,,,,,,,,,,,7.160916666666667,7.103839999999999,1.2222222222222223,0.6,0.6728182749856473,,0,0,,0,0,0,0,0,,,,True,False,False,False,True
2026-03-19,7.44,7.6,7.42,7.52,371759.88,0.8042895442359255,0.8040760279461603,,,,,,,,,,,,,,,,,,,,7.165416666666667,7.10372,1.2222222222222223,0.6,0.6960594300120612,,0,0,,0,0,0,0,0,,,,True,False,False,False,True
2026-03-20,7.52,7.7,7.48,7.58,449095.9,0.7978723404255428,0.9713453948793668,,,,,,,,,,,,,,,,,,,,7.170583333333334,7.10428,1.5,0.65,0.7255814133943885,,0,0,,0,0,0,0,0,,,,True,False,False,False,True
2026-03-23,7.55,7.56,7.3,7.34,602639.0,-3.16622691292876,1.303442354794837,,,,,,,,,,,,,,,,,,,,7.1738333333333335,7.1032399999999996,1.5,0.65,0.7644399897122358,,0,0,,0,0,0,0,0,,,,False,False,False,False,False
2026-03-24,7.41,7.55,7.34,7.45,407721.65,1.4986376021798309,0.8818574097873458,,,,,,,,,,,,,,,,,,,,7.176666666666667,7.10316,1.8571428571428572,0.65,0.7872206058057222,,0,0,,0,0,0,0,0,,,,True,False,False,False,False
2026-03-25,7.45,7.5,7.34,7.47,281110.81,0.26845637583892135,0.6080119875160486,,,,,,,,,,,,,,,,,,,,7.180666666666667,7.1032399999999996,1.8571428571428572,0.65,0.7926734795596011,,0,0,,0,0,0,0,0,,,,True,False,False,False,False
2026-03-26,7.47,7.54,7.43,7.49,227390.16,0.2677376171352108,0.4918200873285246,,,,,,,,,,,,,,,,,,,,7.184500000000001,7.1032,2.3333333333333335,0.7,0.7934878068680877,,0,0,,0,0,0,0,0,,,,True,False,False,False,False
2026-03-27,7.44,7.5,7.31,7.42,257263.06,-0.9345794392523366,0.5564319082039587,,,,,,,,,,,,,,,,,,,,7.187333333333333,7.103000000000001,1.8571428571428572,0.65,0.7690689285966504,,0,0,,0,0,0,0,0,,,,False,False,False,False,False
2026-03-30,7.37,7.61,7.37,7.47,289798.97,0.6738544474393482,0.6268035289350976,,,,,,,,,,,,,,,,,,,,7.190833333333333,7.103,2.3333333333333335,0.7,0.767613638329655,,0,0,,0,0,0,0,0,,,,True,False,False,False,False
2026-03-31,7.49,7.6,7.46,7.46,274249.45,-0.1338688085676054,0.5931716150285476,,,,,,,,,,,,,,,,,,,,7.194249999999999,7.10308,2.3333333333333335,0.7,0.7612205332303535,,0,0,,0,0,0,0,0,,,,False,False,False,False,False
2026-04-01,7.5,7.52,7.39,7.46,255216.55,0.0,0.5520055305325647,,,,,,,,,,,,,,,,,,,,7.19775,7.1033599999999995,2.3333333333333335,0.7,0.7374892812052037,,0,0,,0,0,0,0,0,,,,False,False,False,False,False
2026-04-02,7.49,7.55,7.44,7.46,191774.29,0.0,0.4147868494184876,,,,,,,,,,,,,,,,,,,,7.200833333333334,7.10364,2.3333333333333335,0.7,0.7277345647069839,,0,0,,0,0,0,0,0,,,,False,False,False,False,False
2026-04-03,7.47,7.5,7.34,7.36,188312.8,-1.3404825737265313,0.40730002450888375,,,,,,,,,,,,,,,,,,,,7.203166666666666,7.10344,1.8571428571428572,0.65,0.7241527093812283,,0,0,,0,0,0,0,0,,,,False,False,False,False,False
2026-04-07,7.39,7.39,7.18,7.24,218461.68,-1.6304347826086918,0.47250875999003744,,,,,,,,,,,,,,,,,,,,7.204666666666667,7.1025599999999995,1.8571428571428572,0.65,0.7171022617513146,,0,0,,0,0,0,0,0,,,,False,False,False,False,False
2026-04-08,7.3,7.37,7.21,7.31,285160.03,0.966850828729271,0.6167700082413624,,,,,,,,,,,,,,,,,,,,7.207083333333333,7.102040000000001,1.8571428571428572,0.65,0.7297451101398094,,0,0,,0,0,0,0,0,,,,True,False,False,False,False
2026-04-09,7.31,7.36,7.19,7.2,176007.48,-1.5047879616962967,0.3806849609678517,,,,,,,,,,,,,,,,,,,,7.207916666666667,7.101,1.5,0.6,0.7116196936695064,,0,0,,0,0,0,0,0,,,,False,False,False,False,False
2026-04-10,7.22,7.24,7.12,7.13,186212.48,-0.9722222222222299,0.40275726168300835,,,,,,,,,,,,,,,,,,,,7.208333333333333,7.09956,1.2222222222222223,0.55,0.6791093197563014,,0,0,,0,0,0,0,0,,,,False,False,False,False,False
2026-04-13,7.13,7.17,6.95,6.96,275434.0,-2.384291725105192,0.5957336673374294,,,,,,,,,,,,,,,,,,,,7.206833333333333,7.0978,1.0,0.5,0.6535638154537796,,0,0,,0,0,0,0,0,,,,False,False,False,False,False
2026-04-14,6.97,6.99,6.91,6.98,207655.56,0.287356321839094,0.44913630235122615,,,,,,,,,,,,,,,,,,,,7.2050833333333335,7.09588,1.0,0.5,0.6343653866897883,,0,0,,0,0,0,0,0,,,,True,False,False,False,False
2026-04-15,6.98,7.09,6.95,7.07,182521.44,1.2893982808023008,0.3947739451879891,,,,,,,,,,,,,,,,,,,,7.2034166666666675,7.09412,1.0,0.5,0.6132748102173513,,0,0,,0,0,0,0,0,,,,True,False,False,False,False
2026-04-16,7.08,7.22,7.05,7.1,206441.14,0.4243281471004057,0.4465096444938523,,,,,,,,,,,,,,,,,,,,7.202333333333334,7.09284,1.0,0.5,0.5984963634566289,,0,0,,0,0,0,0,0,,,,True,False,False,False,False
2026-04-17,7.1,7.16,7.04,7.1,124883.54,0.0,0.2701094609753355,,,,,,,,,,,,,,,,,,,,7.201333333333333,7.093520000000001,0.9,0.45,0.5717980351080878,,0,0,,0,0,0,0,0,,,,False,False,False,False,False
2026-04-20,7.09,7.17,7.07,7.11,152326.69,0.14084507042253502,0.3294659979053847,,,,,,,,,,,,,,,,,,,,7.200166666666666,7.0934,0.9,0.45,0.5397040652593886,,0,0,,0,0,0,0,0,,,,True,False,False,False,False
2026-04-21,7.11,7.34,7.1,7.15,259589.42,0.5625879043600568,0.5614635708685066,,,,,,,,,,,,,,,,,,,,7.199083333333333,7.09404,1.1111111111111112,0.5,0.5026051260630722,,0,0,,0,0,0,0,0,,,,True,False,False,False,False
2026-04-22,7.15,7.32,7.14,7.24,245683.08,1.2587412587412583,0.5313856758829885,,,,,,,,,,,,,,,,,,,,7.198333333333333,7.094360000000001,1.1111111111111112,0.5,0.4850815393678542,,0,0,,0,0,0,0,0,,,,True,False,False,False,False
2026-04-23,7.24,7.31,7.21,7.29,175235.11,0.6906077348066253,0.37901440899299965,,,,,,,,,,,,,,,,,,,,7.198666666666667,7.095,1.1111111111111112,0.5,0.4736316604417018,,0,0,,0,0,0,0,0,,,,True,False,False,False,False
2026-04-24,7.3,7.41,7.25,7.37,194451.19,1.0973936899862924,0.4205766918275423,,,,,,,,,,,,,,,,,,,,7.2002500000000005,7.0958,1.1111111111111112,0.5,0.4700694906666527,,0,0,,0,0,0,0,0,,,,True,False,True,True,False
2026-04-27,7.34,7.46,7.34,7.43,209468.32,0.8141112618724522,0.45305710429580304,,,,,,,,,,,,,,,,,,,,7.202583333333333,7.0964,1.375,0.55,0.46490075047124496,,0,0,,0,0,0,0,0,,,,True,False,True,True,False
2026-04-28,7.35,7.36,7.05,7.25,366224.73,-2.4226110363391617,0.7921041028796733,,,,,,,,,,,,,,,,,,,,7.2035,7.09596,1.1111111111111112,0.5,0.4731657791684737,,0,0,,0,0,0,0,0,,,,False,False,False,False,False
2026-04-29,7.27,7.49,7.24,7.33,420859.25,1.1034482758620623,0.9102726040916519,,,,,,,,,,,,,,,,,,,,7.2050833333333335,7.09608,1.375,0.55,0.48902082862162893,,0,0,,0,0,0,0,0,,,,True,False,False,False,False
2026-04-30,7.46,7.52,7.38,7.48,355344.51,2.046384720327432,0.7685713750318475,,,,,,,,,,,,,,,,,,,,7.207833333333334,7.09736,1.7142857142857142,0.6,0.49984912084659305,,0,0,,0,0,0,0,0,,,,True,False,False,False,False
2026-05-06,7.48,7.72,7.44,7.67,479742.78,2.540106951871657,1.0376312499838567,,,,,,,,,,,,,,,,,,,,7.211749999999999,7.09936,2.1666666666666665,0.65,0.5309913408748616,,0,0,,0,0,0,0,0,,,,True,False,True,True,True
2026-05-07,7.69,7.86,7.6,7.62,310172.42,-0.6518904823989535,0.6708690767063087,,,,,,,,,,,,,,,,,,,,7.214916666666666,7.101,2.1666666666666665,0.65,0.5441697934847327,,0,0,,0,0,0,0,0,,,,False,False,False,False,False
2026-05-08,7.62,7.65,7.46,7.55,202792.17,-0.9186351706036766,0.43861732081520594,,,,,,,,,,,,,,,,,,,,7.217833333333333,7.1024,2.1666666666666665,0.65,0.5424752215259911,,0,0,,0,0,0,0,0,,,,False,False,False,False,False
2026-05-11,7.56,7.65,7.42,7.58,276018.75,0.3973509933774766,0.5969984177385258,,,,,,,,,,,,,,,,,,,,7.220666666666667,7.10472,2.1666666666666665,0.65,0.5414866420008494,,0,0,,0,0,0,0,0,,,,True,False,False,False,False
2026-05-12,7.58,7.66,7.51,7.55,154897.02,-0.395778364116095,0.33502534104082704,,,,,,,,,,,,,,,,,,,,7.223166666666667,7.1068,2.1666666666666665,0.65,0.5392036610044981,,0,0,,0,0,0,0,0,,,,False,False,False,False,False
2026-05-13,7.55,7.61,7.48,7.51,161641.76,-0.5298013245033095,0.34961347720207603,,,,,,,,,,,,,,,,,,,,7.224666666666666,7.109,2.1666666666666665,0.65,0.5365464717804515,,0,0,,0,0,0,0,0,,,,False,False,False,False,False
2026-05-14,7.52,7.54,7.44,7.46,158937.2,-0.665778961384822,0.34376380923321914,,,,,,,,,,,,,,,,,,,,7.225833333333333,7.11124,2.1666666666666665,0.65,0.523947978875241,,0,0,,0,0,0,0,0,,,,False,False,False,False,False
2026-05-15,7.5,7.52,7.37,7.41,207714.45,-0.6702412868632712,0.46123488009898583,,,,,,,,,,,,,,,,,,,,7.225833333333332,7.1134,1.7142857142857142,0.6,0.524552907762629,,0,0,,0,0,0,0,0,,,,False,False,False,False,False
2026-05-18,7.39,7.4,7.2,7.3,246873.65,-1.4844804318488558,0.5481888157388617,,,,,,,,,,,,,,,,,,,,7.225,7.11512,1.375,0.55,0.5322236512901727,,0,0,,0,0,0,0,0,,,,False,False,False,False,False
2026-05-19,7.29,7.37,7.29,7.33,132783.71,0.4109589041095818,0.2948493884799469,,,,,,,,,,,,,,,,,,,,7.224666666666666,7.11672,1.375,0.55,0.5246406384894773,,0,0,,0,0,0,0,0,,,,True,False,False,False,False
2026-05-20,7.31,7.33,7.21,7.28,128233.67,-0.6821282401091366,0.28474591636307883,,,,,,,,,,,,,,,,,,,,7.2242500000000005,7.11808,1.2222222222222223,0.55,0.5253724612588645,,0,0,,0,0,0,0,0,,,,False,False,False,False,False
2026-05-21,7.26,7.35,7.24,7.26,183843.15,-0.27472527472528485,0.4082280902810077,,,,,,,,,,,,,,,,,,,,7.2235000000000005,7.11924,1.1111111111111112,0.5,0.5293105658776457,,0,0,,0,0,0,0,0,,,,False,False,False,False,False
2026-05-22,7.24,7.29,7.17,7.17,204198.08,-1.2396694214875992,0.45342669681980774,,,,,,,,,,,,,,,,,,,,7.2219999999999995,7.12008,0.9,0.45,0.5239087221752108,,0,0,,0,0,0,0,0,,,,False,False,False,False,False
2026-05-25,7.15,7.23,7.09,7.23,206876.41,0.8368200836820217,0.45937399233254417,,,,,,,,,,,,,,,,,,,,7.220583333333334,7.12128,0.9,0.45,0.5203081379976886,,0,0,,0,0,0,0,0,,,,True,False,False,False,False
2026-05-26,7.19,7.3,7.17,7.29,156391.64,0.8298755186721962,0.34727135894437655,,,,,,,,,,,,,,,,,,,,7.220833333333333,7.122559999999999,0.9,0.45,0.5187209854952574,,0,0,,0,0,0,0,0,,,,True,False,False,False,False
2026-05-27,7.34,7.37,7.26,7.31,184593.79,0.274348422496562,0.40989490426721575,,,,,,,,,,,,,,,,,,,,7.222166666666667,7.12416,0.7272727272727273,0.45,0.518186896117241,,0,0,,0,0,0,0,0,,,,False,False,False,False,False
2026-05-28,7.31,7.38,7.2,7.2,167317.19,-1.5047879616962967,0.37153180276167225,,,,,,,,,,,,,,,,,,,,7.2219999999999995,7.12548,0.5833333333333334,0.4,0.5141106310405344,,0,0,,0,0,0,0,0,,,,False,False,False,False,False
2026-05-29,7.2,7.31,7.2,7.26,250327.88,0.8333333333333304,0.555859015669027,,,,,,,,,,,,,,,,,,,,7.221916666666667,7.127,0.7272727272727273,0.45,0.5022983766800022,,0,0,,0,0,0,0,0,,,,True,False,False,False,False
2026-06-01,7.29,7.46,7.23,7.45,343402.26,2.6170798898071723,0.7625328917502887,,,,,,,,,,,,,,,,,,,,7.223,7.12932,0.7272727272727273,0.45,0.49491139106293397,,0,0,,0,0,0,0,0,,,,True,False,True,True,False
2026-06-02,7.45,7.58,7.33,7.37,263935.68,-1.0738255033557076,0.5860754594523602,,,,,,,,,,,,,,,,,,,,7.223083333333333,7.131200000000001,0.5833333333333334,0.4,0.4857865952839596,,0,0,,0,0,0,0,0,,,,False,False,False,False,False
2026-06-03,7.38,7.38,7.18,7.25,253993.88,-1.6282225237449155,0.5639994559245936,,,,,,,,,,,,,,,,,,,,7.2219999999999995,7.132680000000001,0.46153846153846156,0.35,0.4621050055809965,,0,0,,0,0,0,0,0,,,,False,False,False,False,False
2026-06-04,7.27,7.32,7.12,7.13,252428.88,-1.6551724137931045,0.5605243361755587,,,,,,,,,,,,,,,,,,,,7.2203333333333335,7.13392,0.46153846153846156,0.35,0.45658776855445893,,0,0,,0,0,0,0,0,,,,False,False,False,False,False
2026-06-05,7.19,7.34,7.16,7.33,274426.04,2.8050490883590573,0.6093695535165681,,,,,,,,,,,,,,,,,,,,7.221000000000001,7.13636,0.5833333333333334,0.4,0.4651253801895271,,0,0,,0,0,0,0,0,,,,True,False,False,False,False
2026-06-08,7.28,7.33,7.22,7.26,205587.81,-0.9549795361528002,0.45651262536218873,,,,,,,,,,,,,,,,,,,,7.220833333333333,7.13836,0.46153846153846156,0.35,0.45810109057071025,,0,0,,0,0,0,0,0,,,,False,False,False,False,False
2026-06-09,7.27,7.42,7.25,7.41,189138.02,2.066115702479343,0.4199854751407983,,,,,,,,,,,,,,,,,,,,7.22225,7.140680000000001,0.5833333333333334,0.4,0.4623490972757088,,0,0,,0,0,0,0,0,,,,True,False,False,False,False
2026-06-10,7.4,7.56,7.36,7.55,231884.59,1.8893387314439902,0.5149052512497445,,,,,,,,,,,,,,,,,,,,7.225333333333333,7.14324,0.7272727272727273,0.45,0.4706136859780923,,0,0,,0,0,0,0,0,,,,True,False,True,False,False
2026-06-11,7.51,7.58,7.4,7.44,182485.07,-1.4569536423840956,0.40521244131693795,,,,,,,,,,,,,,,,,,,,7.22775,7.14544,0.7272727272727273,0.45,0.47368611758227813,,0,0,,0,0,0,0,0,,,,False,False,False,False,False
2026-06-12,7.45,7.54,7.43,7.51,193161.53,0.9408602150537515,0.4289197748605677,,,,,,,,,,,,,,,,,,,,7.231,7.14788,0.9,0.5,0.47207036232035726,,0,0,,0,0,0,0,0,,,,True,False,False,False,False
2026-06-15,7.48,7.55,7.39,7.44,247986.09,-0.9320905459387352,0.5506590152363801,,,,,,,,,,,,,,,,,,,,7.233416666666668,7.15004,0.9,0.5,0.47219387229523313,,0,0,,0,0,0,0,0,,,,False,False,False,False,False
2026-06-16,7.45,7.51,7.4,7.41,192904.15,-0.40322580645161255,0.42834825644458907,,,,,,,,,,,,,,,,,,,,7.235083333333334,7.152279999999999,0.7272727272727273,0.45,0.47886881569346523,,0,0,,0,0,0,0,0,,,,False,False,False,False,False
2026-06-17,7.42,7.48,7.39,7.39,166631.74,-0.26990553306343035,0.370009744722071,,,,,,,,,,,,,,,,,,,,7.23625,7.1544,0.7272727272727273,0.45,0.4831320071114149,,0,0,,0,0,0,0,0,,,,False,False,False,False,False
2026-06-18,7.4,7.43,7.3,7.35,194530.94,-0.5412719891745632,0.43196058235930623,,,,,,,,,,,,,,,,,,,,7.236416666666667,7.15608,0.6666666666666666,0.45,0.48431863171532974,,0,0,,0,0,0,0,0,,,,False,False,False,False,False
2026-06-22,7.32,7.51,7.23,7.5,258003.9,2.0408163265306145,0.5729038007782835,,,,,,,,,,,,,,,,,,,,7.238083333333334,7.15844,0.8181818181818182,0.5,0.49029248691325356,,0,0,,0,0,0,0,0,,,,True,False,False,False,False
2026-06-23,7.48,7.64,7.46,7.58,254984.58,1.0666666666666602,0.5661993288545417,,,,,,,,,,,,,,,,,,,,7.239916666666667,7.16108,0.8181818181818182,0.5,0.4956337537393535,,0,0,,0,0,0,0,0,,,,True,False,True,False,False
2026-06-24,7.6,7.69,7.46,7.5,201241.47,-1.055408970976257,0.4468614739436455,,,,,,,,,,,,,,,,,,,,7.241249999999999,7.163360000000001,0.6666666666666666,0.45,0.5006132594893169,,0,0,,0,0,0,0,0,,,,False,False,False,False,False
2026-06-25,7.5,7.55,7.42,7.44,184285.93,-0.7999999999999896,0.40921129380974747,,,,,,,,,,,,,,,,,,,,7.242916666666667,7.165679999999999,0.6666666666666666,0.4,0.5005790789664435,,0,0,,0,0,0,0,0,,,,False,False,False,False,False
2026-06-26,7.42,7.51,7.37,7.51,221733.34,0.9408602150537515,0.4923641590117956,,,,,,,,,,,,,,,,,,,,7.2452499999999995,7.168200000000001,0.8181818181818182,0.45,0.5066206967789497,,0,0,,0,0,0,0,0,,,,True,False,False,False,False
2026-06-29,7.48,7.62,7.29,7.6,319268.62,1.1984021304926706,0.7089435697182775,,,,,,,,,,,,,,,,,,,,7.248333333333334,7.17112,0.8181818181818182,0.45,0.5142749244814122,,0,0,,0,0,0,0,0,,,,True,False,False,False,False
2026-06-30,7.59,7.59,7.4,7.53,219401.02,-0.9210526315789447,0.48718518693954704,,,,,,,,,,,,,,,,,,,,7.250666666666667,7.17384,0.6666666666666666,0.4,0.5005075392408751,,0,0,,0,0,0,0,0,,,,False,False,False,False,False
2026-07-01,7.54,7.7,7.49,7.68,309816.49,1.9920318725099584,0.6879548900802935,,,,,,,,,,,,,,,,,,,,7.254416666666667,7.17716,0.8181818181818182,0.45,0.5056015107722718,,0,0,,0,0,0,0,0,,,,True,False,False,False,True
2026-07-02,7.7,7.92,7.65,7.83,389396.71,1.953125,0.8646646627030019,,,,,,,,,,,,,,,,,,,,7.259416666666667,7.181,1.0,0.5,0.5206347711111922,,0,0,,0,0,0,0,0,,,,True,False,True,True,True
2026-07-03,7.83,7.91,7.76,7.83,242348.46,0.0,0.5381405236384559,,,,,,,,,,,,,,,,,,,,7.264166666666667,7.18508,1.1111111111111112,0.5,0.5195155804843371,,0,0,,0,0,0,0,0,,,,False,False,False,False,False
2026-07-06,7.82,7.86,7.61,7.8,271089.8,-0.3831417624521105,0.6019613531897182,,,,,,,,,,,,,,,,,,,,7.268166666666667,7.18896,0.9,0.45,0.5191451704679946,,0,0,,0,0,0,0,0,,,,False,False,False,False,False
2026-07-07,7.8,7.89,7.66,7.68,239925.32,-1.538461538461544,0.5327598835945733,,,,,,,,,,,,,,,,,,,,7.272083333333334,7.191719999999999,0.9,0.45,0.5229575333796138,,0,0,,0,0,0,0,0,,,,False,False,False,False,False
2026-07-08,7.69,7.82,7.65,7.7,184850.94,0.26041666666667407,0.4104659119627201,,,,,,,,,,,,,,,,,,,,7.275666666666666,7.19492,0.9,0.45,0.5224815552207099,,0,0,,0,0,0,0,0,,,,True,False,False,False,False
2026-07-09,7.7,7.78,7.66,7.72,208003.58,0.2597402597402487,0.4618769001456558,,,,,,,,,,,,,,,,,,,,7.279666666666667,7.19808,0.9,0.45,0.5198301376655055,,0,0,,0,0,0,0,0,,,,True,False,False,False,False
2026-07-10,7.71,7.71,7.59,7.61,240937.76,-1.4248704663212375,0.5350080307119617,,,,,,,,,,,,,,,,,,,,7.283,7.201,0.9,0.45,0.5263199171352566,,0,0,,0,0,0,0,0,,,,False,False,False,False,False
2026-07-13,7.6,7.72,7.58,7.7,264980.8,1.182654402102501,0.5883961732875751,,,,,,,,,,,,,,,,,,,,7.28675,7.20432,0.9,0.45,0.534293737056607,,0,0,,0,0,0,0,0,,,,True,False,False,False,False
2026-07-14,7.71,7.85,7.65,7.78,301006.08,1.0389610389610393,0.6683911649760801,,,,,,,,,,,,,,,,,,,,7.291333333333333,7.20796,1.1111111111111112,0.5,0.540180344543592,,0,0,,0,0,0,0,0,,,,True,False,False,False,False
2026-07-15,7.77,7.84,7.7,7.82,207517.9,0.5141388174807249,0.4607984361458403,,,,,,,,,,,,,,,,,,,,7.296499999999999,7.211720000000001,1.375,0.55,0.5418028535286546,,0,0,,0,0,0,0,0,,,,True,False,False,False,False
2026-07-16,7.79,7.89,7.72,7.75,217704.74,-0.8951406649616356,0.4834185568258775,,,,,,,,,,,,,,,,,,,,7.301666666666666,7.2152400000000005,1.375,0.55,0.5474732941338448,,0,0,,0,0,0,0,0,,,,False,False,False,False,False
2026-07-17,7.76,7.91,7.75,7.88,390725.29,1.6774193548387162,0.8676148062149334,,,,,,,,,,,,,,,,,,,,7.308333333333334,7.21912,1.7142857142857142,0.6,0.5692560053266262,,0,0,,0,0,0,0,0,,,,True,False,False,False,True
2026-07-20,7.86,8.02,7.86,7.91,482884.8,0.3807106598984866,1.0722571916860997,,,,,,,,,,,,,,,,,,,,7.315916666666667,7.2230799999999995,1.7142857142857142,0.6,0.5942236748720171,,0,0,,0,0,0,0,0,,,,True,False,False,False,True
2026-07-21,7.87,8.07,7.79,7.85,519435.77,-0.7585335018963413,1.1534194905317101,,,,,,,,,,,,,,,,,,,,7.3229999999999995,7.22668,1.375,0.55,0.6235846829558754,,0,0,,0,0,0,0,0,,,,False,False,False,False,False
2026-07-22,7.8,7.81,7.64,7.74,362287.97,-1.401273885350307,0.8044690603097424,,,,,,,,,,,,,,,,,,,,7.328416666666667,7.22948,1.375,0.55,0.6414650622741803,,0,0,,0,0,0,0,0,,,,False,False,False,False,False
2026-07-23,7.71,7.77,7.65,7.73,223318.67,-0.12919896640826156,0.49588442200971083,,,,,,,,,,,,,,,,,,,,7.333749999999999,7.23208,1.7142857142857142,0.55,0.6457987186841785,,0,0,,0,0,0,0,0,,,,True,False,False,False,False
2026-07-24,7.73,7.89,7.71,7.74,269931.69,0.1293661060802087,0.5993897423701943,,,,,,,,,,,,,,,,,,,,7.338583333333333,7.23472,1.7142857142857142,0.55,0.6511499978520984,,0,0,,0,0,0,0,0,,,,True,False,False,False,False
2026-07-27,7.74,7.81,7.7,7.76,277009.97,0.2583979328165231,0.6151072315824617,,,,,,,,,,,,,,,,,,,,7.343583333333333,7.23772,1.7142857142857142,0.55,0.6464581809453076,,0,0,,0,0,0,0,0,,,,True,False,False,False,False
2026-07-28,7.73,7.77,7.6,7.69,327335.6,-0.9020618556700999,0.7268564908128905,,,,,,,,,,,,,,,,,,,,7.3485000000000005,7.240480000000001,1.7142857142857142,0.55,0.6584417461389748,,0,0,,0,0,0,0,0,,,,False,False,False,False,False
2026-07-29,7.71,7.91,7.7,7.88,445137.8,2.4707412223667014,0.9884390797584199,,,,,,,,,,,,,,,,,,,,7.355333333333333,7.244,1.7142857142857142,0.55,0.6734659556228811,,0,0,,0,0,0,0,0,,,,True,False,False,False,False
2026-07-30,7.86,7.91,7.76,7.88,329500.49,0.0,0.7316636805850872,,,,,,,,,,,,,,,,,,,,7.3619166666666676,7.24744,1.7142857142857142,0.5,0.6668159065169854,,0,0,,0,0,0,0,0,,,,True,False,False,False,False
2026-07-31,7.85,7.87,7.68,7.85,553028.23,-0.3807106598984755,1.2280123475059361,,,,,,,,,,,,,,,,,,,,7.367583333333333,7.2505999999999995,1.7142857142857142,0.5,0.7013094977103593,,0,0,,0,0,0,0,0,,,,False,False,False,False,False
2026-08-03,7.78,7.92,7.75,7.78,344246.83,-0.8917197452229186,0.7644082795371528,,,,,,,,,,,,,,,,,,,,7.373416666666667,7.2533199999999995,2.0,0.5,0.7094318440277312,,0,0,,0,0,0,0,0,,,,False,False,False,False,False
2026-08-04,7.76,7.79,7.65,7.69,334582.5,-1.1568123393316143,0.742948404748533,,,,,,,,,,,,,,,,,,,,7.379833333333333,7.25568,2.0,0.5,0.7199412700854292,,0,0,,0,0,0,0,0,,,,False,False,False,False,False
2026-08-05,7.66,7.71,7.57,7.57,336194.49,-1.5604681404421394,0.7465278669109909,,,,,,,,,,,,,,,,,,,,7.385083333333333,7.25744,1.5714285714285714,0.45,0.7367443678328426,,0,0,,0,0,0,0,0,,,,False,False,False,False,False
2026-08-06,7.56,7.67,7.46,7.63,373480.21,0.7926023778071389,0.8293216956196069,,,,,,,,,,,,,,,,,,,,7.390000000000001,7.25936,1.5714285714285714,0.45,0.7551166076065402,,0,0,,0,0,0,0,0,,,,True,False,False,False,False
2026-08-07,7.61,7.69,7.54,7.62,232391.83,-0.1310615989515096,0.516031589742716,,,,,,,,,,,,,,,,,,,,7.394,7.261639999999999,2.0,0.45,0.754167785558078,,0,0,,0,0,0,0,0,,,,True,False,False,False,False
2026-08-10,7.59,7.77,7.58,7.69,345583.53,0.9186351706036877,0.7673764537023509,,,,,,,,,,,,,,,,,,,,7.398916666666667,7.26424,2.0,0.45,0.7631167995788167,,0,0,,0,0,0,0,0,,,,True,False,False,False,False
2026-08-11,7.69,7.81,7.69,7.75,224653.04,0.7802340702210531,0.49884742235445184,,,,,,,,,,,,,,,,,,,,7.404083333333333,7.26712,2.0,0.45,0.7546396124477353,,0,0,,0,0,0,0,0,,,,True,False,False,False,False
2026-08-12,7.77,7.79,7.7,7.78,186288.73,0.3870967741935516,0.4136585588789915,,,,,,,,,,,,,,,,,,,,7.4093333333333335,7.270519999999999,2.0,0.45,0.7522826185843929,,0,0,,0,0,0,0,0,,,,True,False,False,False,False
2026-08-13,7.77,7.96,7.75,7.86,286190.1,1.0282776349614497,0.635491928746492,,,,,,,,,,,,,,,,,,,,7.4149166666666675,7.27412,2.6,0.5,0.7598862871804236,,0,0,,0,0,0,0,0,,,,True,False,True,False,False
2026-08-14,7.8,7.98,7.79,7.92,307196.81,0.7633587786259444,0.6821378282885034,,,,,,,,,,,,,,,,,,,,7.421416666666667,7.27796,2.6,0.5,0.7506124382841021,,0,0,,0,0,0,0,0,,,,True,False,False,False,True
2026-08-17,7.92,7.92,7.84,7.88,229712.52,-0.5050505050505083,0.5100821181166543,,,,,,,,,,,,,,,,,,,,7.428916666666667,7.281440000000001,2.0,0.45,0.7225036846056299,,0,0,,0,0,0,0,0,,,,False,False,False,False,False
2026-08-18,7.85,7.92,7.81,7.84,213029.97,-0.5076142131979711,0.47303811877527324,,,,,,,,,,,,,,,,,,,,7.436000000000001,7.284800000000001,2.0,0.45,0.688484616017808,,0,0,,0,0,0,0,0,,,,False,False,False,False,False
2026-08-19,7.86,7.98,7.84,7.91,266493.8,0.8928571428571397,0.5917558257989423,,,,,,,,,,,,,,,,,,,,7.4435,7.288399999999999,2.6,0.5,0.677848954292268,,0,0,,0,0,0,0,0,,,,True,False,False,False,False
2026-08-20,7.92,8.03,7.9,8.0,293011.89,1.1378002528444897,0.6506398758089638,,,,,,,,,,,,,,,,,,,,7.4519166666666665,7.292440000000001,2.6,0.55,0.6855867269822307,,0,0,,0,0,0,0,0,,,,True,False,True,True,True
2026-08-21,7.98,8.0,7.88,7.89,203857.48,-1.375000000000004,0.45267038641308494,,,,,,,,,,,,,,,,,,,,7.458916666666667,7.296120000000001,2.0,0.5,0.6782507591843752,,0,0,,0,0,0,0,0,,,,False,False,False,False,False
2026-08-24,7.88,8.04,7.87,8.02,270811.28,1.6476552598225558,0.60134289290058,7.9319999999999995,7.885000000000001,7.8065,7.803,7.659833333333334,7.520500000000001,7.359,61.6125537613766,0.06792233258075431,0.04887410316345369,249440.884,248124.562,67.02820139068993,81.20185745182516,76.78113088996676,90.04331057554197,8.059005341267191,7.8065,7.553994658732808,7.467583333333334,7.3002400000000005,2.0,0.5,0.6775625422502811,1.0856731890029705,1,1,0.047020170151656826,0,0,0,0,0,0.9227633342893966,0.06469105009087084,67.02820139068993,True,True,False,False,True
2026-08-25,8.0,8.05,7.83,7.9,262592.27,-1.4962593516209433,0.5830923855724555,7.944,7.9,7.817,7.807,7.667333333333334,7.5249,7.362800000000001,54.566731898865896,0.06479262483832482,0.05205780749842792,259353.34399999995,251918.48499999996,51.60915111907095,70.80123830121678,74.78783336038344,62.828048182883464,8.066555394124997,7.817,7.567444605875004,7.475499999999999,7.30388,2.0,0.5,0.6703743369882593,1.0124884682419983,1,1,0.030345187375010907,0,0,0,0,0,0.6662957442595437,0.06384940363950278,51.60915111907095,False,False,False,False,False
2026-08-26,7.86,7.95,7.86,7.89,142904.92,-0.12658227848102444,0.31732377618290475,7.94,7.911,7.817500000000001,7.809333333333333,7.676,7.5291999999999994,7.366499999999999,54.01241327767388,0.06080447632401942,0.05380714126354622,234635.56799999997,247580.104,50.448639436718615,60.02133835465727,69.86566835847472,40.33267834702235,8.067626283894311,7.817500000000001,7.56737371610569,7.48525,7.307480000000001,2.0,0.45,0.6368185718094835,0.6090505425844049,1,1,0.027879103699843588,0,0,0,0,0,0.6449267923211008,0.06399137419745712,50.448639436718615,True,False,False,False,False
2026-08-27,7.88,7.9,7.75,7.79,245383.37,-1.2674271229404233,0.54487961352826,7.898000000000001,7.904000000000001,7.813,7.810666666666666,7.6850000000000005,7.5325,7.36945,48.686160938586276,0.04900972205983045,0.05284765742280308,225109.86399999997,243499.431,39.72838762908192,44.458670014215954,61.39666891038847,10.582672221870922,8.061625696262766,7.813,7.5643743037372335,7.49475,7.3106,1.5714285714285714,0.45,0.6274793684566422,1.0900604959718692,0,1,0.013662979830839195,0,0,0,0,0,0.4537457303373591,0.06364410502054683,39.72838762908192,False,False,False,False,False
2026-08-28,7.77,7.88,7.72,7.86,200563.64,0.898587933247752,0.44535633629541016,7.892,7.898000000000001,7.8134999999999994,7.81,7.697166666666667,7.5375,7.37255,52.236783017460574,0.04479434795472681,0.051236995529187826,224451.09599999996,232836.114,48.857289806059015,43.78052748422479,55.524621768333915,20.292338916006543,8.062478967617405,7.8134999999999994,7.564521032382593,7.503916666666667,7.31404,1.7142857142857142,0.5,0.588346567896116,0.8935738946001852,0,1,0.021154970443669763,0,0,0,0,0,0.593381381658421,0.06373045821140497,48.857289806059015,True,False,False,False,False
2026-08-31,7.92,8.1,7.91,8.02,437259.3,2.035623409669207,0.9709446829898761,7.892000000000001,7.912000000000001,7.8255,7.813666666666666,7.708666666666667,7.5453,7.376650000000001,59.188049239486034,0.053744760288851445,0.05173854848112055,257740.69999999995,253590.792,63.86799251620227,55.50280779650073,55.51735044438952,55.47372250072314,8.090311750415148,7.8255,7.56068824958485,7.5145,7.31816,1.8571428571428572,0.55,0.598673388068752,1.6965085452161808,0,1,0.04038744270518024,1,1,0,0,0,0.8672420119104983,0.0676791899342276,63.86799251620227,True,True,False,False,False
2026-09-01,8.0,8.24,7.99,8.22,453370.13,2.493765586034935,1.0067191644635778,7.956,7.95,7.851999999999999,7.826,7.724666666666667,7.554399999999999,7.381550000000001,65.87383600756883,0.07609913165844873,0.05661066511658618,295896.272,277624.808,74.91284565991788,69.0531539156159,60.02928493479831,87.10089187725106,8.161947363952486,7.851999999999999,7.542052636047513,7.526250000000001,7.3228800000000005,2.3333333333333335,0.6,0.6118619260545042,1.5321927746355655,1,1,0.06412358677828611,0,1,0,1,1,1.0936491849893815,0.07894736728285434,74.91284565991788,True,True,True,True,True
2026-09-02,8.18,8.28,8.15,8.2,221375.91,-0.24330900243311193,0.4915704771894968,8.018,7.979000000000001,7.883500000000001,7.841333333333334,7.737833333333334,7.564400000000001,7.3863,64.73183168703355,0.0911505721143051,0.06351864651612997,311590.47,273113.019,72.2621493397703,74.60686451517249,64.88847812825637,94.04363728900472,8.200743058071852,7.883500000000001,7.566256941928149,7.536333333333333,7.3274799999999995,3.0,0.6,0.5991140565684296,0.7104707342300939,1,1,0.05972817541516773,0,1,0,0,1,0.9988288820622755,0.08048279522340374,72.2621493397703,True,True,False,False,False
2026-09-03,8.18,8.35,8.16,8.26,291675.67,0.7317073170731714,0.6476727674951904,8.112,8.004999999999999,7.915000000000001,7.859,7.749666666666667,7.5757,7.390949999999999,66.6024098560359,0.10669058304565304,0.07215303382203458,320848.92999999993,272979.397,75.3962150877088,78.30933824821024,69.36209816824099,96.20381840814875,8.25082576936332,7.915000000000001,7.5791742306366805,7.545583333333332,7.332319999999999,3.0,0.6,0.5900316101622087,0.9090747785881662,1,1,0.06585229472235365,0,0,0,0,1,1.013659211819975,0.08485805922004294,75.3962150877088,True,True,False,False,True
2026-09-04,8.26,8.31,8.19,8.22,281176.21,-0.4842615012106477,0.6243584666643908,8.184000000000001,8.038,7.945,7.875,7.762666666666666,7.5883,7.395449999999999,64.15928372995393,0.11445907499419494,0.08061424205646667,336971.44399999996,280711.27,69.14603453556145,78.66125195383333,72.46181609677177,91.06012366795645,8.277043117048063,7.945,7.612956882951937,7.553416666666666,7.33656,2.3333333333333335,0.6,0.5954479540082925,0.8344214769723931,1,1,0.058914462384060506,0,0,0,0,0,0.9141028467098067,0.08358542908698877,69.14603453556145,False,True,False,False,False
