date,open,high,low,close,volume,change_rate,turnover,MA5,MA10,MA20,MA30,MA60,MA100,MA200,RSI14,DIF,DEA,VOL_MA5,VOL_MA10,RSI6,K,D,J,BOLL_UPPER,BOLL_MIDDLE,BOLL_LOWER,MA120,MA250,updown_ratio_20,up_days_ratio_20,turnover_ma20,vol_ratio,ma_bull,dif_above_zero,bias60,macd_gold,macd_gold3,dif_below0,kdj_gold,kdj_gold3,boll_pos,boll_width,rsi6,is_yang,above_ma5,break_high5,break_high10,break_close40
2024-08-14,17.22,17.66,17.13,17.57,132408.72,2.0325203252032686,0.27162953787254657,,,,,,,,,,,,,,,,,,,,,,,,,,0,0,,0,0,0,0,0,,,,True,False,False,False,False
2024-08-15,17.53,17.86,17.45,17.7,133216.95,0.7398975526465401,0.27328757928699965,,,,,,,,,,,,,,,,,,,,,,,,,,0,0,,0,0,0,0,0,,,,True,False,False,False,False
2024-08-16,17.7,17.7,17.05,17.28,248424.29,-2.372881355932188,0.5096293891294734,,,,,,,,,,,,,,,,,,,,,,,,,,0,0,,0,0,0,0,0,,,,False,False,False,False,False
2024-08-19,17.22,17.47,17.15,17.2,146849.28,-0.4629629629629761,0.3012535886104495,,,,,,,,,,,,,,,,,,,,,,,,,,0,0,,0,0,0,0,0,,,,False,False,False,False,False
2024-08-20,17.19,17.24,16.9,17.04,121501.69,-0.9302325581395321,0.24925433842599953,,,,,,,,,,,,,,,,,,,,,,,,,,0,0,,0,0,0,0,0,,,,False,False,False,False,False
2024-08-21,17.04,17.15,16.91,17.06,111086.86,0.11737089201877549,0.2278888614398831,,,,,,,,,,,,,,,,,,,,,,,,,,0,0,,0,0,0,0,0,,,,True,False,False,False,False
2024-08-22,17.09,17.44,17.03,17.44,140098.49,2.227432590855827,0.2874046973291607,,,,,,,,,,,,,,,,,,,,,,,,,,0,0,,0,0,0,0,0,,,,True,False,False,False,False
2024-08-23,17.4,17.4,16.9,16.95,125040.74,-2.809633027522951,0.25651451370756584,,,,,,,,,,,,,,,,,,,,,,,,,,0,0,,0,0,0,0,0,,,,False,False,False,False,False
2024-08-26,16.99,17.05,16.75,16.97,118554.67,0.11799410029498247,0.24320868160897757,,,,,,,,,,,,,,,,,,,,,,,,,,0,0,,0,0,0,0,0,,,,False,False,False,False,False
2024-08-27,16.94,16.94,16.68,16.78,88798.85,-1.119622863877412,0.1821661790032679,,,,,,,,,,,,,,,,,,,,,,,,,,0,0,,0,0,0,0,0,,,,False,False,False,False,False
2024-08-28,16.76,17.09,16.76,16.89,89431.0,0.6555423122765136,0.18346300154158812,,,,,,,,,,,,,,,,,,,,,,,,,,0,0,,0,0,0,0,0,,,,True,False,False,False,False
2024-08-29,16.86,16.92,16.45,16.52,158057.92,-2.1906453522794633,0.3242475251380418,,,,,,,,,,,,,,,,,,,,,,,,,,0,0,,0,0,0,0,0,,,,False,False,False,False,False
2024-08-30,16.5,16.61,16.08,16.26,267938.8,-1.5738498789346078,0.5496623819195947,,,,,,,,,,,,,,,,,,,,,,,,,,0,0,,0,0,0,0,0,,,,False,False,False,False,False
2024-09-02,16.45,16.92,16.4,16.75,239209.0,3.0135301353013455,0.490724705479775,,,,,,,,,,,,,,,,,,,,,,,,,,0,0,,0,0,0,0,0,,,,True,False,False,False,False
2024-09-03,16.73,17.11,16.36,16.42,176251.64,-1.9701492537313348,0.3615709865821408,,,,,,,,,,,,,,,,,,,,,,,,,,0,0,,0,0,0,0,0,,,,False,False,False,False,False
2024-09-04,16.38,16.83,16.3,16.63,125337.81,1.2789281364189886,0.25712393721695254,,,,,,,,,,,,,,,,,,,,,,,,,,0,0,,0,0,0,0,0,,,,True,False,False,False,False
2024-09-05,16.61,16.68,16.37,16.54,89470.08,-0.541190619362597,0.18354317210996202,,,,,,,,,,,,,,,,,,,,,,,,,,0,0,,0,0,0,0,0,,,,False,False,False,False,False
2024-09-06,16.59,16.97,16.58,16.65,117284.68,0.6650544135429204,0.24060336379605135,,,,,,,,,,,,,,,,,,,,,,,,,,0,0,,0,0,0,0,0,,,,True,False,False,False,False
2024-09-09,16.59,16.93,16.59,16.77,212567.94,0.7207207207207356,0.4360719694950544,,,,,,,,,,,,,,,,,,,,,,,,,,0,0,,0,0,0,0,0,,,,True,False,False,False,False
2024-09-10,16.78,17.22,16.78,17.12,208762.95,2.0870602265951277,0.4282662322648353,,,,,,,,,,,,,,,,,,,,,,1.0,0.5,0.31287573209791597,,0,0,,0,0,0,0,0,,,,True,False,True,True,False
2024-09-11,17.08,17.16,16.31,16.4,238344.91,-4.205607476635532,0.48895207020786624,,,,,,,,,,,,,,,,,,,,,,0.8181818181818182,0.5,0.323741858714682,,0,0,,0,0,0,0,0,,,,False,False,False,False,False
2024-09-12,16.43,16.44,16.1,16.13,186824.4,-1.6463414634146356,0.38326044867223086,,,,,,,,,,,,,,,,,,,,,,0.6666666666666666,0.45,0.3292405021839436,,0,0,,0,0,0,0,0,,,,False,False,False,False,False
2024-09-13,16.18,16.42,16.08,16.26,134113.11,0.8059516429014479,0.27512600448029406,,,,,,,,,,,,,,,,,,,,,,0.8181818181818182,0.5,0.31751533295148454,,0,0,,0,0,0,0,0,,,,True,False,False,False,False
2024-09-18,16.25,16.74,16.16,16.58,174257.48,1.9680196801967753,0.35748007203177046,,,,,,,,,,,,,,,,,,,,,,1.0,0.55,0.3203266571225506,,0,0,,0,0,0,0,0,,,,True,False,False,False,False
2024-09-19,16.58,16.62,16.14,16.48,198978.29,-0.603136308805774,0.40819351595098535,,,,,,,,,,,,,,,,,,,,,,1.0,0.55,0.3282736159987999,,0,0,,0,0,0,0,0,,,,False,False,False,False,False
2024-09-20,16.43,16.56,16.04,16.26,226947.66,-1.3349514563106735,0.4655712101669423,,,,,,,,,,,,,,,,,,,,,,0.8181818181818182,0.5,0.3401577334351529,,0,0,,0,0,0,0,0,,,,False,False,False,False,False
2024-09-23,16.23,16.8,16.22,16.75,198852.55,3.0135301353013455,0.4079355669420976,,,,,,,,,,,,,,,,,,,,,,0.8181818181818182,0.5,0.3461842769157997,,0,0,,0,0,0,0,0,,,,True,False,True,False,False
2024-09-24,16.76,17.3,16.51,17.23,215766.84,2.8656716417910566,0.4426343449088526,,,,,,,,,,,,,,,,,,,,,,1.0,0.55,0.355490268475864,,0,0,,0,0,0,0,0,,,,True,False,True,True,False
2024-09-25,17.34,17.52,17.16,17.25,213095.8,0.11607661056296514,0.4371548465734025,,,,,,,,,,,,,,,,,,,,,,1.0,0.55,0.3651875767240853,,0,0,,0,0,0,0,0,,,,False,False,False,False,False
2024-09-26,17.29,17.37,16.5,16.68,475351.54,-3.304347826086962,0.975158729252902,,,,,,,,,,,,,,,,,,,,,,1.0,0.55,0.404837204236567,,0,0,,0,0,0,0,0,,,,False,False,False,False,False
2024-09-27,16.78,17.13,16.48,16.86,311339.14,1.0791366906474753,0.6386959009938022,,,,,,,,,,,,,,,,,,,,,,1.0,0.55,0.4275988492091777,,0,0,,0,0,0,0,0,,,,True,False,False,False,False
2024-09-30,16.92,18.06,16.86,17.82,679305.19,5.693950177935947,1.3935589350468944,,,,,,,,,,,,,,,,,,,,,,1.2222222222222223,0.6,0.48106441970462044,,0,0,,0,0,0,0,0,,,,True,False,True,True,False
2024-10-08,19.1,19.35,16.81,17.32,1090467.69,-2.805836139169471,2.237037218543034,,,,,,,,,,,,,,,,,,,,,,1.2222222222222223,0.6,0.5654331615357923,,0,0,,0,0,0,0,0,,,,False,False,False,False,False
2024-10-09,17.05,17.2,16.51,16.66,627233.92,-3.8106235565819824,1.2867374582851179,,,,,,,,,,,,,,,,,,,,,,1.0,0.55,0.6052337991760595,,0,0,,0,0,0,0,0,,,,False,False,False,False,False
2024-10-10,16.97,17.55,16.97,17.02,706022.55,2.1608643457383003,1.4483681964760091,,,,,,,,,,,,,,,,,,,,,,1.2222222222222223,0.6,0.6595736596707529,,0,0,,0,0,0,0,0,,,,True,False,False,False,False
2024-10-11,17.04,17.47,16.84,17.16,331836.07,0.8225616921269108,0.6807442768387308,,,,,,,,,,,,,,,,,,,,,,1.2222222222222223,0.6,0.6807546766518418,,0,0,,0,0,0,0,0,,,,True,False,False,False,False
2024-10-14,17.17,17.34,16.75,17.13,417650.71,-0.17482517482517723,0.8567885056923815,,,,,,,,,,,,,,,,,,,,,,1.2222222222222223,0.6,0.7144169433309627,,0,0,,0,0,0,0,0,,,,False,False,False,False,False
2024-10-15,17.18,17.2,16.6,16.6,403642.7,-3.093987157034428,0.8280518085714215,,,,,,,,,,,,,,,,,,,,,,1.0,0.55,0.7437893655697312,,0,0,,0,0,0,0,0,,,,False,False,False,False,False
2024-10-16,16.65,17.18,16.58,17.03,455406.71,2.590361445783129,0.9342429575737672,,,,,,,,,,,,,,,,,,,,,,1.0,0.55,0.7686979149736668,,0,0,,0,0,0,0,0,,,,True,False,False,False,False
2024-10-17,17.1,17.18,16.7,16.71,332107.46,-1.8790369935408169,0.6813010191762691,,,,,,,,,,,,,,,,,,,,,,0.8181818181818182,0.5,0.7813496543192386,,0,0,,0,0,0,0,0,,,,False,False,False,False,False
2024-10-18,16.68,16.81,16.36,16.61,343803.73,-0.5984440454817608,0.7052953030492083,,,,,,,,,,,,,,,,,,,,,,0.8181818181818182,0.5,0.7921668159613057,,0,0,,0,0,0,0,0,,,,False,False,False,False,False
2024-10-21,16.61,16.64,16.22,16.31,427654.64,-1.8061408789885602,0.8773110428999711,,,,,,,,,,,,,,,,,,,,,,0.8181818181818182,0.5,0.8168693456726928,,0,0,,0,0,0,0,0,,,,False,False,False,False,False
2024-10-22,16.26,16.35,16.2,16.31,336301.89,0.0,0.6899056721216246,,,,,,,,,,,,,,,,,,,,,,0.8181818181818182,0.45,0.8376083290547592,,0,0,,0,0,0,0,0,,,,True,False,False,False,False
2024-10-23,16.26,16.4,16.17,16.19,359295.32,-0.7357449417535133,0.7370754866550234,,,,,,,,,,,,,,,,,,,,,,0.6666666666666666,0.4,0.8565880997859219,,0,0,,0,0,0,0,0,,,,False,False,False,False,False
2024-10-24,16.16,16.27,15.95,16.25,316331.53,0.3705991352686677,0.6489375269877663,,,,,,,,,,,,,,,,,,,,,,0.8181818181818182,0.45,0.868625300337761,,0,0,,0,0,0,0,0,,,,True,False,False,False,False
2024-10-25,16.19,16.24,15.85,15.96,425341.12,-1.7846153846153845,0.8725649780753969,,,,,,,,,,,,,,,,,,,,,,0.8181818181818182,0.45,0.8889749887331837,,0,0,,0,0,0,0,0,,,,False,False,False,False,False
2024-10-28,15.96,16.05,15.68,16.0,316440.33,0.25062656641603454,0.6491607244759721,,,,,,,,,,,,,,,,,,,,,,0.8181818181818182,0.45,0.9010362466098772,,0,0,,0,0,0,0,0,,,,True,False,False,False,False
2024-10-29,16.02,16.12,15.86,15.97,296100.95,-0.187499999999996,0.6074355541849662,,,,,,,,,,,,,,,,,,,,,,0.6666666666666666,0.4,0.9092763070736831,,0,0,,0,0,0,0,0,,,,False,False,False,False,False
2024-10-30,15.97,16.02,15.68,15.99,326113.13,0.1252348152786409,0.6690039658722605,,,,,,,,,,,,,,,,,,,,,,0.8181818181818182,0.4,0.920868763038626,,0,0,,0,0,0,0,0,,,,True,False,False,False,False
2024-10-31,15.98,16.05,15.78,15.82,290170.89,-1.0631644777986282,0.5952703474119041,,,,,,,,,,,,,,,,,,,,,,0.8181818181818182,0.4,0.9018743439465761,,0,0,,0,0,0,0,0,,,,False,False,False,False,False
2024-11-01,15.82,16.2,15.71,16.16,398766.46,2.149178255372952,0.8180484582048019,,,,,,,,,,,,,,,,,,,,,,0.8181818181818182,0.4,0.9108419718071259,,0,0,,0,0,0,0,0,,,,True,False,False,False,False
2024-11-04,16.16,16.17,15.93,16.09,208977.94,-0.4331683168316891,0.4287072729632668,,,,,,,,,,,,,,,,,,,,,,0.6666666666666666,0.35,0.8625993887029446,,0,0,,0,0,0,0,0,,,,False,False,False,False,False
2024-11-05,16.1,16.26,16.02,16.1,372645.67,0.06215040397763438,0.7644630288118901,,,,,,,,,,,,,,,,,,,,,,0.7272727272727273,0.4,0.7889706792163874,,0,0,,0,0,0,0,0,,,,False,False,False,False,False
2024-11-06,16.08,16.18,15.96,16.06,304010.05,-0.2484472049689601,0.62366065762217,,,,,,,,,,,,,,,,,,,,,,0.7272727272727273,0.4,0.7558168391832402,,0,0,,0,0,0,0,0,,,,False,False,False,False,False
2024-11-07,16.03,16.21,15.98,16.18,261616.73,0.7471980074719831,0.5366929872113165,,,,,,,,,,,,,,,,,,,,,,0.7272727272727273,0.4,0.7102330787200054,,0,0,,0,0,0,0,0,,,,True,False,False,False,False
2024-11-08,16.19,16.51,16.08,16.25,400236.96,0.4326328800988932,0.8210651117563321,,,,,,,,,,,,,,,,,,,,,,0.7272727272727273,0.4,0.7172491204658855,,0,0,,0,0,0,0,0,,,,True,False,False,False,False
2024-11-11,16.2,16.2,15.9,15.98,331237.81,-1.6615384615384587,0.6795169778562498,,,,,,,,,,,,,,,,,,,,,,0.7272727272727273,0.4,0.7083855440740789,,0,0,,0,0,0,0,0,,,,False,False,False,False,False
2024-11-12,15.93,16.1,15.76,15.82,383277.93,-1.0012515644555742,0.7862745520283426,,,,,,,,,,,,,,,,,,,,,,0.7272727272727273,0.4,0.706296681246925,,0,0,,0,0,0,0,0,,,,False,False,False,False,False
2024-11-13,15.83,16.16,15.71,16.09,351001.85,1.7067003792667457,0.7200618683415179,,,,,,,,,,,,,,,,,,,,,,0.7272727272727273,0.4,0.6955876267853125,,0,0,,0,0,0,0,0,,,,True,False,False,False,False
2024-11-14,16.12,16.3,15.91,15.92,258654.44,-1.0565568676196402,0.5306160047909406,,,,,,,,,,,,,,,,,,,,,,0.7272727272727273,0.4,0.6880533760660461,,0,0,,0,0,0,0,0,,,,False,False,False,False,False
2024-11-15,15.92,16.01,15.76,15.76,238794.93,-1.005025125628145,0.48987526261266706,,,,,,,,,,,,,,,,,,,,,,0.7272727272727273,0.4,0.6772823740442191,,0,0,,0,0,0,0,0,,,,False,False,False,False,False
2024-11-18,15.82,16.11,15.79,15.94,262531.82,1.1421319796954377,0.5385702463058217,,,,,,,,,,,,,,,,,,,,,,0.9,0.45,0.6603453342145115,,0,0,,0,0,0,0,0,,,,True,False,False,False,False
2024-11-19,15.93,15.95,15.68,15.82,244159.23,-0.7528230865746499,0.5008798424470594,,,,,,,,,,,,,,,,,,,,,,0.7272727272727273,0.45,0.6508940427307833,,0,0,,0,0,0,0,0,,,,False,False,False,False,False
2024-11-20,15.79,15.98,15.69,15.91,224028.24,0.568900126422256,0.4595821733009725,,,,,,,,,,,,,,,,,,,,,,0.9,0.5,0.6370193770630806,,0,0,,0,0,0,0,0,,,,True,False,False,False,False
2024-11-21,15.92,16.2,15.86,16.15,308624.72,1.508485229415446,0.63312741086572,,,,,,,,,,,,,,,,,,,,,,0.9,0.5,0.6362288712569784,,0,0,,0,0,0,0,0,,,,True,False,False,False,False
2024-11-22,16.15,16.28,15.75,15.75,248418.0,-2.4767801857585092,0.5096164855246865,,,,,,,,,,,,,,,,,,,,,,0.9,0.5,0.6180814466294429,,0,0,,0,0,0,0,0,,,,False,False,False,False,False
2024-11-25,15.81,16.07,15.74,15.82,293726.12,0.4444444444444473,0.602563715114051,,,,,,,,,,,,,,,,,,,,,,0.9,0.5,0.6157515961613469,,0,0,,0,0,0,0,0,,,,True,False,False,False,False
2024-11-26,15.87,15.88,15.64,15.66,206421.09,-1.0113780025284513,0.42346202941805755,,,,,,,,,,,,,,,,,,,,,,0.9,0.5,0.6065529199230014,,0,0,,0,0,0,0,0,,,,False,False,False,False,False
2024-11-27,15.64,15.81,15.62,15.76,167848.86,0.638569604086836,0.3443331245422036,,,,,,,,,,,,,,,,,,,,,,0.9,0.5,0.5903193778564986,,0,0,,0,0,0,0,0,,,,True,False,False,False,False
2024-11-28,15.73,15.75,15.48,15.56,215564.6,-1.269035532994922,0.4422194601660702,,,,,,,,,,,,,,,,,,,,,,0.9,0.5,0.5826668334942069,,0,0,,0,0,0,0,0,,,,False,False,False,False,False
2024-11-29,15.53,15.71,15.51,15.58,176713.25,0.12853470437017567,0.36251795526348857,,,,,,,,,,,,,,,,,,,,,,0.9,0.5,0.5598903083471412,,0,0,,0,0,0,0,0,,,,True,False,False,False,False
2024-12-02,16.16,16.26,15.84,16.12,1081546.39,3.4659820282413323,2.218735639944416,,,,,,,,,,,,,,,,,,,,,,0.9,0.55,0.6493917266961986,,0,0,,0,0,0,0,0,,,,False,False,True,False,False
2024-12-03,16.11,17.64,15.83,16.6,1218537.79,2.977667493796532,2.499766305254927,,,,,,,,,,,,,,,,,,,,,,1.0,0.55,0.7361568905183505,,0,0,,0,0,0,0,0,,,,True,False,True,True,False
2024-12-04,16.48,16.53,16.17,16.25,682329.51,-2.108433734939763,1.3997631687558125,,,,,,,,,,,,,,,,,,,,,,1.0,0.55,0.7749620160750326,,0,0,,0,0,0,0,0,,,,False,False,False,False,False
2024-12-05,16.19,16.31,16.02,16.08,404981.71,-1.0461538461538522,0.8307987172909281,,,,,,,,,,,,,,,,,,,,,,0.8181818181818182,0.5,0.7896673025790133,,0,0,,0,0,0,0,0,,,,False,False,False,False,False
2024-12-06,16.11,16.16,16.03,16.08,284070.03,0.0,0.5827547534055191,,,,,,,,,,,,,,,,,,,,,,0.6666666666666666,0.45,0.7777517846614725,,0,0,,0,0,0,0,0,,,,False,False,False,False,False
2024-12-09,16.08,16.16,15.91,16.11,328615.5,0.1865671641791078,0.6741374465575668,,,,,,,,,,,,,,,,,,,,,,0.8181818181818182,0.5,0.7774828080965384,,0,0,,0,0,0,0,0,,,,True,False,False,False,False
2024-12-10,16.19,16.23,16.0,16.04,432566.65,-0.4345127250155234,0.8873877735437333,,,,,,,,,,,,,,,,,,,,,,0.8181818181818182,0.5,0.782538469172308,,0,0,,0,0,0,0,0,,,,False,False,False,False,False
2024-12-11,15.99,16.04,15.91,15.97,256146.4,-0.436408977556102,0.5254708923982987,,,,,,,,,,,,,,,,,,,,,,0.6666666666666666,0.45,0.7728089203751469,,0,0,,0,0,0,0,0,,,,False,False,False,False,False
2024-12-12,15.95,16.05,15.92,15.98,225672.81,0.06261740763933155,0.46295592231915694,,,,,,,,,,,,,,,,,,,,,,0.8181818181818182,0.5,0.7694259162515578,,0,0,,0,0,0,0,0,,,,True,False,False,False,False
2024-12-13,15.94,16.0,15.88,15.88,292383.91,-0.6257822277847325,0.5998102417625383,,,,,,,,,,,,,,,,,,,,,,0.8181818181818182,0.5,0.7749226652090513,,0,0,,0,0,0,0,0,,,,False,False,False,False,False
2024-12-16,15.88,16.41,15.88,16.4,646833.74,3.2745591939546514,1.3269454600616253,,,,,,,,,,,,,,,,,,,,,,0.8181818181818182,0.5,0.8143414258968417,,0,0,,0,0,0,0,0,,,,True,False,True,False,False
2024-12-17,16.39,16.63,16.24,16.26,382840.03,-0.8536585365853444,0.7853762231672646,,,,,,,,,,,,,,,,,,,,,,0.8181818181818182,0.5,0.8285662449328518,,0,0,,0,0,0,0,0,,,,False,False,False,False,False
2024-12-18,16.31,16.57,16.31,16.39,236647.46,0.7995079950799511,0.4854698406457818,,,,,,,,,,,,,,,,,,,,,,0.8181818181818182,0.5,0.8298606283000922,,0,0,,0,0,0,0,0,,,,True,False,False,False,False
2024-12-19,16.34,16.37,16.08,16.08,270964.92,-1.8913971934106266,0.5558703082340163,,,,,,,,,,,,,,,,,,,,,,0.6666666666666666,0.45,0.8259977731685071,,0,0,,0,0,0,0,0,,,,False,False,False,False,False
2024-12-20,16.12,16.26,16.0,16.15,214417.14,0.43532338308458485,0.4398655062155507,,,,,,,,,,,,,,,,,,,,,,0.8181818181818182,0.5,0.8225102242030502,,0,0,,0,0,0,0,0,,,,True,False,False,False,False
2024-12-23,16.06,16.31,15.88,16.24,405316.49,0.5572755417956543,0.8314855008856111,,,,,,,,,,,,,,,,,,,,,,0.8181818181818182,0.5,0.8339563134916282,,0,0,,0,0,0,0,0,,,,True,False,False,False,False
2024-12-24,16.19,16.41,16.09,16.3,251513.55,0.3694581280788256,0.5159668438391644,,,,,,,,,,,,,,,,,,,,,,1.0,0.55,0.8385815542126837,,0,0,,0,0,0,0,0,,,,True,False,False,False,False
2024-12-25,16.3,16.58,16.29,16.53,269746.21,1.411042944785268,0.553370188648987,,,,,,,,,,,,,,,,,,,,,,1.0,0.55,0.8490334074180229,,0,0,,0,0,0,0,0,,,,True,False,False,False,False
2024-12-26,16.52,16.52,16.17,16.21,273240.21,-1.9358741681790748,0.5605379462205932,,,,,,,,,,,,,,,,,,,,,,1.0,0.55,0.8549493317207488,,0,0,,0,0,0,0,0,,,,False,False,False,False,False
2024-12-27,16.21,16.35,16.14,16.31,199907.83,0.6169031462060381,0.41010041846189277,,,,,,,,,,,,,,,,,,,,,,1.0,0.55,0.8573284548806692,,0,0,,0,0,0,0,0,,,,True,False,False,False,False
2024-12-30,16.31,16.43,16.11,16.16,238228.24,-0.9196811771919,0.4887127278278206,,,,,,,,,,,,,,,,,,,,,,1.0,0.5,0.7708273092748394,,0,0,,0,0,0,0,0,,,,False,False,False,False,False
2024-12-31,16.18,16.49,16.16,16.31,291670.44,0.9282178217821624,0.5983465955133643,,,,,,,,,,,,,,,,,,,,,,1.0,0.5,0.6757563237877613,,0,0,,0,0,0,0,0,,,,True,False,False,False,False
2025-01-02,16.34,16.38,15.72,15.77,412199.52,-3.31085223789086,0.8456056755845499,,,,,,,,,,,,,,,,,,,,,,1.0,0.5,0.6480484491291982,,0,0,,0,0,0,0,0,,,,False,False,False,False,False
2025-01-03,15.81,15.86,15.52,15.64,315572.64,-0.8243500317057673,0.6473807039930565,,,,,,,,,,,,,,,,,,,,,,1.0,0.5,0.6388775484643046,,0,0,,0,0,0,0,0,,,,False,False,False,False,False
2025-01-06,15.7,15.7,15.37,15.44,248793.16,-1.278772378516635,0.5103861065694959,,,,,,,,,,,,,,,,,,,,,,1.0,0.5,0.6352591161225034,,0,0,,0,0,0,0,0,,,,False,False,False,False,False
2025-01-07,15.44,15.44,15.18,15.25,196011.47,-1.2305699481865218,0.40210724047342594,,,,,,,,,,,,,,,,,,,,,,0.8181818181818182,0.45,0.6216576058182964,,0,0,,0,0,0,0,0,,,,False,False,False,False,False
2025-01-08,15.25,15.59,15.18,15.55,287674.41,1.967213114754096,0.590148949752384,,,,,,,,,,,,,,,,,,,,,,1.0,0.5,0.6067956646287289,,0,0,,0,0,0,0,0,,,,True,False,False,False,False
2025-01-09,15.56,15.57,15.27,15.3,174627.85,-1.6077170418006381,0.3582398666430457,,,,,,,,,,,,,,,,,,,,,,1.0,0.5,0.5984341133409663,,0,0,,0,0,0,0,0,,,,False,False,False,False,False
2025-01-10,15.29,15.32,15.09,15.1,149284.72,-1.3071895424836666,0.3062497659144542,,,,,,,,,,,,,,,,,,,,,,0.8181818181818182,0.45,0.5905988055207312,,0,0,,0,0,0,0,0,,,,False,False,False,False,False
2025-01-13,15.01,15.13,14.72,14.79,254798.2,-2.0529801324503327,0.5227051308762496,,,,,,,,,,,,,,,,,,,,,,0.8181818181818182,0.45,0.5867435499764166,,0,0,,0,0,0,0,0,,,,False,False,False,False,False
2025-01-14,14.8,14.99,14.76,14.95,223418.09,1.0818120351588911,0.45833048260769393,,,,,,,,,,,,,,,,,,,,,,0.8181818181818182,0.45,0.5433128011037202,,0,0,,0,0,0,0,0,,,,True,False,False,False,False
2025-01-15,14.94,15.25,14.78,15.0,198231.76,0.33444816053511683,0.40666204884739887,,,,,,,,,,,,,,,,,,,,,,1.0,0.5,0.5243770923877269,,0,0,,0,0,0,0,0,,,,True,False,False,False,False
2025-01-16,14.98,15.08,14.83,14.88,170408.11,-0.7999999999999896,0.3495832915614174,,,,,,,,,,,,,,,,,,,,,,0.8181818181818182,0.45,0.5175827649335086,,0,0,,0,0,0,0,0,,,,False,False,False,False,False
2025-01-17,14.84,14.95,14.7,14.83,158407.8,-0.33602150537634934,0.32496528559000326,,,,,,,,,,,,,,,,,,,,,,0.8181818181818182,0.45,0.506037513801308,,0,0,,0,0,0,0,0,,,,False,False,False,False,False
2025-01-20,14.9,15.14,14.87,14.94,201375.08,0.7417397167902795,0.413110404809042,,,,,,,,,,,,,,,,,,,,,,0.8181818181818182,0.45,0.5046997587309826,,0,0,,0,0,0,0,0,,,,True,False,False,False,False
2025-01-21,14.97,15.07,14.8,14.94,159115.23,0.0,0.32641654109626583,,,,,,,,,,,,,,,,,,,,,,0.6666666666666666,0.4,0.4794463107415153,,0,0,,0,0,0,0,0,,,,False,False,False,False,False
2025-01-22,14.95,15.05,14.72,14.75,138013.29,-1.2717536813922292,0.2831270189982182,,,,,,,,,,,,,,,,,,,,,,0.5384615384615384,0.35,0.467804319499468,,0,0,,0,0,0,0,0,,,,False,False,False,False,False
2025-01-23,14.76,14.86,14.64,14.67,209949.66,-0.5423728813559348,0.43070070552980405,,,,,,,,,,,,,,,,,,,,,,0.42857142857142855,0.3,0.4616708453435089,,0,0,,0,0,0,0,0,,,,False,False,False,False,False
2025-01-24,14.66,14.72,14.51,14.64,170239.19,-0.2044989775051076,0.349236761049398,,,,,,,,,,,,,,,,,,,,,,0.42857142857142855,0.3,0.45110578608494906,,0,0,,0,0,0,0,0,,,,False,False,False,False,False
2025-01-27,14.67,15.08,14.64,15.02,271546.82,2.595628415300544,0.5570640455353665,,,,,,,,,,,,,,,,,,,,,,0.42857142857142855,0.3,0.4584539674386227,,0,0,,0,0,0,0,0,,,,True,False,False,False,False
2025-02-05,15.02,15.02,14.63,14.68,204779.92,-2.26364846870839,0.4200952553213795,,,,,,,,,,,,,,,,,,,,,,0.42857142857142855,0.3,0.4550230938133007,,0,0,,0,0,0,0,0,,,,False,False,False,False,False
2025-02-06,14.68,14.84,14.63,14.84,165649.96,1.089918256130784,0.3398221966302961,,,,,,,,,,,,,,,,,,,,,,0.42857142857142855,0.3,0.44209687386914726,,0,0,,0,0,0,0,0,,,,True,False,False,False,False
2025-02-07,14.83,14.87,14.73,14.78,205819.79,-0.40431266846361336,0.4222284940351706,,,,,,,,,,,,,,,,,,,,,,0.42857142857142855,0.3,0.42092801479167835,,0,0,,0,0,0,0,0,,,,False,False,False,False,False
2025-02-10,14.76,14.81,14.55,14.67,230845.29,-0.7442489851150147,0.4735669934937366,,,,,,,,,,,,,,,,,,,,,,0.42857142857142855,0.3,0.4122373292667123,,0,0,,0,0,0,0,0,,,,False,False,False,False,False
2025-02-11,14.67,14.81,14.65,14.76,188879.82,0.6134969325153339,0.38747703489656704,,,,,,,,,,,,,,,,,,,,,,0.5384615384615384,0.35,0.4060918756830659,,0,0,,0,0,0,0,0,,,,True,False,False,False,False
2025-02-12,14.75,14.79,14.66,14.78,125810.98,0.13550135501354532,0.25809462063142213,,,,,,,,,,,,,,,,,,,,,,0.6666666666666666,0.4,0.3988912446909657,,0,0,,0,0,0,0,0,,,,True,False,False,False,False
2025-02-13,14.78,14.86,14.67,14.68,203170.25,-0.6765899864682012,0.4167931018210111,,,,,,,,,,,,,,,,,,,,,,0.5384615384615384,0.35,0.39022345229439703,,0,0,,0,0,0,0,0,,,,False,False,False,False,False
2025-02-14,14.69,14.79,14.61,14.7,184365.94,0.13623978201635634,0.37821704704673265,,,,,,,,,,,,,,,,,,,,,,0.6666666666666666,0.4,0.39122231131458135,,0,0,,0,0,0,0,0,,,,True,False,False,False,False
2025-02-17,14.65,14.74,14.27,14.74,377739.44,0.2721088435374108,0.7749126305535958,,,,,,,,,,,,,,,,,,,,16.09316666666667,,0.8181818181818182,0.45,0.4146554545465385,,0,0,,0,0,0,0,0,,,,True,False,False,False,False
2025-02-18,14.71,14.95,14.67,14.76,292719.42,0.13568521031206426,0.6004985229138977,,,,,,,,,,,,,,,,,,,,16.069750000000003,,1.0,0.5,0.41854512414842093,,0,0,,0,0,0,0,0,,,,True,False,False,False,False
2025-02-19,14.77,14.81,14.62,14.69,179934.68,-0.47425474254743083,0.3691265497895044,,,,,,,,,,,,,,,,,,,,16.044666666666664,,0.8181818181818182,0.45,0.4140849275075114,,0,0,,0,0,0,0,0,,,,False,False,False,False,False
2025-02-20,14.65,14.97,14.57,14.89,261878.45,1.3614703880190593,0.5372298920515113,,,,,,,,,,,,,,,,,,,,16.02475,,0.8181818181818182,0.45,0.420613319667717,,0,0,,0,0,0,0,0,,,,True,False,False,False,False
2025-02-21,14.88,14.91,14.6,14.61,300659.75,-1.8804566823371505,0.6167876930565855,,,,,,,,,,,,,,,,,,,,16.003166666666665,,0.8181818181818182,0.45,0.43397353974247543,,0,0,,0,0,0,0,0,,,,False,False,False,False,False
2025-02-24,14.58,14.71,14.28,14.3,371296.98,-2.121834360027375,0.7616962620805651,,,,,,,,,,,,,,,,,,,,15.980333333333334,,0.8181818181818182,0.45,0.45581008856700345,,0,0,,0,0,0,0,0,,,,False,False,False,False,False
2025-02-25,14.3,14.33,14.03,14.07,346678.27,-1.6083916083916128,0.7111922709512932,,,,,,,,,,,,,,,,,,,,15.955416666666668,,0.6666666666666666,0.4,0.4707141818741161,,0,0,,0,0,0,0,0,,,,False,False,False,False,False
2025-02-26,14.1,14.41,14.07,14.35,284835.1,1.990049751243772,0.5843242543457907,,,,,,,,,,,,,,,,,,,,15.929666666666666,,0.8181818181818182,0.45,0.48360956753659234,,0,0,,0,0,0,0,0,,,,True,False,False,False,False
2025-02-27,14.4,14.42,14.21,14.25,225435.32,-0.6968641114982521,0.4624687240519329,,,,,,,,,,,,,,,,,,,,15.907166666666665,,0.8181818181818182,0.45,0.49257665278927804,,0,0,,0,0,0,0,0,,,,False,False,False,False,False
2025-02-28,14.25,14.34,14.15,14.15,167363.35,-0.7017543859649145,0.3433371262655606,,,,,,,,,,,,,,,,,,,,15.883666666666667,,0.8181818181818182,0.45,0.48820847382606586,,0,0,,0,0,0,0,0,,,,False,False,False,False,False
2025-03-03,14.15,14.24,14.0,14.04,208012.82,-0.7773851590106129,0.426727379950242,,,,,,,,,,,,,,,,,,,,15.860833333333334,,0.8181818181818182,0.45,0.4920830047711081,,0,0,,0,0,0,0,0,,,,False,False,False,False,False
2025-03-04,14.05,14.16,13.97,14.12,123701.36,0.5698005698005604,0.25376684595248344,,,,,,,,,,,,,,,,,,,,15.83775,,0.8181818181818182,0.45,0.47691814479196387,,0,0,,0,0,0,0,0,,,,True,False,False,False,False
2025-03-05,14.1,14.28,14.08,14.2,150397.61,0.56657223796035,0.30853280132483335,,,,,,,,,,,,,,,,,,,,15.818416666666666,,1.0,0.5,0.47134002209213655,,0,0,,0,0,0,0,0,,,,True,False,False,False,False
2025-03-06,14.24,14.26,14.08,14.22,143441.27,0.14084507042253502,0.29426223500953086,,,,,,,,,,,,,,,,,,,,15.801416666666665,,0.8181818181818182,0.5,0.46906202401109837,,0,0,,0,0,0,0,0,,,,False,False,False,False,False
2025-03-07,14.17,14.33,14.16,14.19,155931.38,-0.21097046413502962,0.3198850399673711,,,,,,,,,,,,,,,,,,,,15.780083333333332,,1.0,0.5,0.46394485130770835,,0,0,,0,0,0,0,0,,,,True,False,False,False,False
2025-03-10,14.19,14.37,14.14,14.29,178724.54,0.7047216349541863,0.36664401110956635,,,,,,,,,,,,,,,,,,,,15.762333333333334,,1.2222222222222223,0.55,0.4585987021884998,,0,0,,0,0,0,0,0,,,,True,False,False,False,False
2025-03-11,14.26,14.35,14.11,14.23,168695.19,-0.41987403778865895,0.3460693261064788,,,,,,,,,,,,,,,,,,,,15.742333333333333,,1.0,0.5,0.4565283167489954,,0,0,,0,0,0,0,0,,,,False,False,False,False,False
2025-03-12,14.22,14.33,14.11,14.33,158927.91,0.7027406886858767,0.3260322639502117,,,,,,,,,,,,,,,,,,,,15.723916666666666,,1.0,0.5,0.459925198914935,,0,0,,0,0,0,0,0,,,,True,False,False,False,False
2025-03-13,14.31,14.44,14.31,14.38,199329.35,0.34891835310537633,0.4089136971109991,,,,,,,,,,,,,,,,,,,,15.705,,1.2222222222222223,0.55,0.4595312286794343,,0,0,,0,0,0,0,0,,,,True,False,True,False,False
2025-03-14,14.38,14.43,14.31,14.43,169691.0,0.347705146036148,0.34811217804333655,,,,,,,,,,,,,,,,,,,,15.6855,,1.2222222222222223,0.55,0.4580259852292645,,0,0,,0,0,0,0,0,,,,True,False,False,False,False
2025-03-17,14.44,14.57,14.37,14.38,197789.74,-0.34650034650034467,0.40575526802261314,,,,,,,,,,,,,,,,,,,,15.662666666666667,,1.0,0.5,0.43956811710271537,,0,0,,0,0,0,0,0,,,,False,False,False,False,False
2025-03-18,14.42,14.42,14.26,14.28,162565.66,-0.6954102920723293,0.33349491710021456,,,,,,,,,,,,,,,,,,,,15.645,,0.8181818181818182,0.45,0.42621793681203124,,0,0,,0,0,0,0,0,,,,False,False,False,False,False
2025-03-19,14.3,14.73,14.26,14.57,363629.94,2.030812324929987,0.7459677320256689,,,,,,,,,,,,,,,,,,,,15.632000000000001,,1.0,0.5,0.4450599959238394,,0,0,,0,0,0,0,0,,,,True,False,False,False,False
2025-03-20,14.57,14.72,14.53,14.6,155889.46,0.20590253946464188,0.31979904328809183,,,,,,,,,,,,,,,,,,,,15.618166666666667,,1.0,0.5,0.43418845348566854,,0,0,,0,0,0,0,0,,,,True,False,False,False,False
2025-03-21,14.56,14.77,14.56,14.66,223510.17,0.4109589041095818,0.45851937989366803,,,,,,,,,,,,,,,,,,,,15.602166666666667,,1.2222222222222223,0.55,0.4262750378275226,,0,0,,0,0,0,0,0,,,,True,False,False,False,False
2025-03-24,14.69,14.8,14.61,14.68,180158.52,0.13642564802183177,0.3695857457983276,,,,,,,,,,,,,,,,,,,,15.587166666666665,,1.2222222222222223,0.6,0.4066695120134107,,0,0,,0,0,0,0,0,,,,False,False,False,False,False
2025-03-25,14.7,15.21,14.61,15.18,443849.58,3.4059945504087086,0.9105341121062409,,,,,,,,,,,,,,,,,,,,15.578166666666666,,1.5,0.65,0.4166366040711581,,0,0,,0,0,0,0,0,,,,True,False,True,True,True
2025-03-26,15.19,15.2,14.95,15.1,212632.74,-0.5270092226614009,0.4362049032931769,,,,,,,,,,,,,,,,,,,,15.564416666666665,,1.2222222222222223,0.6,0.4092306365185275,,0,0,,0,0,0,0,0,,,,False,False,False,False,False
2025-03-27,15.1,15.13,14.94,15.01,193528.99,-0.596026490066226,0.3970145630789323,,,,,,,,,,,,,,,,,,,,15.545916666666665,,1.2222222222222223,0.6,0.40595792846987744,,0,0,,0,0,0,0,0,,,,False,False,False,False,False
2025-03-28,14.97,15.27,14.95,15.25,235397.45,1.59893404397069,0.48290551075394345,,,,,,,,,,,,,,,,,,,,15.529249999999998,,1.5,0.65,0.41293634769429655,,0,0,,0,0,0,0,0,,,,True,False,True,True,True
2025-03-31,15.2,15.42,15.13,15.16,249620.72,-0.5901639344262244,0.5120838024641605,,,,,,,,,,,,,,,,,,,,15.516583333333333,,1.5,0.65,0.41720416881999245,,0,0,,0,0,0,0,0,,,,False,False,False,False,False
2025-04-01,15.16,15.39,15.13,15.31,218496.97,0.9894459102902431,0.44823506327718954,,,,,,,,,,,,,,,,,,,,15.503666666666666,,1.5,0.65,0.4269275796862278,,0,0,,0,0,0,0,0,,,,True,False,False,False,True
2025-04-02,15.31,15.4,15.19,15.32,159886.05,0.06531678641410466,0.32799783785967324,,,,,,,,,,,,,,,,,,,,15.482833333333334,,1.5,0.65,0.42790083151296976,,0,0,,0,0,0,0,0,,,,True,False,False,False,True
2025-04-03,15.28,15.82,15.28,15.79,384516.78,3.067885117493474,0.7888159877660599,,,,,,,,,,,,,,,,,,,,15.470083333333333,,1.8571428571428572,0.65,0.4526285191507962,,0,0,,0,0,0,0,0,,,,True,False,True,True,True
2025-04-07,15.41,16.06,15.04,15.68,767003.48,-0.6966434452184922,1.5734673729874815,,,,,,,,,,,,,,,,,,,,15.461916666666667,,1.8571428571428572,0.65,0.5153076358018017,,0,0,,0,0,0,0,0,,,,True,False,False,False,False
2025-04-08,15.64,15.92,15.35,15.86,477181.9,1.1479591836734748,0.9789136167024627,,,,,,,,,,,,,,,,,,,,15.45225,,1.8571428571428572,0.65,0.5459211160814466,,0,0,,0,0,0,0,0,,,,True,False,False,False,True
2025-04-09,15.87,16.16,15.66,16.04,447096.22,1.134930643127352,0.9171944236237795,,,,,,,,,,,,,,,,,,,,15.442916666666665,,2.3333333333333335,0.7,0.5744773709573116,,0,0,,0,0,0,0,0,,,,True,False,False,False,True
2025-04-10,16.04,16.04,15.76,16.04,290774.93,0.0,0.5965095037609461,,,,,,,,,,,,,,,,,,,,15.433833333333332,,2.1666666666666665,0.65,0.5880012329478483,,0,0,,0,0,0,0,0,,,,False,False,False,False,False
2025-04-11,16.06,16.06,15.73,15.91,230882.92,-0.8104738154613433,0.4736441894632327,,,,,,,,,,,,,,,,,,,,15.428083333333332,,1.7142857142857142,0.6,0.5912377575654599,,0,0,,0,0,0,0,0,,,,False,False,False,False,False
2025-04-14,15.75,15.86,15.44,15.81,325129.33,-0.6285355122564451,0.6669857518199004,,,,,,,,,,,,,,,,,,,,15.417916666666665,,1.7142857142857142,0.55,0.6071814362542882,,0,0,,0,0,0,0,0,,,,True,False,False,False,False
2025-04-15,15.81,15.83,15.55,15.76,201284.63,-0.3162555344718543,0.41292485138249596,,,,,,,,,,,,,,,,,,,,15.41,,1.7142857142857142,0.55,0.6075399154222823,,0,0,,0,0,0,0,0,,,,False,False,False,False,False
2025-04-16,15.77,15.99,15.6,15.99,248460.68,1.4593908629441543,0.5097040413040672,,,,,,,,,,,,,,,,,,,,15.404833333333332,,2.1666666666666665,0.6,0.616350371632475,,0,0,,0,0,0,0,0,,,,True,False,False,False,False
2025-04-17,15.97,15.97,15.69,15.87,196595.26,-0.75046904315198,0.4033048550105547,,,,,,,,,,,,,,,,,,,,15.401166666666667,,1.7142857142857142,0.55,0.5992172277817193,,0,0,,0,0,0,0,0,,,,False,False,False,False,False
2025-04-18,15.8,15.92,15.74,15.77,134248.0,-0.6301197227473243,0.2754027242338241,,,,,,,,,,,,,,,,,,,,15.396666666666668,,1.375,0.5,0.5969974118290058,,0,0,,0,0,0,0,0,,,,False,False,False,False,False
2025-04-21,15.78,15.89,15.69,15.71,132391.67,-0.38046924540265925,0.2715945606926393,,,,,,,,,,,,,,,,,,,,15.392666666666667,,1.1111111111111112,0.45,0.5876511708689545,,0,0,,0,0,0,0,0,,,,False,False,False,False,False
2025-04-22,15.71,16.04,15.68,15.91,194861.17,1.2730744748567835,0.399747460412001,,,,,,,,,,,,,,,,,,,,15.389833333333334,,1.375,0.45,0.5891592565996381,,0,0,,0,0,0,0,0,,,,True,False,False,False,False
2025-04-23,15.86,15.9,15.64,15.68,155334.29,-1.4456316781898182,0.3186601411784672,,,,,,,,,,,,,,,,,,,,15.3875,,1.1111111111111112,0.4,0.5595655580532494,,0,0,,0,0,0,0,0,,,,False,False,False,False,False
2025-04-24,15.7,15.99,15.69,15.85,162651.72,1.0841836734693855,0.3336714646722273,,,,,,,,,,,,,,,,,,,,15.386249999999999,,1.375,0.45,0.5544388861222018,,0,0,,0,0,0,0,0,,,,True,False,False,False,False
2025-04-25,15.89,15.98,15.74,15.91,161102.49,0.3785488958990557,0.33049330065887317,,,,,,,,,,,,,,,,,,,,15.38575,,1.7142857142857142,0.5,0.551112823001199,,0,0,,0,0,0,0,0,,,,True,False,False,False,False
2025-04-28,15.94,16.16,15.82,16.07,213717.43,1.0056568196103122,0.43843008788400273,,,,,,,,,,,,,,,,,,,,15.386416666666666,,1.7142857142857142,0.5,0.5488890518577019,,0,0,,0,0,0,0,0,,,,True,False,True,True,True
2025-04-29,16.07,16.1,15.87,16.06,173490.62,-0.062227753578103506,0.3559068990004705,,,,,,,,,,,,,,,,,,,,15.388416666666666,,1.7142857142857142,0.5,0.5410802066845174,,0,0,,0,0,0,0,0,,,,False,False,False,False,False
2025-04-30,16.05,16.09,15.94,16.06,139719.54,0.0,0.2866273012983192,,,,,,,,,,,,,,,,,,,,15.387583333333334,,1.7142857142857142,0.45,0.5329998185855739,,0,0,,0,0,0,0,0,,,,True,False,False,False,False
2025-05-06,16.02,16.07,15.83,16.05,224684.69,-0.06226650062265415,0.46092884601358874,,,,,,,,,,,,,,,,,,,,15.38725,,1.7142857142857142,0.4,0.5396463689932697,,0,0,,0,0,0,0,0,,,,True,False,False,False,False
2025-05-07,16.14,16.3,15.92,16.17,213352.64,0.7476635514018781,0.4376817403497881,,,,,,,,,,,,,,,,,,,,15.387833333333333,,1.7142857142857142,0.4,0.5220896566224561,,0,0,,0,0,0,0,0,,,,True,False,True,True,True
2025-05-08,16.1,16.21,16.01,16.17,137518.68,0.0,0.282112352549308,,,,,,,,,,,,,,,,,,,,15.388749999999998,,1.7142857142857142,0.4,0.45752190560054745,,0,0,,0,0,0,0,0,,,,True,False,False,False,False
2025-05-09,16.17,16.43,16.13,16.29,165793.2,0.7421150278293043,0.3401160459704669,,,,,,,,,,,,,,,,,,,,15.389666666666667,,1.7142857142857142,0.4,0.4255820270639476,,0,0,,0,0,0,0,0,,,,True,False,False,False,True
2025-05-12,16.24,16.29,16.1,16.16,141831.08,-0.7980356046654369,0.2909590147564615,,,,,,,,,,,,,,,,,,,,15.388916666666667,,1.375,0.35,0.39427025662058174,,0,0,,0,0,0,0,0,,,,False,False,False,False,False
2025-05-13,16.16,16.18,16.02,16.15,116438.33,-0.06188118811881749,0.23886712120282616,,,,,,,,,,,,,,,,,,,,15.390333333333334,,1.2222222222222223,0.35,0.37638813749267575,,0,0,,0,0,0,0,0,,,,False,False,False,False,False
2025-05-14,16.16,16.16,16.01,16.08,127927.39,-0.43343653250774716,0.26243632463889865,,,,,,,,,,,,,,,,,,,,15.3925,,1.2222222222222223,0.35,0.36582774425145903,,0,0,,0,0,0,0,0,,,,False,False,False,False,False
2025-05-15,16.1,16.38,16.1,16.33,198004.59,1.5547263681592094,0.40619602151839435,,,,,,,,,,,,,,,,,,,,15.394499999999999,,1.2222222222222223,0.4,0.3527882577363838,,0,0,,0,0,0,0,0,,,,True,False,False,False,True
2025-05-16,16.29,16.49,16.1,16.12,158466.38,-1.285976729944871,0.32508545938466404,,,,,,,,,,,,,,,,,,,,15.396166666666666,,1.2222222222222223,0.4,0.34839628813649215,,0,0,,0,0,0,0,0,,,,False,False,False,False,False
2025-05-19,16.12,16.31,16.09,16.25,142214.52,0.8064516129032251,0.2917456217865865,,,,,,,,,,,,,,,,,,,,15.40025,,1.2222222222222223,0.4,0.3374983671606181,,0,0,,0,0,0,0,0,,,,True,False,False,False,False
2025-05-20,16.27,16.68,16.23,16.54,233362.95,1.7846153846153845,0.4787318408113468,,,,,,,,,,,,,,,,,,,,15.405249999999999,,1.5,0.45,0.34126971645065773,,0,0,,0,0,0,0,0,,,,True,False,True,True,True
2025-05-21,16.59,16.73,16.48,16.51,139279.15,-0.1813784764207793,0.28572386433296154,,,,,,,,,,,,,,,,,,,,15.411,,1.5,0.45,0.34178577345561456,,0,0,,0,0,0,0,0,,,,False,False,False,False,False
2025-05-22,16.48,16.62,16.37,16.56,128024.46,0.30284675953966556,0.2626354586479072,,,,,,,,,,,,,,,,,,,,15.416416666666667,,1.8571428571428572,0.5,0.341337818353378,,0,0,,0,0,0,0,0,,,,True,False,False,False,True
2025-05-23,16.53,16.57,16.29,16.29,132322.96,-1.6304347826086918,0.2714536057347844,,,,,,,,,,,,,,,,,,,,15.417583333333333,,1.5,0.45,0.3349231256195172,,0,0,,0,0,0,0,0,,,,False,False,False,False,False
2025-05-26,16.24,16.36,16.19,16.3,95908.66,0.06138735420504471,0.19675158096668552,,,,,,,,,,,,,,,,,,,,15.422166666666667,,1.8571428571428572,0.5,0.32882769760892805,,0,0,,0,0,0,0,0,,,,True,False,False,False,False
2025-05-27,16.35,16.4,16.14,16.14,145634.2,-0.9815950920245453,0.29876091577985214,,,,,,,,,,,,,,,,,,,,15.424833333333334,,1.5,0.45,0.3270821701643093,,0,0,,0,0,0,0,0,,,,False,False,False,False,False
2025-05-28,16.16,16.21,16.09,16.16,85753.31,0.12391573729864103,0.1759184135783597,,,,,,,,,,,,,,,,,,,,15.429,,1.375,0.45,0.31935342581028364,,0,0,,0,0,0,0,0,,,,False,False,False,False,False
2025-05-29,16.16,16.17,15.92,16.02,164368.97,-0.8663366336633671,0.33719431289484914,,,,,,,,,,,,,,,,,,,,15.431166666666666,,1.1111111111111112,0.4,0.31429163706082597,,0,0,,0,0,0,0,0,,,,False,False,False,False,False
2025-05-30,16.01,16.14,15.88,15.93,196450.04,-0.5617977528089901,0.4030069438043301,,,,,,,,,,,,,,,,,,,,15.43425,,1.1111111111111112,0.4,0.31664663930101894,,0,0,,0,0,0,0,0,,,,False,False,False,False,False
2025-06-03,15.9,15.91,15.59,15.73,303052.98,-1.2554927809165006,0.6216972787615355,,,,,,,,,,,,,,,,,,,,15.4355,,0.9,0.4,0.3334001381741797,,0,0,,0,0,0,0,0,,,,False,False,False,False,False
2025-06-04,15.67,15.76,15.46,15.47,307288.16,-1.6528925619834656,0.630385528192593,,,,,,,,,,,,,,,,,,,,15.430083333333332,,0.7272727272727273,0.4,0.34187297228312996,,0,0,,0,0,0,0,0,,,,False,False,False,False,False
2025-06-05,15.48,15.57,15.31,15.37,189125.47,-0.6464124111183023,0.3879809729754065,,,,,,,,,,,,,,,,,,,,15.419833333333335,,0.5833333333333334,0.35,0.3393879339144109,,0,0,,0,0,0,0,0,,,,False,False,False,False,False
2025-06-06,15.4,15.52,15.39,15.52,129768.63,0.9759271307742345,0.2662135318372799,,,,,,,,,,,,,,,,,,,,15.41375,,0.5833333333333334,0.4,0.33859299287880945,,0,0,,0,0,0,0,0,,,,True,False,False,False,False
2025-06-09,15.51,15.51,15.32,15.49,149492.27,-0.19329896907216426,0.3066755438434716,,,,,,,,,,,,,,,,,,,,15.408833333333332,,0.46153846153846156,0.35,0.3369209677724597,,0,0,,0,0,0,0,0,,,,False,False,False,False,False
2025-06-10,15.47,15.66,15.46,15.47,178657.16,-0.12911555842478606,0.366505784576889,,,,,,,,,,,,,,,,,,,,15.40375,,0.5,0.35,0.3406983062634811,,0,0,,0,0,0,0,0,,,,False,False,False,False,False
2025-06-11,15.47,15.58,15.43,15.47,133448.46,0.0,0.2737625098981624,,,,,,,,,,,,,,,,,,,,15.398416666666668,,0.5454545454545454,0.35,0.3424430756982479,,0,0,,0,0,0,0,0,,,,False,False,False,False,False
2025-06-12,15.47,15.51,15.31,15.36,136220.99,-0.7110536522301314,0.27945020964057943,,,,,,,,,,,,,,,,,,,,15.39275,,0.5454545454545454,0.35,0.34329376994833194,,0,0,,0,0,0,0,0,,,,False,False,False,False,False
2025-06-13,15.34,15.46,15.34,15.41,142042.39,0.32552083333334814,0.291392506128086,,,,,,,,,,,,,,,,,,,,15.388083333333332,,0.5454545454545454,0.35,0.3375535941788165,,0,0,,0,0,0,0,0,,,,True,False,False,False,False
2025-06-16,15.35,15.41,15.13,15.26,215488.28,-0.9733939000649006,0.4420628936927259,,,,,,,,,,,,,,,,,,,,15.382083333333334,,0.5454545454545454,0.35,0.3434024658942196,,0,0,,0,0,0,0,0,,,,False,False,False,False,False
2025-06-17,15.24,15.39,15.2,15.34,132319.46,0.5242463958060384,0.2714464256685278,,,,,,,,,,,,,,,,,,,,15.377583333333332,,0.5454545454545454,0.35,0.3423875060883167,,0,0,,0,0,0,0,0,,,,True,False,False,False,False
2025-06-18,15.32,15.53,15.3,15.41,162815.09,0.45632333767926525,0.3340066096506112,,,,,,,,,,,,,,,,,,,,15.369333333333334,,0.5454545454545454,0.35,0.3351512445302799,,0,0,,0,0,0,0,0,,,,True,False,False,False,False
2025-06-19,15.47,15.48,15.13,15.22,169242.82,-1.2329656067488592,0.34719276030193913,,,,,,,,,,,,,,,,,,,,15.360666666666667,,0.5454545454545454,0.35,0.33822468932872873,,0,0,,0,0,0,0,0,,,,False,False,False,False,False
2025-06-20,15.2,15.31,15.14,15.14,127928.17,-0.5256241787122251,0.2624379247679501,,,,,,,,,,,,,,,,,,,,15.350249999999999,,0.4166666666666667,0.3,0.3382148126347309,,0,0,,0,0,0,0,0,,,,False,False,False,False,False
2025-06-23,15.13,15.18,14.99,15.07,162455.45,-0.4623513870541607,0.3332688270710312,,,,,,,,,,,,,,,,,,,,15.341833333333334,,0.4166666666666667,0.3,0.34130557370154324,,0,0,,0,0,0,0,0,,,,False,False,False,False,False
2025-06-24,15.09,15.13,15.04,15.06,166110.44,-0.06635700066356387,0.3407668471759667,,,,,,,,,,,,,,,,,,,,15.33275,,0.3076923076923077,0.25,0.3485063370120073,,0,0,,0,0,0,0,0,,,,False,False,False,False,False
2025-06-25,15.09,15.2,15.06,15.19,184258.1,0.863213811420982,0.37799581894812867,,,,,,,,,,,,,,,,,,,,15.324000000000002,,0.4166666666666667,0.3,0.3524680821704212,,0,0,,0,0,0,0,0,,,,True,False,False,False,False
2025-06-26,15.2,15.29,15.13,15.22,183392.36,0.19749835418039208,0.37621979878784184,,,,,,,,,,,,,,,,,,,,15.315,,0.5,0.3,0.3624831514308952,,0,0,,0,0,0,0,0,,,,True,False,False,False,False
2025-06-27,15.22,15.23,15.03,15.13,252631.63,-0.5913272010512505,0.5182605262620783,,,,,,,,,,,,,,,,,,,,15.303333333333335,,0.5,0.3,0.3715364620992567,,0,0,,0,0,0,0,0,,,,False,False,False,False,False
2025-06-30,15.13,15.28,15.12,15.16,196279.55,0.198281559814939,0.4026571925197328,,,,,,,,,,,,,,,,,,,,15.294583333333334,,0.6363636363636364,0.35,0.3715189745350268,,0,0,,0,0,0,0,0,,,,True,False,False,False,False
2025-07-01,15.17,15.61,15.16,15.46,319035.0,1.9788918205804862,0.6544835537657028,,,,,,,,,,,,,,,,,,,,15.2875,,0.8,0.4,0.37315828828523523,,0,0,,0,0,0,0,0,,,,True,False,True,False,False
2025-07-02,15.48,15.54,15.33,15.34,138504.01,-0.7761966364812523,0.284133705316346,,,,,,,,,,,,,,,,,,,,15.280666666666667,,0.8,0.4,0.3558456971414229,,0,0,,0,0,0,0,0,,,,False,False,False,False,False
2025-07-03,15.39,15.4,15.23,15.29,139522.49,-0.32594524119948787,0.28622306356807165,,,,,,,,,,,,,,,,,,,,15.272166666666667,,0.8,0.4,0.35075780167105614,,0,0,,0,0,0,0,0,,,,False,False,False,False,False
2025-07-04,15.28,15.43,15.28,15.36,127725.0,0.457815565729236,0.262021132178991,,,,,,,,,,,,,,,,,,,,15.26875,,0.8,0.4,0.35054818168814167,,0,0,,0,0,0,0,0,,,,True,False,False,False,False
2025-07-07,15.44,15.48,15.29,15.43,167283.48,0.45572916666667407,0.34317327715358464,,,,,,,,,,,,,,,,,,,,15.267,,0.8,0.45,0.35237306835364735,,0,0,,0,0,0,0,0,,,,False,False,False,False,False
2025-07-08,15.42,15.43,15.15,15.3,253904.94,-0.8425145819831448,0.5208726548807107,,,,,,,,,,,,,,,,,,,,15.265833333333331,,0.7272727272727273,0.45,0.3600914118688384,,0,0,,0,0,0,0,0,,,,False,False,False,False,False
2025-07-09,15.27,15.43,15.26,15.28,178259.48,-0.13071895424837665,0.3656899649343371,,,,,,,,,,,,,,,,,,,,15.266083333333333,,0.8181818181818182,0.45,0.36468778462064716,,0,0,,0,0,0,0,0,,,,True,False,False,False,False
2025-07-10,15.3,15.36,15.22,15.24,156424.87,-0.2617801047120394,0.32089740879507916,,,,,,,,,,,,,,,,,,,,15.263499999999999,,0.8181818181818182,0.45,0.36676014457837214,,0,0,,0,0,0,0,0,,,,False,False,False,False,False
2025-07-11,15.34,15.38,15.24,15.24,227034.71,0.0,0.4657497886719819,,,,,,,,,,,,,,,,,,,,15.263,,0.6666666666666666,0.4,0.37547800870556697,,0,0,,0,0,0,0,0,,,,False,False,False,False,False
2025-07-14,15.29,15.47,15.26,15.36,215733.99,0.7874015748031482,0.44256695485841546,,,,,,,,,,,,,,,,,,,,15.265166666666666,,0.8181818181818182,0.45,0.3755032117638514,,0,0,,0,0,0,0,0,,,,True,False,False,False,False
2025-07-15,15.41,15.41,15.21,15.26,216303.75,-0.651041666666663,0.44373578758709276,,,,,,,,,,,,,,,,,,,,15.269083333333333,,0.6666666666666666,0.4,0.3841176798597797,,0,0,,0,0,0,0,0,,,,False,False,False,False,False
2025-07-16,15.28,15.35,15.26,15.32,121500.6,0.3931847968545288,0.24925210234822245,,,,,,,,,,,,,,,,,,,,15.272166666666667,,0.6666666666666666,0.4,0.37987995449466017,,0,0,,0,0,0,0,0,,,,True,False,False,False,False
2025-07-17,15.36,15.4,15.27,15.28,159669.32,-0.26109660574412663,0.3275532276425885,,,,,,,,,,,,,,,,,,,,15.2745,,0.6666666666666666,0.4,0.37889797786169266,,0,0,,0,0,0,0,0,,,,False,False,False,False,False
2025-07-18,15.34,15.4,15.17,15.36,182627.9,0.5235602094240788,0.3746515492305465,,,,,,,,,,,,,,,,,,,,15.278500000000001,,0.8181818181818182,0.45,0.3845086590848225,,0,0,,0,0,0,0,0,,,,True,False,False,False,False
2025-07-21,15.61,15.64,15.41,15.56,336951.76,1.3020833333333481,0.6912388463096782,,,,,,,,,,,,,,,,,,,,15.284583333333334,,0.8181818181818182,0.5,0.40240716004675486,,0,0,,0,0,0,0,0,,,,False,False,True,True,False
2025-07-22,15.57,15.95,15.53,15.72,347163.38,1.0282776349614497,0.7121874486489355,,,,,,,,,,,,,,,,,,,,15.291083333333335,,1.0,0.55,0.4209781901204033,,0,0,,0,0,0,0,0,,,,True,False,True,True,False
2025-07-23,15.79,15.92,15.57,15.61,328731.53,-0.6997455470738045,0.6743754760112112,,,,,,,,,,,,,,,,,,,,15.296666666666665,,0.8181818181818182,0.5,0.4357971729735574,,0,0,,0,0,0,0,0,,,,False,False,False,False,False
2025-07-24,15.63,15.63,15.3,15.45,361446.26,-1.0249839846252384,0.7414880271447403,,,,,,,,,,,,,,,,,,,,15.3025,,0.6666666666666666,0.45,0.45406058439140234,,0,0,,0,0,0,0,0,,,,False,False,False,False,False
2025-07-25,15.41,15.48,15.31,15.32,336023.91,-0.8414239482200547,0.6893354107450489,,,,,,,,,,,,,,,,,,,,15.307916666666666,,0.6666666666666666,0.45,0.4626143286155509,,0,0,,0,0,0,0,0,,,,False,False,False,False,False
2025-07-28,15.32,15.38,15.17,15.37,393577.59,0.32637075718013886,0.8074037638056663,,,,,,,,,,,,,,,,,,,,15.314,,0.6666666666666666,0.45,0.48285165717984757,,0,0,,0,0,0,0,0,,,,True,False,False,False,False
2025-07-29,15.32,15.36,15.24,15.32,246559.14,-0.3253090435914041,0.505803131821322,,,,,,,,,,,,,,,,,,,,15.3165,,0.5833333333333334,0.4,0.47541763608262855,,0,0,,0,0,0,0,0,,,,False,False,False,False,False
2025-07-30,15.34,15.62,15.32,15.45,427382.42,0.8485639686683921,0.8767525978610065,,,,,,,,,,,,,,,,,,,,15.322916666666666,,0.7272727272727273,0.45,0.5050485807098616,,0,0,,0,0,0,0,0,,,,True,False,False,False,False
2025-07-31,15.41,15.44,15.05,15.11,415507.46,-2.2006472491909346,0.8523917408339543,,,,,,,,,,,,,,,,,,,,15.325166666666666,,0.7272727272727273,0.45,0.5333570145731557,,0,0,,0,0,0,0,0,,,,False,False,False,False,False
2025-08-01,15.06,15.14,15.03,15.06,156717.68,-0.33090668431501324,0.32149809313810773,,,,,,,,,,,,,,,,,,,,15.327500000000002,,0.6363636363636364,0.4,0.5363308626211115,,0,0,,0,0,0,0,0,,,,False,False,False,False,False
2025-08-04,15.02,15.12,15.0,15.08,157014.23,0.13280212483399723,0.3221064498947934,,,,,,,,,,,,,,,,,,,,15.330916666666667,,0.8,0.4,0.535277521258172,,0,0,,0,0,0,0,0,,,,True,False,False,False,False
2025-08-05,15.12,15.14,15.02,15.1,110832.59,0.13262599469496816,0.22736723988357735,,,,,,,,,,,,,,,,,,,,15.33375,,0.8,0.45,0.5206022505083153,,0,0,,0,0,0,0,0,,,,False,False,False,False,False
2025-08-06,15.1,15.13,15.04,15.07,122377.24,-0.1986754966887383,0.25105048328627994,,,,,,,,,,,,,,,,,,,,15.336166666666667,,0.6363636363636364,0.45,0.5148702764259123,,0,0,,0,0,0,0,0,,,,False,False,False,False,False
2025-08-07,15.08,15.11,15.0,15.07,137675.39,0.0,0.2824338348873293,,,,,,,,,,,,,,,,,,,,15.339416666666667,,0.6363636363636364,0.45,0.5129470977305249,,0,0,,0,0,0,0,0,,,,False,False,False,False,False
2025-08-08,15.05,15.11,15.03,15.05,134534.89,-0.13271400132713884,0.2759912640076415,,,,,,,,,,,,,,,,,,,,15.342333333333332,,0.7,0.45,0.503459171497308,,0,0,,0,0,0,0,0,,,,False,False,False,False,False
2025-08-11,15.05,15.07,14.95,15.03,155715.64,-0.13289036544851252,0.31944246068331317,,,,,,,,,,,,,,,,,,,,15.34475,,0.5454545454545454,0.4,0.4973029467885528,,0,0,,0,0,0,0,0,,,,False,False,False,False,False
2025-08-12,15.02,15.02,14.97,14.99,163233.14,-0.26613439787092075,0.33486421727877663,,,,,,,,,,,,,,,,,,,,15.346666666666666,,0.5454545454545454,0.4,0.491859368273137,,0,0,,0,0,0,0,0,,,,False,False,False,False,False
2025-08-13,14.97,15.01,14.97,14.98,142239.21,-0.06671114076050033,0.29179627202540814,,,,,,,,,,,,,,,,,,,,15.349083333333335,,0.5454545454545454,0.35,0.49398657675699625,,0,0,,0,0,0,0,0,,,,True,False,False,False,False
2025-08-14,14.98,15.12,14.98,15.02,237271.54,0.2670226969292422,0.4867501080027618,,,,,,,,,,,,,,,,,,,,15.350166666666667,,0.7,0.4,0.501946420775005,,0,0,,0,0,0,0,0,,,,True,False,False,False,False
2025-08-15,14.98,15.0,14.82,14.85,311833.85,-1.131824234354195,0.6397107725874626,,,,,,,,,,,,,,,,,,,,15.352166666666667,,0.5454545454545454,0.35,0.5151993819428508,,0,0,,0,0,0,0,0,,,,False,False,False,False,False
2025-08-18,14.86,14.9,14.78,14.87,216300.0,0.13468013468012074,0.4437280946589607,,,,,,,,,,,,,,,,,,,,15.356916666666667,,0.7,0.35,0.5028238443603149,,0,0,,0,0,0,0,0,,,,True,False,False,False,False
2025-08-19,14.87,14.95,14.86,14.89,177091.98,0.13449899125757003,0.36329489997587966,,,,,,,,,,,,,,,,,,,,15.363750000000001,,0.7,0.35,0.4853792169266621,,0,0,,0,0,0,0,0,,,,True,False,False,False,False
2025-08-20,14.88,14.92,14.83,14.9,144499.89,0.0671591672263272,0.29643393836398246,,,,,,,,,,,,,,,,,,,,15.368333333333334,,0.8888888888888888,0.4,0.46648214004430055,,0,0,,0,0,0,0,0,,,,True,False,False,False,False
2025-08-21,14.9,15.09,14.88,15.07,247754.85,1.1409395973154268,0.5082560681138077,,,,,,,,,,,,,,,,,,,,15.375166666666667,,1.125,0.45,0.454820542092754,,0,0,,0,0,0,0,0,,,,True,False,False,False,False
2025-08-22,15.06,15.09,14.93,15.03,191355.63,-0.2654280026542888,0.3925560291362231,,,,,,,,,,,,,,,,,,,,15.3825,,1.125,0.45,0.4399815730123128,,0,0,,0,0,0,0,0,,,,False,False,False,False,False
2025-08-25,15.14,15.15,15.06,15.12,201315.36,0.5988023952095745,0.412987892364229,,,,,,,,,,,,,,,,,,,,15.3915,15.68908,0.8888888888888888,0.45,0.4202607794402408,,0,0,,0,0,0,0,0,,,,False,False,True,False,False
2025-08-26,15.12,15.13,15.04,15.06,196642.8,-0.3968253968253843,0.4034023808247946,,,,,,,,,,,,,,,,,,,,15.399333333333333,15.679039999999999,0.8,0.45,0.4151407418904145,,0,0,,0,0,0,0,0,,,,False,False,False,False,False
2025-08-27,15.07,15.07,14.79,14.81,373290.53,-1.6600265604249653,0.7657859252479593,,,,,,,,,,,,,,,,,,,,15.404416666666666,15.66748,0.6363636363636364,0.4,0.4095924082597621,,0,0,,0,0,0,0,0,,,,False,False,False,False,False
2025-08-28,14.81,14.87,14.59,14.73,282982.75,-0.540175557056044,0.5805242555656634,,,,,,,,,,,,,,,,,,,,15.408666666666667,15.657279999999998,0.6363636363636364,0.4,0.39599903399634756,,0,0,,0,0,0,0,0,,,,False,False,False,False,False
2025-08-29,14.74,14.9,14.43,14.43,666119.74,-2.0366598778004175,1.3665096765830895,,,,,,,,,,,,,,,,,,,,15.410666666666666,15.6462,0.5833333333333334,0.4,0.44824961316859663,,0,0,,0,0,0,0,0,,,,False,False,False,False,False
2025-09-01,14.43,14.48,14.18,14.2,567792.69,-1.5939015939015921,1.1647968954923065,,,,,,,,,,,,,,,,,,,,15.409916666666668,15.63484,0.46153846153846156,0.35,0.4903841354484723,,0,0,,0,0,0,0,0,,,,False,False,False,False,False
2025-09-02,14.21,14.59,14.2,14.56,443204.95,2.5352112676056526,0.9092116875030972,,,,,,,,,,,,,,,,,,,,15.412666666666667,15.62484,0.5833333333333334,0.35,0.5244763578294482,,0,0,,0,0,0,0,0,,,,True,False,False,False,False
2025-09-03,14.54,14.56,14.39,14.5,229889.81,-0.4120879120879106,0.4716068764346301,,,,,,,,,,,,,,,,,,,,15.414083333333334,15.61308,0.5833333333333334,0.35,0.5355041774868659,,0,0,,0,0,0,0,0,,,,False,False,False,False,False
2025-09-04,14.49,14.5,14.25,14.41,196720.11,-0.6206896551724128,0.4035609782311658,,,,,,,,,,,,,,,,,,,,15.414333333333333,15.60292,0.5833333333333334,0.35,0.5415605346540577,,0,0,,0,0,0,0,0,,,,False,False,False,False,False
2025-09-05,14.35,14.44,14.32,14.42,182234.14,0.0693962526023606,0.373843771262202,,,,,,,,,,,,,,,,,,,,15.41425,15.59272,0.6666666666666666,0.4,0.5464531600167857,,0,0,,0,0,0,0,0,,,,True,False,False,False,False
2025-09-08,14.43,14.54,14.33,14.37,413225.36,-0.34674063800277377,0.8477101324898895,,,,,,,,,,,,,,,,,,,,15.414166666666667,15.58308,0.6666666666666666,0.4,0.5728665436071144,,0,0,,0,0,0,0,0,,,,False,False,False,False,False
2025-09-09,14.37,14.43,14.27,14.32,221210.06,-0.3479471120389599,0.45380082498009416,,,,,,,,,,,,,,,,,,,,15.4145,15.572799999999999,0.6666666666666666,0.4,0.5788133739921804,,0,0,,0,0,0,0,0,,,,False,False,False,False,False
2025-09-10,14.33,14.36,14.25,14.3,171122.15,-0.13966480446927498,0.3510481071356674,,,,,,,,,,,,,,,,,,,,15.412249999999998,15.56392,0.5384615384615384,0.4,0.5817759657476933,,0,0,,0,0,0,0,0,,,,False,False,False,False,False
2025-09-11,14.3,14.35,14.26,14.35,137241.15,0.34965034965033226,0.2815430143241083,,,,,,,,,,,,,,,,,,,,15.410166666666667,15.556280000000001,0.5384615384615384,0.4,0.5715156110637607,,0,0,,0,0,0,0,0,,,,True,False,False,False,False
2025-09-12,14.36,14.41,14.05,14.08,651217.73,-1.8815331010452963,1.335938985395439,,,,,,,,,,,,,,,,,,,,15.405333333333333,15.5456,0.5384615384615384,0.4,0.6063270217041594,,0,0,,0,0,0,0,0,,,,False,False,False,False,False
2025-09-15,14.1,14.13,13.89,13.98,402376.55,-0.7102272727272707,0.8254543683169027,,,,,,,,,,,,,,,,,,,,15.3995,15.53584,0.42857142857142855,0.35,0.6254133353870566,,0,0,,0,0,0,0,0,,,,False,False,False,False,False
2025-09-16,13.97,14.01,13.81,13.85,417548.56,-0.9298998569384875,0.8565789503300635,,,,,,,,,,,,,,,,,,,,15.388416666666666,15.524719999999999,0.3333333333333333,0.3,0.6500775379047657,,0,0,,0,0,0,0,0,,,,False,False,False,False,False
2025-09-17,13.85,13.96,13.8,13.9,270501.44,0.3610108303249149,0.55491950334584,,,,,,,,,,,,,,,,,,,,15.378416666666668,15.51416,0.3333333333333333,0.3,0.6630018161538587,,0,0,,0,0,0,0,0,,,,True,False,False,False,False
2025-09-18,13.92,13.92,13.71,13.72,310933.23,-1.2949640287769792,0.6378631979383097,,,,,,,,,,,,,,,,,,,,15.367666666666668,15.502439999999998,0.25,0.25,0.6694821726450837,,0,0,,0,0,0,0,0,,,,False,False,False,False,False
2025-09-19,13.74,13.93,13.65,13.9,288040.81,1.3119533527696792,0.5909006001170768,,,,,,,,,,,,,,,,,,,,15.356416666666666,15.49096,0.3333333333333333,0.3,0.6793994011941265,,0,0,,0,0,0,0,0,,,,True,False,False,False,False
2025-09-22,13.88,13.89,13.67,13.72,200287.6,-1.2949640287769792,0.4108794966796859,,,,,,,,,,,,,,,,,,,,15.344416666666666,15.477360000000001,0.3333333333333333,0.25,0.6792939814098993,,0,0,,0,0,0,0,0,,,,False,False,False,False,False
2025-09-23,13.72,13.91,13.65,13.86,295359.35,1.0204081632652962,0.6059142007175641,,,,,,,,,,,,,,,,,,,,15.332333333333334,15.467199999999998,0.42857142857142855,0.3,0.6894195724045378,,0,0,,0,0,0,0,0,,,,True,False,False,False,False
2025-09-24,13.81,13.96,13.8,13.89,201498.73,0.21645021645022577,0.4133640662926507,,,,,,,,,,,,,,,,,,,,15.320416666666665,15.45824,0.5384615384615384,0.35,0.6717984794567723,,0,0,,0,0,0,0,0,,,,True,False,False,False,False
2025-09-25,13.88,13.88,13.74,13.78,152199.16,-0.7919366450684029,0.31222858657186453,,,,,,,,,,,,,,,,,,,,15.303666666666667,15.448319999999999,0.5384615384615384,0.35,0.6583836960070824,,0,0,,0,0,0,0,0,,,,False,False,False,False,False
2025-09-26,13.8,13.93,13.77,13.9,192176.69,0.8708272859216271,0.39424039062212546,,,,,,,,,,,,,,,,,,,,15.288833333333333,15.4376,0.6666666666666666,0.4,0.6097702317090341,,0,0,,0,0,0,0,0,,,,True,False,False,False,False
2025-09-29,13.92,13.96,13.8,13.9,168459.0,0.0,0.34558479472100717,,,,,,,,,,,,,,,,,,,,15.2725,15.427280000000001,0.6666666666666666,0.4,0.5688096266704692,,0,0,,0,0,0,0,0,,,,False,False,False,False,False
2025-09-30,13.85,13.87,13.76,13.84,147397.9,-0.4316546762589968,0.30237905373893675,,,,,,,,,,,,,,,,,,,,15.254166666666666,15.4176,0.5384615384615384,0.35,0.5384679949822612,,0,0,,0,0,0,0,0,,,,False,False,False,False,False
2025-10-09,13.9,14.05,13.82,14.05,313549.92,1.5173410404624388,0.643231200102032,,,,,,,,,,,,,,,,,,,,15.237583333333333,15.406799999999999,0.6666666666666666,0.4,0.5470492111656313,,0,0,,0,0,0,0,0,,,,True,False,True,True,False
2025-10-10,14.03,14.3,14.01,14.27,334381.02,1.565836298932366,0.6859651081586677,,,,,,,,,,,,,,,,,,,,15.223916666666666,15.39496,0.8181818181818182,0.45,0.5611694176620063,,0,0,,0,0,0,0,0,,,,True,False,True,True,False
2025-10-13,14.12,14.4,14.02,14.37,352988.66,0.700770847932719,0.7241377047527493,,,,,,,,,,,,,,,,,,,,15.211916666666667,15.383439999999998,0.8181818181818182,0.45,0.5786841143365338,,0,0,,0,0,0,0,0,,,,True,False,True,True,False
2025-10-14,14.32,14.53,14.28,14.53,379867.96,1.1134307585247027,0.7792791775903203,,,,,,,,,,,,,,,,,,,,15.201666666666666,15.37484,1.0,0.5,0.5752625665915553,,0,0,,0,0,0,0,0,,,,True,False,True,True,False
2025-10-15,14.51,14.56,14.37,14.44,225352.07,-0.619408121128695,0.46229794104740046,,,,,,,,,,,,,,,,,,,,15.18875,15.36516,1.0,0.5,0.5756874223949207,,0,0,,0,0,0,0,0,,,,False,False,False,False,False
2025-10-16,14.43,14.53,14.37,14.5,271286.41,0.41551246537396835,0.5565298280913991,,,,,,,,,,,,,,,,,,,,15.177333333333333,15.351880000000001,1.2222222222222223,0.55,0.5859615084427071,,0,0,,0,0,0,0,0,,,,True,False,False,False,False
2025-10-17,14.47,14.54,14.32,14.38,259394.96,-0.8275862068965467,0.5321351426950407,,,,,,,,,,,,,,,,,,,,15.16575,15.34012,1.0,0.5,0.5984911148612537,,0,0,,0,0,0,0,0,,,,False,False,False,False,False
2025-10-20,14.4,14.49,14.16,14.39,255342.61,0.06954102920722072,0.5238219594107539,,,,,,,,,,,,,,,,,,,,15.15475,15.331040000000002,1.0,0.55,0.5578852635620195,,0,0,,0,0,0,0,0,,,,False,False,False,False,False
2025-10-21,14.37,14.43,14.26,14.28,217889.3,-0.7644197359277349,0.44698846017371563,,,,,,,,,,,,,,,,,,,,15.141166666666667,15.32008,1.0,0.55,0.5389619681548601,,0,0,,0,0,0,0,0,,,,False,False,False,False,False
2025-10-22,14.29,14.44,14.26,14.4,178481.89,0.8403361344537785,0.36614622737323255,,,,,,,,,,,,,,,,,,,,15.130500000000001,15.30904,1.2222222222222223,0.6,0.5144403320070187,,0,0,,0,0,0,0,0,,,,True,False,False,False,False
2025-10-23,14.41,14.6,14.39,14.47,214402.78,0.4861111111111205,0.43983604742942356,,,,,,,,,,,,,,,,,,,,15.119,15.298399999999999,1.2222222222222223,0.6,0.5086861592111978,,0,0,,0,0,0,0,0,,,,True,False,False,False,False
2025-10-24,14.44,14.47,14.34,14.38,180103.82,-0.6219765031098778,0.36947353161997415,,,,,,,,,,,,,,,,,,,,15.10625,15.289519999999998,1.2222222222222223,0.6,0.49526667589528106,,0,0,,0,0,0,0,0,,,,False,False,False,False,False
2025-10-27,14.37,14.67,14.32,14.56,313551.85,1.2517385257301727,0.6432351593957107,,,,,,,,,,,,,,,,,,,,15.093666666666667,15.27964,1.2222222222222223,0.6,0.4978834038592127,,0,0,,0,0,0,0,0,,,,True,False,False,False,False
2025-10-28,14.58,14.62,14.5,14.6,162712.99,0.27472527472527375,0.3337971568606682,,,,,,,,,,,,,,,,,,,,15.081500000000002,15.2712,1.5,0.65,0.49402928686826186,,0,0,,0,0,0,0,0,,,,True,False,False,False,False
2025-10-29,14.59,14.6,14.44,14.5,184399.9,-0.6849315068493178,0.3782867142038968,,,,,,,,,,,,,,,,,,,,15.0685,15.26276,1.2222222222222223,0.6,0.48264791254257855,,0,0,,0,0,0,0,0,,,,False,False,False,False,False
2025-10-30,14.48,14.67,14.44,14.55,222212.39,0.34482758620690834,0.45585705235466434,,,,,,,,,,,,,,,,,,,,15.056000000000001,15.25572,1.2222222222222223,0.6,0.4847725618456792,,0,0,,0,0,0,0,0,,,,True,False,False,False,False
2025-10-31,14.54,14.56,14.25,14.27,388442.97,-1.9243986254295575,0.7968703604335082,,,,,,,,,,,,,,,,,,,,15.040166666666666,15.24756,1.2222222222222223,0.6,0.5090046505387613,,0,0,,0,0,0,0,0,,,,False,False,False,False,False
2025-11-03,14.28,14.4,14.27,14.4,174303.49,0.9110021023125414,0.35757445913133246,,,,,,,,,,,,,,,,,,,,15.025416666666667,15.2404,1.2222222222222223,0.6,0.5071713539642217,,0,0,,0,0,0,0,0,,,,True,False,False,False,False
2025-11-04,14.4,14.58,14.36,14.52,271614.67,0.8333333333333304,0.5572032362483696,,,,,,,,,,,,,,,,,,,,15.010666666666669,15.23348,1.5,0.65,0.5177522760405899,,0,0,,0,0,0,0,0,,,,True,False,False,False,False
2025-11-05,14.52,14.57,14.43,14.53,148639.63,0.06887052341597588,0.30492639764545953,,,,,,,,,,,,,,,,,,,,14.997083333333334,15.22776,1.8571428571428572,0.7,0.5178796432359161,,0,0,,0,0,0,0,0,,,,True,False,False,False,False
2025-11-06,14.53,14.73,14.49,14.56,249658.85,0.20646937370958351,0.5121620241574076,,,,,,,,,,,,,,,,,,,,14.983833333333333,15.222,1.8571428571428572,0.7,0.5113261844386847,,0,0,,0,0,0,0,0,,,,True,False,False,False,False
2025-11-07,14.57,14.76,14.56,14.63,247333.0,0.48076923076922906,0.5073906649851351,,,,,,,,,,,,,,,,,,,,14.971749999999998,15.216640000000002,1.8571428571428572,0.7,0.502397462280008,,0,0,,0,0,0,0,0,,,,True,False,False,False,True
2025-11-10,14.66,14.68,14.55,14.6,158525.76,-0.2050580997949525,0.3252072743373263,,,,,,,,,,,,,,,,,,,,14.957333333333334,15.211079999999999,1.5,0.65,0.48245094075923695,,0,0,,0,0,0,0,0,,,,False,False,False,False,False
2025-11-11,14.65,14.66,14.52,14.6,164279.05,0.0,0.3370098467354791,,,,,,,,,,,,,,,,,,,,14.944666666666667,15.206199999999999,1.2222222222222223,0.6,0.46033747421649496,,0,0,,0,0,0,0,0,,,,False,False,False,False,False
2025-11-12,14.59,14.67,14.55,14.55,170671.31,-0.3424657534246478,0.35012323254391503,,,,,,,,,,,,,,,,,,,,14.930499999999999,15.19976,1.2222222222222223,0.6,0.45472873879132064,,0,0,,0,0,0,0,0,,,,False,False,False,False,False
2025-11-13,14.56,14.59,14.29,14.32,346965.4,-1.58075601374571,0.7117813030725112,,,,,,,,,,,,,,,,,,,,14.912,15.19268,1.0,0.55,0.46249131254037623,,0,0,,0,0,0,0,0,,,,False,False,False,False,False
2025-11-14,14.33,14.43,14.19,14.2,198988.6,-0.8379888268156499,0.40821466637472986,,,,,,,,,,,,,,,,,,,,14.892750000000001,15.18508,1.0,0.55,0.45629528872436065,,0,0,,0,0,0,0,0,,,,False,False,False,False,False
2025-11-17,14.21,14.24,14.01,14.09,186028.7,-0.7746478873239426,0.3816281118949764,,,,,,,,,,,,,,,,,,,,14.872166666666667,15.1772,1.0,0.5,0.4491855963485719,,0,0,,0,0,0,0,0,,,,False,False,False,False,False
2025-11-18,14.09,14.16,13.98,14.02,121269.66,-0.4968062455642297,0.2487783410621358,,,,,,,,,,,,,,,,,,,,14.853250000000001,15.16856,1.0,0.5,0.43927509039299284,,0,0,,0,0,0,0,0,,,,False,False,False,False,False
2025-11-19,14.02,14.13,13.99,14.05,115428.03,0.21398002853068032,0.23679454379166598,,,,,,,,,,,,,,,,,,,,14.834499999999998,15.15976,1.0,0.5,0.43280750621391445,,0,0,,0,0,0,0,0,,,,True,False,False,False,False
2025-11-20,14.05,14.16,14.03,14.04,154756.32,-0.0711743772242146,0.3174744660657994,,,,,,,,,,,,,,,,,,,,14.817,15.152,0.8181818181818182,0.45,0.42668942714573327,,0,0,,0,0,0,0,0,,,,False,False,False,False,False
2025-11-21,14.03,14.06,13.9,13.91,193944.37,-0.9259259259259189,0.39786669334226765,,,,,,,,,,,,,,,,,,,,14.79825,15.144359999999999,0.8181818181818182,0.45,0.428109085231848,,0,0,,0,0,0,0,0,,,,False,False,False,False,False
2025-11-24,13.94,13.96,13.82,13.89,178910.8,-0.14378145219265948,0.3670261137212685,,,,,,,,,,,,,,,,,,,,14.7805,15.13556,0.6666666666666666,0.4,0.41429863294812586,,0,0,,0,0,0,0,0,,,,False,False,False,False,False
2025-11-25,13.93,14.03,13.88,14.0,147366.39,0.7919366450683807,0.3023144126281522,,,,,,,,,,,,,,,,,,,,14.764416666666667,15.127880000000001,0.6666666666666666,0.4,0.41272449573650005,,0,0,,0,0,0,0,0,,,,True,False,False,False,False
2025-11-26,14.0,14.16,13.97,14.02,190945.25,0.14285714285713347,0.3917141561103972,,,,,,,,,,,,,,,,,,,,14.750166666666667,15.12092,0.8181818181818182,0.45,0.413395867831825,,0,0,,0,0,0,0,0,,,,True,False,False,False,False
2025-11-27,14.04,14.32,14.0,14.28,266834.53,1.854493580599148,0.5473970299866818,,,,,,,,,,,,,,,,,,,,14.740250000000001,15.114279999999999,0.8181818181818182,0.45,0.417972866713426,,0,0,,0,0,0,0,0,,,,True,False,True,False,False
2025-11-28,14.28,14.28,14.11,14.13,131779.0,-1.050420168067212,0.27033770035165594,,,,,,,,,,,,,,,,,,,,14.729916666666666,15.107520000000001,0.8181818181818182,0.45,0.3916462337093333,,0,0,,0,0,0,0,0,,,,False,False,False,False,False
2025-12-01,14.12,14.22,14.07,14.16,130296.34,0.2123142250530785,0.26729610119850267,,,,,,,,,,,,,,,,,,,,14.718583333333333,15.10052,0.8181818181818182,0.45,0.38713231581269186,,0,0,,0,0,0,0,0,,,,True,False,False,False,False
2025-12-02,14.17,14.21,14.11,14.16,82056.5,0.0,0.16833460193889507,,,,,,,,,,,,,,,,,,,,14.707500000000001,15.092559999999999,0.6666666666666666,0.4,0.36768888409721817,,0,0,,0,0,0,0,0,,,,False,False,False,False,False
2025-12-03,14.15,14.33,14.09,14.24,145540.45,0.5649717514124353,0.2985685925765499,,,,,,,,,,,,,,,,,,,,14.697249999999999,15.086519999999998,0.6666666666666666,0.4,0.36737099384377264,,0,0,,0,0,0,0,0,,,,True,False,False,False,False
2025-12-04,14.26,14.3,14.18,14.28,93399.25,0.2808988764044784,0.19160365809096594,,,,,,,,,,,,,,,,,,,,14.687333333333333,15.08036,0.6666666666666666,0.4,0.3513430755404506,,0,0,,0,0,0,0,0,,,,True,False,False,False,False
2025-12-05,14.26,14.26,14.11,14.16,118129.87,-0.8403361344537785,0.2423372267101744,,,,,,,,,,,,,,,,,,,,14.677333333333333,15.07436,0.5384615384615384,0.35,0.3380904036267025,,0,0,,0,0,0,0,0,,,,False,False,False,False,False
2025-12-08,14.16,14.16,14.02,14.02,137182.04,-0.9887005649717562,0.2814217532622715,,,,,,,,,,,,,,,,,,,,14.66575,15.0674,0.5384615384615384,0.35,0.33590112757294976,,0,0,,0,0,0,0,0,,,,False,False,False,False,False
2025-12-09,14.03,14.17,14.01,14.06,139102.54,0.28530670470756636,0.2853615581896526,,,,,,,,,,,,,,,,,,,,14.655750000000001,15.061399999999999,0.6666666666666666,0.4,0.3333187131456584,,0,0,,0,0,0,0,0,,,,True,False,False,False,False
2025-12-10,14.04,14.26,14.02,14.1,198282.9,0.2844950213371167,0.4067669598726456,,,,,,,,,,,,,,,,,,,,14.645416666666668,15.05548,0.8181818181818182,0.45,0.3361508995120949,,0,0,,0,0,0,0,0,,,,True,False,False,False,False
2025-12-11,14.09,14.21,13.99,14.02,163771.09,-0.5673758865248235,0.33596779346241873,,,,,,,,,,,,,,,,,,,,14.633833333333333,15.04708,0.8181818181818182,0.45,0.31736022403159037,,0,0,,0,0,0,0,0,,,,False,False,False,False,False
2025-12-12,14.02,14.05,13.95,14.01,192660.13,-0.07132667617688604,0.39523214240243953,,,,,,,,,,,,,,,,,,,,14.62375,15.036719999999999,0.8181818181818182,0.45,0.3167110978329758,,0,0,,0,0,0,0,0,,,,False,False,False,False,False
2025-12-15,14.01,14.09,13.96,13.99,122055.13,-0.1427551748750866,0.2503896915314459,,,,,,,,,,,,,,,,,,,,14.614166666666668,15.02768,0.8181818181818182,0.45,0.3101491768147993,,0,0,,0,0,0,0,0,,,,False,False,False,False,False
2025-12-16,13.98,14.0,13.84,13.9,137400.2,-0.6433166547533897,0.281869297049284,,,,,,,,,,,,,,,,,,,,14.604416666666667,15.01896,0.8181818181818182,0.45,0.31180372461415673,,0,0,,0,0,0,0,0,,,,False,False,False,False,False
2025-12-17,13.9,13.91,13.79,13.83,148101.27,-0.5035971223021574,0.3038219803683416,,,,,,,,,,,,,,,,,,,,14.594166666666666,15.00996,0.6666666666666666,0.4,0.31515509644299045,,0,0,,0,0,0,0,0,,,,False,False,False,False,False
2025-12-18,13.85,14.07,13.82,14.02,194157.17,1.3738250180766354,0.39830324137067,,,,,,,,,,,,,,,,,,,,14.584416666666666,15.0016,0.8181818181818182,0.45,0.31919653520823404,,0,0,,0,0,0,0,0,,,,True,False,False,False,False
2025-12-19,14.01,14.02,13.88,13.9,137610.2,-0.8559201141226769,0.282300101024681,,,,,,,,,,,,,,,,,,,,14.573416666666668,14.993039999999999,0.8181818181818182,0.45,0.3134182055923547,,0,0,,0,0,0,0,0,,,,False,False,False,False,False
2025-12-22,13.91,13.92,13.81,13.83,196292.99,-0.5035971223021574,0.4026847639741582,,,,,,,,,,,,,,,,,,,,14.562583333333333,14.98448,0.8181818181818182,0.45,0.31520113810499917,,0,0,,0,0,0,0,0,,,,False,False,False,False,False
2025-12-23,13.81,13.87,13.74,13.75,141110.64,-0.5784526391901634,0.28948106991819933,,,,,,,,,,,,,,,,,,,,14.550833333333333,14.97556,0.6666666666666666,0.4,0.31455947096950154,,0,0,,0,0,0,0,0,,,,False,False,False,False,False
2025-12-24,13.75,13.8,13.7,13.79,114118.28,0.290909090909075,0.23410766042606465,,,,,,,,,,,,,,,,,,,,14.536916666666666,14.9672,0.6666666666666666,0.4,0.3066791461852849,,0,0,,0,0,0,0,0,,,,True,False,False,False,False
2025-12-25,13.79,13.85,13.76,13.8,95785.19,0.07251631617115617,0.19649828874362704,,,,,,,,,,,,,,,,,,,,14.524083333333332,14.9568,0.6666666666666666,0.4,0.2891342091231322,,0,0,,0,0,0,0,0,,,,True,False,False,False,False
2025-12-26,13.81,13.82,13.76,13.8,80922.9,0.0,0.16600908105075177,,,,,,,,,,,,,,,,,,,,14.511666666666667,14.94696,0.6666666666666666,0.4,0.28391777815808694,,0,0,,0,0,0,0,0,,,,False,False,False,False,False
2025-12-29,13.8,13.81,13.52,13.56,307491.94,-1.7391304347826098,0.6308035721645283,,,,,,,,,,,,,,,,,,,,14.496666666666668,14.93564,0.5384615384615384,0.35,0.3020931517063883,,0,0,,0,0,0,0,0,,,,False,False,False,False,False
2025-12-30,13.56,13.56,13.42,13.47,164605.98,-0.6637168141592875,0.33768052646727226,,,,,,,,,,,,,,,,,,,,14.480333333333334,14.925199999999998,0.5384615384615384,0.35,0.3105604479328071,,0,0,,0,0,0,0,0,,,,False,False,False,False,False
2025-12-31,13.47,13.61,13.44,13.47,161519.92,0.0,0.33134963638958737,,,,,,,,,,,,,,,,,,,,14.465083333333334,14.91448,0.46153846153846156,0.3,0.312199500123459,,0,0,,0,0,0,0,0,,,,False,False,False,False,False
2026-01-05,13.48,13.56,13.36,13.56,198205.83,0.6681514476614581,0.40660885481367487,,,,,,,,,,,,,,,,,,,,14.450750000000001,14.90376,0.46153846153846156,0.3,0.3229497599595944,,0,0,,0,0,0,0,0,,,,True,False,False,False,False
2026-01-06,13.53,13.58,13.49,13.56,208379.88,0.0,0.42748038427028606,,,,,,,,,,,,,,,,,,,,14.43675,14.8928,0.5833333333333334,0.3,0.33220691783760004,,0,0,,0,0,0,0,0,,,,True,False,False,False,False
2026-01-07,13.57,13.74,13.51,13.62,201000.0,0.4424778761061843,0.41234094788003284,,,,,,,,,,,,,,,,,,,,14.42325,14.88116,0.7272727272727273,0.35,0.33875287756848804,,0,0,,0,0,0,0,0,,,,True,False,False,False,False
2026-01-08,13.62,13.63,13.55,13.61,103559.42,-0.07342143906020615,0.21244671345625088,,,,,,,,,,,,,,,,,,,,14.408666666666667,14.87076,0.5833333333333334,0.3,0.335107135331818,,0,0,,0,0,0,0,0,,,,False,False,False,False,False
2026-01-09,13.57,13.64,13.56,13.62,112670.99,0.07347538574578039,0.23113862097105323,,,,,,,,,,,,,,,,,,,,14.395,14.86,0.5833333333333334,0.3,0.3263257183867384,,0,0,,0,0,0,0,0,,,,True,False,False,False,False
2026-01-12,13.59,13.61,13.52,13.57,183171.3,-0.36710719530101965,0.37576630580307385,,,,,,,,,,,,,,,,,,,,14.380416666666667,14.849639999999999,0.5833333333333334,0.3,0.3283156440037711,,0,0,,0,0,0,0,0,,,,False,False,False,False,False
2026-01-13,13.57,13.7,13.55,13.63,195112.46,0.442151805453217,0.40026296865475114,,,,,,,,,,,,,,,,,,,,14.366666666666667,14.83892,0.7272727272727273,0.35,0.32856718531638673,,0,0,,0,0,0,0,0,,,,True,False,False,False,False
2026-01-14,13.64,13.65,13.48,13.5,223677.09,-0.9537784299339713,0.45886180751068356,,,,,,,,,,,,,,,,,,,,14.351166666666666,14.82984,0.7272727272727273,0.35,0.3389907911153486,,0,0,,0,0,0,0,0,,,,False,False,False,False,False
2026-01-15,13.49,13.52,13.38,13.42,188528.31,-0.592592592592589,0.38675593058517743,,,,,,,,,,,,,,,,,,,,14.333333333333334,14.82096,0.7272727272727273,0.35,0.3442351227921433,,0,0,,0,0,0,0,0,,,,False,False,False,False,False
2026-01-16,13.44,13.63,13.44,13.53,302916.31,0.8196721311475308,0.6214169074314521,,,,,,,,,,,,,,,,,,,,14.315083333333332,14.81332,0.9,0.4,0.3601148691452988,,0,0,,0,0,0,0,0,,,,True,False,False,False,False
2026-01-19,13.53,13.7,13.5,13.68,245951.51,1.1086474501108778,0.5045566107757481,,,,,,,,,,,,,,,,,,,,14.299000000000001,14.807039999999999,0.9,0.4,0.3654275376155527,,0,0,,0,0,0,0,0,,,,True,False,False,False,False
2026-01-20,13.69,13.95,13.66,13.94,391154.4,1.9005847953216248,0.8024327167335596,,,,,,,,,,,,,,,,,,,,14.286416666666666,14.800600000000001,1.1111111111111112,0.45,0.39143416840099665,,0,0,,0,0,0,0,0,,,,True,False,True,True,False
2026-01-21,13.88,13.92,13.67,13.71,275439.13,-1.6499282639885093,0.5650489151614506,,,,,,,,,,,,,,,,,,,,14.273,14.79424,1.1111111111111112,0.45,0.3995523759603613,,0,0,,0,0,0,0,0,,,,False,False,False,False,False
2026-01-22,13.71,13.75,13.65,13.7,156259.01,-0.07293946024800047,0.32055715571241555,,,,,,,,,,,,,,,,,,,,14.259083333333333,14.788640000000001,1.1111111111111112,0.45,0.40110618025007205,,0,0,,0,0,0,0,0,,,,False,False,False,False,False
2026-01-23,13.7,13.72,13.56,13.6,202773.57,-0.7299270072992692,0.4159793336259611,,,,,,,,,,,,,,,,,,,,14.244750000000002,14.783880000000002,0.9,0.4,0.4101997639100669,,0,0,,0,0,0,0,0,,,,False,False,False,False,False
2026-01-26,13.59,13.65,13.48,13.51,234855.39,-0.6617647058823506,0.48179350312106856,,,,,,,,,,,,,,,,,,,,14.228583333333335,14.77812,0.7272727272727273,0.35,0.424464524628939,,0,0,,0,0,0,0,0,,,,False,False,False,False,False
2026-01-27,13.51,13.55,13.39,13.41,198697.19,-0.7401924500370027,0.4076168540582038,,,,,,,,,,,,,,,,,,,,14.214416666666667,14.77176,0.7272727272727273,0.35,0.4365449132793115,,0,0,,0,0,0,0,0,,,,False,False,False,False,False
2026-01-28,13.41,13.45,13.26,13.3,358771.3,-0.820283370618935,0.7360004871350826,,,,,,,,,,,,,,,,,,,,14.199749999999998,14.765439999999998,0.7272727272727273,0.35,0.4418047590278393,,0,0,,0,0,0,0,0,,,,False,False,False,False,False
2026-01-29,13.26,13.45,13.11,13.44,389619.81,1.0526315789473495,0.7992845859116332,,,,,,,,,,,,,,,,,,,,14.186083333333332,14.759879999999999,0.9,0.4,0.46488496200005736,,0,0,,0,0,0,0,0,,,,True,False,False,False,False
2026-01-30,13.4,13.63,13.37,13.49,319558.33,0.37202380952381375,0.6555571377868673,,,,,,,,,,,,,,,,,,,,14.172666666666666,14.75408,1.0,0.45,0.4810953370699213,,0,0,,0,0,0,0,0,,,,True,False,False,False,False
2026-02-02,13.61,13.63,13.37,13.37,213795.83,-0.8895478131949686,0.43859092136815103,,,,,,,,,,,,,,,,,,,,14.1585,14.747800000000002,0.8181818181818182,0.4,0.4826944403976451,,0,0,,0,0,0,0,0,,,,False,False,False,False,False
2026-02-03,13.42,13.5,13.24,13.34,185893.47,-0.224382946896029,0.3813506946492957,,,,,,,,,,,,,,,,,,,,14.144083333333333,14.74216,0.6666666666666666,0.4,0.48038795591659555,,0,0,,0,0,0,0,0,,,,False,False,False,False,False
2026-02-04,13.33,13.63,13.31,13.54,265437.57,1.4992503748125774,0.5445312398844406,,,,,,,,,,,,,,,,,,,,14.131499999999999,14.73764,0.6666666666666666,0.4,0.48699747051681597,,0,0,,0,0,0,0,0,,,,True,False,False,False,False
2026-02-05,13.53,13.69,13.48,13.65,247947.6,0.8124076809453484,0.5086514846197971,,,,,,,,,,,,,,,,,,,,14.120000000000001,14.733679999999998,0.8181818181818182,0.45,0.5018077090749933,,0,0,,0,0,0,0,0,,,,True,False,True,False,False
2026-02-06,13.65,13.69,13.55,13.6,189612.04,-0.3663003663003761,0.38897914578640147,,,,,,,,,,,,,,,,,,,,14.108416666666667,14.728,0.6666666666666666,0.4,0.5096997353157607,,0,0,,0,0,0,0,0,,,,False,False,False,False,False
2026-02-09,13.61,13.69,13.51,13.69,193301.63,0.6617647058823506,0.39654814597490246,,,,,,,,,,,,,,,,,,,,14.097666666666667,14.724039999999999,0.8181818181818182,0.45,0.5107388273243522,,0,0,,0,0,0,0,0,,,,True,False,False,False,False
2026-02-10,13.68,13.74,13.62,13.69,129975.53,0.0,0.26663797632542113,,,,,,,,,,,,,,,,,,,,14.086583333333333,14.719439999999999,0.8181818181818182,0.4,0.5040575777078856,,0,0,,0,0,0,0,0,,,,True,False,False,False,False
2026-02-11,13.71,13.72,13.62,13.62,83345.0,-0.511322132943759,0.17097789204508126,,,,,,,,,,,,,,,,,,,,14.076333333333334,14.7148,0.8181818181818182,0.4,0.48966338193460557,,0,0,,0,0,0,0,0,,,,False,False,False,False,False
2026-02-12,13.69,13.7,13.52,13.58,146458.07,-0.2936857562408135,0.3004510418332348,,,,,,,,,,,,,,,,,,,,14.065583333333333,14.71044,0.8181818181818182,0.4,0.4853481374970084,,0,0,,0,0,0,0,0,,,,False,False,False,False,False
2026-02-13,13.56,13.59,13.42,13.42,114673.0,-1.178203240058906,0.23524563938431345,,,,,,,,,,,,,,,,,,,,14.053333333333333,14.70508,0.6666666666666666,0.35,0.4660395740946514,,0,0,,0,0,0,0,0,,,,False,False,False,False,False
2026-02-24,13.46,13.73,13.45,13.69,213534.43,2.0119225037257715,0.43805467299115675,,,,,,,,,,,,,,,,,,,,14.04325,14.700719999999999,0.6666666666666666,0.35,0.4627144772054219,,0,0,,0,0,0,0,0,,,,True,False,False,False,False
2026-02-25,13.71,13.78,13.55,13.57,275905.43,-0.8765522279035709,0.5660055051315823,,,,,,,,,,,,,,,,,,,,14.030750000000001,14.69628,0.5384615384615384,0.3,0.45089311662532305,,0,0,,0,0,0,0,0,,,,False,False,False,False,False
2026-02-26,13.59,13.74,13.58,13.73,189185.16,1.179071481208549,0.38810342387679436,,,,,,,,,,,,,,,,,,,,14.019916666666665,14.6924,0.6666666666666666,0.35,0.44204584206109027,,0,0,,0,0,0,0,0,,,,True,False,False,False,False
2026-02-27,13.72,14.1,13.72,14.0,484318.68,1.966496722505462,0.9935543462050065,,,,,,,,,,,,,,,,,,,,14.010583333333333,14.689440000000001,0.8181818181818182,0.4,0.47569570158571983,,0,0,,0,0,0,0,0,,,,True,False,True,True,True
2026-03-02,14.01,14.49,13.91,14.34,718952.9,2.4285714285714244,1.4748941306820817,,,,,,,,,,,,,,,,,,,,14.004583333333333,14.68776,1.0,0.45,0.5286414414385258,,0,0,,0,0,0,0,0,,,,True,False,True,True,True
2026-03-03,14.33,14.68,14.31,14.54,667692.24,1.3947001394700065,1.3697355777798128,,,,,,,,,,,,,,,,,,,,14.002333333333334,14.68716,1.2222222222222223,0.5,0.573038545171463,,0,0,,0,0,0,0,0,,,,True,False,True,True,True
2026-03-04,14.5,14.75,14.25,14.75,658528.2,1.4442916093535096,1.3509360308145861,,,,,,,,,,,,,,,,,,,,14.002500000000001,14.6866,1.5,0.55,0.6202045040092822,,0,0,,0,0,0,0,0,,,,True,False,True,True,True
2026-03-05,14.66,14.78,14.59,14.71,371180.25,-0.2711864406779618,0.7614567966136694,,,,,,,,,,,,,,,,,,,,14.004833333333332,14.687,1.8571428571428572,0.55,0.6214773194832115,,0,0,,0,0,0,0,0,,,,True,False,False,False,False
2026-03-06,14.68,14.96,14.65,14.86,396761.0,1.0197144799455993,0.8139343622976601,,,,,,,,,,,,,,,,,,,,14.010333333333334,14.68924,1.8571428571428572,0.55,0.6222098083025128,,0,0,,0,0,0,0,0,,,,True,False,True,True,True
2026-03-09,14.84,15.7,14.77,15.33,887083.67,3.1628532974428136,1.8198055787895435,,,,,,,,,,,,,,,,,,,,14.01675,14.694280000000001,1.8571428571428572,0.55,0.6804222303526466,,0,0,,0,0,0,0,0,,,,True,False,True,True,True
2026-03-10,15.2,15.37,14.98,15.31,439830.74,-0.1304631441617743,0.9022896728277425,,,,,,,,,,,,,,,,,,,,14.0235,14.698120000000001,2.3333333333333335,0.55,0.7036071679256263,,0,0,,0,0,0,0,0,,,,True,False,False,False,False
2026-03-11,15.29,15.55,15.1,15.45,439270.45,0.9144350097975096,0.9011402673069083,,,,,,,,,,,,,,,,,,,,14.032166666666665,14.70292,3.0,0.6,0.7295966465585069,,0,0,,0,0,0,0,0,,,,True,False,False,False,True
2026-03-12,15.4,15.79,15.32,15.75,511778.74,1.9417475728155331,1.0498872176937755,,,,,,,,,,,,,,,,,,,,14.04325,14.70932,3.0,0.6,0.7548644454489736,,0,0,,0,0,0,0,0,,,,True,False,True,True,True
2026-03-13,15.75,15.86,15.2,15.24,510133.09,-3.23809523809524,1.0465112531122889,,,,,,,,,,,,,,,,,,,,14.0505,14.714120000000001,2.3333333333333335,0.55,0.7817574338735982,,0,0,,0,0,0,0,0,,,,False,False,False,False,False
2026-03-16,15.24,15.43,14.99,15.08,398184.47,-1.049868766404205,0.8168545362731766,,,,,,,,,,,,,,,,,,,,14.056833333333335,14.717960000000001,2.3333333333333335,0.55,0.803151203397937,,0,0,,0,0,0,0,0,,,,False,False,False,False,False
2026-03-17,15.06,15.26,14.97,15.03,227094.08,-0.3315649867374093,0.4658715831101692,,,,,,,,,,,,,,,,,,,,14.062916666666668,14.721279999999998,1.8571428571428572,0.5,0.8066173752547001,,0,0,,0,0,0,0,0,,,,False,False,False,False,False
2026-03-18,15.02,15.24,14.93,15.03,268067.29,0.0,0.5499259724091126,,,,,,,,,,,,,,,,,,,,14.068583333333333,14.72452,1.8571428571428572,0.5,0.8207817750588848,,0,0,,0,0,0,0,0,,,,True,False,False,False,False
2026-03-19,15.04,15.29,14.96,15.0,291692.79,-0.19960079840318778,0.5983924453650316,,,,,,,,,,,,,,,,,,,,14.07625,14.72776,1.8571428571428572,0.5,0.8421525027248823,,0,0,,0,0,0,0,0,,,,False,False,False,False,False
2026-03-20,15.08,15.26,14.94,15.12,331132.81,0.8000000000000007,0.6793015758685512,,,,,,,,,,,,,,,,,,,,14.085749999999999,14.73108,2.3333333333333335,0.55,0.8610950294266481,,0,0,,0,0,0,0,0,,,,True,False,False,False,False
2026-03-23,15.02,15.17,14.71,14.77,444419.79,-2.314814814814814,0.9117038679862941,,,,,,,,,,,,,,,,,,,,14.093416666666666,14.73324,2.3333333333333335,0.55,0.8949179408567473,,0,0,,0,0,0,0,0,,,,False,False,False,False,False
2026-03-24,14.83,15.02,14.73,14.95,302870.14,1.2186865267433955,0.6213221921002898,,,,,,,,,,,,,,,,,,,,14.102166666666667,14.73572,2.3333333333333335,0.55,0.9040813168122039,,0,0,,0,0,0,0,0,,,,True,False,False,False,False
2026-03-25,14.96,15.25,14.79,15.22,374437.88,1.8060200668896353,0.7681396535392536,,,,,,,,,,,,,,,,,,,,14.114666666666666,14.73908,3.0,0.6,0.9141880242325874,,0,0,,0,0,0,0,0,,,,True,False,False,False,False
2026-03-26,15.19,15.28,15.02,15.15,284515.0,-0.45992115637319975,0.5836675860004354,,,,,,,,,,,,,,,,,,,,14.125083333333333,14.74196,2.3333333333333335,0.55,0.9239662323387694,,0,0,,0,0,0,0,0,,,,False,False,False,False,False
2026-03-27,15.08,15.17,14.81,14.94,279467.81,-1.3861386138613874,0.5733135406833677,,,,,,,,,,,,,,,,,,,,14.135250000000001,14.744200000000001,1.8571428571428572,0.5,0.9029541920626875,,0,0,,0,0,0,0,0,,,,False,False,False,False,False
2026-03-30,14.91,14.91,14.6,14.66,288104.7,-1.8741633199464536,0.5910316670979725,,,,,,,,,,,,,,,,,,,,14.141916666666667,14.745719999999999,1.5,0.45,0.858761068883482,,0,0,,0,0,0,0,0,,,,False,False,False,False,False
2026-03-31,14.63,14.76,14.41,14.43,232351.44,-1.568894952251021,0.4766567811487093,,,,,,,,,,,,,,,,,,,,14.146416666666669,14.74516,1.2222222222222223,0.4,0.814107129051927,,0,0,,0,0,0,0,0,,,,False,False,False,False,False
2026-04-01,14.46,14.49,14.2,14.3,310943.61,-0.9009009009008917,0.6378844919633794,,,,,,,,,,,,,,,,,,,,14.150749999999999,14.743960000000001,1.0,0.35,0.7784545521093665,,0,0,,0,0,0,0,0,,,,False,False,False,False,False
2026-04-02,14.37,14.75,14.21,14.72,490026.55,2.9370629370629286,1.0052637418576231,,,,,,,,,,,,,,,,,,,,14.157583333333333,14.7442,1.0,0.4,0.7906448993715642,,0,0,,0,0,0,0,0,,,,True,False,False,False,False
2026-04-03,14.63,14.67,14.47,14.61,278670.84,-0.7472826086956652,0.5716785985677859,,,,,,,,,,,,,,,,,,,,14.163499999999999,14.74392,0.8181818181818182,0.35,0.7785321111850705,,0,0,,0,0,0,0,0,,,,False,False,False,False,False
2026-04-07,14.62,14.64,14.28,14.39,200840.74,-1.5058179329226484,0.4120142343508817,,,,,,,,,,,,,,,,,,,,14.168083333333334,14.740759999999998,0.6666666666666666,0.3,0.7081425439631375,,0,0,,0,0,0,0,0,,,,False,False,False,False,False
2026-04-08,14.3,14.42,14.27,14.41,215281.13,0.1389854065323215,0.4416379363427093,,,,,,,,,,,,,,,,,,,,14.171083333333334,14.738,0.6666666666666666,0.35,0.6851099571388858,,0,0,,0,0,0,0,0,,,,True,False,False,False,False
2026-04-09,14.37,14.37,14.18,14.21,202007.19,-1.3879250520471897,0.4144071452894621,,,,,,,,,,,,,,,,,,,,14.170583333333333,14.734800000000002,0.5384615384615384,0.3,0.6607733010380136,,0,0,,0,0,0,0,0,,,,False,False,False,False,False
2026-04-10,14.26,14.39,14.02,14.2,295317.16,-0.07037297677693344,0.6058276501474592,,,,,,,,,,,,,,,,,,,,14.169166666666666,14.7306,0.42857142857142855,0.25,0.6385703226606977,,0,0,,0,0,0,0,0,,,,False,False,False,False,False
2026-04-13,14.14,14.2,13.93,13.99,204468.63,-1.4788732394366177,0.41945666022851597,,,,,,,,,,,,,,,,,,,,14.164666666666667,14.72592,0.42857142857142855,0.25,0.607217593016509,,0,0,,0,0,0,0,0,,,,False,False,False,False,False
2026-04-14,14.01,14.05,13.81,13.97,214280.93,-0.14295925661186315,0.4395860785513182,,,,,,,,,,,,,,,,,,,,14.16075,14.720559999999999,0.42857142857142855,0.25,0.5883541701304161,,0,0,,0,0,0,0,0,,,,False,False,False,False,False
2026-04-15,13.97,14.25,13.91,14.19,230339.08,1.5748031496062964,0.4725285302538045,,,,,,,,,,,,,,,,,,,,14.158166666666666,14.716040000000001,0.5384615384615384,0.3,0.5886870174875979,,0,0,,0,0,0,0,0,,,,True,False,False,False,False
2026-04-16,14.17,14.35,14.1,14.21,174890.22,0.14094432699085502,0.35877810492411677,,,,,,,,,,,,,,,,,,,,14.15675,14.70972,0.5384615384615384,0.35,0.579129624113348,,0,0,,0,0,0,0,0,,,,True,False,False,False,False
2026-04-17,14.19,14.19,14.03,14.07,225818.15,-0.9852216748768461,0.4632540796990817,,,,,,,,,,,,,,,,,,,,14.154083333333334,14.70328,0.5384615384615384,0.35,0.5723727058300506,,0,0,,0,0,0,0,0,,,,False,False,False,False,False
2026-04-20,14.39,15.0,14.37,14.59,686745.35,3.6958066808812973,1.4088220326925616,,,,,,,,,,,,,,,,,,,,14.156666666666666,14.6982,0.5384615384615384,0.35,0.6088487286712511,,0,0,,0,0,0,0,0,,,,True,False,True,False,False
2026-04-21,14.63,14.76,14.51,14.7,421217.46,0.7539410555174708,0.8641055060697502,,,,,,,,,,,,,,,,,,,,14.159166666666666,14.692839999999999,0.6666666666666666,0.4,0.6064688105754239,,0,0,,0,0,0,0,0,,,,True,False,False,False,False
2026-04-22,14.68,14.86,14.53,14.54,282661.64,-1.0884353741496655,0.5798655152583313,,,,,,,,,,,,,,,,,,,,14.15975,14.68684,0.5384615384615384,0.35,0.6043959767333259,,0,0,,0,0,0,0,0,,,,False,False,False,False,False
2026-04-23,14.57,14.66,14.44,14.54,256467.3,0.0,0.5261292019016554,,,,,,,,,,,,,,,,,,,,14.161083333333332,14.68136,0.42857142857142855,0.3,0.592295454151446,,0,0,,0,0,0,0,0,,,,False,False,False,False,False
2026-04-24,14.55,14.67,14.46,14.47,270745.92,-0.4814305364511551,0.5554210412311021,,,,,,,,,,,,,,,,,,,,14.160333333333334,14.676,0.42857142857142855,0.3,0.5908831269129794,,0,0,,0,0,0,0,0,,,,False,False,False,False,False
2026-04-27,14.45,14.63,14.35,14.6,232719.09,0.8984105044920421,0.47741099582277946,,,,,,,,,,,,,,,,,,,,14.160333333333334,14.671359999999998,0.5384615384615384,0.35,0.5860879996699501,,0,0,,0,0,0,0,0,,,,True,False,False,False,False
2026-04-28,14.61,14.91,14.59,14.89,458422.51,1.9863013698630194,0.9404297129499692,,,,,,,,,,,,,,,,,,,,14.163583333333332,14.666960000000001,0.6666666666666666,0.4,0.6035579019625499,,0,0,,0,0,0,0,0,,,,True,False,True,False,False
2026-04-29,14.8,14.98,14.78,14.89,248639.34,0.0,0.510070552914755,,,,,,,,,,,,,,,,,,,,14.166416666666667,14.66304,0.8181818181818182,0.4,0.6052285905508521,,0,0,,0,0,0,0,0,,,,True,False,False,False,False
2026-04-30,14.83,15.01,14.8,14.84,244336.13,-0.335795836131636,0.5012427435101439,,,,,,,,,,,,,,,,,,,,14.171166666666666,14.659320000000001,1.0,0.4,0.5983965031281904,,0,0,,0,0,0,0,0,,,,True,False,False,False,False
2026-05-06,14.9,14.96,14.74,14.81,263893.79,-0.20215633423180668,0.5413642562599718,,,,,,,,,,,,,,,,,,,,14.174583333333334,14.65572,0.8181818181818182,0.35,0.5752015288483078,,0,0,,0,0,0,0,0,,,,False,False,False,False,False
2026-05-07,14.82,14.87,14.74,14.82,251399.99,0.06752194463199857,0.5157338814608496,,,,,,,,,,,,,,,,,,,,14.177083333333334,14.651359999999999,0.9,0.4,0.5724042929929609,,0,0,,0,0,0,0,0,,,,False,False,False,False,False
2026-05-08,14.84,14.98,14.72,14.79,241175.4,-0.2024291497975783,0.49475867184749284,,,,,,,,,,,,,,,,,,,,14.17925,14.6478,0.9,0.4,0.5765415148677915,,0,0,,0,0,0,0,0,,,,False,False,False,False,False
2026-05-11,14.84,15.02,14.73,14.82,359247.5,0.20283975659229903,0.736977386435483,,,,,,,,,,,,,,,,,,,,14.181416666666667,14.64368,0.7272727272727273,0.4,0.5913084873724302,,0,0,,0,0,0,0,0,,,,False,False,False,False,False
2026-05-12,14.9,15.18,14.84,15.0,485410.82,1.2145748987854255,0.9957948140797214,,,,,,,,,,,,,,,,,,,,14.184500000000002,14.64004,0.9,0.45,0.6203778708119432,,0,0,,0,0,0,0,0,,,,True,False,False,False,False
2026-05-13,14.99,15.1,14.83,14.92,375293.01,-0.5333333333333301,0.7698939078415454,,,,,,,,,,,,,,,,,,,,14.187166666666666,14.635440000000001,0.9,0.45,0.6285811836966475,,0,0,,0,0,0,0,0,,,,False,False,False,False,False
2026-05-14,14.92,15.07,14.54,14.58,395715.31,-2.278820375335122,0.8117891841594082,,,,,,,,,,,,,,,,,,,,14.187000000000001,14.629520000000001,0.9,0.45,0.648197809893192,,0,0,,0,0,0,0,0,,,,False,False,False,False,False
2026-05-15,14.54,14.66,14.28,14.53,324627.94,-0.3429355281207136,0.6659571765569274,,,,,,,,,,,,,,,,,,,,14.186833333333334,14.623400000000002,0.9,0.45,0.6595163647934725,,0,0,,0,0,0,0,0,,,,False,False,False,False,False
2026-05-18,14.44,14.68,14.37,14.61,267651.67,0.550584996558845,0.5490733497983769,,,,,,,,,,,,,,,,,,,,14.18925,14.61764,0.9,0.45,0.6633436057707012,,0,0,,0,0,0,0,0,,,,True,False,False,False,False
2026-05-19,14.58,15.3,14.52,15.05,540077.71,3.011635865845319,1.1079410690063556,,,,,,,,,,,,,,,,,,,,14.196333333333333,14.61316,0.9,0.45,0.7008017539748131,,0,0,,0,0,0,0,0,,,,True,False,False,False,False
2026-05-20,15.02,15.06,14.53,14.54,354451.84,-3.388704318936886,0.7271393417085658,,,,,,,,,,,,,,,,,,,,14.200083333333334,14.606639999999999,0.9,0.45,0.7139960170752873,,0,0,,0,0,0,0,0,,,,False,False,False,False,False
2026-05-21,14.54,14.68,14.29,14.35,365627.42,-1.3067400275103114,0.7500654573817456,,,,,,,,,,,,,,,,,,,,14.202833333333333,14.59888,0.7272727272727273,0.4,0.6810581883097465,,0,0,,0,0,0,0,0,,,,False,False,False,False,False
2026-05-22,14.35,14.48,14.13,14.4,261351.62,0.34843205574912606,0.5361491279640902,,,,,,,,,,,,,,,,,,,,14.20575,14.59184,0.7272727272727273,0.4,0.6646603694044635,,0,0,,0,0,0,0,0,,,,True,False,False,False,False
2026-05-25,14.4,14.57,14.34,14.51,287417.5,0.7638888888888751,0.5896219123746733,,,,,,,,,,,,,,,,,,,,14.209666666666667,14.58528,0.9,0.45,0.6651481892602806,,0,0,,0,0,0,0,0,,,,True,False,False,False,False
2026-05-26,14.54,14.7,14.4,14.67,343936.03,1.102687801516189,0.7055667095537084,,,,,,,,,,,,,,,,,,,,14.216000000000001,14.57964,1.1111111111111112,0.5,0.6741200646428832,,0,0,,0,0,0,0,0,,,,True,False,False,False,False
2026-05-27,14.68,14.73,14.45,14.58,274825.42,-0.6134969325153339,0.5637899213150652,,,,,,,,,,,,,,,,,,,,14.221749999999998,14.57264,1.1111111111111112,0.5,0.6745385086470814,,0,0,,0,0,0,0,0,,,,False,False,False,False,False
2026-05-28,14.59,14.91,14.5,14.6,432309.53,0.137174211248281,0.8868603053620472,,,,,,,,,,,,,,,,,,,,14.22675,14.56656,1.1111111111111112,0.5,0.6950109741240448,,0,0,,0,0,0,0,0,,,,True,False,False,False,False
2026-05-29,14.54,15.02,14.46,15.02,699238.1,2.876712328767117,1.4344502534718067,,,,,,,,,,,,,,,,,,,,14.235083333333332,14.56164,1.1111111111111112,0.5,0.7197120011501366,,0,0,,0,0,0,0,0,,,,True,False,True,False,False
2026-06-01,14.97,15.44,14.87,15.26,752825.66,1.5978695073235683,1.5443823195662252,,,,,,,,,,,,,,,,,,,,14.243249999999998,14.55652,1.1111111111111112,0.55,0.7714275894827102,,0,0,,0,0,0,0,0,,,,True,False,True,False,True
2026-06-02,15.2,15.4,14.88,14.97,613824.53,-1.9003931847968447,1.2592287986677395,,,,,,,,,,,,,,,,,,,,14.25025,14.550360000000001,0.9,0.55,0.80932689224059,,0,0,,0,0,0,0,0,,,,False,False,False,False,False
2026-06-03,14.93,15.12,14.64,14.99,534211.51,0.13360053440214514,1.0959068676707642,,,,,,,,,,,,,,,,,,,,14.257166666666667,14.54408,1.1111111111111112,0.6,0.8370540228111295,,0,0,,0,0,0,0,0,,,,True,False,False,False,False
2026-06-04,14.92,15.26,14.88,15.09,457442.44,0.6671114076050699,0.9384191507967913,,,,,,,,,,,,,,,,,,,,14.264916666666666,14.539280000000002,1.2222222222222223,0.6,0.8581882862779266,,0,0,,0,0,0,0,0,,,,True,False,False,False,False
2026-06-05,15.03,15.23,14.6,14.68,436515.12,-2.717031146454607,0.8954878524615236,,,,,,,,,,,,,,,,,,,,14.268583333333334,14.5328,1.2222222222222223,0.6,0.8782247453086282,,0,0,,0,0,0,0,0,,,,False,False,False,False,False
2026-06-08,14.65,14.7,14.32,14.51,459557.37,-1.1580381471389622,0.942757818661965,,,,,,,,,,,,,,,,,,,,14.270499999999998,14.52628,1.2222222222222223,0.55,0.8885137669199523,,0,0,,0,0,0,0,0,,,,False,False,False,False,False
2026-06-09,14.49,14.73,14.38,14.64,292691.99,0.8959338387319216,0.6004422517089208,,,,,,,,,,,,,,,,,,,,14.2745,14.5202,1.2222222222222223,0.55,0.8687461388014123,,0,0,,0,0,0,0,0,,,,True,False,False,False,False
2026-06-10,14.62,14.86,14.54,14.68,287356.45,0.2732240437158362,0.5894966715046829,,,,,,,,,,,,,,,,,,,,14.280000000000001,14.51484,1.5,0.6,0.8597262769845692,,0,0,,0,0,0,0,0,,,,True,False,False,False,False
2026-06-11,14.67,15.11,14.64,15.03,443023.84,2.3841961852860916,0.9088401498460299,,,,,,,,,,,,,,,,,,,,14.288083333333333,14.511239999999999,1.8571428571428572,0.65,0.8645788252689002,,0,0,,0,0,0,0,0,,,,True,False,False,False,False
2026-06-12,15.02,15.27,14.96,15.12,502644.94,0.5988023952095745,1.031149706501006,,,,,,,,,,,,,,,,,,,,14.296583333333333,14.508799999999999,2.3333333333333335,0.7,0.8828384517661041,,0,0,,0,0,0,0,0,,,,True,False,False,False,False
2026-06-15,15.13,15.13,14.68,14.86,450283.13,-1.7195767195767209,0.92373220218203,,,,,,,,,,,,,,,,,,,,14.303583333333334,14.50636,1.8571428571428572,0.65,0.9015713943852868,,0,0,,0,0,0,0,0,,,,False,False,False,False,False
2026-06-16,14.81,14.96,14.68,14.7,302445.21,-1.076716016150736,0.6204504705133113,,,,,,,,,,,,,,,,,,,,14.309333333333335,14.503680000000001,1.5,0.6,0.8771968644606346,,0,0,,0,0,0,0,0,,,,False,False,False,False,False
2026-06-17,14.72,14.74,14.07,14.18,683605.57,-3.5374149659863963,1.4023809388550752,,,,,,,,,,,,,,,,,,,,14.310916666666666,14.498320000000001,1.5,0.6,0.9109589443179601,,0,0,,0,0,0,0,0,,,,False,False,False,False,False
2026-06-18,14.15,14.27,13.84,13.87,380774.68,-2.186177715091686,0.7811392660692347,,,,,,,,,,,,,,,,,,,,14.310666666666666,14.49184,1.5,0.6,0.9125126347523345,,0,0,,0,0,0,0,0,,,,False,False,False,False,False
2026-06-22,13.87,13.94,13.65,13.82,457042.33,-0.36049026676279183,0.9375983461368097,,,,,,,,,,,,,,,,,,,,14.310583333333334,14.485240000000001,1.2222222222222223,0.55,0.9325850956609706,,0,0,,0,0,0,0,0,,,,False,False,False,False,False
2026-06-23,13.8,14.13,13.74,13.95,399201.49,0.9406657018813158,0.8189408994115494,,,,,,,,,,,,,,,,,,,,14.31,14.47916,1.2222222222222223,0.55,0.9440510450128142,,0,0,,0,0,0,0,0,,,,True,False,False,False,False
2026-06-24,13.96,14.05,13.73,13.83,235505.88,-0.8602150537634357,0.4831279492065734,,,,,,,,,,,,,,,,,,,,14.309416666666666,14.47304,1.0,0.5,0.9329291069954575,,0,0,,0,0,0,0,0,,,,False,False,False,False,False
2026-06-25,13.83,13.86,13.41,13.45,399552.93,-2.747650036153293,0.8196618601216139,,,,,,,,,,,,,,,,,,,,14.30625,14.4652,1.0,0.5,0.945722703935785,,0,0,,0,0,0,0,0,,,,False,False,False,False,False
2026-06-26,13.46,13.68,13.42,13.56,231561.47,0.8178438661710086,0.4750361991656407,,,,,,,,,,,,,,,,,,,,14.304666666666666,14.458400000000001,1.0,0.5,0.9251314986259647,,0,0,,0,0,0,0,0,,,,True,False,False,False,False
2026-06-29,13.52,13.85,13.37,13.72,372325.25,1.179941002949847,0.7638057040033343,,,,,,,,,,,,,,,,,,,,14.304083333333333,14.45192,1.0,0.5,0.891599271152541,,0,0,,0,0,0,0,0,,,,True,False,False,False,False
2026-06-30,13.72,13.74,13.44,13.74,231562.5,0.1457725947521915,0.4750383121565676,,,,,,,,,,,,,,,,,,,,14.303583333333334,14.445240000000002,1.0,0.5,0.8381320707820581,,0,0,,0,0,0,0,0,,,,True,False,False,False,False
2026-07-01,13.67,13.82,13.64,13.69,233932.39,-0.3639010189228631,0.4799000170768234,,,,,,,,,,,,,,,,,,,,14.302666666666665,14.439119999999999,1.2222222222222223,0.5,0.7991656317025123,,0,0,,0,0,0,0,0,,,,True,False,False,False,False
2026-07-02,13.74,14.16,13.67,14.05,373505.06,2.629656683710757,0.7662260222805399,,,,,,,,,,,,,,,,,,,,14.30675,14.43476,1.2222222222222223,0.5,0.7826815894330011,,0,0,,0,0,0,0,0,,,,True,False,True,False,False
2026-07-03,14.01,14.32,13.96,14.13,285444.42,0.5693950177936058,0.5855742423376428,,,,,,,,,,,,,,,,,,,,14.312249999999999,14.431,1.2222222222222223,0.5,0.7650393440100437,,0,0,,0,0,0,0,0,,,,True,False,False,False,False
2026-07-06,14.11,14.13,13.91,14.05,201102.04,-0.5661712668082131,0.41255027758312574,,,,,,,,,,,,,,,,,,,,14.317083333333333,14.42696,1.2222222222222223,0.5,0.7408924652661238,,0,0,,0,0,0,0,0,,,,False,False,False,False,False
2026-07-07,14.05,14.12,13.81,13.96,250393.17,-0.6405693950177871,0.5136684430869959,,,,,,,,,,,,,,,,,,,,14.320416666666667,14.422039999999999,1.2222222222222223,0.5,0.7194379964873754,,0,0,,0,0,0,0,0,,,,False,False,False,False,False
2026-07-08,13.95,14.19,13.87,14.03,195662.53,0.5014326647564404,0.40139140838211623,,,,,,,,,,,,,,,,,,,,14.324333333333334,14.41728,1.2222222222222223,0.5,0.7094854543210352,,0,0,,0,0,0,0,0,,,,True,False,False,False,False
2026-07-09,14.01,14.28,13.92,14.23,364291.98,1.425516749821809,0.7473258723298207,,,,,,,,,,,,,,,,,,,,14.329416666666669,14.413680000000001,1.2222222222222223,0.5,0.7173769143622921,,0,0,,0,0,0,0,0,,,,True,False,False,False,False
2026-07-10,14.2,14.29,13.89,14.22,378376.18,-0.07027406886858101,0.7762188692359497,,,,,,,,,,,,,,,,,,,,14.334499999999998,14.40992,1.2222222222222223,0.45,0.710745850331788,,0,0,,0,0,0,0,0,,,,True,False,False,False,False
2026-07-13,14.16,14.67,14.13,14.64,536012.1,2.9535864978903037,1.0996006835281937,,,,,,,,,,,,,,,,,,,,14.343,14.406640000000001,1.2222222222222223,0.45,0.7141683991831475,,0,0,,0,0,0,0,0,,,,True,False,True,True,False
2026-07-14,14.54,14.86,14.49,14.83,523719.22,1.297814207650272,1.0743824855611515,,,,,,,,,,,,,,,,,,,,14.353499999999999,14.4046,1.5,0.5,0.7217009133521035,,0,0,,0,0,0,0,0,,,,True,False,True,True,False
2026-07-15,14.79,15.19,14.75,15.14,520960.42,2.090357383681729,1.0687229521929353,,,,,,,,,,,,,,,,,,,,14.366083333333334,14.404,1.8571428571428572,0.55,0.7441145374360847,,0,0,,0,0,0,0,0,,,,True,False,True,True,False
2026-07-16,15.09,15.24,14.88,15.0,504180.12,-0.9247027741083214,1.0342990476769585,,,,,,,,,,,,,,,,,,,,14.378583333333333,14.40256,1.8571428571428572,0.55,0.7257104428771789,,0,0,,0,0,0,0,0,,,,False,False,False,False,False
2026-07-17,14.98,15.4,14.93,15.31,709012.18,2.066666666666661,1.4545012654710867,,,,,,,,,,,,,,,,,,,,14.394333333333332,14.40208,2.3333333333333335,0.6,0.7593785428472715,,0,0,,0,0,0,0,0,,,,True,False,True,True,True
2026-07-20,15.14,15.74,15.13,15.68,804386.94,2.4167210973220055,1.6501575786165128,,,,,,,,,,,,,,,,,,,,14.41225,14.403599999999999,3.0,0.65,0.7950065044712566,,0,0,,0,0,0,0,0,,,,True,False,True,True,True
2026-07-21,15.7,15.98,15.49,15.65,654771.21,-0.1913265306122458,1.3432287630644577,,,,,,,,,,,,,,,,,,,,14.428666666666665,14.40508,2.3333333333333335,0.6,0.821220897653902,,0,0,,0,0,0,0,0,,,,False,False,False,False,False
2026-07-22,15.54,15.8,15.39,15.79,510755.58,0.8945686900958316,1.047788258667741,,,,,,,,,,,,,,,,,,,,14.444083333333335,14.407279999999998,3.0,0.65,0.8494539131269605,,0,0,,0,0,0,0,0,,,,True,False,False,False,True
2026-07-23,15.76,15.94,15.69,15.86,402893.6,0.4433185560481334,0.8265150692477552,,,,,,,,,,,,,,,,,,,,14.462,14.40976,4.0,0.7,0.8497965735832675,,0,0,,0,0,0,0,0,,,,True,False,False,False,True
2026-07-24,15.94,15.95,15.56,15.59,390505.44,-1.7023959646910392,0.8011014093627327,,,,,,,,,,,,,,,,,,,,14.477749999999999,14.410680000000001,3.0,0.65,0.8660998340931221,,0,0,,0,0,0,0,0,,,,False,False,False,False,False
2026-07-27,15.56,15.67,15.41,15.48,383202.99,-0.7055805003207127,0.786120816552551,,,,,,,,,,,,,,,,,,,,14.493416666666665,14.411560000000001,2.3333333333333335,0.6,0.867215589720583,,0,0,,0,0,0,0,0,,,,False,False,False,False,False
2026-07-28,15.48,15.78,15.38,15.73,390724.43,1.6149870801033694,0.8015506558511718,,,,,,,,,,,,,,,,,,,,14.511916666666666,14.413200000000002,2.3333333333333335,0.6,0.8835412069053132,,0,0,,0,0,0,0,0,,,,True,False,False,False,False
2026-07-29,15.69,15.86,15.62,15.71,296907.43,-0.12714558169103496,0.609090005566291,,,,,,,,,,,,,,,,,,,,14.531083333333333,14.41492,2.3333333333333335,0.6,0.8900007063297866,,0,0,,0,0,0,0,0,,,,True,False,False,False,False
2026-07-30,15.73,15.92,15.7,15.79,282881.61,0.5092297899427001,0.5803167721653222,,,,,,,,,,,,,,,,,,,,14.551833333333333,14.416640000000001,2.3333333333333335,0.6,0.8807052438240257,,0,0,,0,0,0,0,0,,,,True,False,False,False,False
2026-07-31,15.76,15.82,15.44,15.81,385315.27,0.1266624445851905,0.7904540480818446,,,,,,,,,,,,,,,,,,,,14.571583333333335,14.41764,2.3333333333333335,0.6,0.8909492341112358,,0,0,,0,0,0,0,0,,,,True,False,False,False,False
2026-08-03,15.79,15.81,15.56,15.7,291244.6,-0.6957621758380883,0.5974730071091592,,,,,,,,,,,,,,,,,,,,14.59,14.41756,2.3333333333333335,0.6,0.9001953705875374,,0,0,,0,0,0,0,0,,,,False,False,False,False,False
2026-08-04,15.68,15.68,15.34,15.37,309621.36,-2.1019108280254772,0.6351719655040043,,,,,,,,,,,,,,,,,,,,14.606666666666666,14.416599999999999,2.3333333333333335,0.6,0.9062705467083878,,0,0,,0,0,0,0,0,,,,False,False,False,False,False
2026-08-05,15.33,15.41,14.92,14.98,486353.77,-2.5374105400130076,0.9977292265016292,,,,,,,,,,,,,,,,,,,,14.620333333333333,14.414719999999999,1.8571428571428572,0.55,0.9360874376143634,,0,0,,0,0,0,0,0,,,,False,False,False,False,False
2026-08-06,15.0,15.04,14.88,15.01,238548.14,0.20026702269693164,0.4893689858836755,,,,,,,,,,,,,,,,,,,,14.632583333333335,14.41348,1.8571428571428572,0.55,0.9231895932920562,,0,0,,0,0,0,0,0,,,,True,False,False,False,False
2026-08-07,15.0,15.05,14.81,14.97,313336.13,-0.26648900732844094,0.6427926211406029,,,,,,,,,,,,,,,,,,,,14.643583333333334,14.41188,1.5,0.55,0.9165182808872888,,0,0,,0,0,0,0,0,,,,False,False,False,False,False
2026-08-10,14.92,15.17,14.9,15.05,325347.07,0.5344021376085584,0.6674324339989621,,,,,,,,,,,,,,,,,,,,14.655666666666667,14.4108,1.5,0.55,0.8949098684108273,,0,0,,0,0,0,0,0,,,,True,False,False,False,False
2026-08-11,15.1,15.46,15.1,15.22,277055.6,1.1295681063122842,0.5683650185048319,,,,,,,,,,,,,,,,,,,,14.668416666666667,14.40988,1.5,0.55,0.8696089950580113,,0,0,,0,0,0,0,0,,,,True,False,False,False,False
2026-08-12,15.21,15.27,15.0,15.06,211395.01,-1.0512483574244391,0.4336657651766618,,,,,,,,,,,,,,,,,,,,14.679833333333333,14.409679999999998,1.2222222222222223,0.5,0.8378561357071976,,0,0,,0,0,0,0,0,,,,False,False,False,False,False
2026-08-13,15.05,15.22,14.95,15.2,219258.06,0.9296148738379806,0.4497963994564035,,,,,,,,,,,,,,,,,,,,14.693000000000001,14.41024,1.5,0.55,0.8086310032961699,,0,0,,0,0,0,0,0,,,,True,False,False,False,False
2026-08-14,15.15,15.2,14.96,15.03,259747.43,-1.1184210526315796,0.5328582163960321,,,,,,,,,,,,,,,,,,,,14.705083333333334,14.410039999999999,1.2222222222222223,0.5,0.7625488508424171,,0,0,,0,0,0,0,0,,,,False,False,False,False,False
2026-08-17,15.05,15.35,15.0,15.11,428480.16,0.5322687957418415,0.8790045538417319,,,,,,,,,,,,,,,,,,,,14.719166666666666,14.41008,1.2222222222222223,0.5,0.7239911996036781,,0,0,,0,0,0,0,0,,,,True,False,False,False,False
2026-08-18,15.12,15.39,15.05,15.33,256996.01,1.4559894109861027,0.52721382271038,,,,,,,,,,,,,,,,,,,,14.732833333333334,14.411119999999999,1.5,0.55,0.6831904525859742,,0,0,,0,0,0,0,0,,,,True,False,False,False,False
2026-08-19,15.37,15.63,15.27,15.55,327552.99,1.4350945857795283,0.6719577630723329,,,,,,,,,,,,,,,,,,,,14.749333333333334,14.41304,1.5,0.55,0.6643989278062038,,0,0,,0,0,0,0,0,,,,True,False,True,True,False
2026-08-20,15.48,15.63,15.28,15.5,287805.95,-0.3215434083601365,0.5904187971567827,,,,,,,,,,,,,,,,,,,,14.764083333333334,14.41484,1.5,0.5,0.6525941142016551,,0,0,,0,0,0,0,0,,,,True,False,False,False,False
2026-08-21,15.5,15.56,15.25,15.25,158633.47,-1.6129032258064502,0.325428235747755,,,,,,,,,,,,,,,,,,,,14.7745,14.415719999999999,1.5,0.5,0.6288104555209062,,0,0,,0,0,0,0,0,,,,False,False,False,False,False
2026-08-24,15.25,15.63,15.23,15.59,294952.27,2.2295081967213193,0.6050790974684943,15.443999999999999,15.284,15.348000000000003,15.376333333333333,14.849,14.732999999999999,14.4245,58.198175771391895,0.10280920180481523,0.10277303384308653,265188.138,272187.695,63.03753382789896,72.0875985459281,61.52288381474135,93.21702800830161,15.946756606380404,15.348000000000003,14.7492433936196,14.784916666666668,14.41812,1.8571428571428572,0.55,0.6197583695667034,1.1122377954929494,0,1,0.04990235032662138,0,0,0,0,0,0.7020854529379923,0.07802405608292959,63.03753382789896,True,True,False,False,False
2026-08-25,15.58,15.66,15.45,15.54,207286.97,-0.3207184092366977,0.42523833678099465,15.486,15.315999999999999,15.3385,15.4,14.853666666666667,14.744100000000001,14.42945,56.92605329978851,0.11158467443549291,0.10453536196156782,255246.33000000002,265210.832,59.90193015749756,75.75792954705062,66.26789905884443,94.737990523463,15.917438229592912,15.3385,14.759561770407087,14.793249999999999,14.42036,1.5,0.5,0.6009427536131946,0.8121055844368066,0,1,0.04620632391553148,0,0,0,0,0,0.6740254743081023,0.07548824586405616,59.90193015749756,False,True,False,False,False
2026-08-26,15.5,15.77,15.44,15.69,266008.99,0.9652509652509744,0.545703478015971,15.514,15.379,15.3375,15.418333333333333,14.865666666666668,14.758,14.43655,59.76727387766063,0.12915423647450552,0.10945913686415537,242937.52999999997,270672.23000000004,65.99180102351167,80.5464386280749,71.02741224858792,99.58449138704884,15.913799447016519,15.3375,14.761200552983482,14.801083333333333,14.42304,1.5,0.55,0.5977734272356786,1.09496869421534,1,1,0.05545216045922352,0,0,0,0,0,0.8058305901774493,0.0751490721455933,65.99180102351167,True,True,True,True,False
2026-08-27,15.67,15.7,15.44,15.55,214689.91,-0.8922880815806167,0.4404250795506414,15.524000000000001,15.414000000000001,15.3255,15.436666666666667,14.875,14.766300000000001,14.4423,56.05110113191793,0.13027962853955088,0.11362323519923448,228314.32200000001,270215.415,56.39845998569035,77.50714956157378,73.18732468624988,86.14679931222159,15.871315661961134,15.3255,14.779684338038866,14.808083333333334,14.42584,1.2222222222222223,0.5,0.5907788426049445,0.9403260738062678,1,1,0.04537815126050426,0,0,0,0,0,0.7056555130658625,0.07122973631674452,56.39845998569035,False,True,False,False,False
2026-08-28,15.54,15.54,15.33,15.39,154639.2,-1.028938906752408,0.31723420053437795,15.552000000000001,15.45,15.304499999999999,15.439333333333334,14.879999999999999,14.7741,14.44665,52.06664822534739,0.11691314507439188,0.11428121717426597,227515.46800000002,259704.592,47.023524770563405,67.41217378178995,71.26227438476323,59.71197257584339,15.802008529416401,15.304499999999999,14.806991470583597,14.8125,14.42792,1.0,0.45,0.5671178502275713,0.6796865345436645,1,1,0.03427419354838723,0,0,0,0,0,0.5859281750408344,0.06501467273238618,47.023524770563405,False,False,False,False,False
2026-08-31,15.39,15.62,15.36,15.55,222406.78,1.0396361273554255,0.4562558332345568,15.544,15.494,15.297,15.435,14.8945,14.785699999999999,14.451750000000002,55.47520958611391,0.11787201819913129,0.11499937737923903,213006.37000000002,239097.25400000002,55.833509696645514,64.69453560761309,69.07302812571318,55.93755057141291,15.773482727361287,15.297,14.820517272638714,14.814333333333334,14.43056,1.2222222222222223,0.5,0.560056991533841,1.0441320604637316,1,1,0.04400953372050087,0,0,0,0,0,0.7654870632993233,0.06229753904181037,55.833509696645514,True,True,False,False,False
2026-09-01,15.52,15.81,15.45,15.77,260579.4,1.414790996784565,0.5345649591741802,15.59,15.538,15.316999999999998,15.438999999999998,14.915500000000002,14.799299999999999,14.457799999999999,59.7169407927788,0.13482985875898024,0.11896547365518728,223664.856,239455.59300000002,65.34316798276532,74.16417316369603,70.77007647170745,80.9523665476732,15.837893968400243,15.316999999999998,14.796106031599754,14.818166666666666,14.43404,1.5,0.55,0.5550266412173499,1.1650440067347907,1,1,0.057289396936073045,0,0,0,1,1,0.9348293774558789,0.06801514244306908,65.34316798276532,True,True,False,False,False
2026-09-02,15.78,16.08,15.76,16.03,402041.82,1.6487000634115567,0.8247676872945947,15.657999999999998,15.585999999999999,15.369499999999999,15.447000000000001,14.938666666666668,14.8175,14.4648,64.07303391255363,0.1673201343114652,0.12863640578644286,250871.42199999996,246904.47599999997,73.45024720734483,80.81533112873863,74.11849469071785,94.20900400478018,15.955026303962121,15.369499999999999,14.783973696037876,14.823,14.437880000000002,1.8571428571428572,0.6,0.5463785642569982,1.60258118200486,1,1,0.07305426633345236,0,0,0,0,1,1.0640224833030982,0.07619327941209836,73.45024720734483,True,True,True,True,True
2026-09-03,16.0,16.2,15.73,15.77,277900.77,-1.6219588271990104,0.5700988403900048,15.702000000000002,15.613,15.407499999999999,15.443999999999999,14.956833333333332,14.833200000000001,14.47065,57.3896974031118,0.17012795550715687,0.1369347157305857,263513.594,245913.958,57.35122496935155,72.43358845008692,73.5568592771742,70.18704679591235,15.993436048243783,15.407499999999999,14.821563951756215,14.823166666666667,14.44084,1.5,0.55,0.5504150569823146,1.0545974717342288,1,1,0.054367568892702334,0,0,0,0,1,0.8093340997592787,0.07605854917978704,57.35122496935155,False,True,False,False,False
2026-09-04,15.8,15.91,15.7,15.76,173807.6,-0.06341154090043766,0.35655716682961985,15.776,15.663999999999998,15.447,15.449666666666667,14.969,14.850900000000001,14.47645,57.142814507408914,0.16959131450085074,0.1434660354846387,267347.27400000003,247431.37099999998,56.776863191014094,64.76415475216524,70.62595776883788,53.04054871881996,16.014991845753148,15.447,14.87900815424685,14.827499999999999,14.4434,1.5,0.55,0.5361032842667656,0.6501192153543334,1,1,0.05284254125192067,0,0,0,0,0,0.775532124572112,0.07354073227851991,56.776863191014094,False,False,False,False,False
