date,open,high,low,close,volume,change_rate,turnover,MA5,MA10,MA20,MA30,MA60,MA100,MA200,RSI14,DIF,DEA,VOL_MA5,VOL_MA10,RSI6,K,D,J,BOLL_UPPER,BOLL_MIDDLE,BOLL_LOWER,MA120,MA250,updown_ratio_20,up_days_ratio_20,turnover_ma20,vol_ratio,ma_bull,dif_above_zero,bias60,macd_gold,macd_gold3,dif_below0,kdj_gold,kdj_gold3,boll_pos,boll_width,rsi6,is_yang,above_ma5,break_high5,break_high10,break_close40
2024-08-14,29.54,29.54,29.16,29.22,27557.99,-1.0162601626016232,0.1315835003151939,,,,,,,,,,,,,,,,,,,,,,,,,,0,0,,0,0,0,0,0,,,,False,False,False,False,False
2024-08-15,29.09,29.76,28.63,29.6,45654.5,1.3004791238877544,0.21799045994065672,,,,,,,,,,,,,,,,,,,,,,,,,,0,0,,0,0,0,0,0,,,,True,False,False,False,False
2024-08-16,29.5,29.67,29.23,29.34,42464.13,-0.8783783783783861,0.2027571264536867,,,,,,,,,,,,,,,,,,,,,,,,,,0,0,,0,0,0,0,0,,,,False,False,False,False,False
2024-08-19,29.2,29.49,28.97,29.09,36684.34,-0.8520790729379724,0.17515986702777234,,,,,,,,,,,,,,,,,,,,,,,,,,0,0,,0,0,0,0,0,,,,False,False,False,False,False
2024-08-20,29.05,29.05,28.43,28.88,52196.46,-0.7218975592987342,0.2492269178870449,,,,,,,,,,,,,,,,,,,,,,,,,,0,0,,0,0,0,0,0,,,,False,False,False,False,False
2024-08-21,28.68,29.1,28.51,28.91,36826.8,0.10387811634349209,0.1758400830179408,,,,,,,,,,,,,,,,,,,,,,,,,,0,0,,0,0,0,0,0,,,,True,False,False,False,False
2024-08-22,28.9,29.22,28.55,28.91,31141.11,0.0,0.14869213093917544,,,,,,,,,,,,,,,,,,,,,,,,,,0,0,,0,0,0,0,0,,,,True,False,False,False,False
2024-08-23,28.73,28.87,28.42,28.81,71371.86,-0.3459010722933309,0.340785346202897,,,,,,,,,,,,,,,,,,,,,,,,,,0,0,,0,0,0,0,0,,,,True,False,False,False,False
2024-08-26,28.71,28.79,27.19,27.26,75266.22,-5.380076362374164,0.3593800811704138,,,,,,,,,,,,,,,,,,,,,,,,,,0,0,,0,0,0,0,0,,,,False,False,False,False,False
2024-08-27,27.18,28.2,27.11,27.94,68259.47,2.49449743213499,0.32592435051540286,,,,,,,,,,,,,,,,,,,,,,,,,,0,0,,0,0,0,0,0,,,,True,False,False,False,False
2024-08-28,28.41,28.41,27.34,28.14,50910.7,0.7158196134574135,0.24308768925080318,,,,,,,,,,,,,,,,,,,,,,,,,,0,0,,0,0,0,0,0,,,,False,False,False,False,False
2024-08-29,28.12,28.44,28.0,28.19,55416.94,0.17768301350391535,0.264604020175531,,,,,,,,,,,,,,,,,,,,,,,,,,0,0,,0,0,0,0,0,,,,True,False,False,False,False
2024-08-30,28.17,28.55,27.96,28.32,76604.58,0.4611564384533473,0.3657704635416188,,,,,,,,,,,,,,,,,,,,,,,,,,0,0,,0,0,0,0,0,,,,True,False,False,False,False
2024-09-02,28.29,28.29,27.77,27.95,58053.3,-1.3064971751412413,0.2736873127300834,,,,,,,,,,,,,,,,,,,,,,,,,,0,0,,0,0,0,0,0,,,,False,False,False,False,False
2024-09-03,27.95,28.89,27.71,28.63,64760.8,2.4329159212880036,0.3053092472305689,,,,,,,,,,,,,,,,,,,,,,,,,,0,0,,0,0,0,0,0,,,,True,False,True,False,False
2024-09-04,28.43,29.23,28.41,29.01,58128.15,1.327279077890342,0.2740401866469468,,,,,,,,,,,,,,,,,,,,,,,,,,0,0,,0,0,0,0,0,,,,True,False,True,False,False
2024-09-05,29.1,29.27,28.41,28.57,55394.22,-1.5167183729748457,0.2611513077220251,,,,,,,,,,,,,,,,,,,,,,,,,,0,0,,0,0,0,0,0,,,,False,False,False,False,False
2024-09-06,28.54,28.72,27.9,28.14,48914.76,-1.5050752537626888,0.2306044482783403,,,,,,,,,,,,,,,,,,,,,,,,,,0,0,,0,0,0,0,0,,,,False,False,False,False,False
2024-09-09,28.06,28.3,27.62,28.11,60353.14,-0.10660980810235365,0.2845297115137728,,,,,,,,,,,,,,,,,,,,,,,,,,0,0,,0,0,0,0,0,,,,True,False,False,False,False
2024-09-10,27.84,28.6,27.84,28.33,44827.39,0.782639630024895,0.2113348923455413,,,,,,,,,,,,,,,,,,,,,,1.2222222222222223,0.45,0.2520729571452708,,0,0,,0,0,0,0,0,,,,True,False,False,False,False
2024-09-11,28.21,28.84,28.16,28.7,41639.33,1.3060360042358,0.19630505641507276,,,,,,,,,,,,,,,,,,,,,,1.5,0.5,0.25530903495026475,,0,0,,0,0,0,0,0,,,,True,False,False,False,False
2024-09-12,28.7,29.11,28.34,28.71,32090.87,0.03484320557491927,0.15128965921783002,,,,,,,,,,,,,,,,,,,,,,1.5,0.5,0.2519739949141234,,0,0,,0,0,0,0,0,,,,True,False,False,False,False
2024-09-13,28.82,28.87,28.22,28.23,32168.86,-1.6718913270637459,0.15165733639586845,,,,,,,,,,,,,,,,,,,,,,1.5,0.5,0.2494190054112325,,0,0,,0,0,0,0,0,,,,False,False,False,False,False
2024-09-18,28.34,28.6,27.93,28.41,40703.16,0.6376195536663021,0.19189156309843922,,,,,,,,,,,,,,,,,,,,,,1.8571428571428572,0.55,0.25025559021476584,,0,0,,0,0,0,0,0,,,,True,False,False,False,False
2024-09-19,28.41,28.52,27.62,27.95,80387.68,-1.6191481872580127,0.3789808351257529,,,,,,,,,,,,,,,,,,,,,,1.8571428571428572,0.55,0.25674328607670127,,0,0,,0,0,0,0,0,,,,False,False,False,False,False
2024-09-20,27.92,28.22,27.31,27.57,71437.38,-1.3595706618962367,0.3367854120382098,,,,,,,,,,,,,,,,,,,,,,1.5,0.5,0.26479055252771466,,0,0,,0,0,0,0,0,,,,False,False,False,False,False
2024-09-23,28.46,28.47,27.31,27.36,83248.9,-0.7616974972796564,0.39246981185798985,,,,,,,,,,,,,,,,,,,,,,1.2222222222222223,0.5,0.2769794365736554,,0,0,,0,0,0,0,0,,,,False,False,False,False,False
2024-09-24,27.37,27.92,26.57,27.9,141651.18,1.9736842105263053,0.667802360920832,,,,,,,,,,,,,,,,,,,,,,1.2222222222222223,0.55,0.29333028730955213,,0,0,,0,0,0,0,0,,,,True,False,False,False,False
2024-09-25,27.95,28.69,27.41,27.54,256988.56,-1.2903225806451646,1.211550564546267,,,,,,,,,,,,,,,,,,,,,,1.2222222222222223,0.55,0.3359388114783448,,0,0,,0,0,0,0,0,,,,False,False,False,False,False
2024-09-26,27.43,27.54,26.66,27.54,275020.66,0.0,1.2965613562132374,,,,,,,,,,,,,,,,,,,,,,1.2222222222222223,0.5,0.3844706617632365,,0,0,,0,0,0,0,0,,,,True,False,False,False,False
2024-09-27,27.92,29.44,27.9,29.31,285461.74,6.427015250544654,1.345784933980562,,,,,,,,,,,,,,,,,,,,,,1.5,0.5,0.43960552399972447,,0,0,,0,0,0,0,0,,,,True,False,True,True,False
2024-09-30,30.95,32.04,30.4,31.91,513804.08,8.870692596383488,2.4222853468270156,,,,,,,,,,,,,,,,,,,,,,1.5,0.5,0.5474895903322987,,0,0,,0,0,0,0,0,,,,True,False,True,True,False
2024-10-08,35.1,35.1,31.2,33.77,686133.01,5.828893763710452,3.234715333707187,,,,,,,,,,,,,,,,,,,,,,1.2222222222222223,0.5,0.6909368338405771,,0,0,,0,0,0,0,0,,,,False,False,True,True,False
2024-10-09,32.69,32.69,30.46,30.47,465999.3,-9.771986970684054,2.1969138042299052,,,,,,,,,,,,,,,,,,,,,,1.2222222222222223,0.5,0.7870981584155682,,0,0,,0,0,0,0,0,,,,False,False,False,False,False
2024-10-10,30.37,31.43,29.89,30.79,270625.38,1.0502133245815504,1.2758401849465517,,,,,,,,,,,,,,,,,,,,,,1.2222222222222223,0.5,0.8356247053013673,,0,0,,0,0,0,0,0,,,,True,False,False,False,False
2024-10-11,30.71,30.71,28.55,29.03,292699.22,-5.716141604417013,1.3799054138178446,,,,,,,,,,,,,,,,,,,,,,1.0,0.45,0.8909179666599123,,0,0,,0,0,0,0,0,,,,False,False,False,False,False
2024-10-14,29.03,29.21,27.54,28.89,343192.52,-0.48225973131243993,1.6179517537825654,,,,,,,,,,,,,,,,,,,,,,1.0,0.45,0.9587579889629392,,0,0,,0,0,0,0,0,,,,False,False,False,False,False
2024-10-15,28.8,29.15,27.52,27.57,379668.2,-4.569055036344761,1.7899132243484495,,,,,,,,,,,,,,,,,,,,,,1.0,0.45,1.0367234277664448,,0,0,,0,0,0,0,0,,,,False,False,False,False,False
2024-10-16,27.09,27.28,26.6,26.87,274423.32,-2.5389916575988325,1.2937452479233351,,,,,,,,,,,,,,,,,,,,,,0.8181818181818182,0.45,1.0871842045869227,,0,0,,0,0,0,0,0,,,,False,False,False,False,False
2024-10-17,27.08,27.73,26.78,27.02,259655.9,0.5582433941198284,1.2241255106171613,,,,,,,,,,,,,,,,,,,,,,0.6666666666666666,0.45,1.1378237355005039,,0,0,,0,0,0,0,0,,,,False,False,False,False,False
2024-10-18,26.89,28.03,26.67,27.59,377824.97,2.1095484826054722,1.7812234743179869,,,,,,,,,,,,,,,,,,,,,,0.6666666666666666,0.45,1.2170696563956496,,0,0,,0,0,0,0,0,,,,True,False,False,False,False
2024-10-21,27.67,28.79,27.43,28.33,340258.14,2.6821312069590375,1.6041178704937789,,,,,,,,,,,,,,,,,,,,,,0.6666666666666666,0.45,1.289711066959447,,0,0,,0,0,0,0,0,,,,True,False,False,False,False
2024-10-22,28.07,28.34,27.7,28.2,203530.89,-0.45887751500176543,0.9595289560052952,,,,,,,,,,,,,,,,,,,,,,0.8181818181818182,0.45,1.3301046479399183,,0,0,,0,0,0,0,0,,,,True,False,False,False,False
2024-10-23,28.23,28.5,27.9,28.32,206557.37,0.42553191489362874,0.97379703685912,,,,,,,,,,,,,,,,,,,,,,0.8181818181818182,0.45,1.3691999216279525,,0,0,,0,0,0,0,0,,,,True,False,False,False,False
2024-10-24,28.36,28.4,27.71,27.72,171185.5,-2.1186440677966156,0.807039384037698,,,,,,,,,,,,,,,,,,,,,,0.8181818181818182,0.45,1.3906028490735496,,0,0,,0,0,0,0,0,,,,False,False,False,False,False
2024-10-25,27.65,28.17,27.5,27.95,196853.73,0.8297258297258248,0.9280500568373099,,,,,,,,,,,,,,,,,,,,,,1.0,0.5,1.4201660813135049,,0,0,,0,0,0,0,0,,,,True,False,False,False,False
2024-10-28,28.04,28.14,27.78,28.13,177035.13,0.6440071556350624,0.8346169638680484,,,,,,,,,,,,,,,,,,,,,,1.2222222222222223,0.55,1.4422734389140075,,0,0,,0,0,0,0,0,,,,True,False,False,False,False
2024-10-29,28.19,28.41,27.77,27.81,179839.4,-1.137575542125846,0.8478374547009483,,,,,,,,,,,,,,,,,,,,,,1.0,0.5,1.4512751936030133,,0,0,,0,0,0,0,0,,,,False,False,False,False,False
2024-10-30,27.44,27.44,25.99,26.3,479940.47,-5.429701546206389,2.262638256648859,,,,,,,,,,,,,,,,,,,,,,1.0,0.5,1.5038295782081428,,0,0,,0,0,0,0,0,,,,False,False,False,False,False
2024-10-31,26.14,26.2,25.51,26.0,323324.04,-1.1406844106463865,1.5242835058236825,,,,,,,,,,,,,,,,,,,,,,0.8181818181818182,0.5,1.5152156856886652,,0,0,,0,0,0,0,0,,,,False,False,False,False,False
2024-11-01,25.81,26.64,25.73,26.22,245570.33,0.846153846153852,1.1577202967607316,,,,,,,,,,,,,,,,,,,,,,0.8181818181818182,0.5,1.5058124538276736,,0,0,,0,0,0,0,0,,,,True,False,False,False,False
2024-11-04,26.23,26.4,25.71,25.93,293726.92,-1.1060259344012224,1.384750417483316,,,,,,,,,,,,,,,,,,,,,,0.6666666666666666,0.45,1.4539357073604886,,0,0,,0,0,0,0,0,,,,False,False,False,False,False
2024-11-05,25.92,26.75,25.71,26.63,353258.03,2.699575780948704,1.665404738938582,,,,,,,,,,,,,,,,,,,,,,0.8181818181818182,0.45,1.3754701776220586,,0,0,,0,0,0,0,0,,,,True,False,False,False,False
2024-11-06,26.68,27.19,26.39,26.77,332164.64,0.5257228689448112,1.565961757652977,,,,,,,,,,,,,,,,,,,,,,1.0,0.5,1.343922575293212,,0,0,,0,0,0,0,0,,,,True,False,False,False,False
2024-11-07,26.6,27.61,26.4,27.6,339088.54,3.100485618229376,1.5986038914267993,,,,,,,,,,,,,,,,,,,,,,1.0,0.5,1.3600607606172246,,0,0,,0,0,0,0,0,,,,True,False,True,False,False
2024-11-08,28.03,29.32,27.74,28.59,524665.1,3.5869565217391264,2.473488695771997,,,,,,,,,,,,,,,,,,,,,,1.2222222222222223,0.55,1.4147399247149322,,0,0,,0,0,0,0,0,,,,True,False,True,True,False
2024-11-11,28.68,29.53,28.36,29.51,540239.12,3.2179083595662794,2.546911079722687,,,,,,,,,,,,,,,,,,,,,,1.5,0.6,1.4611878910119382,,0,0,,0,0,0,0,0,,,,True,False,True,True,False
2024-11-12,29.88,29.88,28.66,28.91,444221.2,-2.033209081667231,2.09424281626941,,,,,,,,,,,,,,,,,,,,,,1.5,0.6,1.4764043706079861,,0,0,,0,0,0,0,0,,,,False,False,False,False,False
2024-11-13,28.83,29.17,28.59,29.03,259385.69,0.41508128675198375,1.222851628705663,,,,,,,,,,,,,,,,,,,,,,1.8571428571428572,0.65,1.4728596896471027,,0,0,,0,0,0,0,0,,,,True,False,False,False,False
2024-11-14,29.04,29.06,27.99,28.05,257181.85,-3.375818119187046,1.2124618137031211,,,,,,,,,,,,,,,,,,,,,,1.8571428571428572,0.6,1.4722765048014004,,0,0,,0,0,0,0,0,,,,False,False,False,False,False
2024-11-15,28.03,28.65,27.67,27.71,222279.82,-1.2121212121212088,1.047919181337265,,,,,,,,,,,,,,,,,,,,,,1.5,0.55,1.4356112901523645,,0,0,,0,0,0,0,0,,,,False,False,False,False,False
2024-11-18,27.71,27.83,26.6,26.9,230830.26,-2.923132443161325,1.0882294986880412,,,,,,,,,,,,,,,,,,,,,,1.2222222222222223,0.5,1.4098168715620776,,0,0,,0,0,0,0,0,,,,False,False,False,False,False
2024-11-19,26.89,27.21,26.52,27.09,174657.87,0.7063197026022427,0.8234095751225211,,,,,,,,,,,,,,,,,,,,,,1.2222222222222223,0.55,1.403010902517939,,0,0,,0,0,0,0,0,,,,True,False,False,False,False
2024-11-20,27.1,27.32,26.94,27.15,161070.71,0.22148394241416902,0.7593540725406923,,,,,,,,,,,,,,,,,,,,,,1.2222222222222223,0.55,1.3922887543020175,,0,0,,0,0,0,0,0,,,,True,False,False,False,False
2024-11-21,27.17,27.25,26.9,27.21,141298.61,0.22099447513812542,0.666140199840424,,,,,,,,,,,,,,,,,,,,,,1.5,0.6,1.3852437950921537,,0,0,,0,0,0,0,0,,,,True,False,False,False,False
2024-11-22,27.22,28.42,27.06,27.37,320272.63,0.5880191106210964,1.5098978946191912,,,,,,,,,,,,,,,,,,,,,,1.5,0.6,1.4143361869812476,,0,0,,0,0,0,0,0,,,,True,False,False,False,False
2024-11-25,27.52,27.95,26.8,27.03,197711.91,-1.2422360248447228,0.9320958729759049,,,,,,,,,,,,,,,,,,,,,,1.2222222222222223,0.55,1.4192101324366406,,0,0,,0,0,0,0,0,,,,False,False,False,False,False
2024-11-26,26.96,27.06,26.38,26.48,168525.88,-2.0347761746207893,0.7945008332458708,,,,,,,,,,,,,,,,,,,,,,1.2222222222222223,0.55,1.4165433013638868,,0,0,,0,0,0,0,0,,,,False,False,False,False,False
2024-11-27,26.45,27.04,26.22,27.04,132673.1,2.114803625377637,0.6254759714016194,,,,,,,,,,,,,,,,,,,,,,1.5,0.6,1.3346851871015248,,0,0,,0,0,0,0,0,,,,True,False,False,False,False
2024-11-28,26.95,27.24,26.74,26.75,114685.72,-1.072485207100593,0.5406760083460335,,,,,,,,,,,,,,,,,,,,,,1.5,0.6,1.2855048122276425,,0,0,,0,0,0,0,0,,,,False,False,False,False,False
2024-11-29,26.82,27.35,26.7,27.1,136016.34,1.3084112149532867,0.6412373901566553,,,,,,,,,,,,,,,,,,,,,,1.5,0.6,1.2596806668974385,,0,0,,0,0,0,0,0,,,,True,False,False,False,False
2024-12-02,27.24,27.45,26.9,27.38,153601.68,1.033210332103307,0.7241419700521107,,,,,,,,,,,,,,,,,,,,,,1.8571428571428572,0.65,1.2266502445258785,,0,0,,0,0,0,0,0,,,,True,False,False,False,False
2024-12-03,27.4,27.47,26.99,27.18,119554.32,-0.7304601899196461,0.5636286062303515,,,,,,,,,,,,,,,,,,,,,,1.5,0.6,1.1715614378904669,,0,0,,0,0,0,0,0,,,,False,False,False,False,False
2024-12-04,27.11,27.26,26.61,26.74,125778.77,-1.6188373804267853,0.5929732428612194,,,,,,,,,,,,,,,,,,,,,,1.2222222222222223,0.55,1.1229120121508787,,0,0,,0,0,0,0,0,,,,False,False,False,False,False
2024-12-05,26.79,27.02,26.72,26.84,73591.82,0.37397157816005944,0.34694233497003624,,,,,,,,,,,,,,,,,,,,,,1.2222222222222223,0.55,1.0603289343280407,,0,0,,0,0,0,0,0,,,,True,False,False,False,False
2024-12-06,26.84,27.13,26.66,27.02,121125.92,0.6706408345752646,0.5710377798808864,,,,,,,,,,,,,,,,,,,,,,1.2222222222222223,0.55,0.9652063885334851,,0,0,,0,0,0,0,0,,,,True,False,False,False,False
2024-12-09,26.99,27.21,26.77,26.83,114645.51,-0.7031828275351648,0.540486441743534,,,,,,,,,,,,,,,,,,,,,,1.0,0.5,0.8648851566345275,,0,0,,0,0,0,0,0,,,,False,False,False,False,False
2024-12-10,27.38,27.52,26.9,26.94,169809.55,0.4099888184867728,0.8005525855619703,,,,,,,,,,,,,,,,,,,,,,1.0,0.55,0.8002006450991554,,0,0,,0,0,0,0,0,,,,False,False,False,False,False
2024-12-11,26.95,27.45,26.92,27.37,166968.58,1.5961395694135128,0.7871590757210692,,,,,,,,,,,,,,,,,,,,,,1.0,0.55,0.778416017449926,,0,0,,0,0,0,0,0,,,,True,False,False,False,False
2024-12-12,27.38,27.38,27.03,27.35,129999.12,-0.073072707343802,0.6128697216191955,,,,,,,,,,,,,,,,,,,,,,1.0,0.55,0.7484364128457296,,0,0,,0,0,0,0,0,,,,False,False,False,False,False
2024-12-13,27.23,27.23,26.74,26.77,166696.24,-2.120658135283371,0.7858751521069265,,,,,,,,,,,,,,,,,,,,,,1.0,0.55,0.7353342113842127,,0,0,,0,0,0,0,0,,,,False,False,False,False,False
2024-12-16,26.77,26.87,26.31,26.37,122832.49,-1.4942099364960715,0.5790832580412284,,,,,,,,,,,,,,,,,,,,,,1.0,0.55,0.709876899351872,,0,0,,0,0,0,0,0,,,,False,False,False,False,False
2024-12-17,26.38,26.66,26.17,26.45,93897.84,0.30337504740234333,0.4426733277997863,,,,,,,,,,,,,,,,,,,,,,1.0,0.55,0.6908400869857353,,0,0,,0,0,0,0,0,,,,True,False,False,False,False
2024-12-18,26.58,26.61,26.31,26.35,88170.32,-0.3780718336483857,0.4156714251102267,,,,,,,,,,,,,,,,,,,,,,0.8181818181818182,0.5,0.673655954614212,,0,0,,0,0,0,0,0,,,,False,False,False,False,False
2024-12-19,26.11,28.39,26.01,27.91,394996.84,5.920303605313082,1.862178785296869,,,,,,,,,,,,,,,,,,,,,,0.8181818181818182,0.5,0.7334578838870343,,0,0,,0,0,0,0,0,,,,True,False,True,True,False
2024-12-20,27.57,28.03,27.47,27.74,264390.21,-0.6091006807595889,1.2464450097934556,,,,,,,,,,,,,,,,,,,,,,0.8181818181818182,0.45,0.7202852396457475,,0,0,,0,0,0,0,0,,,,True,False,False,False,False
2024-12-23,27.76,27.83,26.82,26.89,182968.35,-3.064167267483775,0.862588621597004,,,,,,,,,,,,,,,,,,,,,,0.8181818181818182,0.45,0.7168098770768024,,0,0,,0,0,0,0,0,,,,False,False,False,False,False
2024-12-24,26.89,27.08,26.66,26.98,144398.97,0.33469691335068497,0.6807565816291568,,,,,,,,,,,,,,,,,,,,,,1.0,0.5,0.7111226644959667,,0,0,,0,0,0,0,0,,,,True,False,False,False,False
2024-12-25,26.98,28.13,26.9,27.8,323440.23,3.039288361749448,1.5248312736313026,,,,,,,,,,,,,,,,,,,,,,1.0,0.5,0.7560904296074509,,0,0,,0,0,0,0,0,,,,True,False,False,False,False
2024-12-26,27.84,29.62,27.58,29.3,548094.89,5.395683453237421,2.5839464348312786,,,,,,,,,,,,,,,,,,,,,,1.2222222222222223,0.55,0.8582539509317131,,0,0,,0,0,0,0,0,,,,True,False,True,True,False
2024-12-27,29.29,29.84,28.77,28.9,330621.49,-1.3651877133105894,1.5586867090917509,,,,,,,,,,,,,,,,,,,,,,1.0,0.5,0.9041264168784681,,0,0,,0,0,0,0,0,,,,False,False,False,False,False
2024-12-30,29.79,29.95,29.01,29.04,255418.48,0.48442906574395206,1.2041485568056003,,,,,,,,,,,,,,,,,,,,,,0.8181818181818182,0.5,0.9281267462161423,,0,0,,0,0,0,0,0,,,,False,False,False,False,False
2024-12-31,29.05,29.62,28.3,28.3,272159.31,-2.5482093663911742,1.2830717666071303,,,,,,,,,,,,,,,,,,,,,,0.8181818181818182,0.5,0.9640989042349812,,0,0,,0,0,0,0,0,,,,False,False,False,False,False
2025-01-02,28.31,28.47,26.66,26.89,282556.22,-4.982332155477032,1.332087108690983,,,,,,,,,,,,,,,,,,,,,,0.8181818181818182,0.5,1.0010545975264695,,0,0,,0,0,0,0,0,,,,False,False,False,False,False
2025-01-03,26.89,27.06,26.12,26.17,203237.8,-2.677575306805502,0.9581472082926232,,,,,,,,,,,,,,,,,,,,,,0.6666666666666666,0.45,1.031614841192599,,0,0,,0,0,0,0,0,,,,False,False,False,False,False
2025-01-06,26.31,26.64,25.99,26.25,162600.52,0.3056935422239171,0.7665662308139964,,,,,,,,,,,,,,,,,,,,,,0.5384615384615384,0.45,1.0413912637392544,,0,0,,0,0,0,0,0,,,,False,False,False,False,False
2025-01-07,26.26,27.02,25.99,26.85,162471.0,2.285714285714291,0.7659556198625983,,,,,,,,,,,,,,,,,,,,,,0.6666666666666666,0.5,1.0526647226452075,,0,0,,0,0,0,0,0,,,,True,False,False,False,False
2025-01-08,26.64,26.64,25.57,26.18,224004.83,-2.495344506517694,1.0560515932989023,,,,,,,,,,,,,,,,,,,,,,0.6666666666666666,0.45,1.0654396730320541,,0,0,,0,0,0,0,0,,,,False,False,False,False,False
2025-01-09,26.11,26.43,25.92,26.25,108708.49,0.2673796791443861,0.5124968692399079,,,,,,,,,,,,,,,,,,,,,,0.6666666666666666,0.45,1.0517065627079962,,0,0,,0,0,0,0,0,,,,True,False,False,False,False
2025-01-10,26.15,26.26,25.75,25.79,133082.89,-1.7523809523809608,0.6274078912732487,,,,,,,,,,,,,,,,,,,,,,0.6666666666666666,0.45,1.0524334711906986,,0,0,,0,0,0,0,0,,,,False,False,False,False,False
2025-01-13,25.62,26.31,25.6,26.19,115235.93,1.5509887553315282,0.5432699262858787,,,,,,,,,,,,,,,,,,,,,,0.8181818181818182,0.5,1.0403032098996463,,0,0,,0,0,0,0,0,,,,True,False,False,False,False
2025-01-14,26.19,27.05,26.17,26.98,188389.28,3.016418480336003,0.8881451319796677,,,,,,,,,,,,,,,,,,,,,,1.0,0.55,1.0557563035965685,,0,0,,0,0,0,0,0,,,,True,False,False,False,False
2025-01-15,26.96,27.36,26.75,26.91,155351.11,-0.25945144551520194,0.7323895080130773,,,,,,,,,,,,,,,,,,,,,,0.8181818181818182,0.5,1.0702421126072328,,0,0,,0,0,0,0,0,,,,False,False,False,False,False
2025-01-16,27.05,27.36,26.6,26.75,113708.03,-0.5945745076179842,0.5360667725440535,,,,,,,,,,,,,,,,,,,,,,0.8181818181818182,0.5,1.0762618799789243,,0,0,,0,0,0,0,0,,,,False,False,False,False,False
2025-01-17,26.66,26.99,26.62,26.73,83869.47,-0.07476635514018781,0.3953954359941011,,,,,,,,,,,,,,,,,,,,,,0.8181818181818182,0.45,1.0029227125137858,,0,0,,0,0,0,0,0,,,,True,False,False,False,False
2025-01-20,26.91,27.05,26.7,26.8,94454.41,0.26187803965582734,0.4452972294151326,,,,,,,,,,,,,,,,,,,,,,0.6666666666666666,0.5,0.9628653234948696,,0,0,,0,0,0,0,0,,,,False,False,False,False,False
2025-01-21,26.91,27.4,26.36,27.02,135053.51,0.8208955223880654,0.6366982105524656,,,,,,,,,,,,,,,,,,,,,,0.8181818181818182,0.55,0.9515708029426427,,0,0,,0,0,0,0,0,,,,True,False,False,False,False
2025-01-22,26.88,28.03,26.8,27.87,292655.16,3.1458179126572894,1.3796976967199555,,,,,,,,,,,,,,,,,,,,,,0.8181818181818182,0.55,0.9865178586971826,,0,0,,0,0,0,0,0,,,,True,False,True,True,False
2025-01-23,27.99,28.33,27.27,27.35,222779.31,-1.865805525654829,1.050273984179404,,,,,,,,,,,,,,,,,,,,,,0.6666666666666666,0.5,0.9627899942245879,,0,0,,0,0,0,0,0,,,,False,False,False,False,False
2025-01-24,27.23,28.66,27.22,28.52,283545.88,4.277879341864699,1.3367527760331746,,,,,,,,,,,,,,,,,,,,,,0.6666666666666666,0.5,0.9004303112846825,,0,0,,0,0,0,0,0,,,,True,False,True,True,False
2025-01-27,28.51,28.67,27.86,27.93,168713.74,-2.0687237026647987,0.7953864831326037,,,,,,,,,,,,,,,,,,,,,,0.6666666666666666,0.5,0.8622652999867253,,0,0,,0,0,0,0,0,,,,False,False,False,False,False
2025-02-05,28.99,29.01,28.05,28.53,338121.08,2.148227712137496,1.5940428840839977,,,,,,,,,,,,,,,,,,,,,,0.6666666666666666,0.5,0.8817600163506452,,0,0,,0,0,0,0,0,,,,False,False,False,False,False
2025-02-06,28.26,28.7,28.13,28.54,273904.46,0.0350508236943492,1.2912991268745209,,,,,,,,,,,,,,,,,,,,,,0.8181818181818182,0.55,0.8821713843640147,,0,0,,0,0,0,0,0,,,,True,False,False,False,False
2025-02-07,28.65,30.46,28.44,29.75,553252.71,4.239663629992996,2.6082625356445908,,,,,,,,,,,,,,,,,,,,,,1.0,0.6,0.945980155711695,,0,0,,0,0,0,0,0,,,,True,False,True,True,True
2025-02-10,30.37,30.53,29.31,29.62,458946.87,-0.43697478991596705,2.163665726774928,,,,,,,,,,,,,,,,,,,,,,1.0,0.6,1.0062560816358102,,0,0,,0,0,0,0,0,,,,False,False,False,False,False
2025-02-11,29.6,30.14,29.35,29.62,294066.59,0.0,1.3863517626181323,,,,,,,,,,,,,,,,,,,,,,1.2222222222222223,0.55,1.037245358226017,,0,0,,0,0,0,0,0,,,,True,False,False,False,False
2025-02-12,30.27,32.58,30.27,32.58,744037.93,9.993247805536786,3.5077031216305343,,,,,,,,,,,,,,,,,,,,,,1.2222222222222223,0.55,1.1743327333144138,,0,0,,0,0,0,0,0,,,,True,False,True,True,True
2025-02-13,32.69,32.78,30.78,31.22,601737.48,-4.174340085942296,2.8368398328806856,,,,,,,,,,,,,,,,,,,,,,1.2222222222222223,0.55,1.263372145293503,,0,0,,0,0,0,0,0,,,,False,False,False,False,False
2025-02-14,31.34,34.34,31.09,33.72,716647.2,8.007687379884686,3.378571870049396,,,,,,,,,,,,,,,,,,,,,,1.2222222222222223,0.55,1.4066758953339775,,0,0,,0,0,0,0,0,,,,True,False,True,True,True
2025-02-17,34.8,37.03,33.91,34.14,782601.57,1.2455516014235002,3.668261159160973,,,,,,,,,,,,,,,,,,,,28.015916666666666,,1.2222222222222223,0.6,1.5587185587283636,,0,0,,0,0,0,0,0,,,,False,False,False,False,True
2025-02-18,33.62,34.24,32.09,32.26,570814.92,-5.506736965436443,2.675560950006244,,,,,,,,,,,,,,,,,,,,28.04125,,1.0,0.55,1.665333109914382,,0,0,,0,0,0,0,0,,,,False,False,False,False,False
2025-02-19,32.69,33.44,32.45,32.71,398916.3,1.3949163050217095,1.8698265185517153,,,,,,,,,,,,,,,,,,,,28.067166666666665,,1.0,0.55,1.714417179242984,,0,0,,0,0,0,0,0,,,,True,False,False,False,False
2025-02-20,32.71,33.27,32.11,32.57,299079.15,-0.4280036686028721,1.4018633127197515,,,,,,,,,,,,,,,,,,,,28.094083333333334,,1.0,0.55,1.747890869478318,,0,0,,0,0,0,0,0,,,,False,False,False,False,False
2025-02-21,34.2,35.83,33.73,35.83,718247.84,10.009210930303958,3.366618155549145,,,,,,,,,,,,,,,,,,,,28.150250000000003,,1.2222222222222223,0.6,1.8894184386285722,,0,0,,0,0,0,0,0,,,,True,False,False,False,True
2025-02-24,35.83,37.45,35.49,36.14,647254.57,0.8651967624895507,3.0338538666877928,,,,,,,,,,,,,,,,,,,,28.21075,,1.2222222222222223,0.65,2.0213413601632575,,0,0,,0,0,0,0,0,,,,True,False,False,False,True
2025-02-25,34.72,35.74,34.41,34.61,412434.13,-4.233536247924741,1.9331881736339314,,,,,,,,,,,,,,,,,,,,28.25825,,1.2222222222222223,0.6,2.0957359073741975,,0,0,,0,0,0,0,0,,,,False,False,False,False,False
2025-02-26,34.68,35.25,33.88,34.49,271346.63,-0.34672060098236424,1.2718736348793982,,,,,,,,,,,,,,,,,,,,28.304750000000002,,1.0,0.55,2.1274946785905438,,0,0,,0,0,0,0,0,,,,False,False,False,False,False
2025-02-27,34.43,34.48,32.62,33.13,345680.37,-3.9431719338938853,1.6202955927565976,,,,,,,,,,,,,,,,,,,,28.34075,,0.8181818181818182,0.5,2.139524573392376,,0,0,,0,0,0,0,0,,,,False,False,False,False,False
2025-02-28,32.74,32.86,31.43,31.62,302045.53,-4.557802595834593,1.415767522670815,,,,,,,,,,,,,,,,,,,,28.377083333333335,,0.8181818181818182,0.5,2.1577992503169465,,0,0,,0,0,0,0,0,,,,False,False,False,False,False
2025-03-03,31.7,32.05,30.97,31.19,251189.94,-1.3598987982289645,1.1773938818880407,,,,,,,,,,,,,,,,,,,,28.404166666666665,,0.6666666666666666,0.45,2.14983130560969,,0,0,,0,0,0,0,0,,,,False,False,False,False,False
2025-03-04,30.66,31.53,30.66,31.2,187137.34,0.03206155819173162,0.8771623544669112,,,,,,,,,,,,,,,,,,,,28.429666666666666,,0.8181818181818182,0.5,2.153920099176405,,0,0,,0,0,0,0,0,,,,True,False,False,False,False
2025-03-05,31.34,31.63,30.96,31.43,218426.92,0.7371794871794846,1.0238249161079005,,,,,,,,,,,,,,,,,,,,28.456666666666667,,1.0,0.5,2.1254092007776,,0,0,,0,0,0,0,0,,,,True,False,False,False,False
2025-03-06,32.11,33.75,32.02,33.59,518499.36,6.87241489023227,2.430344042547503,,,,,,,,,,,,,,,,,,,,28.50058333333333,,1.0,0.5,2.1823614465612495,,0,0,,0,0,0,0,0,,,,True,False,False,False,False
2025-03-07,33.65,33.65,32.64,32.84,282073.49,-2.2328073831497486,1.3221532732115284,,,,,,,,,,,,,,,,,,,,28.541333333333334,,0.8181818181818182,0.45,2.118055983439596,,0,0,,0,0,0,0,0,,,,False,False,False,False,False
2025-03-10,32.88,32.88,31.64,32.09,198777.65,-2.2838002436053606,0.9317235752597509,,,,,,,,,,,,,,,,,,,,28.57016666666667,,0.8181818181818182,0.45,2.056458875863837,,0,0,,0,0,0,0,0,,,,False,False,False,False,False
2025-03-11,31.33,32.92,31.32,32.48,218301.83,1.2153318790900425,1.0232385860952997,,,,,,,,,,,,,,,,,,,,28.599083333333336,,0.8181818181818182,0.5,2.0383032170376962,,0,0,,0,0,0,0,0,,,,True,False,False,False,False
2025-03-12,32.59,33.16,32.19,32.35,263938.71,-0.40024630541870554,1.2371507487418558,,,,,,,,,,,,,,,,,,,,28.630583333333334,,0.6666666666666666,0.45,1.924775598393262,,0,0,,0,0,0,0,0,,,,False,False,False,False,False
2025-03-13,31.97,32.28,31.06,31.37,242490.97,-3.0293663060278253,1.1366195019239083,,,,,,,,,,,,,,,,,,,,28.657500000000002,,0.6666666666666666,0.45,1.839764581845423,,0,0,,0,0,0,0,0,,,,False,False,False,False,False
2025-03-14,31.37,31.92,30.82,31.79,230199.43,1.3388587822760645,1.0790057933694093,,,,,,,,,,,,,,,,,,,,28.688166666666667,,0.6666666666666666,0.45,1.7247862780114236,,0,0,,0,0,0,0,0,,,,True,False,False,False,False
2025-03-17,31.66,31.82,31.3,31.41,141170.72,-1.1953444479396058,0.6617046129702873,,,,,,,,,,,,,,,,,,,,28.713833333333337,,0.6666666666666666,0.4,1.5744584507018895,,0,0,,0,0,0,0,0,,,,False,False,False,False,False
2025-03-18,31.67,32.05,31.46,31.58,125315.4,0.541228907991087,0.5873865221925392,,,,,,,,,,,,,,,,,,,,28.737833333333334,,0.6666666666666666,0.45,1.470049729311204,,0,0,,0,0,0,0,0,,,,False,False,False,False,False
2025-03-19,31.43,31.52,30.85,31.16,151994.22,-1.3299556681443891,0.7124372286180923,,,,,,,,,,,,,,,,,,,,28.758249999999997,,0.5384615384615384,0.4,1.412180264814523,,0,0,,0,0,0,0,0,,,,False,False,False,False,False
2025-03-20,31.05,31.09,30.23,30.38,253254.25,-2.5032092426187424,1.1870698504571655,,,,,,,,,,,,,,,,,,,,28.77616666666667,,0.5384615384615384,0.4,1.4014405917013935,,0,0,,0,0,0,0,0,,,,False,False,False,False,False
2025-03-21,30.2,30.36,29.35,29.38,251648.53,-3.291639236339694,1.1795434148681236,,,,,,,,,,,,,,,,,,,,28.78425,,0.42857142857142855,0.35,1.2920868546673425,,0,0,,0,0,0,0,0,,,,False,False,False,False,False
2025-03-24,29.17,29.96,29.12,29.57,164376.09,0.6466984343090676,0.7704743378444135,,,,,,,,,,,,,,,,,,,,28.79775,,0.42857142857142855,0.35,1.1789178782251737,,0,0,,0,0,0,0,0,,,,True,False,False,False,False
2025-03-25,29.57,29.65,28.85,28.97,159589.28,-2.0290835306053467,0.748037289578227,,,,,,,,,,,,,,,,,,,,28.809416666666667,,0.42857142857142855,0.35,1.1196603340223883,,0,0,,0,0,0,0,0,,,,False,False,False,False,False
2025-03-26,28.97,29.3,28.83,28.94,93081.14,-0.10355540214013192,0.4362959947964643,,,,,,,,,,,,,,,,,,,,28.822583333333334,,0.42857142857142855,0.35,1.0778814520182416,,0,0,,0,0,0,0,0,,,,False,False,False,False,False
2025-03-27,29.02,29.31,28.98,29.05,96566.52,0.38009675190047165,0.45263289542256,,,,,,,,,,,,,,,,,,,,28.83216666666667,,0.5384615384615384,0.4,1.0194983171515397,,0,0,,0,0,0,0,0,,,,True,False,False,False,False
2025-03-28,29.14,30.35,29.14,29.52,267186.62,1.617900172117026,1.2523745644843294,,,,,,,,,,,,,,,,,,,,28.848666666666666,,0.6666666666666666,0.45,1.0113286692422156,,0,0,,0,0,0,0,0,,,,True,False,False,False,False
2025-03-31,29.19,29.68,28.95,29.49,160646.27,-0.1016260162601701,0.7529916820957651,,,,,,,,,,,,,,,,,,,,28.864916666666666,,0.8181818181818182,0.45,0.9901085592526018,,0,0,,0,0,0,0,0,,,,True,False,False,False,False
2025-04-01,29.01,29.01,27.68,27.72,437877.48,-6.00203458799593,2.0524479044365904,,,,,,,,,,,,,,,,,,,,28.851666666666667,,0.6666666666666666,0.4,1.0488728367510858,,0,0,,0,0,0,0,0,,,,False,False,False,False,False
2025-04-02,27.72,28.06,27.54,27.83,138094.39,0.3968253968253954,0.647285038202808,,,,,,,,,,,,,,,,,,,,28.817666666666664,,0.6666666666666666,0.4,1.0300458428558312,,0,0,,0,0,0,0,0,,,,True,False,False,False,False
2025-04-03,27.54,27.83,27.37,27.53,117651.18,-1.077973409989208,0.5514622899663443,,,,,,,,,,,,,,,,,,,,28.765666666666668,,0.5384615384615384,0.35,0.9361017552267731,,0,0,,0,0,0,0,0,,,,False,False,False,False,False
2025-04-07,25.92,26.57,24.77,25.18,298796.92,-8.536142390119872,1.4005404258426526,,,,,,,,,,,,,,,,,,,,28.721583333333335,,0.5384615384615384,0.35,0.9400211128583292,,0,0,,0,0,0,0,0,,,,False,False,False,False,False
2025-04-08,25.15,25.62,24.71,25.29,243041.02,0.43685464654488193,1.1391977321855682,,,,,,,,,,,,,,,,,,,,28.675749999999997,,0.6666666666666666,0.4,0.9503948207046202,,0,0,,0,0,0,0,0,,,,True,False,False,False,False
2025-04-09,25.04,26.4,24.74,26.4,264676.04,4.389086595492286,1.240606810043246,,,,,,,,,,,,,,,,,,,,28.653833333333335,,0.6666666666666666,0.4,0.9612632319020176,,0,0,,0,0,0,0,0,,,,True,False,False,False,False
2025-04-10,27.14,27.34,26.36,26.89,281536.08,1.8560606060606055,1.319634289982879,,,,,,,,,,,,,,,,,,,,28.637166666666666,,0.6666666666666666,0.45,0.9653874089640686,,0,0,,0,0,0,0,0,,,,False,False,False,False,False
2025-04-11,26.67,26.71,26.02,26.56,226412.83,-1.2272220156192004,1.061256994698741,,,,,,,,,,,,,,,,,,,,28.62875,,0.6666666666666666,0.45,0.9616192836028103,,0,0,,0,0,0,0,0,,,,False,False,False,False,False
2025-04-14,26.6,26.78,26.35,26.41,154544.24,-0.5647590361445687,0.7243898488014171,,,,,,,,,,,,,,,,,,,,28.624916666666667,,0.5384615384615384,0.4,0.9438884863744107,,0,0,,0,0,0,0,0,,,,False,False,False,False,False
2025-04-15,26.5,26.5,25.77,25.91,145048.25,-1.8932222642938257,0.6798796246719395,,,,,,,,,,,,,,,,,,,,28.615666666666666,,0.5384615384615384,0.4,0.9447972369594932,,0,0,,0,0,0,0,0,,,,False,False,False,False,False
2025-04-16,25.88,25.88,25.3,25.8,141528.55,-0.4245465071401,0.663381857101784,,,,,,,,,,,,,,,,,,,,28.60075,,0.5384615384615384,0.35,0.9485970037049555,,0,0,,0,0,0,0,0,,,,False,False,False,False,False
2025-04-17,25.53,25.82,25.48,25.79,96773.91,-0.03875968992248513,0.4536049873668662,,,,,,,,,,,,,,,,,,,,28.579583333333336,,0.6666666666666666,0.35,0.9356553916423943,,0,0,,0,0,0,0,0,,,,True,False,False,False,False
2025-04-18,25.71,25.97,25.53,25.91,83246.79,0.46529662659946514,0.39019978759029333,,,,,,,,,,,,,,,,,,,,28.560499999999998,,0.8181818181818182,0.4,0.8958118884990507,,0,0,,0,0,0,0,0,,,,True,False,False,False,False
2025-04-21,26.02,26.39,25.76,26.29,119098.05,1.46661520648399,0.5582004229217803,,,,,,,,,,,,,,,,,,,,28.543583333333334,,1.0,0.45,0.8647447389017335,,0,0,,0,0,0,0,0,,,,True,False,False,False,False
2025-04-22,26.13,26.22,25.78,25.83,107881.87,-1.749714720426021,0.5056313303164286,,,,,,,,,,,,,,,,,,,,28.52783333333333,,0.8181818181818182,0.4,0.851502588525334,,0,0,,0,0,0,0,0,,,,False,False,False,False,False
2025-04-23,26.07,26.16,25.87,25.98,112160.3,0.5807200929152323,0.5256838957063845,,,,,,,,,,,,,,,,,,,,28.511416666666666,,0.8181818181818182,0.45,0.8403849188317422,,0,0,,0,0,0,0,0,,,,False,False,False,False,False
2025-04-24,26.14,26.14,25.61,25.62,101834.51,-1.385681293302543,0.4772879702902967,,,,,,,,,,,,,,,,,,,,28.490499999999997,,0.8181818181818182,0.45,0.8424345176064338,,0,0,,0,0,0,0,0,,,,False,False,False,False,False
2025-04-25,25.61,25.98,25.6,25.72,91325.41,0.3903200624512104,0.42803288958555563,,,,,,,,,,,,,,,,,,,,28.47308333333333,,0.8181818181818182,0.45,0.8412045173145837,,0,0,,0,0,0,0,0,,,,True,False,False,False,False
2025-04-28,25.3,25.38,24.81,24.96,180176.75,-2.954898911353021,0.8444700652166168,,,,,,,,,,,,,,,,,,,,28.46191666666667,,0.6666666666666666,0.4,0.8208092923511978,,0,0,,0,0,0,0,0,,,,False,False,False,False,False
2025-04-29,24.84,25.01,24.61,24.95,97903.68,-0.04006410256410797,0.4588645706759989,,,,,,,,,,,,,,,,,,,,28.453166666666668,,0.6666666666666666,0.4,0.8061029367802096,,0,0,,0,0,0,0,0,,,,True,False,False,False,False
2025-04-30,25.09,26.29,24.95,25.93,212680.72,3.927855711422845,0.9968128600872034,,,,,,,,,,,,,,,,,,,,28.450750000000003,,0.8181818181818182,0.45,0.7533211845627402,,0,0,,0,0,0,0,0,,,,True,False,False,False,False
2025-05-06,26.11,26.43,25.82,26.38,169433.06,1.7354415734670336,0.7941154850892301,,,,,,,,,,,,,,,,,,,,28.4545,,0.8181818181818182,0.45,0.7606627069070613,,0,0,,0,0,0,0,0,,,,True,False,True,False,False
2025-05-07,26.94,26.94,26.05,26.32,162420.32,-0.22744503411674666,0.761247487386157,,,,,,,,,,,,,,,,,,,,28.451916666666666,,0.8181818181818182,0.45,0.7711519667780519,,0,0,,0,0,0,0,0,,,,False,False,False,False,False
2025-05-08,26.29,26.46,26.14,26.4,110896.19,0.3039513677811412,0.5197591409633836,,,,,,,,,,,,,,,,,,,,28.448833333333333,,1.0,0.5,0.7271129025340886,,0,0,,0,0,0,0,0,,,,True,False,False,False,False
2025-05-09,26.36,26.36,25.83,25.93,112708.2,-1.780303030303021,0.5282518471692241,,,,,,,,,,,,,,,,,,,,28.434916666666666,,0.8181818181818182,0.45,0.6965656082832713,,0,0,,0,0,0,0,0,,,,False,False,False,False,False
2025-05-12,26.02,26.24,26.01,26.2,91318.22,1.0412649440802113,0.4279991907882974,,,,,,,,,,,,,,,,,,,,28.415000000000003,,0.8181818181818182,0.45,0.6559352273205239,,0,0,,0,0,0,0,0,,,,True,False,False,False,False
2025-05-13,26.55,26.55,26.08,26.14,87686.98,-0.22900763358778553,0.4109799389724156,,,,,,,,,,,,,,,,,,,,28.386916666666668,,0.8181818181818182,0.4,0.6105025097700006,,0,0,,0,0,0,0,0,,,,False,False,False,False,False
2025-05-14,26.17,26.38,26.03,26.25,89297.87,0.42081101759754436,0.4185300162346416,,,,,,,,,,,,,,,,,,,,28.36475,,1.0,0.45,0.5783661608467957,,0,0,,0,0,0,0,0,,,,True,False,False,False,False
2025-05-15,26.21,26.66,25.97,26.05,137419.76,-0.7619047619047636,0.6440724105038627,,,,,,,,,,,,,,,,,,,,28.339916666666667,,1.0,0.45,0.574350288931918,,0,0,,0,0,0,0,0,,,,False,False,False,False,False
2025-05-16,25.93,25.96,25.51,25.64,141239.08,-1.5738963531669925,0.6619731741122812,,,,,,,,,,,,,,,,,,,,28.319833333333335,,1.0,0.45,0.5734549664039351,,0,0,,0,0,0,0,0,,,,False,False,False,False,False
2025-05-19,25.64,25.65,25.11,25.33,114173.37,-1.2090483619344838,0.535118949641954,,,,,,,,,,,,,,,,,,,,28.3,,1.0,0.45,0.5670418210309436,,0,0,,0,0,0,0,0,,,,False,False,False,False,False
2025-05-20,25.36,25.42,25.19,25.33,87962.48,0.0,0.4122454400349273,,,,,,,,,,,,,,,,,,,,28.286916666666666,,0.8181818181818182,0.45,0.5649738436643467,,0,0,,0,0,0,0,0,,,,False,False,False,False,False
2025-05-21,25.42,25.42,25.2,25.28,67526.17,-0.19739439399919512,0.31646851777625307,,,,,,,,,,,,,,,,,,,,28.271833333333337,,0.6666666666666666,0.4,0.5612872801736446,,0,0,,0,0,0,0,0,,,,False,False,False,False,False
2025-05-22,25.22,25.32,25.01,25.05,103220.72,-0.9098101265822778,0.483754791100956,,,,,,,,,,,,,,,,,,,,28.25433333333333,,0.5384615384615384,0.35,0.5575649985826034,,0,0,,0,0,0,0,0,,,,False,False,False,False,False
2025-05-23,24.98,25.13,24.75,24.76,111436.72,-1.1576846307385202,0.5222599416529523,,,,,,,,,,,,,,,,,,,,28.23391666666667,,0.5384615384615384,0.35,0.5583964291494297,,0,0,,0,0,0,0,0,,,,False,False,False,False,False
2025-05-26,24.76,24.89,24.59,24.87,110180.3,0.44426494345719547,0.5163715968067328,,,,,,,,,,,,,,,,,,,,28.213083333333334,,0.6666666666666666,0.35,0.557930814204447,,0,0,,0,0,0,0,0,,,,True,False,False,False,False
2025-05-27,24.83,24.83,24.6,24.65,73885.14,-0.8845999195818299,0.3462705013699273,,,,,,,,,,,,,,,,,,,,28.19325,,0.6666666666666666,0.35,0.5513799407584286,,0,0,,0,0,0,0,0,,,,False,False,False,False,False
2025-05-28,24.71,24.72,24.16,24.22,138588.47,-1.744421906693716,0.6495094817576462,,,,,,,,,,,,,,,,,,,,28.174416666666666,,0.5384615384615384,0.3,0.5624537703670331,,0,0,,0,0,0,0,0,,,,False,False,False,False,False
2025-05-29,24.22,24.94,24.22,24.93,130484.67,2.931461601981833,0.611530168339527,,,,,,,,,,,,,,,,,,,,28.156833333333335,,0.6666666666666666,0.35,0.5508067755231786,,0,0,,0,0,0,0,0,,,,True,False,False,False,False
2025-05-30,24.74,24.77,24.2,24.26,152359.39,-2.687525070196539,0.714048350774138,,,,,,,,,,,,,,,,,,,,28.136083333333332,,0.5384615384615384,0.35,0.5635659645280855,,0,0,,0,0,0,0,0,,,,False,False,False,False,False
2025-06-03,24.15,24.36,24.09,24.3,82080.15,0.16488046166529546,0.3846772800730816,,,,,,,,,,,,,,,,,,,,28.112750000000002,,0.5384615384615384,0.35,0.5329591855273794,,0,0,,0,0,0,0,0,,,,True,False,False,False,False
2025-06-04,24.37,24.54,24.3,24.4,93543.75,0.411522633744843,0.4384026505535909,,,,,,,,,,,,,,,,,,,,28.087916666666665,,0.5384615384615384,0.35,0.5151735438005975,,0,0,,0,0,0,0,0,,,,True,False,False,False,False
2025-06-05,24.49,24.87,24.45,24.84,175893.35,1.80327868852459,0.8243427364709075,,,,,,,,,,,,,,,,,,,,28.068416666666668,,0.6666666666666666,0.4,0.518328306254835,,0,0,,0,0,0,0,0,,,,True,False,False,False,False
2025-06-06,24.96,24.97,24.68,24.78,115966.44,-0.24154589371979673,0.5434889521882966,,,,,,,,,,,,,,,,,,,,28.052083333333332,,0.5384615384615384,0.35,0.5195147968160807,,0,0,,0,0,0,0,0,,,,False,False,False,False,False
2025-06-09,24.81,25.02,24.78,24.95,109924.27,0.6860371267150889,0.5151716852079222,,,,,,,,,,,,,,,,,,,,28.036333333333335,,0.6666666666666666,0.4,0.5188607887180156,,0,0,,0,0,0,0,0,,,,True,False,False,False,False
2025-06-10,24.97,25.02,24.4,24.54,146773.47,-1.6432865731462964,0.6878693475400329,,,,,,,,,,,,,,,,,,,,28.015666666666668,,0.5384615384615384,0.35,0.5318542965556023,,0,0,,0,0,0,0,0,,,,False,False,False,False,False
2025-06-11,24.55,24.67,24.4,24.52,93634.55,-0.08149959250203231,0.43882819433038267,,,,,,,,,,,,,,,,,,,,27.996416666666665,,0.5384615384615384,0.35,0.5332467093235007,,0,0,,0,0,0,0,0,,,,False,False,False,False,False
2025-06-12,24.49,24.49,24.16,24.23,145898.1,-1.1827079934747076,0.6837668337086429,,,,,,,,,,,,,,,,,,,,27.973833333333335,,0.42857142857142855,0.3,0.5465085501972007,,0,0,,0,0,0,0,0,,,,False,False,False,False,False
2025-06-13,24.15,24.18,23.65,23.77,161665.06,-1.8984729673957923,0.7576603547100187,,,,,,,,,,,,,,,,,,,,27.94383333333333,,0.42857142857142855,0.3,0.5521879474075087,,0,0,,0,0,0,0,0,,,,False,False,False,False,False
2025-06-16,23.57,23.77,23.46,23.57,121216.3,-0.8413967185527893,0.5680929747877249,,,,,,,,,,,,,,,,,,,,27.912333333333333,,0.46153846153846156,0.3,0.5474939374412807,,0,0,,0,0,0,0,0,,,,False,False,False,False,False
2025-06-17,23.57,23.7,23.47,23.69,110512.26,0.5091217649554558,0.5179273623589773,,,,,,,,,,,,,,,,,,,,27.886666666666667,,0.5833333333333334,0.35,0.5466343580771319,,0,0,,0,0,0,0,0,,,,True,False,False,False,False
2025-06-18,23.64,23.65,23.33,23.44,107777.6,-1.0552975939214893,0.5051110898409001,,,,,,,,,,,,,,,,,,,,27.862250000000003,,0.5833333333333334,0.35,0.5512776405674306,,0,0,,0,0,0,0,0,,,,False,False,False,False,False
2025-06-19,23.42,23.52,23.03,23.05,104704.35,-1.6638225255972694,0.49070797957630385,,,,,,,,,,,,,,,,,,,,27.833916666666664,,0.5833333333333334,0.35,0.5599896136574332,,0,0,,0,0,0,0,0,,,,False,False,False,False,False
2025-06-20,23.02,23.11,22.44,22.68,183300.99,-1.6052060737527185,0.8590594226241439,,,,,,,,,,,,,,,,,,,,27.803333333333335,,0.5833333333333334,0.35,0.5787548452335926,,0,0,,0,0,0,0,0,,,,False,False,False,False,False
2025-06-23,22.38,22.77,22.31,22.69,125323.99,0.04409171075838714,0.587344097216027,,,,,,,,,,,,,,,,,,,,27.759833333333333,,0.7272727272727273,0.4,0.5820090530117461,,0,0,,0,0,0,0,0,,,,True,False,False,False,False
2025-06-24,22.76,23.13,22.71,23.09,171022.9,1.7628911414720116,0.8015168588533357,,,,,,,,,,,,,,,,,,,,27.721083333333333,,0.7272727272727273,0.4,0.5962663161140764,,0,0,,0,0,0,0,0,,,,True,False,False,False,False
2025-06-25,23.09,23.46,23.0,23.43,179862.04,1.4724989172802072,0.8429424207387024,,,,,,,,,,,,,,,,,,,,27.69225,,0.9,0.45,0.6210999120825151,,0,0,,0,0,0,0,0,,,,True,False,False,False,False
2025-06-26,23.44,23.63,23.28,23.29,172204.54,-0.5975245411865115,0.8070547393424132,,,,,,,,,,,,,,,,,,,,27.6615,,0.9,0.45,0.6289771749617534,,0,0,,0,0,0,0,0,,,,False,False,False,False,False
2025-06-27,23.29,23.5,23.16,23.17,152426.65,-0.5152425933877103,0.714363571858136,,,,,,,,,,,,,,,,,,,,27.622916666666665,,0.7272727272727273,0.4,0.6341188451376839,,0,0,,0,0,0,0,0,,,,False,False,False,False,False
2025-06-30,23.32,23.4,23.22,23.39,131613.95,0.9495036685368996,0.6168226581661286,,,,,,,,,,,,,,,,,,,,27.573666666666668,,0.9,0.45,0.6292575605072834,,0,0,,0,0,0,0,0,,,,True,False,False,False,False
2025-07-01,23.4,23.43,23.09,23.17,132538.19,-0.9405728943993164,0.6211542064068998,,,,,,,,,,,,,,,,,,,,27.525916666666667,,0.7272727272727273,0.4,0.6410814068239744,,0,0,,0,0,0,0,0,,,,False,False,False,False,False
2025-07-02,23.12,23.12,22.69,22.76,180011.16,-1.7695295640914988,0.8436412873465788,,,,,,,,,,,,,,,,,,,,27.473583333333334,,0.5833333333333334,0.35,0.6613433386636237,,0,0,,0,0,0,0,0,,,,False,False,False,False,False
2025-07-03,22.75,23.09,22.74,22.91,135332.33,0.6590509666080768,0.6342492382184085,,,,,,,,,,,,,,,,,,,,27.428666666666665,,0.5833333333333334,0.35,0.6518386637509989,,0,0,,0,0,0,0,0,,,,True,False,False,False,False
2025-07-04,22.98,23.82,22.84,23.34,385682.16,1.8769096464426038,1.807540121229202,,,,,,,,,,,,,,,,,,,,27.399083333333333,,0.7272727272727273,0.4,0.715041222203044,,0,0,,0,0,0,0,0,,,,True,False,False,False,False
2025-07-07,23.27,23.34,23.08,23.22,122691.25,-0.5141388174807249,0.5750054835275821,,,,,,,,,,,,,,,,,,,,27.3745,,0.5833333333333334,0.35,0.7180329121190271,,0,0,,0,0,0,0,0,,,,False,False,False,False,False
2025-07-08,23.21,23.6,23.12,23.58,185867.89,1.5503875968992276,0.87108947020836,,,,,,,,,,,,,,,,,,,,27.35225,,0.7272727272727273,0.4,0.7271939182524434,,0,0,,0,0,0,0,0,,,,True,False,False,False,False
2025-07-09,23.6,23.62,23.3,23.34,151453.25,-1.0178117048346036,0.7098016300923967,,,,,,,,,,,,,,,,,,,,27.322999999999997,,0.7272727272727273,0.4,0.7407425900405441,,0,0,,0,0,0,0,0,,,,False,False,False,False,False
2025-07-10,23.4,23.4,23.12,23.19,149706.64,-0.6426735218508894,0.701615958110213,,,,,,,,,,,,,,,,,,,,27.298083333333334,,0.7272727272727273,0.4,0.7416350462606227,,0,0,,0,0,0,0,0,,,,False,False,False,False,False
2025-07-11,23.23,23.75,23.15,23.62,257124.48,1.8542475204829545,1.205040994766767,,,,,,,,,,,,,,,,,,,,27.276166666666665,,0.9,0.45,0.7640040782634601,,0,0,,0,0,0,0,0,,,,True,False,False,False,False
2025-07-14,23.82,23.83,23.47,23.53,175972.5,-0.38103302286197627,0.824713681293959,,,,,,,,,,,,,,,,,,,,27.257333333333335,,0.8181818181818182,0.45,0.7768351135887718,,0,0,,0,0,0,0,0,,,,False,False,False,False,False
2025-07-15,23.46,24.15,23.44,24.14,352068.67,2.592435189120268,1.6500069550865506,,,,,,,,,,,,,,,,,,,,27.24025,,0.8181818181818182,0.45,0.8334390932251505,,0,0,,0,0,0,0,0,,,,True,False,True,True,False
2025-07-16,24.25,24.33,24.03,24.16,257877.97,0.08285004142500885,1.2085723051233181,,,,,,,,,,,,,,,,,,,,27.21675,,0.8181818181818182,0.5,0.8686121539892712,,0,0,,0,0,0,0,0,,,,False,False,True,True,False
2025-07-17,24.0,24.21,23.92,24.18,176279.0,0.08278145695364003,0.8261501258709049,,,,,,,,,,,,,,,,,,,,27.194000000000003,,1.0,0.55,0.8853842613040014,,0,0,,0,0,0,0,0,,,,True,False,False,False,False
2025-07-18,24.21,24.44,24.13,24.25,179115.61,0.28949545078578165,0.8394441978167786,,,,,,,,,,,,,,,,,,,,27.173166666666667,,1.2222222222222223,0.6,0.8844035000636332,,0,0,,0,0,0,0,0,,,,True,False,False,False,False
2025-07-21,24.19,24.31,24.09,24.31,149900.22,0.24742268041235693,0.7025231911973424,,,,,,,,,,,,,,,,,,,,27.153000000000002,,1.2222222222222223,0.6,0.890162454762699,,0,0,,0,0,0,0,0,,,,True,False,False,False,False
2025-07-22,24.32,25.1,24.04,24.7,350597.38,1.6042780748663166,1.643111599322718,,,,,,,,,,,,,,,,,,,,27.1355,,1.2222222222222223,0.6,0.9322421917861679,,0,0,,0,0,0,0,0,,,,True,False,True,True,False
2025-07-23,24.73,25.0,24.5,24.57,262117.97,-0.5263157894736747,1.2284435123215247,,,,,,,,,,,,,,,,,,,,27.115083333333335,,1.0,0.55,0.9515172463653091,,0,0,,0,0,0,0,0,,,,False,False,False,False,False
2025-07-24,24.54,25.02,24.54,24.88,192710.91,1.2617012617012646,0.903160005180405,,,,,,,,,,,,,,,,,,,,27.09016666666667,,1.2222222222222223,0.6,0.9563225096572087,,0,0,,0,0,0,0,0,,,,True,False,False,False,False
2025-07-25,25.03,25.65,24.9,25.65,420811.32,3.0948553054662264,1.9721766346865004,,,,,,,,,,,,,,,,,,,,27.076000000000004,,1.5,0.65,1.019213162798627,,0,0,,0,0,0,0,0,,,,True,False,True,True,True
2025-07-28,26.01,26.04,25.3,25.35,318766.13,-1.1695906432748426,1.4939310889151924,,,,,,,,,,,,,,,,,,,,27.04958333333333,,1.2222222222222223,0.6,1.06306858433608,,0,0,,0,0,0,0,0,,,,False,False,False,False,False
2025-07-29,25.2,25.38,24.81,25.14,243334.79,-0.8284023668639118,1.1404141581655793,,,,,,,,,,,,,,,,,,,,27.026333333333334,,1.2222222222222223,0.6,1.0890315819240142,,0,0,,0,0,0,0,0,,,,False,False,False,False,False
2025-07-30,25.14,25.19,24.5,24.62,237399.02,-2.0684168655529023,1.112595546007349,,,,,,,,,,,,,,,,,,,,26.99375,,1.2222222222222223,0.6,1.1024792948570528,,0,0,,0,0,0,0,0,,,,False,False,False,False,False
2025-07-31,24.66,24.89,24.33,24.5,200309.37,-0.4874086108854647,0.9387709893896701,,,,,,,,,,,,,,,,,,,,26.96008333333333,,1.0,0.55,1.1177053824156158,,0,0,,0,0,0,0,0,,,,False,False,False,False,False
2025-08-01,24.65,24.65,24.15,24.51,183324.0,0.040816326530612734,0.8591672614160378,,,,,,,,,,,,,,,,,,,,26.916416666666667,,0.8181818181818182,0.55,1.0702867394249576,,0,0,,0,0,0,0,0,,,,False,False,False,False,False
2025-08-04,24.4,24.7,24.28,24.7,129674.13,0.7751937984496138,0.6077314871408396,,,,,,,,,,,,,,,,,,,,26.875416666666663,,1.0,0.6,1.0719230396056203,,0,0,,0,0,0,0,0,,,,True,False,False,False,False
2025-08-05,24.69,24.7,24.46,24.61,122420.03,-0.3643724696356321,0.573734382391663,,,,,,,,,,,,,,,,,,,,26.833666666666666,,0.8181818181818182,0.55,1.0570552852147856,,0,0,,0,0,0,0,0,,,,False,False,False,False,False
2025-08-06,24.67,25.04,24.56,24.94,201509.72,1.3409183258837887,0.9443965562671152,,,,,,,,,,,,,,,,,,,,26.77,,1.0,0.6,1.0687850315235212,,0,0,,0,0,0,0,0,,,,True,False,False,False,False
2025-08-07,25.03,25.03,24.62,24.63,199448.6,-1.242983159583011,0.9347368999981607,,,,,,,,,,,,,,,,,,,,26.715083333333332,,1.0,0.6,1.0804410786179188,,0,0,,0,0,0,0,0,,,,False,False,False,False,False
2025-08-08,24.64,24.68,24.2,24.2,170997.73,-1.7458384084449885,0.8013988969936237,,,,,,,,,,,,,,,,,,,,26.635749999999998,,0.8181818181818182,0.55,1.0602589737292616,,0,0,,0,0,0,0,0,,,,False,False,False,False,False
2025-08-11,24.2,24.52,24.2,24.43,132503.83,0.9504132231404894,0.6209931746429068,,,,,,,,,,,,,,,,,,,,26.55483333333333,,1.0,0.6,1.050072948396709,,0,0,,0,0,0,0,0,,,,True,False,False,False,False
2025-08-12,24.43,24.46,24.23,24.37,115855.71,-0.24559967253376946,0.5429700043644623,,,,,,,,,,,,,,,,,,,,26.489083333333333,,0.8181818181818182,0.55,0.9947211008606047,,0,0,,0,0,0,0,0,,,,False,False,False,False,False
2025-08-13,24.39,24.62,24.35,24.48,177351.92,0.45137464095199586,0.8311784786131452,,,,,,,,,,,,,,,,,,,,26.4205,,1.0,0.55,0.9758514095350961,,0,0,,0,0,0,0,0,,,,True,False,False,False,False
2025-08-14,24.5,24.61,24.12,24.14,194901.7,-1.388888888888884,0.9134273735808197,,,,,,,,,,,,,,,,,,,,26.350250000000003,,0.8181818181818182,0.5,0.9802152719205918,,0,0,,0,0,0,0,0,,,,False,False,False,False,False
2025-08-15,24.11,24.34,24.0,24.25,189026.08,0.45567522783760417,0.8858906607416863,,,,,,,,,,,,,,,,,,,,26.25375,,0.8181818181818182,0.5,0.982537595066837,,0,0,,0,0,0,0,0,,,,True,False,False,False,False
2025-08-18,24.26,25.15,24.24,25.11,424717.74,3.546391752577316,1.9904844840315987,,,,,,,,,,,,,,,,,,,,26.161833333333334,,0.8181818181818182,0.5,1.04693565970855,,0,0,,0,0,0,0,0,,,,True,False,True,True,False
2025-08-19,24.56,24.84,24.36,24.71,405442.51,-1.592990840302666,1.9001490856535126,,,,,,,,,,,,,,,,,,,,26.079333333333334,,0.8181818181818182,0.45,1.0597875340250895,,0,0,,0,0,0,0,0,,,,True,False,False,False,False
2025-08-20,24.64,25.04,24.41,25.04,329930.11,1.3354917037636582,1.5462522586643983,,,,,,,,,,,,,,,,,,,,26.000583333333335,,1.0,0.5,1.0756779713422333,,0,0,,0,0,0,0,0,,,,True,False,False,False,False
2025-08-21,25.12,25.22,24.73,24.82,293231.29,-0.8785942492012699,1.374259368063058,,,,,,,,,,,,,,,,,,,,25.93133333333333,,0.8181818181818182,0.45,1.099232939486366,,0,0,,0,0,0,0,0,,,,False,False,False,False,False
2025-08-22,24.96,25.56,24.86,25.56,475890.73,2.98146655922642,2.2303120989471052,,,,,,,,,,,,,,,,,,,,25.88083333333333,,0.8181818181818182,0.45,1.1121397126993962,,0,0,,0,0,0,0,0,,,,True,False,True,True,False
2025-08-25,25.83,26.0,25.3,25.55,469819.97,-0.03912363067292146,2.2018608419163073,,,,,,,,,,,,,,,,,,,,25.833833333333335,27.18608,0.8181818181818182,0.45,1.1475362003494518,,0,0,,0,0,0,0,0,,,,False,False,False,False,False
2025-08-26,25.6,25.91,25.55,25.57,320207.08,0.07827788649705791,1.5006842530690263,,,,,,,,,,,,,,,,,,,,25.78691666666667,27.17148,0.8181818181818182,0.5,1.1655497050946242,,0,0,,0,0,0,0,0,,,,False,False,False,False,False
2025-08-27,25.8,26.42,25.38,25.39,595670.24,-0.7039499413375006,2.791671405859757,,,,,,,,,,,,,,,,,,,,25.736583333333332,27.15464,0.8181818181818182,0.5,1.2495034980872446,,0,0,,0,0,0,0,0,,,,False,False,False,False,False
2025-08-28,25.31,25.65,24.76,25.64,454662.93,0.9846396218983866,2.1308257753239714,,,,,,,,,,,,,,,,,,,,25.670333333333335,27.13984,1.0,0.55,1.3091062373839597,,0,0,,0,0,0,0,0,,,,True,False,False,False,False
2025-08-29,25.65,25.7,25.06,25.07,285891.39,-2.2230889235569484,1.3398601525644458,,,,,,,,,,,,,,,,,,,,25.605583333333335,27.123759999999997,1.0,0.5,1.3331408819413801,,0,0,,0,0,0,0,0,,,,False,False,False,False,False
2025-09-01,25.43,26.24,25.25,25.38,363835.33,1.2365376944555084,1.7051526482211845,,,,,,,,,,,,,,,,,,,,25.549666666666667,27.109759999999998,0.8181818181818182,0.5,1.3880119399953974,,0,0,,0,0,0,0,0,,,,False,False,False,False,False
2025-09-02,25.25,25.33,24.37,24.47,344173.69,-3.585500394011032,1.6130062986229428,,,,,,,,,,,,,,,,,,,,25.482916666666664,27.092,0.8181818181818182,0.5,1.4399755358069615,,0,0,,0,0,0,0,0,,,,False,False,False,False,False
2025-09-03,24.53,24.56,23.51,23.59,277923.19,-3.59624029423784,1.3025163428482316,,,,,,,,,,,,,,,,,,,,25.409916666666668,27.07072,0.6666666666666666,0.45,1.4578815251360173,,0,0,,0,0,0,0,0,,,,False,False,False,False,False
2025-09-04,23.62,23.76,22.97,23.23,276308.42,-1.5260703688003363,1.2949485529313804,,,,,,,,,,,,,,,,,,,,25.342083333333335,27.048399999999997,0.6666666666666666,0.45,1.4758921077826783,,0,0,,0,0,0,0,0,,,,False,False,False,False,False
2025-09-05,23.22,23.46,23.02,23.42,193994.06,0.817907877744295,0.9091736229908717,,,,,,,,,,,,,,,,,,,,25.272333333333336,27.033039999999996,0.8181818181818182,0.5,1.4812808440825405,,0,0,,0,0,0,0,0,,,,True,False,False,False,False
2025-09-08,23.42,23.79,23.27,23.78,180298.33,1.5371477369769293,0.8449871398397649,,,,,,,,,,,,,,,,,,,,25.20875,27.0164,0.8181818181818182,0.5,1.4924805423423835,,0,0,,0,0,0,0,0,,,,True,False,False,False,False
2025-09-09,23.72,23.73,23.2,23.29,176584.83,-2.0605550883095125,0.8275834304221849,,,,,,,,,,,,,,,,,,,,25.139666666666663,26.997,0.8181818181818182,0.5,1.5067112136452696,,0,0,,0,0,0,0,0,,,,False,False,False,False,False
2025-09-10,23.3,23.39,23.01,23.08,181335.18,-0.9016745384285096,0.8498464467226565,,,,,,,,,,,,,,,,,,,,25.072333333333333,26.976560000000003,0.6666666666666666,0.45,1.5076446120507452,,0,0,,0,0,0,0,0,,,,False,False,False,False,False
2025-09-11,23.19,23.54,22.98,23.51,204826.44,1.8630849220104162,0.9599407143658027,,,,,,,,,,,,,,,,,,,,25.015083333333333,26.95732,0.8181818181818182,0.5,1.5099702790899943,,0,0,,0,0,0,0,0,,,,True,False,False,False,False
2025-09-12,23.56,24.33,23.56,23.79,295126.3,1.1909825606124969,1.383140532297179,,,,,,,,,,,,,,,,,,,,24.9685,26.940679999999997,0.8181818181818182,0.5,1.534832772667769,,0,0,,0,0,0,0,0,,,,True,False,False,False,False
2025-09-15,23.68,23.75,23.38,23.43,180414.67,-1.5132408575031508,0.8455323795202931,,,,,,,,,,,,,,,,,,,,24.917333333333332,26.919880000000003,0.6666666666666666,0.45,1.4775851674422036,,0,0,,0,0,0,0,0,,,,False,False,False,False,False
2025-09-16,23.41,23.6,23.29,23.54,161124.5,0.46948356807512415,0.7551269632564661,,,,,,,,,,,,,,,,,,,,24.87208333333333,26.898,0.6666666666666666,0.5,1.4203340613223514,,0,0,,0,0,0,0,0,,,,True,False,False,False,False
2025-09-17,23.58,23.58,23.29,23.49,151964.15,-0.21240441801190224,0.7121960168276712,,,,,,,,,,,,,,,,,,,,24.826666666666668,26.877679999999998,0.5384615384615384,0.45,1.378631249230515,,0,0,,0,0,0,0,0,,,,False,False,False,False,False
2025-09-18,23.4,23.91,23.14,23.23,312553.55,-1.1068539804171884,1.464815177496458,,,,,,,,,,,,,,,,,,,,24.778166666666667,26.858040000000003,0.5384615384615384,0.45,1.3831590397021851,,0,0,,0,0,0,0,0,,,,False,False,False,False,False
2025-09-19,23.18,23.4,23.01,23.01,202403.34,-0.947051226861817,0.9485846006483559,,,,,,,,,,,,,,,,,,,,24.723916666666664,26.83764,0.42857142857142855,0.4,1.3190726647872475,,0,0,,0,0,0,0,0,,,,False,False,False,False,False
2025-09-22,23.03,23.1,22.73,22.87,174616.74,-0.6084311169056944,0.8183597690602231,,,,,,,,,,,,,,,,,,,,24.66875,26.8158,0.42857142857142855,0.4,1.2498976111444433,,0,0,,0,0,0,0,0,,,,False,False,False,False,False
2025-09-23,22.88,22.94,22.13,22.44,247695.15,-1.8801923917796226,1.1608494451983087,,,,,,,,,,,,,,,,,,,,24.624750000000002,26.79076,0.42857142857142855,0.35,1.2329058707509075,,0,0,,0,0,0,0,0,,,,False,False,False,False,False
2025-09-24,22.33,23.16,22.26,23.13,225392.93,3.074866310160407,1.0563277389247274,,,,,,,,,,,,,,,,,,,,24.585583333333332,26.76844,0.5384615384615384,0.4,1.146138687404156,,0,0,,0,0,0,0,0,,,,True,False,False,False,False
2025-09-25,23.14,23.79,23.06,23.53,286708.31,1.7293558149589439,1.3436887343060397,,,,,,,,,,,,,,,,,,,,24.55225,26.74964,0.5384615384615384,0.4,1.1067818353532595,,0,0,,0,0,0,0,0,,,,True,False,False,False,False
2025-09-26,23.47,23.47,22.72,22.74,269361.13,-3.3574160645983953,1.2623893456068456,,,,,,,,,,,,,,,,,,,,24.531916666666667,26.726960000000002,0.5384615384615384,0.4,1.1029082950053792,,0,0,,0,0,0,0,0,,,,False,False,False,False,False
2025-09-29,22.75,22.98,22.57,22.82,159590.57,0.3518029903254227,0.7479380385259132,,,,,,,,,,,,,,,,,,,,24.511333333333333,26.706439999999997,0.6666666666666666,0.4,1.0550475645206157,,0,0,,0,0,0,0,0,,,,True,False,False,False,False
2025-09-30,22.88,23.04,22.81,22.99,160175.94,0.7449605609114673,0.7506814367706335,,,,,,,,,,,,,,,,,,,,24.482916666666664,26.688119999999998,0.8181818181818182,0.45,1.0119313214280004,,0,0,,0,0,0,0,0,,,,True,False,False,False,False
2025-10-09,22.99,23.92,22.93,23.74,347239.27,3.2622879512831604,1.6273734626235745,,,,,,,,,,,,,,,,,,,,24.456666666666667,26.67364,1.0,0.5,1.0281741774167674,,0,0,,0,0,0,0,0,,,,True,False,False,False,False
2025-10-10,23.57,23.57,23.21,23.27,202217.7,-1.979780960404376,0.9477145792086684,,,,,,,,,,,,,,,,,,,,24.429250000000003,26.65512,1.0,0.5,1.0108124787306318,,0,0,,0,0,0,0,0,,,,False,False,False,False,False
2025-10-13,22.88,24.14,22.74,23.68,374991.36,1.7619252256123819,1.7574365594568937,,,,,,,,,,,,,,,,,,,,24.406499999999998,26.639680000000002,1.0,0.5,1.053225625553933,,0,0,,0,0,0,0,0,,,,True,False,False,False,False
2025-10-14,23.61,23.64,23.13,23.22,251891.61,-1.9425675675675658,1.1805165975942957,,,,,,,,,,,,,,,,,,,,24.384083333333333,26.6224,0.8181818181818182,0.45,1.0700020984416594,,0,0,,0,0,0,0,0,,,,False,False,False,False,False
2025-10-15,23.22,23.53,22.98,23.33,157692.53,0.47372954349698126,0.7390426738772142,,,,,,,,,,,,,,,,,,,,24.3635,26.59848,1.0,0.5,1.065575060614411,,0,0,,0,0,0,0,0,,,,True,False,False,False,False
2025-10-16,23.26,23.26,22.88,22.99,151057.31,-1.4573510501500242,0.7079460155221001,,,,,,,,,,,,,,,,,,,,24.340166666666665,26.562800000000003,1.0,0.5,1.0584800390543831,,0,0,,0,0,0,0,0,,,,False,False,False,False,False
2025-10-17,22.93,23.05,22.56,22.58,150512.86,-1.7833840800348,0.7053943931732645,,,,,,,,,,,,,,,,,,,,24.312416666666667,26.51804,0.8181818181818182,0.45,1.0457527229947563,,0,0,,0,0,0,0,0,,,,False,False,False,False,False
2025-10-20,22.78,22.88,22.43,22.52,102090.68,-0.26572187776793266,0.47845873945419626,,,,,,,,,,,,,,,,,,,,24.281000000000002,26.48624,0.6666666666666666,0.4,1.0005186333526073,,0,0,,0,0,0,0,0,,,,False,False,False,False,False
2025-10-21,22.58,22.67,22.46,22.61,98496.41,0.399644760213147,0.46161381400695634,,,,,,,,,,,,,,,,,,,,24.254166666666666,26.45352,0.8181818181818182,0.45,0.9813227050769404,,0,0,,0,0,0,0,0,,,,True,False,False,False,False
2025-10-22,22.57,22.58,22.4,22.45,84957.5,-0.7076514816452883,0.39816228432585504,,,,,,,,,,,,,,,,,,,,24.224750000000004,26.4272,0.6666666666666666,0.4,0.9634744711304096,,0,0,,0,0,0,0,0,,,,False,False,False,False,False
2025-10-23,22.52,22.73,22.28,22.71,100072.94,1.158129175946554,0.4690023881305856,,,,,,,,,,,,,,,,,,,,24.2005,26.40248,0.8181818181818182,0.45,0.9513147896955555,,0,0,,0,0,0,0,0,,,,True,False,False,False,False
2025-10-24,22.74,22.94,22.33,22.65,115079.2,-0.26420079260238705,0.5393308083499624,,,,,,,,,,,,,,,,,,,,24.174916666666665,26.3828,0.8181818181818182,0.45,0.9050405712382308,,0,0,,0,0,0,0,0,,,,False,False,False,False,False
2025-10-27,22.67,22.82,22.59,22.69,113062.21,0.17660044150111798,0.5298779719804553,,,,,,,,,,,,,,,,,,,,24.156,26.36608,1.0,0.5,0.8841052398048357,,0,0,,0,0,0,0,0,,,,True,False,False,False,False
2025-10-28,22.64,22.82,22.48,22.6,144249.77,-0.3966505068311976,0.676041761312176,,,,,,,,,,,,,,,,,,,,24.136416666666666,26.348399999999998,1.0,0.5,0.8769893394174334,,0,0,,0,0,0,0,0,,,,False,False,False,False,False
2025-10-29,22.57,22.57,22.38,22.49,116968.32,-0.4867256637168249,0.5481843684778577,,,,,,,,,,,,,,,,,,,,24.10775,26.328,1.0,0.5,0.8463560855814107,,0,0,,0,0,0,0,0,,,,False,False,False,False,False
2025-10-30,22.48,22.86,22.31,22.61,165390.48,0.533570475767009,0.7751199284648164,,,,,,,,,,,,,,,,,,,,24.076333333333334,26.30512,1.0,0.5,0.8322956950584152,,0,0,,0,0,0,0,0,,,,True,False,False,False,False
2025-10-31,22.52,22.93,22.49,22.77,168397.8,0.7076514816452883,0.7892140508306914,,,,,,,,,,,,,,,,,,,,24.04675,26.283399999999997,1.0,0.5,0.8045719608846478,,0,0,,0,0,0,0,0,,,,True,False,False,False,False
2025-11-03,22.82,23.07,22.76,23.07,160407.91,1.3175230566534912,0.7517685886418052,,,,,,,,,,,,,,,,,,,,24.019,26.262400000000003,1.2222222222222223,0.55,0.7790409230363957,,0,0,,0,0,0,0,0,,,,True,False,True,True,False
2025-11-04,22.98,23.07,22.75,22.85,125766.17,-0.9536194191590797,0.5894164204233154,,,,,,,,,,,,,,,,,,,,23.993333333333336,26.242919999999998,1.0,0.5,0.7711148421312659,,0,0,,0,0,0,0,0,,,,False,False,False,False,False
2025-11-05,22.71,22.88,22.55,22.81,106497.99,-0.17505470459520112,0.4991140626138018,,,,,,,,,,,,,,,,,,,,23.965083333333332,26.222360000000002,1.0,0.45,0.7585364734234243,,0,0,,0,0,0,0,0,,,,True,False,False,False,False
2025-11-06,22.78,22.78,22.49,22.65,116342.87,-0.7014467338886443,0.5452531310858486,,,,,,,,,,,,,,,,,,,,23.935999999999996,26.20044,0.8181818181818182,0.4,0.704430456846538,,0,0,,0,0,0,0,0,,,,False,False,False,False,False
2025-11-07,22.57,22.64,22.52,22.58,78110.48,-0.3090507726269287,0.3660730029319249,,,,,,,,,,,,,,,,,,,,23.905416666666667,26.17952,1.0,0.4,0.6753483780327009,,0,0,,0,0,0,0,0,,,,True,False,False,False,False
2025-11-10,22.62,22.87,22.56,22.78,95027.38,0.8857395925597977,0.4453558390289388,,,,,,,,,,,,,,,,,,,,23.87816666666667,26.165440000000004,1.0,0.4,0.6097443420113031,,0,0,,0,0,0,0,0,,,,True,False,False,False,False
2025-11-11,22.88,22.88,22.6,22.68,81303.47,-0.4389815627743654,0.3810372873356516,,,,,,,,,,,,,,,,,,,,23.8535,26.15216,1.0,0.4,0.5697703764983709,,0,0,,0,0,0,0,0,,,,False,False,False,False,False
2025-11-12,22.66,22.68,22.48,22.57,86977.23,-0.4850088183421475,0.4076279619943535,,,,,,,,,,,,,,,,,,,,23.830499999999997,26.13756,0.8181818181818182,0.35,0.5531996409042279,,0,0,,0,0,0,0,0,,,,False,False,False,False,False
2025-11-13,22.53,22.66,22.48,22.63,77086.16,0.2658396101018923,0.3612724192155884,,,,,,,,,,,,,,,,,,,,23.808,26.124359999999996,1.0,0.4,0.5358659610889023,,0,0,,0,0,0,0,0,,,,True,False,False,False,False
2025-11-14,22.53,22.68,22.49,22.51,73457.28,-0.5302695536897772,0.3442652903529876,,,,,,,,,,,,,,,,,,,,23.784916666666664,26.107879999999998,1.0,0.4,0.5178095059478884,,0,0,,0,0,0,0,0,,,,False,False,False,False,False
2025-11-17,22.49,22.78,22.44,22.65,105839.04,0.6219458018658308,0.49602582393850503,,,,,,,,,,,,,,,,,,,,23.764916666666668,26.0914,1.2222222222222223,0.45,0.5186878601721039,,0,0,,0,0,0,0,0,,,,True,False,False,False,False
2025-11-18,22.61,22.82,22.54,22.78,122910.72,0.5739514348785946,0.5760340528303628,,,,,,,,,,,,,,,,,,,,23.748416666666667,26.072119999999998,1.2222222222222223,0.45,0.5244088721132741,,0,0,,0,0,0,0,0,,,,True,False,False,False,False
2025-11-19,22.78,22.82,22.39,22.45,124033.17,-1.448639157155407,0.5812945331415956,,,,,,,,,,,,,,,,,,,,23.72825,26.04756,1.2222222222222223,0.45,0.5335654845540612,,0,0,,0,0,0,0,0,,,,False,False,False,False,False
2025-11-20,22.44,22.52,22.29,22.33,80613.76,-0.5345211581291753,0.3778048886760585,,,,,,,,,,,,,,,,,,,,23.708916666666664,26.01884,1.0,0.4,0.5290056095813348,,0,0,,0,0,0,0,0,,,,False,False,False,False,False
2025-11-21,22.13,22.38,21.79,21.81,145001.49,-2.328705776981632,0.6795647763770429,,,,,,,,,,,,,,,,,,,,23.68883333333333,25.990440000000003,1.0,0.4,0.5360173079826889,,0,0,,0,0,0,0,0,,,,False,False,False,False,False
2025-11-24,21.89,22.07,21.7,22.01,99978.23,0.9170105456212774,0.46855851972640117,,,,,,,,,,,,,,,,,,,,23.664499999999997,25.96236,1.0,0.4,0.5329513353699862,,0,0,,0,0,0,0,0,,,,True,False,False,False,False
2025-11-25,21.97,22.14,21.92,21.93,93564.0,-0.36347114947752335,0.43849755431438425,,,,,,,,,,,,,,,,,,,,23.645083333333332,25.93788,1.0,0.4,0.5210741250200966,,0,0,,0,0,0,0,0,,,,False,False,False,False,False
2025-11-26,21.89,21.94,21.59,21.59,126567.95,-1.5503875968992276,0.5931740469580744,,,,,,,,,,,,,,,,,,,,23.6225,25.913400000000003,1.0,0.4,0.5233236089441073,,0,0,,0,0,0,0,0,,,,False,False,False,False,False
2025-11-27,21.54,21.55,21.09,21.1,173821.97,-2.2695692450208305,0.8146349956298177,,,,,,,,,,,,,,,,,,,,23.595000000000002,25.8902,0.8181818181818182,0.35,0.5252993623023575,,0,0,,0,0,0,0,0,,,,False,False,False,False,False
2025-11-28,21.05,21.16,20.97,21.14,73403.5,0.18957345971564177,0.3440132447107424,,,,,,,,,,,,,,,,,,,,23.56416666666667,25.8664,0.8181818181818182,0.35,0.50303932199636,,0,0,,0,0,0,0,0,,,,True,False,False,False,False
2025-12-01,21.13,21.24,21.01,21.22,80586.21,0.37842951750235443,0.3776757726953248,,,,,,,,,,,,,,,,,,,,23.534499999999998,25.84268,0.8181818181818182,0.35,0.48433468119903605,,0,0,,0,0,0,0,0,,,,True,False,False,False,False
2025-12-02,21.22,21.26,20.97,20.99,69668.42,-1.0838831291234752,0.32650839834709217,,,,,,,,,,,,,,,,,,,,23.5015,25.8178,0.8181818181818182,0.35,0.4711892800952248,,0,0,,0,0,0,0,0,,,,False,False,False,False,False
2025-12-03,20.99,21.02,20.58,20.6,114328.53,-1.8580276322057943,0.5358127142208404,,,,,,,,,,,,,,,,,,,,23.468666666666667,25.79072,0.6666666666666666,0.35,0.4730242126755767,,0,0,,0,0,0,0,0,,,,False,False,False,False,False
2025-12-04,20.53,20.75,20.21,20.75,120460.33,0.7281553398058138,0.5645500416496051,,,,,,,,,,,,,,,,,,,,23.437250000000002,25.765600000000003,0.8181818181818182,0.4,0.4739890582037646,,0,0,,0,0,0,0,0,,,,True,False,False,False,False
2025-12-05,20.76,20.78,20.51,20.72,70352.43,-0.14457831325301873,0.32971408335549907,,,,,,,,,,,,,,,,,,,,23.408,25.74256,0.6666666666666666,0.4,0.4721711122249433,,0,0,,0,0,0,0,0,,,,False,False,False,False,False
2025-12-08,20.78,20.87,20.72,20.79,71014.96,0.33783783783782884,0.33281910007838295,,,,,,,,,,,,,,,,,,,,23.383166666666668,25.717560000000002,0.6666666666666666,0.4,0.46654427527741554,,0,0,,0,0,0,0,0,,,,True,False,False,False,False
2025-12-09,20.75,20.93,20.6,20.6,65642.03,-0.9139009139009002,0.3076382969436048,,,,,,,,,,,,,,,,,,,,23.358416666666663,25.69296,0.6666666666666666,0.4,0.46287432575781323,,0,0,,0,0,0,0,0,,,,False,False,False,False,False
2025-12-10,20.57,20.58,20.31,20.48,77036.98,-0.5825242718446644,0.3610419319585111,,,,,,,,,,,,,,,,,,,,23.331666666666663,25.66648,0.6666666666666666,0.4,0.46054502425602106,,0,0,,0,0,0,0,0,,,,False,False,False,False,False
2025-12-11,20.54,20.54,20.12,20.12,105234.29,-1.7578125,0.49319159927975137,,,,,,,,,,,,,,,,,,,,23.304,25.63744,0.5384615384615384,0.35,0.46714098325922915,,0,0,,0,0,0,0,0,,,,False,False,False,False,False
2025-12-12,20.1,20.25,19.95,19.97,157695.39,-0.7455268389662151,0.739056077568862,,,,,,,,,,,,,,,,,,,,23.278333333333332,25.608600000000003,0.5384615384615384,0.35,0.4868805226200229,,0,0,,0,0,0,0,0,,,,False,False,False,False,False
2025-12-15,19.92,19.96,19.62,19.82,130804.63,-0.7511266900350422,0.6130296946261162,,,,,,,,,,,,,,,,,,,,23.2545,25.580920000000003,0.42857142857142855,0.3,0.4927307161544035,,0,0,,0,0,0,0,0,,,,False,False,False,False,False
2025-12-16,19.77,19.91,19.67,19.84,85030.51,0.10090817356205317,0.3985044533913128,,,,,,,,,,,,,,,,,,,,23.23075,25.55292,0.42857142857142855,0.3,0.48385423618245105,,0,0,,0,0,0,0,0,,,,True,False,False,False,False
2025-12-17,19.69,19.91,19.42,19.84,139161.89,0.0,0.6521968750669848,,,,,,,,,,,,,,,,,,,,23.203666666666667,25.5242,0.5384615384615384,0.3,0.4873993532787204,,0,0,,0,0,0,0,0,,,,True,False,False,False,False
2025-12-18,19.69,19.98,19.65,19.9,96065.62,0.3024193548387011,0.4502216602934354,,,,,,,,,,,,,,,,,,,,23.174249999999997,25.49648,0.6666666666666666,0.35,0.49102019185958934,,0,0,,0,0,0,0,0,,,,True,False,False,False,False
2025-12-19,19.93,20.28,19.93,19.96,111377.64,0.3015075376884502,0.5219830570017093,,,,,,,,,,,,,,,,,,,,23.1465,25.46856,0.8181818181818182,0.4,0.4831411058908226,,0,0,,0,0,0,0,0,,,,True,False,False,False,False
2025-12-22,20.04,20.32,20.01,20.18,102739.46,1.1022044088176308,0.4814993153518501,,,,,,,,,,,,,,,,,,,,23.121583333333334,25.4398,0.8181818181818182,0.4,0.48378814567209505,,0,0,,0,0,0,0,0,,,,True,False,False,False,False
2025-12-23,20.18,20.19,19.81,19.83,92098.57,-1.7343904856293446,0.43162966205861353,,,,,,,,,,,,,,,,,,,,23.091916666666666,25.40972,0.8181818181818182,0.4,0.48344475105930657,,0,0,,0,0,0,0,0,,,,False,False,False,False,False
2025-12-24,19.82,19.92,19.73,19.88,59481.15,0.2521432173474558,0.27876468302773544,,,,,,,,,,,,,,,,,,,,23.0645,25.382160000000002,1.0,0.45,0.46772428286278955,,0,0,,0,0,0,0,0,,,,True,False,False,False,False
2025-12-25,19.91,20.15,19.86,20.14,88420.76,1.307847082494984,0.41439321759030323,,,,,,,,,,,,,,,,,,,,23.042666666666666,25.357239999999997,1.2222222222222223,0.5,0.44771219396081385,,0,0,,0,0,0,0,0,,,,True,False,False,False,False
2025-12-26,20.15,20.85,20.06,20.5,180001.52,1.7874875868917561,0.8435961084698358,,,,,,,,,,,,,,,,,,,,23.022583333333333,25.33344,1.2222222222222223,0.5,0.4726913371487685,,0,0,,0,0,0,0,0,,,,True,False,True,True,False
2025-12-29,20.44,20.5,20.25,20.32,99578.48,-0.8780487804878057,0.4666164626610579,,,,,,,,,,,,,,,,,,,,22.997416666666666,25.30932,1.0,0.45,0.47713837164705514,,0,0,,0,0,0,0,0,,,,False,False,False,False,False
2025-12-30,20.25,20.43,20.22,20.23,73593.87,-0.44291338582677087,0.34485474464902205,,,,,,,,,,,,,,,,,,,,22.9725,25.278599999999997,1.0,0.45,0.47805568896215167,,0,0,,0,0,0,0,0,,,,False,False,False,False,False
2025-12-31,20.2,20.63,20.19,20.51,125354.73,1.384083044982698,0.5874018230689201,,,,,,,,,,,,,,,,,,,,22.946916666666663,25.24968,1.2222222222222223,0.5,0.4806351444045557,,0,0,,0,0,0,0,0,,,,True,False,False,False,False
2026-01-05,20.51,20.72,20.44,20.67,122242.58,0.7801072647489082,0.5728185474026254,,,,,,,,,,,,,,,,,,,,22.924666666666667,25.224800000000002,1.2222222222222223,0.5,0.48104856969220666,,0,0,,0,0,0,0,0,,,,True,False,False,False,False
2026-01-06,20.62,20.8,20.51,20.8,161968.29,0.6289308176100628,0.7589699154180742,,,,,,,,,,,,,,,,,,,,22.90475,25.20008,1.5,0.55,0.5025113612953354,,0,0,,0,0,0,0,0,,,,True,False,False,False,False
2026-01-07,20.8,20.83,20.53,20.58,118825.66,-1.057692307692315,0.5568071449028501,,,,,,,,,,,,,,,,,,,,22.879416666666668,25.171200000000002,1.2222222222222223,0.5,0.5137107635365588,,0,0,,0,0,0,0,0,,,,False,False,False,False,False
2026-01-08,21.4,22.64,21.39,22.64,467744.7,10.009718172983483,2.191812702327428,,,,,,,,,,,,,,,,,,,,22.872,25.14456,1.5,0.55,0.6079194838057499,,0,0,,0,0,0,0,0,,,,True,False,True,True,False
2026-01-09,23.0,23.94,22.63,23.5,927240.71,3.7985865724381673,4.344972730408496,,,,,,,,,,,,,,,,,,,,22.866666666666667,25.12296,1.8571428571428572,0.6,0.8071160237282491,,0,0,,0,0,0,0,0,,,,True,False,True,True,True
2026-01-12,23.67,24.92,23.67,24.7,814011.44,5.106382978723412,3.814389802881445,,,,,,,,,,,,,,,,,,,,22.871166666666667,25.1056,2.3333333333333335,0.65,0.9731759339083339,,0,0,,0,0,0,0,0,,,,True,False,True,True,True
2026-01-13,24.69,24.69,23.48,23.57,665753.24,-4.574898785425097,3.119664227189834,,,,,,,,,,,,,,,,,,,,22.866083333333332,25.08668,2.3333333333333335,0.65,1.0922063413893826,,0,0,,0,0,0,0,0,,,,False,False,False,False,False
2026-01-14,24.76,25.83,24.2,24.73,984689.58,4.921510394569362,4.614173349892495,,,,,,,,,,,,,,,,,,,,22.870083333333334,25.07804,2.3333333333333335,0.7,1.2922635241527014,,0,0,,0,0,0,0,0,,,,False,False,False,False,True
2026-01-15,24.18,25.03,24.11,24.42,498103.81,-1.253538212697125,2.3340729629554064,,,,,,,,,,,,,,,,,,,,22.871,25.07104,2.3333333333333335,0.65,1.3890419496309059,,0,0,,0,0,0,0,0,,,,True,False,False,False,False
2026-01-16,24.38,24.67,23.58,23.66,434486.99,-3.1122031122031157,2.035969843545015,,,,,,,,,,,,,,,,,,,,22.86233333333333,25.06068,1.8571428571428572,0.65,1.4582305980548074,,0,0,,0,0,0,0,0,,,,False,False,False,False,False
2026-01-19,23.66,23.66,23.09,23.27,328502.93,-1.6483516483516536,1.5393373665715033,,,,,,,,,,,,,,,,,,,,22.8515,25.04636,1.5,0.6,1.512686383368711,,0,0,,0,0,0,0,0,,,,False,False,False,False,False
2026-01-20,23.56,23.63,23.02,23.2,223648.37,-0.3008165019338205,1.0479976325136862,,,,,,,,,,,,,,,,,,,,22.8375,25.03444,1.2222222222222223,0.55,1.53898711214431,,0,0,,0,0,0,0,0,,,,False,False,False,False,False
2026-01-21,23.05,23.65,22.93,23.31,290683.18,0.47413793103447954,1.3621171683547244,,,,,,,,,,,,,,,,,,,,22.817999999999998,25.02268,1.2222222222222223,0.55,1.5830180047944535,,0,0,,0,0,0,0,0,,,,True,False,False,False,False
2026-01-22,23.43,23.65,23.17,23.28,223761.69,-0.12870012870012104,1.0485286405944358,,,,,,,,,,,,,,,,,,,,22.80075,25.01264,1.2222222222222223,0.55,1.6138629537212446,,0,0,,0,0,0,0,0,,,,False,False,False,False,False
2026-01-23,23.47,23.76,23.37,23.63,276644.7,1.5034364261168331,1.296334020442264,,,,,,,,,,,,,,,,,,,,22.788166666666665,25.0024,1.2222222222222223,0.55,1.6647414205919708,,0,0,,0,0,0,0,0,,,,True,False,False,False,False
2026-01-26,23.72,24.14,23.37,23.72,297033.49,0.3808717731696998,1.3918741920510207,,,,,,,,,,,,,,,,,,,,22.78066666666667,24.989359999999998,1.1111111111111112,0.55,1.7136154693150072,,0,0,,0,0,0,0,0,,,,False,False,False,False,False
2026-01-27,23.82,23.97,23.27,23.28,211844.83,-1.8549747048903775,0.9926872272767485,,,,,,,,,,,,,,,,,,,,22.770500000000002,24.97484,0.9,0.5,1.7210700252553526,,0,0,,0,0,0,0,0,,,,False,False,False,False,False
2026-01-28,23.65,24.2,23.49,23.71,360747.98,1.8470790378006807,1.6904349849457638,,,,,,,,,,,,,,,,,,,,22.76383333333333,24.96268,1.1111111111111112,0.55,1.7822609513695877,,0,0,,0,0,0,0,0,,,,True,False,False,False,False
2026-01-29,23.56,24.21,23.12,23.42,357534.8,-1.2231126107127732,1.675378291114996,,,,,,,,,,,,,,,,,,,,22.75316666666667,24.949440000000003,1.1111111111111112,0.55,1.8487871286928865,,0,0,,0,0,0,0,0,,,,False,False,False,False,False
2026-01-30,23.3,23.4,22.64,22.64,282147.65,-3.330486763450047,1.3221203857613635,,,,,,,,,,,,,,,,,,,,22.736749999999997,24.9328,0.9,0.5,1.8855230568275085,,0,0,,0,0,0,0,0,,,,False,False,False,False,False
2026-02-02,22.76,23.06,22.4,22.41,187540.48,-1.0159010600706786,0.8787990676635842,,,,,,,,,,,,,,,,,,,,22.715666666666667,24.91436,0.7272727272727273,0.45,1.9008220828405566,,0,0,,0,0,0,0,0,,,,False,False,False,False,False
2026-02-03,22.63,22.93,22.48,22.92,154999.33,2.27576974564927,0.7263139493536555,,,,,,,,,,,,,,,,,,,,22.701416666666667,24.89456,0.7272727272727273,0.45,1.8991892845373357,,0,0,,0,0,0,0,0,,,,True,False,False,False,False
2026-02-04,22.78,22.82,22.18,22.46,188378.52,-2.006980802792324,0.8827260532971115,,,,,,,,,,,,,,,,,,,,22.686916666666665,24.875,0.7272727272727273,0.45,1.9154852299570488,,0,0,,0,0,0,0,0,,,,False,False,False,False,False
2026-02-05,22.23,22.43,22.17,22.18,127898.97,-1.2466607301869992,0.5993239197805867,,,,,,,,,,,,,,,,,,,,22.668166666666668,24.84964,0.5833333333333334,0.4,1.8358607908297067,,0,0,,0,0,0,0,0,,,,False,False,False,False,False
2026-02-06,22.02,22.21,21.79,21.96,135200.58,-0.9918845807033283,0.6335386560361573,,,,,,,,,,,,,,,,,,,,22.648083333333332,24.825760000000002,0.46153846153846156,0.35,1.65028908711109,,0,0,,0,0,0,0,0,,,,False,False,False,False,False
2026-02-09,22.37,23.14,22.27,22.94,254158.34,4.462659380692169,1.1909648105354336,,,,,,,,,,,,,,,,,,,,22.63525,24.803399999999996,0.46153846153846156,0.35,1.519117837493789,,0,0,,0,0,0,0,0,,,,True,False,False,False,False
2026-02-10,22.98,23.22,22.71,22.99,205781.62,0.21795989537922722,0.9642755302657964,,,,,,,,,,,,,,,,,,,,22.625666666666667,24.781200000000002,0.5833333333333334,0.4,1.4113484026475873,,0,0,,0,0,0,0,0,,,,True,False,False,False,False
2026-02-11,22.99,23.42,22.9,23.12,198895.68,0.5654632448890862,0.9320085890060354,,,,,,,,,,,,,,,,,,,,22.616249999999997,24.75468,0.7272727272727273,0.4,1.2272401646032642,,0,0,,0,0,0,0,0,,,,True,False,False,False,False
2026-02-12,23.37,24.21,23.33,24.0,411625.22,3.806228373702414,1.9288414936488258,,,,,,,,,,,,,,,,,,,,22.606999999999996,24.732200000000002,0.7272727272727273,0.45,1.2069785911379354,,0,0,,0,0,0,0,0,,,,True,False,True,False,False
2026-02-13,23.62,24.21,23.57,23.68,238588.32,-1.3333333333333308,1.118004993756126,,,,,,,,,,,,,,,,,,,,22.598416666666665,24.70844,0.9,0.45,1.161080348648491,,0,0,,0,0,0,0,0,,,,True,False,False,False,False
2026-02-24,24.0,24.25,23.33,23.89,314150.21,0.8868243243243201,1.4720817161943875,,,,,,,,,,,,,,,,,,,,22.588833333333334,24.67368,0.9,0.5,1.157717566129635,,0,0,,0,0,0,0,0,,,,False,False,False,False,False
2026-02-25,23.89,23.9,23.24,23.27,274600.57,-2.595228128924243,1.2867553975327821,,,,,,,,,,,,,,,,,,,,22.575916666666668,24.64188,0.9,0.5,1.1696554543805902,,0,0,,0,0,0,0,0,,,,False,False,False,False,False
2026-02-26,23.31,24.06,23.03,23.95,372379.64,2.9222174473571005,1.7449399748198424,,,,,,,,,,,,,,,,,,,,22.5625,24.6028,0.9,0.5,1.1887965947038457,,0,0,,0,0,0,0,0,,,,True,False,False,False,False
2026-02-27,23.77,24.29,23.54,23.95,283546.83,0.0,1.3286768266934414,,,,,,,,,,,,,,,,,,,,22.549166666666668,24.56204,1.1111111111111112,0.5,1.202804004008796,,0,0,,0,0,0,0,0,,,,True,False,False,False,False
2026-03-02,23.48,24.04,23.28,23.57,307723.25,-1.586638830897702,1.4419655169828298,,,,,,,,,,,,,,,,,,,,22.532499999999995,24.527279999999998,1.1111111111111112,0.45,1.2100855788358245,,0,0,,0,0,0,0,0,,,,True,False,False,False,False
2026-03-03,23.53,23.65,22.1,22.18,335808.63,-5.897327110733985,1.573571268226388,,,,,,,,,,,,,,,,,,,,22.50575,24.48516,1.0,0.4,1.2191704326445927,,0,0,,0,0,0,0,0,,,,False,False,False,False,False
2026-03-04,21.99,22.68,21.92,22.23,176678.88,0.22542831379621653,0.8279025148055837,,,,,,,,,,,,,,,,,,,,22.477333333333334,24.4438,1.2222222222222223,0.45,1.2109311970210344,,0,0,,0,0,0,0,0,,,,True,False,False,False,False
2026-03-05,22.58,23.06,22.31,22.4,161746.38,0.7647323436797082,0.757930063642579,,,,,,,,,,,,,,,,,,,,22.455083333333334,24.39008,1.0,0.45,1.164305950955875,,0,0,,0,0,0,0,0,,,,False,False,False,False,False
2026-03-06,22.35,22.98,22.26,22.88,178782.87,2.1428571428571352,0.8377616366888887,,,,,,,,,,,,,,,,,,,,22.43425,24.337040000000002,1.2222222222222223,0.5,1.12242511823457,,0,0,,0,0,0,0,0,,,,True,False,False,False,False
2026-03-09,22.68,23.95,22.53,23.79,390155.94,3.9772727272727293,1.8282382359019733,,,,,,,,,,,,,,,,,,,,22.428583333333332,24.293760000000002,1.5,0.55,1.1477310107416003,,0,0,,0,0,0,0,0,,,,True,False,False,False,False
2026-03-10,23.99,24.39,23.64,23.88,303135.08,0.3783102143757766,1.4204657345450222,,,,,,,,,,,,,,,,,,,,22.430999999999997,24.25132,1.5,0.6,1.1748143440856722,,0,0,,0,0,0,0,0,,,,False,False,False,False,False
2026-03-11,23.86,23.95,23.67,23.77,196358.79,-0.46063651591289334,0.9201209337821336,,,,,,,,,,,,,,,,,,,,22.435499999999998,24.21388,1.2222222222222223,0.55,1.1845046933070962,,0,0,,0,0,0,0,0,,,,False,False,False,False,False
2026-03-12,23.68,23.97,23.5,23.57,166936.46,-0.8413967185527893,0.7822503462029062,,,,,,,,,,,,,,,,,,,,22.43675,24.181679999999997,1.2222222222222223,0.55,1.179480907952386,,0,0,,0,0,0,0,0,,,,False,False,False,False,False
2026-03-13,23.43,23.43,22.41,22.48,288084.03,-4.624522698345357,1.349937767956913,,,,,,,,,,,,,,,,,,,,22.42591666666667,24.14684,1.2222222222222223,0.55,1.2170116003612024,,0,0,,0,0,0,0,0,,,,False,False,False,False,False
2026-03-16,22.49,22.54,22.03,22.17,176080.73,-1.379003558718861,0.8250996337298663,,,,,,,,,,,,,,,,,,,,22.416583333333335,24.11072,1.2222222222222223,0.55,1.2265896492458876,,0,0,,0,0,0,0,0,,,,False,False,False,False,False
2026-03-17,22.3,22.37,21.47,21.47,221631.82,-3.157419936851613,1.0385482471868652,,,,,,,,,,,,,,,,,,,,22.403166666666667,24.070880000000002,1.0,0.5,1.2189688210784593,,0,0,,0,0,0,0,0,,,,False,False,False,False,False
2026-03-18,21.5,23.05,21.5,22.91,361292.1,6.707033069399171,1.692984685942035,,,,,,,,,,,,,,,,,,,,22.398166666666665,24.02816,1.0,0.5,1.2554042788622712,,0,0,,0,0,0,0,0,,,,True,False,False,False,False
2026-03-19,22.58,22.88,22.31,22.41,219264.89,-2.182453077258839,1.0274570103657534,,,,,,,,,,,,,,,,,,,,22.386666666666667,23.986439999999998,0.8181818181818182,0.45,1.2601766999302573,,0,0,,0,0,0,0,0,,,,False,False,False,False,False
2026-03-20,22.43,22.52,21.48,21.48,245155.85,-4.149933065595713,1.1487798922785817,,,,,,,,,,,,,,,,,,,,22.370416666666667,23.944,0.6666666666666666,0.4,1.2211736198617449,,0,0,,0,0,0,0,0,,,,False,False,False,False,False
2026-03-23,20.98,21.19,20.25,20.35,226009.09,-5.260707635009309,1.0590597697920743,,,,,,,,,,,,,,,,,,,,22.343833333333336,23.89548,0.5384615384615384,0.4,1.2182263586635425,,0,0,,0,0,0,0,0,,,,False,False,False,False,False
2026-03-24,20.66,20.78,20.14,20.49,149770.12,0.6879606879606648,0.7018103068727516,,,,,,,,,,,,,,,,,,,,22.31883333333333,23.84804,0.5384615384615384,0.4,1.1797127881974605,,0,0,,0,0,0,0,0,,,,False,False,False,False,False
2026-03-25,20.6,21.59,20.6,21.38,230089.92,4.343582235236698,1.0781821992499363,,,,,,,,,,,,,,,,,,,,22.303416666666667,23.808079999999997,0.6666666666666666,0.45,1.1692841282833182,,0,0,,0,0,0,0,0,,,,True,False,False,False,False
2026-03-26,21.29,21.42,20.86,20.94,119125.19,-2.0579981290925975,0.5582107175328086,,,,,,,,,,,,,,,,,,,,22.286166666666666,23.764680000000002,0.5384615384615384,0.4,1.1099476654189666,,0,0,,0,0,0,0,0,,,,False,False,False,False,False
2026-03-27,20.74,22.22,20.62,21.89,241163.39,4.536771728748801,1.130071557279737,,,,,,,,,,,,,,,,,,,,22.278,23.726599999999998,0.5384615384615384,0.45,1.1000174019482813,,0,0,,0,0,0,0,0,,,,True,False,False,False,False
2026-03-30,21.5,23.9,21.44,23.58,519537.9,7.720420283234342,2.4345113232934907,,,,,,,,,,,,,,,,,,,,22.2875,23.694599999999998,0.5384615384615384,0.5,1.1496446922638144,,0,0,,0,0,0,0,0,,,,True,False,True,True,False
2026-03-31,23.59,23.59,22.76,22.78,264998.3,-3.3927056827820046,1.2417599601559877,,,,,,,,,,,,,,,,,,,,22.284583333333334,23.661080000000002,0.5384615384615384,0.5,1.1330541268602945,,0,0,,0,0,0,0,0,,,,False,False,False,False,False
2026-04-01,23.2,23.25,22.83,22.96,153042.25,0.7901668129938422,0.7171432354931435,,,,,,,,,,,,,,,,,,,,22.279833333333332,23.6314,0.42857142857142855,0.5,1.1275161628946724,,0,0,,0,0,0,0,0,,,,False,False,False,False,False
2026-04-02,22.83,22.91,22.48,22.56,134359.51,-1.7421602787456525,0.6295974720750209,,,,,,,,,,,,,,,,,,,,22.278333333333332,23.604119999999998,0.42857142857142855,0.45,1.1210995333162945,,0,0,,0,0,0,0,0,,,,False,False,False,False,False
2026-04-03,22.63,22.77,22.03,22.27,159492.38,-1.2854609929077943,0.7473680073947028,,,,,,,,,,,,,,,,,,,,22.27375,23.574920000000002,0.3333333333333333,0.4,1.1165798518515853,,0,0,,0,0,0,0,0,,,,False,False,False,False,False
2026-04-07,22.28,22.37,21.5,21.58,188382.3,-3.0983385720700585,0.8827437660622476,,,,,,,,,,,,,,,,,,,,22.262,23.545360000000002,0.25,0.35,1.069305128359599,,0,0,,0,0,0,0,0,,,,False,False,False,False,False
2026-04-08,22.01,22.82,22.01,22.75,240545.36,5.421686746987953,1.1271755201799698,,,,,,,,,,,,,,,,,,,,22.25375,23.5206,0.3333333333333333,0.35,1.0546406176413463,,0,0,,0,0,0,0,0,,,,True,False,False,False,False
2026-04-09,22.46,22.76,22.22,22.52,155297.19,-1.0109890109890163,0.7277096965027203,,,,,,,,,,,,,,,,,,,,22.2475,23.49448,0.42857142857142855,0.35,1.0450200557773757,,0,0,,0,0,0,0,0,,,,True,False,False,False,False
2026-04-10,22.75,22.76,22.19,22.2,159835.98,-1.4209591474245165,0.748978088373749,,,,,,,,,,,,,,,,,,,,22.235166666666668,23.465199999999996,0.42857142857142855,0.35,1.0433564428859177,,0,0,,0,0,0,0,0,,,,False,False,False,False,False
2026-04-13,21.98,22.56,21.89,22.22,152930.51,0.09009009009008917,0.7166196311607843,,,,,,,,,,,,,,,,,,,,22.22683333333333,23.43612,0.5384615384615384,0.4,1.0116905360461113,,0,0,,0,0,0,0,0,,,,True,False,False,False,False
2026-04-14,22.46,22.93,22.36,22.56,206467.72,1.5301530153015275,0.9674905377155161,,,,,,,,,,,,,,,,,,,,22.220416666666665,23.41548,0.6666666666666666,0.45,1.0188100812453937,,0,0,,0,0,0,0,0,,,,True,False,False,False,False
2026-04-15,22.73,22.79,22.17,22.23,120957.17,-1.4627659574467988,0.5667952232138131,,,,,,,,,,,,,,,,,,,,22.214083333333335,23.393079999999998,0.6666666666666666,0.45,0.9952224300467412,,0,0,,0,0,0,0,0,,,,False,False,False,False,False
2026-04-16,22.36,23.42,22.28,23.22,367698.74,4.453441295546545,1.7230056673261935,,,,,,,,,,,,,,,,,,,,22.219416666666667,23.37584,0.6666666666666666,0.45,0.9967234791159492,,0,0,,0,0,0,0,0,,,,True,False,True,False,False
2026-04-17,23.09,23.32,22.66,22.7,173184.59,-2.239448751076656,0.8115285629305209,,,,,,,,,,,,,,,,,,,,22.220916666666664,23.36592,0.6666666666666666,0.45,0.9859270567441876,,0,0,,0,0,0,0,0,,,,False,False,False,False,False
2026-04-20,22.61,22.94,22.48,22.6,153177.87,-0.4405286343612258,0.7177787395163632,,,,,,,,,,,,,,,,,,,,22.220833333333335,23.35516,0.6666666666666666,0.45,0.9643769991060767,,0,0,,0,0,0,0,0,,,,False,False,False,False,False
2026-04-21,22.48,22.53,21.77,22.1,204114.88,-2.212389380530977,0.9564653254607453,,,,,,,,,,,,,,,,,,,,22.217916666666664,23.33796,0.6666666666666666,0.45,0.9592472768895102,,0,0,,0,0,0,0,0,,,,False,False,False,False,False
2026-04-22,21.98,23.04,21.86,22.93,303479.82,3.7556561085972717,1.4220811574691095,,,,,,,,,,,,,,,,,,,,22.219749999999998,23.322119999999998,0.8181818181818182,0.45,0.995260819419328,,0,0,,0,0,0,0,0,,,,True,False,False,False,False
2026-04-23,22.78,23.37,22.78,23.04,277368.19,0.47972088966419246,1.2997242343174973,,,,,,,,,,,,,,,,,,,,22.223000000000003,23.308040000000002,0.8181818181818182,0.45,1.006337921172706,,0,0,,0,0,0,0,0,,,,True,False,False,False,False
2026-04-24,22.88,23.04,22.35,22.84,184726.12,-0.868055555555558,0.8656112111321853,,,,,,,,,,,,,,,,,,,,22.22425,23.293760000000002,0.8181818181818182,0.45,1.021707945852675,,0,0,,0,0,0,0,0,,,,False,False,False,False,False
2026-04-27,22.68,22.99,22.31,22.4,173612.31,-1.9264448336252293,0.8135328232225979,,,,,,,,,,,,,,,,,,,,22.222583333333333,23.279719999999998,0.6666666666666666,0.4,1.005881009149818,,0,0,,0,0,0,0,0,,,,False,False,False,False,False
2026-04-28,22.33,22.93,22.18,22.48,174629.35,0.3571428571428559,0.8182985879459077,,,,,,,,,,,,,,,,,,,,22.2225,23.266440000000003,0.6666666666666666,0.4,0.9250703723824388,,0,0,,0,0,0,0,0,,,,True,False,False,False,False
2026-04-29,22.38,22.95,22.32,22.62,161512.62,0.6227758007117501,0.7568346837541569,,,,,,,,,,,,,,,,,,,,22.222583333333333,23.253760000000003,0.8181818181818182,0.45,0.9008241085623473,,0,0,,0,0,0,0,0,,,,True,False,False,False,False
2026-04-30,22.66,22.81,22.29,22.46,148170.37,-0.7073386383731228,0.694314011627614,,,,,,,,,,,,,,,,,,,,22.219999999999995,23.23996,0.8181818181818182,0.4,0.8996826473690707,,0,0,,0,0,0,0,0,,,,False,False,False,False,False
2026-05-06,22.63,23.94,22.63,23.77,541779.83,5.832591273374876,2.538735154580681,,,,,,,,,,,,,,,,,,,,22.225833333333338,23.229879999999998,1.0,0.45,0.9951395314943537,,0,0,,0,0,0,0,0,,,,True,False,True,True,False
2026-05-07,23.87,23.92,23.54,23.75,228341.53,-0.08413967185527671,1.06998938934611,,,,,,,,,,,,,,,,,,,,22.233333333333334,23.221559999999997,1.0,0.45,1.011270600591924,,0,0,,0,0,0,0,0,,,,False,False,False,False,False
2026-05-08,23.77,24.35,23.47,24.1,361321.34,1.473684210526316,1.6931217021464213,,,,,,,,,,,,,,,,,,,,22.244083333333332,23.21404,1.2222222222222223,0.5,1.051789497396133,,0,0,,0,0,0,0,0,,,,True,False,True,True,True
2026-05-11,24.37,24.53,23.87,23.99,272643.6,-0.456431535269719,1.2775851991231078,,,,,,,,,,,,,,,,,,,,22.25525,23.20752,1.0,0.45,1.0593099813432896,,0,0,,0,0,0,0,0,,,,False,False,False,False,False
2026-05-12,23.91,23.91,23.27,23.46,227125.36,-2.20925385577323,1.0642905180297926,,,,,,,,,,,,,,,,,,,,22.262583333333332,23.19848,0.8181818181818182,0.45,1.0761390224196432,,0,0,,0,0,0,0,0,,,,False,False,False,False,False
2026-05-13,23.29,24.25,23.05,23.95,356680.78,2.0886615515771423,1.6713764245325595,,,,,,,,,,,,,,,,,,,,22.272333333333336,23.19444,1.0,0.5,1.122258939227584,,0,0,,0,0,0,0,0,,,,True,False,False,False,False
2026-05-14,24.32,24.6,23.49,23.49,261631.83,-1.9206680584551217,1.2259849621538634,,,,,,,,,,,,,,,,,,,,22.279083333333332,23.1886,0.8181818181818182,0.45,1.1477272057772379,,0,0,,0,0,0,0,0,,,,False,False,False,False,False
2026-05-15,23.7,23.93,23.0,23.14,263627.22,-1.489995742869299,1.2353351934832555,,,,,,,,,,,,,,,,,,,,22.283833333333334,23.177439999999997,0.6666666666666666,0.4,1.1611194385656247,,0,0,,0,0,0,0,0,,,,False,False,False,False,False
2026-05-18,23.19,24.08,23.19,23.73,276365.37,2.549697493517722,1.2950251033296998,,,,,,,,,,,,,,,,,,,,22.293,23.16684,0.8181818181818182,0.45,1.1975309325714192,,0,0,,0,0,0,0,0,,,,True,False,False,False,False
2026-05-19,23.68,24.47,23.6,24.22,318434.5,2.0648967551622377,1.49215754226458,,,,,,,,,,,,,,,,,,,,22.307250000000003,23.15844,0.8181818181818182,0.45,1.1859885263183385,,0,0,,0,0,0,0,0,,,,True,False,False,False,True
2026-05-20,24.22,25.0,23.88,23.91,354023.29,-1.2799339388934738,1.6589236477543128,,,,,,,,,,,,,,,,,,,,22.31775,23.148480000000003,0.8181818181818182,0.45,1.2283582805595281,,0,0,,0,0,0,0,0,,,,False,False,False,False,False
2026-05-21,23.97,24.46,22.51,22.55,424271.54,-5.687996654119609,1.9881010957644618,,,,,,,,,,,,,,,,,,,,22.315833333333334,23.13496,0.8181818181818182,0.45,1.291874398371933,,0,0,,0,0,0,0,0,,,,False,False,False,False,False
2026-05-22,22.71,23.04,22.18,22.84,282974.0,1.2860310421286103,1.3259925930286363,,,,,,,,,,,,,,,,,,,,22.31908333333333,23.12152,1.0,0.5,1.3103507617503276,,0,0,,0,0,0,0,0,,,,True,False,False,False,False
2026-05-25,22.85,22.92,21.81,22.01,359564.72,-3.6339754816111958,1.6848903271481321,,,,,,,,,,,,,,,,,,,,22.31641666666667,23.105,0.8181818181818182,0.45,1.3234912202342788,,0,0,,0,0,0,0,0,,,,False,False,False,False,False
2026-05-26,21.82,21.82,20.85,21.16,314004.79,-3.8618809631985496,1.4714002901874814,,,,,,,,,,,,,,,,,,,,22.310999999999996,23.08464,0.6666666666666666,0.4,1.332075023027778,,0,0,,0,0,0,0,0,,,,False,False,False,False,False
2026-05-27,21.02,21.15,20.68,20.83,177300.02,-1.5595463137996313,0.8308131251062962,,,,,,,,,,,,,,,,,,,,22.301166666666667,23.06376,0.6666666666666666,0.4,1.3303351187264834,,0,0,,0,0,0,0,0,,,,False,False,False,False,False
2026-05-28,20.8,21.08,20.41,20.96,178178.77,0.6240998559769784,0.8349308744087902,,,,,,,,,,,,,,,,,,,,22.293083333333335,23.04504,0.8181818181818182,0.45,1.3314050212857933,,0,0,,0,0,0,0,0,,,,True,False,False,False,False
2026-05-29,20.97,21.15,20.15,20.15,209552.69,-3.864503816793907,0.9819464501658314,,,,,,,,,,,,,,,,,,,,22.281083333333335,23.024320000000003,0.6666666666666666,0.4,1.3395874143967892,,0,0,,0,0,0,0,0,,,,False,False,False,False,False
2026-06-01,20.18,20.7,20.18,20.46,154523.38,1.5384615384615552,0.7240836872990074,,,,,,,,,,,,,,,,,,,,22.275750000000002,23.004839999999998,0.6666666666666666,0.4,1.3379498645740315,,0,0,,0,0,0,0,0,,,,True,False,False,False,False
2026-06-02,20.6,20.88,20.21,20.84,167437.74,1.8572825024437911,0.7845993025276338,,,,,,,,,,,,,,,,,,,,22.27325,22.98708,0.8181818181818182,0.45,1.342464129119033,,0,0,,0,0,0,0,0,,,,True,False,False,False,False
2026-06-03,20.61,20.8,20.0,20.26,221651.38,-2.7831094049903915,1.0386399037175698,,,,,,,,,,,,,,,,,,,,22.265249999999998,22.96792,0.6666666666666666,0.4,1.2674593665758773,,0,0,,0,0,0,0,0,,,,False,False,False,False,False
2026-06-04,20.02,20.11,19.24,19.31,258177.1,-4.689042448173753,1.2097963851435591,,,,,,,,,,,,,,,,,,,,22.251250000000002,22.946120000000004,0.6666666666666666,0.4,1.2744497163657496,,0,0,,0,0,0,0,0,,,,False,False,False,False,False
2026-06-05,19.31,19.49,18.99,19.32,141587.64,0.05178663904712444,0.6634678871712774,,,,,,,,,,,,,,,,,,,,22.240583333333333,22.923920000000003,0.6666666666666666,0.4,1.2229670256169922,,0,0,,0,0,0,0,0,,,,True,False,False,False,False
2026-06-08,18.95,19.2,18.75,18.8,135335.45,-2.6915113871635588,0.6341706456218499,,,,,,,,,,,,,,,,,,,,22.224333333333334,22.90052,0.6666666666666666,0.4,1.1907962979419295,,0,0,,0,0,0,0,0,,,,False,False,False,False,False
2026-06-09,18.88,19.27,18.63,18.95,148580.44,0.7978723404255206,0.6962355654898885,,,,,,,,,,,,,,,,,,,,22.209583333333335,22.87944,0.8181818181818182,0.45,1.1723935503149343,,0,0,,0,0,0,0,0,,,,True,False,False,False,False
2026-06-10,19.02,19.24,18.96,19.01,113901.03,0.31662269129288934,0.5337307389312534,,,,,,,,,,,,,,,,,,,,22.19475,22.855760000000004,0.6666666666666666,0.45,1.115511266034869,,0,0,,0,0,0,0,0,,,,False,False,False,False,False
2026-06-11,18.84,18.95,17.86,17.91,215248.95,-5.786428195686488,1.0086386500427293,,,,,,,,,,,,,,,,,,,,22.172333333333334,22.83036,0.6666666666666666,0.45,1.1046439504293124,,0,0,,0,0,0,0,0,,,,False,False,False,False,False
2026-06-12,18.12,18.23,17.73,17.93,221095.69,0.1116694584031297,1.0360359866650488,,,,,,,,,,,,,,,,,,,,22.151083333333336,22.80488,0.6666666666666666,0.5,1.094678990088402,,0,0,,0,0,0,0,0,,,,False,False,False,False,False
2026-06-15,18.0,18.25,17.96,18.19,155385.46,1.4500836586726296,0.7281233223700673,,,,,,,,,,,,,,,,,,,,22.134999999999998,22.78004,0.6666666666666666,0.5,1.0663339010404205,,0,0,,0,0,0,0,0,,,,True,False,False,False,False
2026-06-16,18.1,18.33,17.85,18.16,141131.91,-0.16492578339747377,0.6613323743523578,,,,,,,,,,,,,,,,,,,,22.119916666666665,22.75332,0.6666666666666666,0.45,1.0247926426448093,,0,0,,0,0,0,0,0,,,,True,False,False,False,False
2026-06-17,18.14,18.14,17.49,17.72,206940.45,-2.422907488986792,0.9697057111183814,,,,,,,,,,,,,,,,,,,,22.102416666666667,22.725080000000002,0.6666666666666666,0.45,0.9903317458130128,,0,0,,0,0,0,0,0,,,,False,False,False,False,False
2026-06-18,17.62,18.2,17.45,17.9,176998.68,1.0158013544018019,0.8294010709671059,,,,,,,,,,,,,,,,,,,,22.086250000000003,22.696879999999997,0.8181818181818182,0.5,0.9323967445731448,,0,0,,0,0,0,0,0,,,,True,False,False,False,False
2026-06-22,17.8,18.08,17.29,18.07,200943.43,0.9497206703910743,0.9416041749339807,,,,,,,,,,,,,,,,,,,,22.0715,22.671,0.8181818181818182,0.5,0.913177323668412,,0,0,,0,0,0,0,0,,,,True,False,False,False,False
2026-06-23,17.98,18.2,17.53,17.58,161684.92,-2.7116768123962465,0.7576420672020313,,,,,,,,,,,,,,,,,,,,22.052166666666665,22.643240000000002,0.8181818181818182,0.5,0.8668149106711069,,0,0,,0,0,0,0,0,,,,False,False,False,False,False
2026-06-24,17.6,17.6,17.14,17.31,166486.28,-1.5358361774744034,0.7801408402216867,,,,,,,,,,,,,,,,,,,,22.03008333333333,22.61556,0.8181818181818182,0.5,0.8322519381728174,,0,0,,0,0,0,0,0,,,,False,False,False,False,False
2026-06-25,17.26,17.42,16.94,17.08,163012.08,-1.3287117273252491,0.763861028413181,,,,,,,,,,,,,,,,,,,,22.004250000000003,22.5888,0.8181818181818182,0.5,0.8289043333381615,,0,0,,0,0,0,0,0,,,,False,False,False,False,False
2026-06-26,17.06,17.06,16.32,16.36,190716.45,-4.215456674473062,0.893681398533845,,,,,,,,,,,,,,,,,,,,21.97533333333333,22.559960000000004,0.6666666666666666,0.45,0.8318418595444144,,0,0,,0,0,0,0,0,,,,False,False,False,False,False
2026-06-29,16.32,16.59,15.99,16.45,172618.67,0.5501222493887514,0.8088767089501313,,,,,,,,,,,,,,,,,,,,21.94675,22.531,0.8181818181818182,0.5,0.8231883724836294,,0,0,,0,0,0,0,0,,,,True,False,False,False,False
2026-06-30,16.46,16.77,16.36,16.63,155959.34,1.094224924012166,0.7308124762474104,,,,,,,,,,,,,,,,,,,,21.9175,22.503760000000003,0.8181818181818182,0.5,0.8235248119310494,,0,0,,0,0,0,0,0,,,,True,False,False,False,False
2026-07-01,17.38,18.29,17.38,18.29,197407.13,9.98196031268792,0.9250333676982376,,,,,,,,,,,,,,,,,,,,21.899083333333337,22.484720000000003,0.8181818181818182,0.5,0.8305465151895797,,0,0,,0,0,0,0,0,,,,True,False,True,False,False
2026-07-02,18.99,19.2,18.11,18.11,523198.95,-0.9841443411700346,2.4516666986378954,,,,,,,,,,,,,,,,,,,,21.880666666666666,22.46644,0.8181818181818182,0.5,0.9011978549355959,,0,0,,0,0,0,0,0,,,,False,False,False,False,False
2026-07-03,18.11,18.7,18.05,18.25,281840.02,0.7730535615682044,1.3206788572061134,,,,,,,,,,,,,,,,,,,,21.864166666666666,22.44868,1.0,0.55,0.9067419785387237,,0,0,,0,0,0,0,0,,,,True,False,False,False,False
2026-07-06,18.08,18.35,17.77,18.18,216169.19,-0.3835616438356171,1.0129508180292182,,,,,,,,,,,,,,,,,,,,21.84475,22.42904,1.0,0.5,0.9242161250816208,,0,0,,0,0,0,0,0,,,,True,False,False,False,False
2026-07-07,18.2,18.73,18.05,18.33,258528.26,0.8250825082508184,1.2114418916528777,,,,,,,,,,,,,,,,,,,,21.82525,22.40864,1.2222222222222223,0.55,0.9530796873831722,,0,0,,0,0,0,0,0,,,,True,False,False,False,False
2026-07-08,18.25,19.5,18.2,19.4,431596.67,5.8374249863611505,2.0224260447808793,,,,,,,,,,,,,,,,,,,,21.813583333333334,22.393079999999998,1.2222222222222223,0.55,1.0193892113477216,,0,0,,0,0,0,0,0,,,,True,False,True,True,False
2026-07-09,19.25,20.36,18.66,20.19,470211.27,4.072164948453616,2.203370843888796,,,,,,,,,,,,,,,,,,,,21.810333333333332,22.38116,1.5,0.55,1.1028712165955987,,0,0,,0,0,0,0,0,,,,True,False,True,True,False
2026-07-10,19.82,20.39,19.5,20.0,335277.36,-0.9410599306587497,1.5710817812597466,,,,,,,,,,,,,,,,,,,,21.788333333333334,22.367600000000003,1.8571428571428572,0.55,1.1309933731564494,,0,0,,0,0,0,0,0,,,,True,False,False,False,False
2026-07-13,20.15,20.58,19.52,20.14,303883.94,0.7000000000000117,1.4239748301270028,,,,,,,,,,,,,,,,,,,,21.760333333333335,22.35548,1.8571428571428572,0.55,1.1503903153295472,,0,0,,0,0,0,0,0,,,,False,False,False,False,False
2026-07-14,19.95,19.96,18.58,18.7,334030.68,-7.149950347567035,1.5652399426248298,,,,,,,,,,,,,,,,,,,,21.71033333333333,22.33924,1.5,0.5,1.1922461463422853,,0,0,,0,0,0,0,0,,,,False,False,False,False,False
2026-07-15,18.7,19.01,18.57,18.84,186673.17,0.7486631016042855,0.8747349252481692,,,,,,,,,,,,,,,,,,,,21.670916666666667,22.32296,1.5,0.55,1.202916273887076,,0,0,,0,0,0,0,0,,,,True,False,False,False,False
2026-07-16,18.59,19.36,18.59,19.04,191628.91,1.0615711252653925,0.8979571100883867,,,,,,,,,,,,,,,,,,,,21.6235,22.30576,1.8571428571428572,0.6,1.1993288438355763,,0,0,,0,0,0,0,0,,,,True,False,False,False,False
2026-07-17,18.87,19.2,18.44,18.65,213267.29,-2.0483193277310963,0.999352756349665,,,,,,,,,,,,,,,,,,,,21.57541666666667,22.28748,1.5,0.55,1.2078264281047042,,0,0,,0,0,0,0,0,,,,False,False,False,False,False
2026-07-20,18.82,19.01,18.3,18.72,198130.85,0.37533512064342744,0.9284246593343126,,,,,,,,,,,,,,,,,,,,21.53425,22.26804,1.2222222222222223,0.55,1.207167452324721,,0,0,,0,0,0,0,0,,,,False,False,False,False,False
2026-07-21,18.66,19.15,18.51,19.02,220248.65,1.6025641025640969,1.0320668277811973,,,,,,,,,,,,,,,,,,,,21.49883333333333,22.25076,1.5,0.6,1.220888690353679,,0,0,,0,0,0,0,0,,,,True,False,False,False,False
2026-07-22,18.85,19.08,18.55,18.59,217714.62,-2.2607781282860118,1.0201925742790652,,,,,,,,,,,,,,,,,,,,21.460416666666667,22.23236,1.5,0.6,1.232891277056548,,0,0,,0,0,0,0,0,,,,False,False,False,False,False
2026-07-23,18.44,18.6,17.73,17.87,270413.94,-3.8730500268961743,1.267137198087775,,,,,,,,,,,,,,,,,,,,21.41508333333333,22.20936,1.5,0.6,1.2580550855402777,,0,0,,0,0,0,0,0,,,,False,False,False,False,False
2026-07-24,17.53,17.82,17.43,17.46,128542.35,-2.2943480693900398,0.6023387448687672,,,,,,,,,,,,,,,,,,,,21.36658333333333,22.18508,1.5,0.6,1.243487952857024,,0,0,,0,0,0,0,0,,,,False,False,False,False,False
2026-07-27,17.14,17.75,17.14,17.75,110714.76,1.6609392898052633,0.5188001431189548,,,,,,,,,,,,,,,,,,,,21.317583333333335,22.15952,1.5,0.6,1.228984124565465,,0,0,,0,0,0,0,0,,,,True,False,False,False,False
2026-07-28,17.61,17.88,17.5,17.53,117725.29,-1.2394366197183038,0.5516509027407047,,,,,,,,,,,,,,,,,,,,21.266000000000002,22.133,1.2222222222222223,0.55,1.2200260458901298,,0,0,,0,0,0,0,0,,,,False,False,False,False,False
2026-07-29,17.69,17.79,17.45,17.68,144624.12,0.855675984027382,0.6776965795206791,,,,,,,,,,,,,,,,,,,,21.219333333333335,22.107,1.0,0.55,1.2076592064812517,,0,0,,0,0,0,0,0,,,,False,False,False,False,False
2026-07-30,17.67,18.09,17.47,17.54,192334.58,-0.7918552036199178,0.9012638209279781,,,,,,,,,,,,,,,,,,,,21.167916666666667,22.08016,1.0,0.55,1.130139062595756,,0,0,,0,0,0,0,0,,,,False,False,False,False,False
2026-07-31,17.81,18.8,17.81,18.59,304830.37,5.98631698973775,1.4284097222719352,,,,,,,,,,,,,,,,,,,,21.127666666666666,22.05728,1.0,0.55,1.135525605849047,,0,0,,0,0,0,0,0,,,,True,False,True,False,False
2026-08-03,18.99,19.06,18.6,18.65,273275.37,0.3227541689080127,1.2805456207183699,,,,,,,,,,,,,,,,,,,,21.09441666666667,22.033079999999998,0.8181818181818182,0.6,1.1489053459835046,,0,0,,0,0,0,0,0,,,,False,False,False,False,False
2026-08-04,18.7,19.14,18.7,19.01,220805.34,1.93029490616623,1.0346754307504211,,,,,,,,,,,,,,,,,,,,21.06608333333333,22.01084,0.8181818181818182,0.6,1.1400670229383818,,0,0,,0,0,0,0,0,,,,True,False,False,False,False
2026-08-05,18.98,19.83,18.88,19.38,311462.28,1.946344029458169,1.4594863001117104,,,,,,,,,,,,,,,,,,,,21.036583333333333,21.98884,0.8181818181818182,0.6,1.1119200357049233,,0,0,,0,0,0,0,0,,,,True,False,True,True,False
2026-08-06,19.09,19.45,18.71,18.94,254788.69,-2.27038183694529,1.1939185781289778,,,,,,,,,,,,,,,,,,,,21.007250000000003,21.962,0.6666666666666666,0.55,1.0614474224169324,,0,0,,0,0,0,0,0,,,,False,False,False,False,False
2026-08-07,18.89,18.94,17.85,18.26,337519.77,-3.5902851108764455,1.5815895277330387,,,,,,,,,,,,,,,,,,,,20.97458333333333,21.93364,0.5384615384615384,0.55,1.061972809740597,,0,0,,0,0,0,0,0,,,,False,False,False,False,False
2026-08-10,18.19,18.54,18.02,18.32,173682.86,0.3285870755750153,0.8138634146459732,,,,,,,,,,,,,,,,,,,,20.94425,21.906359999999996,0.6666666666666666,0.55,1.0314672389665458,,0,0,,0,0,0,0,0,,,,True,False,False,False,False
2026-08-11,18.4,18.56,18.08,18.31,158221.44,-0.05458515283843779,0.7414124884205785,,,,,,,,,,,,,,,,,,,,20.905666666666665,21.88112,0.6666666666666666,0.55,0.9902758662563329,,0,0,,0,0,0,0,0,,,,False,False,False,False,False
2026-08-12,19.46,19.75,18.62,18.73,430908.3,2.293828509011475,2.019200400300245,,,,,,,,,,,,,,,,,,,,20.870166666666666,21.858039999999995,0.5384615384615384,0.55,1.0474991400089366,,0,0,,0,0,0,0,0,,,,False,False,False,False,False
2026-08-13,18.71,19.3,18.46,18.46,343980.41,-1.4415376401494928,1.6118635486191433,,,,,,,,,,,,,,,,,,,,20.831333333333337,21.83384,0.42857142857142855,0.5,1.0831944619354748,,0,0,,0,0,0,0,0,,,,False,False,False,False,False
2026-08-14,18.4,18.64,17.93,18.24,267677.83,-1.1917659804983827,1.254316014538362,,,,,,,,,,,,,,,,,,,,20.783333333333335,21.808,0.42857142857142855,0.5,1.0959426248449096,,0,0,,0,0,0,0,0,,,,False,False,False,False,False
2026-08-17,18.2,18.2,17.85,18.09,172526.4,-0.8223684210526216,0.8084443394159736,,,,,,,,,,,,,,,,,,,,20.736749999999997,21.78192,0.42857142857142855,0.45,1.0899436088489924,,0,0,,0,0,0,0,0,,,,False,False,False,False,False
2026-08-18,17.98,18.2,17.66,18.02,219604.46,-0.3869541182974001,1.0290482071004878,,,,,,,,,,,,,,,,,,,,20.687833333333334,21.754240000000003,0.42857142857142855,0.4,1.089792677814957,,0,0,,0,0,0,0,0,,,,True,False,False,False,False
2026-08-19,17.8,17.87,17.43,17.55,173002.06,-2.6082130965593753,0.8106732425547778,,,,,,,,,,,,,,,,,,,,20.64016666666667,21.725920000000002,0.42857142857142855,0.4,1.0793167112287425,,0,0,,0,0,0,0,0,,,,False,False,False,False,False
2026-08-20,17.8,17.93,17.6,17.69,123698.98,0.7977207977208023,0.5796431164884315,,,,,,,,,,,,,,,,,,,,20.588000000000005,21.699879999999997,0.42857142857142855,0.45,1.0449420071487756,,0,0,,0,0,0,0,0,,,,False,False,False,False,False
2026-08-21,17.55,17.59,17.3,17.35,115516.71,-1.921989824759751,0.5413016808294648,,,,,,,,,,,,,,,,,,,,20.533,21.671560000000003,0.42857142857142855,0.45,1.0418901539468104,,0,0,,0,0,0,0,0,,,,False,False,False,False,False
2026-08-24,17.28,17.39,17.08,17.15,94352.48,-1.1527377521614035,0.4421278619727697,17.552,17.959,18.174500000000002,18.271,18.387666666666668,20.1129,21.13525,36.91771703200511,-0.2887831760219264,-0.16809759498080729,145234.93800000002,209948.90699999998,22.93980248352058,8.123605583534523,15.549424051363,-6.728031352122429,19.390610711719262,18.174500000000002,16.958389288280742,20.479500000000005,21.64268,0.3333333333333333,0.4,1.0380565398895012,0.6496541486456928,0,0,-0.0673096097021556,0,0,1,0,0,0.07878012662530111,0.13382604327153538,22.93980248352058,False,False,False,False,False
2026-08-25,17.13,17.35,17.05,17.34,73591.01,1.1078717201166155,0.3448413429272523,17.416,17.862000000000002,18.165,18.225666666666665,18.33566666666667,20.0585,21.108900000000002,39.79582509748932,-0.310804699963537,-0.19663901597735323,116032.24799999999,201485.864,32.8129429940887,9.712033351985966,13.603627151570656,1.928845752816585,19.405042444095493,18.165,16.924957555904506,20.439166666666665,21.61412,0.42857142857142855,0.45,1.0277160618988286,0.6342289429745427,0,0,-0.05430217972258089,0,0,1,0,0,0.16735009598733241,0.13653095998849366,32.8129429940887,True,False,False,False,False
2026-08-26,17.36,17.48,17.31,17.45,77026.71,0.6343713956170616,0.3609407469427042,17.396,17.734,18.1535,18.179333333333336,18.279166666666665,20.003400000000003,21.0823,41.46103319807626,-0.31574116800937446,-0.22045944638375747,96837.178,166097.705,38.304540897283104,14.860433136124785,14.022562479755365,16.536174448863626,19.416533524579204,18.1535,16.890466475420798,20.399333333333335,21.58736,0.5384615384615384,0.45,1.0118782702699298,0.7954249761388132,0,0,-0.045361294734442614,0,0,1,1,1,0.22150382934832138,0.139150414474256,38.304540897283104,True,True,False,False,False
2026-08-27,17.49,17.49,17.19,17.47,115971.8,0.11461318051575464,0.5434341946616947,17.351999999999997,17.634999999999998,18.15,18.127,18.232666666666667,19.9525,21.0543,41.7763617092117,-0.3144151396349244,-0.23925058503399088,95291.742,143296.84399999998,39.38549739076984,22.08086846756141,16.70866447569071,32.82527645130281,19.420557275164768,18.15,16.87944272483523,20.358249999999998,21.56024,0.5384615384615384,0.5,0.9939867889566155,1.2170183645084378,0,0,-0.04182968298658096,0,0,1,0,1,0.23240088688177576,0.14000631131292227,39.38549739076984,False,True,False,False,False
2026-08-28,17.5,17.8,17.5,17.61,154674.41,0.801373783629078,0.7247914012986155,17.404,17.572000000000003,18.101,18.092333333333332,18.204333333333334,19.9059,21.0281,44.04838881173425,-0.29862505883289714,-0.25112547979377214,103123.282,131996.502,47.16194301154604,30.952463036345268,21.45659732924223,49.94419445055135,19.375691293897184,18.101,16.826308706102814,20.314333333333334,21.53024,0.5384615384615384,0.5,0.9588058729079496,1.4998980540592182,0,0,-0.03264790434511933,0,0,1,0,1,0.30740434866435856,0.1408420853982857,47.16194301154604,True,True,True,False,False
2026-08-31,17.33,17.89,17.28,17.65,131675.05,0.22714366837024436,0.6170183161233023,17.504,17.528,18.051000000000002,18.056666666666665,18.1765,19.866600000000002,21.0023,44.71222348239781,-0.2796598951409024,-0.2568323628631982,110587.796,127911.367,49.3881719275303,43.36224808483618,28.758480914440213,72.56978242562812,19.313410392859804,18.051000000000002,16.7885896071402,20.26316666666667,21.502,0.6666666666666666,0.5,0.9256295076781964,1.1906833734167195,0,0,-0.028965972546970087,0,0,1,0,0,0.34117684618723804,0.1398715187922888,49.3881719275303,True,True,False,False,False
2026-09-01,17.71,17.88,17.66,17.76,125846.29,0.6232294617563916,0.5897052322832972,17.588,17.502000000000002,17.9885,18.014666666666663,18.159166666666668,19.8167,20.97785,46.588928443941434,-0.2528392125316081,-0.25603373279688024,121038.852,118535.55,55.5662062303948,55.802104783830245,37.773022204236895,91.86026994301693,19.172325645057235,17.9885,16.80467435494276,20.21216666666667,21.47288,0.6666666666666666,0.5,0.9033809977548402,1.039718139428487,0,0,-0.021981552016887673,1,1,1,0,0,0.40349085570411464,0.1316202735144383,55.5662062303948,True,True,False,False,False
2026-09-02,17.6,17.67,17.42,17.43,92021.25,-1.858108108108114,0.43120391237794425,17.584,17.49,17.891,17.976,18.13383333333333,19.7658,20.9521,41.98463305933902,-0.2552692849883549,-0.2558808432351752,124037.76000000001,110437.469,38.60262263325235,52.280768268585206,42.608937559019665,71.62442968771629,18.900677384639806,17.891,16.88132261536019,20.159333333333333,21.44332,0.5384615384615384,0.45,0.8519668783681518,0.7418809401266194,0,0,-0.03881326801650686,0,1,1,0,0,0.27170925732655904,0.11286986581407502,38.60262263325235,False,False,False,False,False
2026-09-03,17.5,17.57,17.26,17.27,86865.37,-0.9179575444635657,0.4070438881688491,17.544,17.448,17.807499999999997,17.956,18.104833333333332,19.7165,20.92455,39.9244305467647,-0.2670276689930624,-0.25811020838675264,118216.474,106754.10800000001,32.78017702318574,43.58400424254883,42.93395978686272,44.88409315392106,18.7238055109919,17.807499999999997,16.891194489008093,20.10683333333333,21.41016,0.5384615384615384,0.45,0.8126231438701452,0.7347991955841958,0,0,-0.04611107531138092,0,1,1,0,0,0.2067026261698721,0.1029123134625191,32.78017702318574,False,False,False,False,False
2026-09-04,17.4,17.68,17.35,17.41,121058.26,0.810654313839021,0.5672689225332886,17.503999999999998,17.454,17.765,17.954333333333334,18.0965,19.6684,20.898200000000003,42.579519696488575,-0.2620289365865709,-0.25889395402671633,111493.24399999999,107308.263,41.97042660721314,43.341717114080154,43.069878895935204,43.885393550370054,18.671735033542372,17.765,16.85826496645763,20.064583333333335,21.377599999999997,0.6666666666666666,0.5,0.7619071136101578,1.0857900950482704,0,0,-0.03793551239189896,0,0,1,0,0,0.30424270218549393,0.10208106203685582,41.97042660721314,True,False,False,False,False
