date,open,high,low,close,volume,change_rate,turnover,MA5,MA10,MA20,MA30,MA60,MA100,MA200,RSI14,DIF,DEA,VOL_MA5,VOL_MA10,RSI6,K,D,J,BOLL_UPPER,BOLL_MIDDLE,BOLL_LOWER,MA120,MA250,updown_ratio_20,up_days_ratio_20,turnover_ma20,vol_ratio,ma_bull,dif_above_zero,bias60,macd_gold,macd_gold3,dif_below0,kdj_gold,kdj_gold3,boll_pos,boll_width,rsi6,is_yang,above_ma5,break_high5,break_high10,break_close40
2024-07-31,7.06,7.27,6.99,7.27,96638.0,3.5612535612535634,0.5715074348011798,,,,,,,,,,,,,,,,,,,,,,,,,,0,0,,0,0,0,0,0,,,,True,False,False,False,False
2024-08-01,7.3,7.33,7.22,7.25,72313.0,-0.27510316368637433,0.42765182570808297,,,,,,,,,,,,,,,,,,,,,,,,,,0,0,,0,0,0,0,0,,,,False,False,False,False,False
2024-08-02,7.22,7.28,7.11,7.17,64226.0,-1.1034482758620734,0.379826119203011,,,,,,,,,,,,,,,,,,,,,,,,,,0,0,,0,0,0,0,0,,,,False,False,False,False,False
2024-08-05,7.12,7.22,6.97,7.01,81129.0,-2.231520223152028,0.479788765061207,,,,,,,,,,,,,,,,,,,,,,,,,,0,0,,0,0,0,0,0,,,,False,False,False,False,False
2024-08-06,7.03,7.19,6.99,7.08,67819.88,0.9985734664764712,0.40107996489293907,,,,,,,,,,,,,,,,,,,,,,,,,,0,0,,0,0,0,0,0,,,,True,False,False,False,False
2024-08-07,7.03,7.15,7.03,7.08,42490.5,0.0,0.2512845532649634,,,,,,,,,,,,,,,,,,,,,,,,,,0,0,,0,0,0,0,0,,,,True,False,False,False,False
2024-08-08,7.08,7.13,6.97,7.09,39024.84,0.14124293785311437,0.23078898778872162,,,,,,,,,,,,,,,,,,,,,,,,,,0,0,,0,0,0,0,0,,,,True,False,False,False,False
2024-08-09,7.08,7.16,7.0,7.01,36073.0,-1.128349788434413,0.21333210223289972,,,,,,,,,,,,,,,,,,,,,,,,,,0,0,,0,0,0,0,0,,,,False,False,False,False,False
2024-08-12,7.04,7.08,6.97,7.07,40749.0,0.8559201141226991,0.2409854970168389,,,,,,,,,,,,,,,,,,,,,,,,,,0,0,,0,0,0,0,0,,,,True,False,False,False,False
2024-08-13,7.04,7.12,7.03,7.11,37329.0,0.5657708628005631,0.22075996019881666,,,,,,,,,,,,,,,,,,,,,,,,,,0,0,,0,0,0,0,0,,,,True,False,False,False,False
2024-08-14,7.12,7.19,7.0,7.0,42577.5,-1.5471167369901617,0.2517990625348956,,,,,,,,,,,,,,,,,,,,,,,,,,0,0,,0,0,0,0,0,,,,False,False,False,False,False
2024-08-15,7.0,7.12,6.94,7.02,48465.66,0.28571428571428914,0.28662104992390314,,,,,,,,,,,,,,,,,,,,,,,,,,0,0,,0,0,0,0,0,,,,True,False,False,False,False
2024-08-16,7.06,7.07,6.86,6.87,48693.0,-2.136752136752129,0.28796551587133273,,,,,,,,,,,,,,,,,,,,,,,,,,0,0,,0,0,0,0,0,,,,False,False,False,False,False
2024-08-19,6.86,7.03,6.85,6.89,43004.0,0.29112081513826826,0.2543213407374939,,,,,,,,,,,,,,,,,,,,,,,,,,0,0,,0,0,0,0,0,,,,True,False,False,False,False
2024-08-20,6.92,6.92,6.69,6.78,55279.0,-1.5965166908563089,0.3269144589951616,,,,,,,,,,,,,,,,,,,,,,,,,,0,0,,0,0,0,0,0,,,,False,False,False,False,False
2024-08-21,6.78,6.81,6.7,6.74,40871.3,-0.5899705014749235,0.2417087669445711,,,,,,,,,,,,,,,,,,,,,,,,,,0,0,,0,0,0,0,0,,,,False,False,False,False,False
2024-08-22,6.72,6.77,6.64,6.68,51909.0,-0.8902077151335397,0.3069846171598589,,,,,,,,,,,,,,,,,,,,,,,,,,0,0,,0,0,0,0,0,,,,False,False,False,False,False
2024-08-23,6.64,6.71,6.47,6.66,108691.35,-0.29940119760478723,0.6427897372004514,,,,,,,,,,,,,,,,,,,,,,,,,,0,0,,0,0,0,0,0,,,,True,False,False,False,False
2024-08-26,6.65,6.69,6.55,6.63,71689.52,-0.45045045045045695,0.4239646275515623,,,,,,,,,,,,,,,,,,,,,,,,,,0,0,,0,0,0,0,0,,,,False,False,False,False,False
2024-08-27,6.58,6.64,6.55,6.64,55265.37,0.15082956259426794,0.32683385254287217,,,,,,,,,,,,,,,,,,,,,,1.0,0.35,0.33834541198153817,,0,0,,0,0,0,0,0,,,,True,False,False,False,False
2024-08-28,6.58,6.75,6.57,6.72,55255.33,1.2048192771084265,0.32677447699034207,,,,,,,,,,,,,,,,,,,,,,1.0,0.4,0.32610876409099626,,0,0,,0,0,0,0,0,,,,True,False,False,False,False
2024-08-29,6.68,6.91,6.68,6.9,69223.16,2.6785714285714413,0.4093788219999549,,,,,,,,,,,,,,,,,,,,,,1.2222222222222223,0.45,0.32519511390558986,,0,0,,0,0,0,0,0,,,,True,False,True,False,False
2024-08-30,6.89,7.02,6.84,6.87,79668.5,-0.43478260869566077,0.4711515146159668,,,,,,,,,,,,,,,,,,,,,,1.2222222222222223,0.45,0.32976138367623764,,0,0,,0,0,0,0,0,,,,False,False,False,False,False
2024-09-02,6.87,6.93,6.84,6.84,77072.05,-0.4366812227074246,0.45579636985831945,,,,,,,,,,,,,,,,,,,,,,1.2222222222222223,0.45,0.32856176391609326,,0,0,,0,0,0,0,0,,,,False,False,False,False,False
2024-09-03,6.89,6.99,6.81,6.94,68371.79,1.4619883040935644,0.4043439052511948,,,,,,,,,,,,,,,,,,,,,,1.2222222222222223,0.45,0.32872496093400605,,0,0,,0,0,0,0,0,,,,True,False,False,False,False
2024-09-04,6.99,6.99,6.82,6.87,48404.6,-1.008645533141217,0.28625994721100595,,,,,,,,,,,,,,,,,,,,,,1.0,0.45,0.3304737306313082,,0,0,,0,0,0,0,0,,,,False,False,False,False,False
2024-09-05,6.9,6.97,6.86,6.91,46086.46,0.5822416302765587,0.2725506998661726,,,,,,,,,,,,,,,,,,,,,,1.0,0.45,0.3325618162351808,,0,0,,0,0,0,0,0,,,,True,False,False,False,False
2024-09-06,6.93,6.95,6.82,6.82,44298.0,-1.302460202604916,0.26197392689027776,,,,,,,,,,,,,,,,,,,,,,1.0,0.45,0.33499390746804963,,0,0,,0,0,0,0,0,,,,False,False,False,False,False
2024-09-09,6.81,6.85,6.69,6.71,50748.37,-1.6129032258064613,0.3001207678039814,,,,,,,,,,,,,,,,,,,,,,0.8181818181818182,0.4,0.3379506710074068,,0,0,,0,0,0,0,0,,,,False,False,False,False,False
2024-09-10,6.71,6.81,6.66,6.8,43619.0,1.3412816691505292,0.2579583890249453,,,,,,,,,,,,,,,,,,,,,,0.8181818181818182,0.4,0.33981059244871326,,0,0,,0,0,0,0,0,,,,True,False,False,False,False
2024-09-11,6.75,6.9,6.74,6.83,39234.0,0.4411764705882337,0.23202593904043434,,,,,,,,,,,,,,,,,,,,,,1.0,0.45,0.33882193627399015,,0,0,,0,0,0,0,0,,,,True,False,False,False,False
2024-09-12,6.77,6.95,6.77,6.86,50148.56,0.43923865300146137,0.2965735516522803,,,,,,,,,,,,,,,,,,,,,,1.0,0.45,0.33931956136040897,,0,0,,0,0,0,0,0,,,,True,False,False,False,False
2024-09-13,6.86,6.93,6.76,6.81,47550.0,-0.7288629737609464,0.2812059285663621,,,,,,,,,,,,,,,,,,,,,,1.0,0.45,0.33898158199516043,,0,0,,0,0,0,0,0,,,,False,False,False,False,False
2024-09-18,6.83,6.86,6.69,6.78,38139.0,-0.4405286343612258,0.22555021891887458,,,,,,,,,,,,,,,,,,,,,,0.8181818181818182,0.4,0.33754302590422947,,0,0,,0,0,0,0,0,,,,False,False,False,False,False
2024-09-19,6.82,7.05,6.75,6.94,70720.0,2.359882005899716,0.41823098355863575,,,,,,,,,,,,,,,,,,,,,,1.0,0.45,0.34210885213240316,,0,0,,0,0,0,0,0,,,,True,False,False,False,False
2024-09-20,6.95,6.95,6.86,6.92,49641.82,-0.2881844380403509,0.2935767421414134,,,,,,,,,,,,,,,,,,,,,,1.0,0.45,0.3447022508922453,,0,0,,0,0,0,0,0,,,,False,False,False,False,False
2024-09-23,6.92,6.99,6.83,6.87,43875.54,-0.7225433526011571,0.2594755408422832,,,,,,,,,,,,,,,,,,,,,,1.0,0.45,0.34232679707636654,,0,0,,0,0,0,0,0,,,,False,False,False,False,False
2024-09-24,6.91,7.12,6.86,7.11,88399.13,3.493449781659397,0.5227835843555954,,,,,,,,,,,,,,,,,,,,,,1.0,0.5,0.33632648943412374,,0,0,,0,0,0,0,0,,,,True,False,True,True,False
2024-09-25,7.15,7.3,7.12,7.14,86405.07,0.42194092827003704,0.5109909136107575,,,,,,,,,,,,,,,,,,,,,,1.0,0.55,0.3406778037370835,,0,0,,0,0,0,0,0,,,,False,False,True,True,False
2024-09-26,7.14,7.31,7.07,7.31,108442.0,2.3809523809523725,0.6413151063216286,,,,,,,,,,,,,,,,,,,,,,1.0,0.55,0.3564018664260213,,0,0,,0,0,0,0,0,,,,True,False,True,True,False
2024-09-27,7.39,7.54,7.39,7.53,112044.81,3.0095759233926156,0.6626217631354704,,,,,,,,,,,,,,,,,,,,,,1.0,0.55,0.37319423073327773,,0,0,,0,0,0,0,0,,,,True,False,True,True,True
2024-09-30,7.79,8.15,7.77,8.14,354216.85,8.100929614873852,2.0948029067949907,,,,,,,,,,,,,,,,,,,,,,1.0,0.55,0.4574654349730295,,0,0,,0,0,0,0,0,,,,True,False,True,True,True
2024-10-08,8.93,8.94,8.07,8.33,407991.52,2.3341523341523285,2.41282090912306,,,,,,,,,,,,,,,,,,,,,,1.0,0.6,0.5545489046983841,,0,0,,0,0,0,0,0,,,,False,False,True,True,True
2024-10-09,8.17,8.2,7.66,7.73,319514.65,-7.202881152460982,1.8895775782083322,,,,,,,,,,,,,,,,,,,,,,1.0,0.6,0.6262379651158848,,0,0,,0,0,0,0,0,,,,False,False,False,False,False
2024-10-10,7.95,8.03,7.73,7.88,218532.24,1.9404915912031084,1.2923777386096131,,,,,,,,,,,,,,,,,,,,,,0.8181818181818182,0.6,0.6706396567838058,,0,0,,0,0,0,0,0,,,,False,False,False,False,False
2024-10-11,7.86,7.92,7.61,7.68,125969.3,-2.5380710659898553,0.7449697997340619,,,,,,,,,,,,,,,,,,,,,,0.8181818181818182,0.6,0.6935751494099585,,0,0,,0,0,0,0,0,,,,False,False,False,False,False
2024-10-14,7.77,8.16,7.69,8.05,252092.9,4.817708333333348,1.4908521141847966,,,,,,,,,,,,,,,,,,,,,,0.8181818181818182,0.6,0.7544902201258897,,0,0,,0,0,0,0,0,,,,True,False,False,False,False
2024-10-15,7.99,8.02,7.72,7.73,162683.09,-3.9751552795031064,0.9620914697264997,,,,,,,,,,,,,,,,,,,,,,0.8181818181818182,0.6,0.7894960972677009,,0,0,,0,0,0,0,0,,,,False,False,False,False,False
2024-10-16,7.68,7.83,7.63,7.73,97434.64,0.0,0.576218683821855,,,,,,,,,,,,,,,,,,,,,,1.0,0.6,0.8033009930685946,,0,0,,0,0,0,0,0,,,,True,False,False,False,False
2024-10-17,7.79,7.84,7.67,7.67,92487.1,-0.7761966364812523,0.5469594287257622,,,,,,,,,,,,,,,,,,,,,,0.8181818181818182,0.55,0.8177510450536353,,0,0,,0,0,0,0,0,,,,False,False,False,False,False
2024-10-18,7.68,7.98,7.66,7.86,212095.51,2.4771838331160367,1.2539885239694717,,,,,,,,,,,,,,,,,,,,,,0.8181818181818182,0.55,0.8688491743000872,,0,0,,0,0,0,0,0,,,,True,False,False,False,False
2024-10-21,7.95,7.96,7.73,7.78,174031.88,-1.0178117048346036,1.028942009780557,,,,,,,,,,,,,,,,,,,,,,0.6666666666666666,0.5,0.9054675972065012,,0,0,,0,0,0,0,0,,,,False,False,False,False,False
2024-10-22,7.75,7.86,7.7,7.84,110947.08,0.7712082262210762,0.6559609163245507,,,,,,,,,,,,,,,,,,,,,,0.8181818181818182,0.55,0.9242053465944103,,0,0,,0,0,0,0,0,,,,True,False,False,False,False
2024-10-23,7.84,7.9,7.78,7.84,110613.0,0.0,0.6539857095599769,,,,,,,,,,,,,,,,,,,,,,0.9,0.55,0.9456271211264656,,0,0,,0,0,0,0,0,,,,False,False,False,False,False
2024-10-24,7.85,7.85,7.74,7.81,77625.82,-0.3826530612244916,0.4589530794108744,,,,,,,,,,,,,,,,,,,,,,0.7272727272727273,0.5,0.9476632259190774,,0,0,,0,0,0,0,0,,,,False,False,False,False,False
2024-10-25,7.77,7.93,7.77,7.91,147403.33,1.2804097311139628,0.8715039946620509,,,,,,,,,,,,,,,,,,,,,,0.9,0.55,0.9765595885451095,,0,0,,0,0,0,0,0,,,,True,False,False,False,False
2024-10-28,7.94,8.18,7.81,8.11,271530.6,2.5284450063211006,1.6053911575334388,,,,,,,,,,,,,,,,,,,,,,1.1111111111111112,0.6,1.0438553693796673,,0,0,,0,0,0,0,0,,,,True,False,True,False,False
2024-10-29,8.12,8.28,8.05,8.12,250182.5,0.12330456226881115,1.4791731512750665,,,,,,,,,,,,,,,,,,,,,,1.0,0.6,1.0916748477256408,,0,0,,0,0,0,0,0,,,,False,False,False,False,False
2024-10-30,8.12,8.26,8.04,8.18,146739.88,0.7389162561576512,0.8675814284265491,,,,,,,,,,,,,,,,,,,,,,1.25,0.6,1.1095043734664303,,0,0,,0,0,0,0,0,,,,True,False,False,False,False
2024-10-31,8.17,8.26,8.11,8.23,137223.66,0.6112469437652868,0.8113179522616423,,,,,,,,,,,,,,,,,,,,,,1.25,0.6,1.1180045157634309,,0,0,,0,0,0,0,0,,,,True,False,False,False,False
2024-11-01,8.24,8.32,8.09,8.22,162865.46,-0.12150668286755595,0.9629219297994994,,,,,,,,,,,,,,,,,,,,,,1.0,0.55,1.1330195240966323,,0,0,,0,0,0,0,0,,,,False,False,False,False,False
2024-11-04,8.25,8.51,8.21,8.38,139623.13,1.9464720194647178,0.8255045224705496,,,,,,,,,,,,,,,,,,,,,,1.0,0.55,1.0695546048804103,,0,0,,0,0,0,0,0,,,,True,False,True,True,True
2024-11-05,8.41,8.46,8.27,8.45,137931.93,0.8353221957040358,0.8155055112150206,,,,,,,,,,,,,,,,,,,,,,1.25,0.55,0.9896888349850084,,0,0,,0,0,0,0,0,,,,True,False,False,False,True
2024-11-06,8.51,8.51,8.27,8.3,147484.49,-1.7751479289940697,0.8719838431444887,,,,,,,,,,,,,,,,,,,,,,1.25,0.55,0.9388091482318162,,0,0,,0,0,0,0,0,,,,False,False,False,False,False
2024-11-07,8.38,8.5,8.31,8.46,146173.3,1.9277108433734869,0.8642315941094029,,,,,,,,,,,,,,,,,,,,,,1.5714285714285714,0.55,0.9174018410068057,,0,0,,0,0,0,0,0,,,,True,False,False,False,True
2024-11-08,8.47,8.58,8.3,8.37,148693.75,-1.0638297872340607,0.8791334436357736,,,,,,,,,,,,,,,,,,,,,,1.5714285714285714,0.55,0.9241100232018914,,0,0,,0,0,0,0,0,,,,False,False,False,False,False
2024-11-11,8.33,8.52,8.33,8.48,165224.3,1.31421744324971,0.9768682801483596,,,,,,,,,,,,,,,,,,,,,,1.5714285714285714,0.55,0.8984108315000695,,0,0,,0,0,0,0,0,,,,True,False,False,False,True
2024-11-12,8.49,8.58,8.27,8.35,126925.06,-1.5330188679245405,0.7504287509157391,,,,,,,,,,,,,,,,,,,,,,1.5714285714285714,0.55,0.8878276955595314,,0,0,,0,0,0,0,0,,,,False,False,False,False,False
2024-11-13,8.29,8.41,8.22,8.4,82612.0,0.5988023952095967,0.4884332532176942,,,,,,,,,,,,,,,,,,,,,,1.5714285714285714,0.6,0.8834384240293233,,0,0,,0,0,0,0,0,,,,True,False,False,False,False
2024-11-14,8.38,8.7,8.34,8.35,233381.26,-0.5952380952381042,1.379837893548692,,,,,,,,,,,,,,,,,,,,,,1.5714285714285714,0.6,0.9250823472704699,,0,0,,0,0,0,0,0,,,,False,False,False,False,False
2024-11-15,8.3,8.57,8.3,8.41,169511.55,0.7185628742514938,1.0022161165989667,,,,,,,,,,,,,,,,,,,,,,1.5714285714285714,0.6,0.9124937269019446,,0,0,,0,0,0,0,0,,,,True,False,False,False,False
2024-11-18,8.4,8.49,8.25,8.3,131535.42,-1.3079667063020106,0.7776869353599449,,,,,,,,,,,,,,,,,,,,,,1.5714285714285714,0.6,0.899930973180914,,0,0,,0,0,0,0,0,,,,False,False,False,False,False
2024-11-19,8.42,8.6,8.31,8.6,179636.47,3.6144578313252795,1.0620784563821568,,,,,,,,,,,,,,,,,,,,,,1.5714285714285714,0.6,0.9202368501837943,,0,0,,0,0,0,0,0,,,,True,False,False,False,True
2024-11-20,8.56,8.6,8.27,8.42,289306.06,-2.0930232558139528,1.7104863707620377,,,,,,,,,,,,,,,,,,,,,,1.375,0.6,0.9730618832438973,,0,0,,0,0,0,0,0,,,,False,False,False,False,False
2024-11-21,8.44,8.94,8.42,8.83,443371.88,4.869358669833734,2.6213815151993067,,,,,,,,,,,,,,,,,,,,,,1.7142857142857142,0.65,1.081183305033319,,0,0,,0,0,0,0,0,,,,True,False,True,True,True
2024-11-22,8.78,8.84,8.27,8.29,318738.78,-6.115515288788231,1.8845036948874128,,,,,,,,,,,,,,,,,,,,,,1.375,0.6,1.131833290044587,,0,0,,0,0,0,0,0,,,,False,False,False,False,False
2024-11-25,8.29,8.38,8.09,8.19,193900.24,-1.2062726176115812,1.146411235932936,,,,,,,,,,,,,,,,,,,,,,1.1111111111111112,0.55,1.108884293964562,,0,0,,0,0,0,0,0,,,,False,False,False,False,False
2024-11-26,8.21,8.24,8.09,8.09,130832.35,-1.2210012210012167,0.7735301207647315,,,,,,,,,,,,,,,,,,,,,,1.0,0.5,1.0736021424390452,,0,0,,0,0,0,0,0,,,,False,False,False,False,False
2024-11-27,8.09,8.27,7.99,8.27,137457.9,2.224969097651419,0.8127028673494469,,,,,,,,,,,,,,,,,,,,,,1.0,0.5,1.0708582143851901,,0,0,,0,0,0,0,0,,,,True,False,False,False,False
2024-11-28,8.21,8.31,8.13,8.16,121351.24,-1.3301088270858408,0.7174742281412045,,,,,,,,,,,,,,,,,,,,,,0.8181818181818182,0.45,1.0661660281791683,,0,0,,0,0,0,0,0,,,,False,False,False,False,False
2024-11-29,8.13,8.25,8.11,8.15,122104.22,-0.1225490196078427,0.7219261294510367,,,,,,,,,,,,,,,,,,,,,,1.0,0.45,1.054116238161745,,0,0,,0,0,0,0,0,,,,True,False,False,False,False
2024-12-02,8.19,8.32,8.14,8.22,133315.51,0.8588957055214674,0.7882114977687994,,,,,,,,,,,,,,,,,,,,,,1.0,0.45,1.0522515869266575,,0,0,,0,0,0,0,0,,,,True,False,False,False,False
2024-12-03,8.23,8.27,8.14,8.21,92758.0,-0.12165450121653931,0.5484202258989842,,,,,,,,,,,,,,,,,,,,,,0.8181818181818182,0.4,1.0388973226608558,,0,0,,0,0,0,0,0,,,,False,False,False,False,False
2024-12-04,8.22,8.38,8.13,8.19,159461.86,-0.24360535931792215,0.9427985649051531,,,,,,,,,,,,,,,,,,,,,,0.8181818181818182,0.4,1.0424380587488888,,0,0,,0,0,0,0,0,,,,False,False,False,False,False
2024-12-05,8.2,8.27,8.16,8.24,84382.46,0.6105006105006083,0.4989008794401777,,,,,,,,,,,,,,,,,,,,,,0.8181818181818182,0.4,1.0241715230154278,,0,0,,0,0,0,0,0,,,,True,False,False,False,False
2024-12-06,8.25,8.31,8.12,8.29,123199.21,0.6067961165048485,0.7284001226716444,,,,,,,,,,,,,,,,,,,,,,1.0,0.45,1.016634856967221,,0,0,,0,0,0,0,0,,,,True,False,False,False,False
2024-12-09,8.29,8.36,8.23,8.26,104024.0,-0.3618817852834688,0.6150290603389026,,,,,,,,,,,,,,,,,,,,,,0.8181818181818182,0.4,0.9985428959767484,,0,0,,0,0,0,0,0,,,,False,False,False,False,False
2024-12-10,8.42,8.46,8.22,8.29,148779.29,0.363196125907983,0.8796391883275889,,,,,,,,,,,,,,,,,,,,,,0.8181818181818182,0.45,1.0050034178473408,,0,0,,0,0,0,0,0,,,,False,False,False,False,False
2024-12-11,8.29,8.5,8.27,8.4,107672.29,1.326899879372756,0.6365991246562123,,,,,,,,,,,,,,,,,,,,,,0.8181818181818182,0.45,1.0124117114192668,,0,0,,0,0,0,0,0,,,,True,False,False,False,False
2024-12-12,8.38,8.42,8.3,8.35,81293.01,-0.5952380952381042,0.4806348876453609,,,,,,,,,,,,,,,,,,,,,,0.8181818181818182,0.45,0.9674515611241002,,0,0,,0,0,0,0,0,,,,False,False,False,False,False
2024-12-13,8.32,8.34,8.1,8.11,131505.41,-2.8742514970059863,0.777509504939073,,,,,,,,,,,,,,,,,,,,,,0.6666666666666666,0.4,0.9562162305411055,,0,0,,0,0,0,0,0,,,,False,False,False,False,False
2024-12-16,8.1,8.17,8.02,8.07,102361.72,-0.4932182490752002,0.605201035013784,,,,,,,,,,,,,,,,,,,,,,0.6666666666666666,0.4,0.9475919355237975,,0,0,,0,0,0,0,0,,,,False,False,False,False,False
2024-12-17,8.07,8.12,7.99,8.03,82882.5,-0.4956629491945641,0.49003255107993443,,,,,,,,,,,,,,,,,,,,,,0.5384615384615384,0.35,0.9189896402586865,,0,0,,0,0,0,0,0,,,,False,False,False,False,False
2024-12-18,8.03,8.17,8.03,8.05,68978.7,0.24906600249068322,0.40782804972313186,,,,,,,,,,,,,,,,,,,,,,0.6666666666666666,0.4,0.8538567242067412,,0,0,,0,0,0,0,0,,,,True,False,False,False,False
2024-12-19,7.98,8.1,7.91,8.07,73869.0,0.248447204968949,0.4367413448644005,,,,,,,,,,,,,,,,,,,,,,0.6666666666666666,0.4,0.7446247156899958,,0,0,,0,0,0,0,0,,,,True,False,False,False,False
2024-12-20,8.04,8.14,7.98,8.08,98641.8,0.12391573729864103,0.5832074671627506,,,,,,,,,,,,,,,,,,,,,,0.8181818181818182,0.45,0.6795599043037627,,0,0,,0,0,0,0,0,,,,True,False,False,False,False
2024-12-23,8.05,8.12,7.86,7.9,115793.01,-2.2277227722772297,0.6846118793173994,,,,,,,,,,,,,,,,,,,,,,0.8181818181818182,0.45,0.6564699364729859,,0,0,,0,0,0,0,0,,,,False,False,False,False,False
2024-12-24,7.91,8.04,7.9,8.04,76908.94,1.7721518987341645,0.4547146148952266,,,,,,,,,,,,,,,,,,,,,,1.0,0.5,0.6405291611795105,,0,0,,0,0,0,0,0,,,,True,False,False,False,False
2024-12-25,8.02,8.06,7.98,8.05,59590.0,0.12437810945276073,0.35231851981845735,,,,,,,,,,,,,,,,,,,,,,1.0,0.5,0.6175099438029612,,0,0,,0,0,0,0,0,,,,True,False,False,False,False
2024-12-26,8.03,8.22,8.02,8.16,71605.0,1.3664596273291751,0.42335572430945867,,,,,,,,,,,,,,,,,,,,,,1.2222222222222223,0.55,0.6028040186113739,,0,0,,0,0,0,0,0,,,,True,False,True,False,False
2024-12-27,8.18,8.27,8.12,8.25,82625.47,1.1029411764705843,0.4885128929300949,,,,,,,,,,,,,,,,,,,,,,1.2222222222222223,0.6,0.5911333567853267,,0,0,,0,0,0,0,0,,,,True,False,True,False,False
2024-12-30,8.25,8.33,8.21,8.29,82239.0,0.48484848484846577,0.48622793675700815,,,,,,,,,,,,,,,,,,,,,,1.2222222222222223,0.6,0.5760341787347372,,0,0,,0,0,0,0,0,,,,True,False,True,True,False
2024-12-31,8.28,8.31,8.14,8.14,93032.34,-1.8094089264173552,0.550042227287254,,,,,,,,,,,,,,,,,,,,,,1.2222222222222223,0.6,0.5761152788041507,,0,0,,0,0,0,0,0,,,,False,False,False,False,False
2025-01-02,8.12,8.19,7.72,7.81,126085.01,-4.054054054054069,0.7454620589779393,,,,,,,,,,,,,,,,,,,,,,1.2222222222222223,0.6,0.56624845350779,,0,0,,0,0,0,0,0,,,,False,False,False,False,False
2025-01-03,7.81,8.01,7.64,7.68,124043.2,-1.6645326504481472,0.733390109373131,,,,,,,,,,,,,,,,,,,,,,1.0,0.55,0.5779729150044376,,0,0,,0,0,0,0,0,,,,False,False,False,False,False
2025-01-06,7.7,7.86,7.66,7.82,109837.38,1.822916666666674,0.6493999520445953,,,,,,,,,,,,,,,,,,,,,,1.0,0.55,0.5740229064730852,,0,0,,0,0,0,0,0,,,,True,False,False,False,False
2025-01-07,7.82,7.92,7.66,7.7,109925.96,-1.534526854219953,0.649923670361184,,,,,,,,,,,,,,,,,,,,,,1.0,0.55,0.5757676369741993,,0,0,,0,0,0,0,0,,,,False,False,False,False,False
2025-01-08,7.65,7.74,7.34,7.58,163982.31,-1.558441558441559,0.969525167571932,,,,,,,,,,,,,,,,,,,,,,1.0,0.5,0.5802619359364164,,0,0,,0,0,0,0,0,,,,False,False,False,False,False
2025-01-09,7.58,7.62,7.41,7.41,105923.31,-2.242744063324542,0.6262584962824568,,,,,,,,,,,,,,,,,,,,,,0.8181818181818182,0.45,0.5797449045177286,,0,0,,0,0,0,0,0,,,,False,False,False,False,False
2025-01-10,7.47,7.52,7.39,7.43,88783.0,0.26990553306343035,0.5249185290324232,,,,,,,,,,,,,,,,,,,,,,0.8181818181818182,0.5,0.5819590865870817,,0,0,,0,0,0,0,0,,,,False,False,False,False,False
2025-01-13,7.39,7.54,7.3,7.36,92359.8,-0.9421265141318913,0.546065917548729,,,,,,,,,,,,,,,,,,,,,,0.8181818181818182,0.5,0.5703869072175645,,0,0,,0,0,0,0,0,,,,False,False,False,False,False
2025-01-14,7.38,7.62,7.35,7.59,82403.51,3.125,0.4872005818265724,,,,,,,,,,,,,,,,,,,,,,1.0,0.55,0.564486884558204,,0,0,,0,0,0,0,0,,,,True,False,False,False,False
2025-01-15,7.6,7.61,7.25,7.36,174622.02,-3.0303030303030276,1.0324311396896972,,,,,,,,,,,,,,,,,,,,,,1.0,0.55,0.5916068139886921,,0,0,,0,0,0,0,0,,,,False,False,False,False,False
2025-01-16,7.38,7.54,7.35,7.42,137888.2,0.8152173913043459,0.8152469629876055,,,,,,,,,,,,,,,,,,,,,,1.0,0.55,0.6119777596519158,,0,0,,0,0,0,0,0,,,,True,False,False,False,False
2025-01-17,7.4,7.56,7.38,7.5,103606.13,1.0781671159029615,0.6125584555415114,,,,,,,,,,,,,,,,,,,,,,1.0,0.55,0.6207686151857714,,0,0,,0,0,0,0,0,,,,True,False,False,False,False
2025-01-20,7.53,7.67,7.38,7.43,163645.0,-0.9333333333333416,0.9675308638310364,,,,,,,,,,,,,,,,,,,,,,0.8181818181818182,0.5,0.6399847850191855,,0,0,,0,0,0,0,0,,,,False,False,False,False,False
2025-01-21,7.47,7.49,7.16,7.25,167858.39,-2.4226110363391617,0.9924420121481682,,,,,,,,,,,,,,,,,,,,,,0.8181818181818182,0.5,0.6553762916607241,,0,0,,0,0,0,0,0,,,,False,False,False,False,False
2025-01-22,7.23,7.4,7.22,7.38,125293.01,1.7931034482758568,0.7407794567343375,,,,,,,,,,,,,,,,,,,,,,0.8181818181818182,0.5,0.6696795337526796,,0,0,,0,0,0,0,0,,,,True,False,False,False,False
2025-01-23,7.43,7.54,7.33,7.34,100427.54,-0.5420054200542035,0.5937654344992267,,,,,,,,,,,,,,,,,,,,,,0.6666666666666666,0.45,0.6817518794867181,,0,0,,0,0,0,0,0,,,,False,False,False,False,False
2025-01-24,7.33,7.56,7.32,7.48,145048.5,1.9073569482289,0.8575813529432375,,,,,,,,,,,,,,,,,,,,7.648750000000001,,0.6666666666666666,0.45,0.703463160918407,,0,0,,0,0,0,0,0,,,,True,False,False,False,False
2025-01-27,7.47,7.62,7.42,7.56,123910.75,1.0695187165775222,0.7326070150964075,,,,,,,,,,,,,,,,,,,,7.651166666666667,,0.6666666666666666,0.45,0.7156678670267227,,0,0,,0,0,0,0,0,,,,True,False,False,False,False
2025-02-05,7.57,7.58,7.37,7.39,122288.61,-2.2486772486772444,0.7230163125668166,,,,,,,,,,,,,,,,,,,,7.652333333333333,,0.5384615384615384,0.4,0.727507285817213,,0,0,,0,0,0,0,0,,,,False,False,False,False,False
2025-02-06,7.34,7.5,7.34,7.49,99891.3,1.3531799729364025,0.5905949816872205,,,,,,,,,,,,,,,,,,,,7.654999999999999,,0.6666666666666666,0.45,0.7295349235372114,,0,0,,0,0,0,0,0,,,,True,False,False,False,False
2025-02-07,7.45,7.59,7.43,7.56,132348.45,0.9345794392523255,0.7824938748828179,,,,,,,,,,,,,,,,,,,,7.659583333333333,,0.8181818181818182,0.5,0.7313865143324554,,0,0,,0,0,0,0,0,,,,True,False,False,False,False
2025-02-10,7.6,7.6,7.48,7.52,108609.35,-0.5291005291005346,0.6421393762450877,,,,,,,,,,,,,,,,,,,,7.663250000000001,,0.8181818181818182,0.5,0.7268239776760532,,0,0,,0,0,0,0,0,,,,False,False,False,False,False
2025-02-11,7.54,7.63,7.49,7.62,120067.71,1.3297872340425565,0.7098855154420505,,,,,,,,,,,,,,,,,,,,7.66775,,0.8181818181818182,0.5,0.7298482558459259,,0,0,,0,0,0,0,0,,,,True,False,False,False,False
2025-02-12,7.58,7.76,7.57,7.62,165519.0,0.0,0.9786106575235987,,,,,,,,,,,,,,,,,,,,7.672166666666667,,1.0,0.5,0.7462826052040467,,0,0,,0,0,0,0,0,,,,True,False,False,False,False
2025-02-13,7.61,7.66,7.54,7.54,125220.07,-1.049868766404205,0.7403482079873069,,,,,,,,,,,,,,,,,,,,7.676583333333332,,1.0,0.5,0.7348237572248154,,0,0,,0,0,0,0,0,,,,False,False,False,False,False
2025-02-14,7.54,7.6,7.53,7.58,70215.0,0.5305039787798504,0.415137520876875,,,,,,,,,,,,,,,,,,,,7.680833333333334,,1.2222222222222223,0.55,0.7242677084545364,,0,0,,0,0,0,0,0,,,,True,False,False,False,False
2025-02-17,7.55,7.58,7.46,7.55,124148.47,-0.395778364116095,0.7340125052546763,,,,,,,,,,,,,,,,,,,,7.6845,,1.375,0.5,0.734722407265649,,0,0,,0,0,0,0,0,,,,False,False,False,False,False
2025-02-18,7.58,7.7,7.52,7.54,139613.29,-0.13245033112582183,0.8254463446850988,,,,,,,,,,,,,,,,,,,,7.689000000000001,,1.375,0.5,0.7486914286224675,,0,0,,0,0,0,0,0,,,,False,False,False,False,False
2025-02-19,7.53,7.68,7.53,7.67,109499.92,1.724137931034475,0.6474047614472143,,,,,,,,,,,,,,,,,,,,7.694416666666667,,1.375,0.5,0.7567016376034996,,0,0,,0,0,0,0,0,,,,True,False,False,False,False
2025-02-20,7.7,7.71,7.56,7.61,86019.0,-0.782268578878742,0.5085767201923793,,,,,,,,,,,,,,,,,,,,7.700583333333333,,1.375,0.5,0.7305089166286336,,0,0,,0,0,0,0,0,,,,False,False,False,False,False
2025-02-21,7.61,7.68,7.59,7.65,85200.68,0.5256241787122251,0.5037385041974499,,,,,,,,,,,,,,,,,,,,7.706916666666667,,1.375,0.5,0.7149334936891258,,0,0,,0,0,0,0,0,,,,True,False,False,False,False
2025-02-24,7.68,7.69,7.59,7.62,80559.0,-0.39215686274509665,0.4762951441190654,,,,,,,,,,,,,,,,,,,,7.713916666666666,,1.1111111111111112,0.45,0.7081203281180035,,0,0,,0,0,0,0,0,,,,False,False,False,False,False
2025-02-25,7.61,7.63,7.54,7.56,64854.52,-0.7874015748031593,0.38344434451982784,,,,,,,,,,,,,,,,,,,,7.720749999999999,,1.1111111111111112,0.45,0.6789160021524432,,0,0,,0,0,0,0,0,,,,False,False,False,False,False
2025-02-26,7.55,7.66,7.54,7.63,119688.82,0.92592592592593,0.707645375083366,,,,,,,,,,,,,,,,,,,,7.728666666666667,,1.375,0.5,0.664676170299203,,0,0,,0,0,0,0,0,,,,True,False,False,False,False
2025-02-27,7.69,7.71,7.55,7.65,121654.66,0.2621231979030192,0.7192681614401358,,,,,,,,,,,,,,,,,,,,7.7369166666666676,,1.1111111111111112,0.5,0.663600605534493,,0,0,,0,0,0,0,0,,,,False,False,False,False,False
2025-02-28,7.6,7.64,7.47,7.49,107527.81,-2.09150326797386,0.6357449044893492,,,,,,,,,,,,,,,,,,,,7.744083333333334,,1.1111111111111112,0.5,0.665699579033999,,0,0,,0,0,0,0,0,,,,False,False,False,False,False
2025-03-03,7.5,7.65,7.5,7.55,105129.38,0.8010680907877044,0.6215644831520748,,,,,,,,,,,,,,,,,,,,7.751666666666667,,1.1111111111111112,0.5,0.653898735544441,,0,0,,0,0,0,0,0,,,,True,False,False,False,False
2025-03-04,7.54,7.67,7.52,7.63,97250.39,1.059602649006619,0.574980927279203,,,,,,,,,,,,,,,,,,,,7.75925,,1.1111111111111112,0.5,0.6460174311535807,,0,0,,0,0,0,0,0,,,,True,False,False,False,False
2025-03-05,7.66,7.68,7.53,7.62,78317.3,-0.1310615989515096,0.4630413695616391,,,,,,,,,,,,,,,,,,,,7.76525,,1.1111111111111112,0.5,0.6330186840033218,,0,0,,0,0,0,0,0,,,,False,False,False,False,False
2025-03-06,7.62,7.64,7.55,7.63,114141.38,0.1312335958005173,0.6748468208027534,,,,,,,,,,,,,,,,,,,,7.771583333333334,,1.1111111111111112,0.5,0.6372312759590985,,0,0,,0,0,0,0,0,,,,True,False,False,False,False
2025-03-07,7.6,7.71,7.59,7.68,127311.32,0.6553079947575258,0.752712465489746,,,,,,,,,,,,,,,,,,,,7.778583333333334,,1.1111111111111112,0.5,0.6357422054894448,,0,0,,0,0,0,0,0,,,,True,False,False,False,False
2025-03-10,7.64,7.72,7.61,7.68,86604.79,0.0,0.5120401312634392,,,,,,,,,,,,,,,,,,,,7.78475,,1.375,0.5,0.6292372432403625,,0,0,,0,0,0,0,0,,,,True,False,False,False,False
2025-03-11,7.63,7.84,7.6,7.84,132692.65,2.083333333333326,0.7845289148982821,,,,,,,,,,,,,,,,,,,,7.792833333333333,,1.375,0.5,0.6329694132131741,,0,0,,0,0,0,0,0,,,,True,False,True,True,True
2025-03-12,7.84,7.86,7.77,7.77,105300.83,-0.8928571428571508,0.6225781601150363,,,,,,,,,,,,,,,,,,,,7.8,,1.1111111111111112,0.5,0.615167788342746,,0,0,,0,0,0,0,0,,,,False,False,False,False,False
2025-03-13,7.75,7.99,7.71,7.97,281870.78,2.5740025740025763,1.666526195497131,,,,,,,,,,,,,,,,,,,,7.809583333333334,,1.375,0.55,0.6614766877182372,,0,0,,0,0,0,0,0,,,,True,False,True,True,True
2025-03-14,7.96,8.05,7.86,7.93,270687.32,-0.5018820577164407,1.6004053686193171,,,,,,,,,,,,,,,,,,,,7.81975,,1.1111111111111112,0.5,0.7207400801053592,,0,0,,0,0,0,0,0,,,,False,False,False,False,False
2025-03-17,7.89,8.13,7.89,8.1,241005.41,2.1437578814627933,1.424914739376413,,,,,,,,,,,,,,,,,,,,7.830583333333334,,1.2222222222222223,0.55,0.7552851918114462,,0,0,,0,0,0,0,0,,,,True,False,True,True,True
2025-03-18,8.1,8.15,8.03,8.06,141806.12,-0.49382716049382047,0.8384111813995393,,,,,,,,,,,,,,,,,,,,7.840833333333333,,1.2222222222222223,0.55,0.7559334336471681,,0,0,,0,0,0,0,0,,,,False,False,False,False,False
2025-03-19,8.02,8.07,7.97,7.99,69287.0,-0.8684863523573227,0.4096508354197257,,,,,,,,,,,,,,,,,,,,7.85025,,1.0,0.5,0.7440457373457937,,0,0,,0,0,0,0,0,,,,False,False,False,False,False
2025-03-20,7.99,8.09,7.97,8.06,92627.81,0.8760951188986343,0.5476504935933093,,,,,,,,,,,,,,,,,,,,7.860666666666668,,1.2222222222222223,0.55,0.7459994260158402,,0,0,,0,0,0,0,0,,,,True,False,False,False,False
2025-03-21,8.03,8.14,7.98,8.03,101113.1,-0.3722084367245748,0.5978187233806957,,,,,,,,,,,,,,,,,,,,7.871083333333333,,1.1111111111111112,0.5,0.7507034369750025,,0,0,,0,0,0,0,0,,,,False,False,False,False,False
2025-03-24,8.05,8.19,7.96,8.11,134288.32,0.9962640099626441,0.7939631168200595,,,,,,,,,,,,,,,,,,,,7.880833333333333,,1.375,0.55,0.7665868356100523,,0,0,,0,0,0,0,0,,,,True,False,False,False,True
2025-03-25,8.27,8.29,8.08,8.17,160835.57,0.7398273736128225,0.950920455723408,,,,,,,,,,,,,,,,,,,,7.891249999999999,,1.375,0.6,0.7949606411702311,,0,0,,0,0,0,0,0,,,,False,False,False,False,True
2025-03-26,8.14,8.42,8.1,8.34,186946.0,2.080783353733162,1.1052951502933601,,,,,,,,,,,,,,,,,,,,7.903499999999999,,1.375,0.6,0.814843129930731,,0,0,,0,0,0,0,0,,,,True,False,True,True,True
2025-03-27,8.32,8.33,8.23,8.27,101440.77,-0.8393285371702697,0.5997560318114545,,,,,,,,,,,,,,,,,,,,7.913166666666667,,1.375,0.55,0.8088675234492968,,0,0,,0,0,0,0,0,,,,False,False,False,False,False
2025-03-28,8.32,8.33,8.18,8.25,96857.97,-0.24183796856105388,0.5726607924655236,,,,,,,,,,,,,,,,,,,,7.922416666666666,,1.375,0.55,0.8057133178481056,,0,0,,0,0,0,0,0,,,,False,False,False,False,False
2025-03-31,8.2,8.33,8.18,8.23,126626.27,-0.24242424242423288,0.7486621919203278,,,,,,,,,,,,,,,,,,,,7.930083333333333,,1.375,0.5,0.8120682032865181,,0,0,,0,0,0,0,0,,,,True,False,False,False,False
2025-04-01,8.26,8.47,8.23,8.42,180090.93,2.3086269744835963,1.0647653950382518,,,,,,,,,,,,,,,,,,,,7.9375,,1.375,0.5,0.8365574266744706,,0,0,,0,0,0,0,0,,,,True,False,False,False,True
2025-04-02,8.4,8.43,8.23,8.24,118645.22,-2.137767220902609,0.7014752188947011,,,,,,,,,,,,,,,,,,,,7.9383333333333335,,1.375,0.5,0.8484791191411236,,0,0,,0,0,0,0,0,,,,False,False,False,False,False
2025-04-03,8.2,8.33,8.16,8.24,100501.65,0.0,0.5942036007268445,,,,,,,,,,,,,,,,,,,,7.937583333333333,,1.375,0.45,0.8444469581373282,,0,0,,0,0,0,0,0,,,,True,False,False,False,False
2025-04-07,8.03,8.09,7.51,7.55,241371.86,-8.373786407766993,1.4270813297705642,,,,,,,,,,,,,,,,,,,,7.9360833333333325,,1.1111111111111112,0.4,0.8781654013513693,,0,0,,0,0,0,0,0,,,,False,False,False,False,False
2025-04-08,7.55,8.0,7.55,7.86,254039.39,4.1059602649006655,1.5019765373449205,,,,,,,,,,,,,,,,,,,,7.9359166666666665,,1.1111111111111112,0.45,0.9276622216554433,,0,0,,0,0,0,0,0,,,,True,False,False,False,False
2025-04-09,7.82,7.87,7.56,7.81,174575.17,-0.6361323155216425,1.0321541448473832,,,,,,,,,,,,,,,,,,,,7.937,,0.9,0.4,0.9400434831528983,,0,0,,0,0,0,0,0,,,,False,False,False,False,False
2025-04-10,7.85,8.05,7.83,8.01,132455.45,2.5608194622279257,0.7831264991758297,,,,,,,,,,,,,,,,,,,,7.9366666666666665,,1.1111111111111112,0.45,0.9480709001059381,,0,0,,0,0,0,0,0,,,,True,False,False,False,False
2025-04-11,7.98,8.01,7.9,7.91,79342.79,-1.2484394506866336,0.4691044526106176,,,,,,,,,,,,,,,,,,,,7.938166666666666,,0.9,0.4,0.8881998129616122,,0,0,,0,0,0,0,0,,,,False,False,False,False,False
2025-04-14,8.0,8.02,7.9,7.95,87480.05,0.5056890012642201,0.5172149979802759,,,,,,,,,,,,,,,,,,,,7.94,,0.9,0.45,0.8340402944296603,,0,0,,0,0,0,0,0,,,,False,False,False,False,False
2025-04-15,7.95,7.98,7.87,7.93,69006.58,-0.2515723270440362,0.4079928867819091,,,,,,,,,,,,,,,,,,,,7.942166666666666,,0.7272727272727273,0.4,0.783194201799935,,0,0,,0,0,0,0,0,,,,False,False,False,False,False
2025-04-16,7.94,7.94,7.77,7.93,74799.02,0.0,0.4422399733222217,,,,,,,,,,,,,,,,,,,,7.94275,,0.7272727272727273,0.4,0.7633856413960691,,0,0,,0,0,0,0,0,,,,False,False,False,False,False
2025-04-17,7.87,8.48,7.84,8.21,250113.87,3.5308953341740335,1.4787673848710534,,,,,,,,,,,,,,,,,,,,7.946333333333333,,0.9,0.45,0.8168414688686356,,0,0,,0,0,0,0,0,,,,True,False,True,False,False
2025-04-18,8.08,8.28,7.98,8.04,199421.39,-2.0706455542022106,1.1790543538335176,,,,,,,,,,,,,,,,,,,,7.9479999999999995,,0.7272727272727273,0.4,0.8484116618806461,,0,0,,0,0,0,0,0,,,,False,False,False,False,False
2025-04-21,8.04,8.1,7.93,7.99,137529.97,-0.6218905472636704,0.8131289723288613,,,,,,,,,,,,,,,,,,,,7.949250000000001,,0.6666666666666666,0.4,0.8591771743280543,,0,0,,0,0,0,0,0,,,,False,False,False,False,False
2025-04-22,7.98,8.02,7.94,7.97,72461.47,-0.25031289111390187,0.42841949747054126,,,,,,,,,,,,,,,,,,,,7.9505833333333324,,0.5384615384615384,0.35,0.8408999933605784,,0,0,,0,0,0,0,0,,,,False,False,False,False,False
2025-04-23,7.98,8.15,7.9,8.02,148170.0,0.6273525721455453,0.8760368364071291,,,,,,,,,,,,,,,,,,,,7.9515,,0.6666666666666666,0.35,0.8371558123947643,,0,0,,0,0,0,0,0,,,,True,False,False,False,False
2025-04-24,8.05,8.23,7.99,8.18,130013.32,1.9950124688279391,0.7686877069824374,,,,,,,,,,,,,,,,,,,,7.952083333333333,,0.6666666666666666,0.35,0.8203254402292183,,0,0,,0,0,0,0,0,,,,True,False,False,False,False
2025-04-25,8.18,8.28,8.09,8.12,77906.96,-0.7334963325183463,0.4606152849598215,,,,,,,,,,,,,,,,,,,,7.952083333333333,,0.6666666666666666,0.35,0.8133684028866366,,0,0,,0,0,0,0,0,,,,False,False,False,False,False
2025-04-28,8.13,8.16,8.03,8.07,88710.79,-0.6157635467980205,0.5244915963202889,,,,,,,,,,,,,,,,,,,,7.9511666666666665,,0.6666666666666666,0.35,0.8109599430793748,,0,0,,0,0,0,0,0,,,,False,False,False,False,False
2025-04-29,8.05,8.1,7.98,8.01,81262.24,-0.743494423791824,0.4804529638182957,,,,,,,,,,,,,,,,,,,,7.949333333333334,,0.5384615384615384,0.35,0.7975494816742732,,0,0,,0,0,0,0,0,,,,False,False,False,False,False
2025-04-30,7.97,8.0,7.72,7.76,209568.67,-3.1210986267166008,1.2390488943568174,,,,,,,,,,,,,,,,,,,,7.9455,,0.42857142857142855,0.3,0.8062636566402016,,0,0,,0,0,0,0,0,,,,False,False,False,False,False
2025-05-06,7.83,7.9,7.78,7.86,143802.1,1.2886597938144506,0.8502121667861351,,,,,,,,,,,,,,,,,,,,7.941166666666667,,0.5384615384615384,0.35,0.8137005040347732,,0,0,,0,0,0,0,0,,,,True,False,False,False,False
2025-05-07,7.94,8.02,7.89,7.95,101362.63,1.1450381679389388,0.5992940387062589,,,,,,,,,,,,,,,,,,,,7.936999999999999,,0.5384615384615384,0.4,0.813955025933744,,0,0,,0,0,0,0,0,,,,True,False,False,False,False
2025-05-08,7.93,8.01,7.9,7.98,74545.77,0.37735849056603765,0.4407426639558175,,,,,,,,,,,,,,,,,,,,7.934333333333333,,0.6666666666666666,0.45,0.7646380926430066,,0,0,,0,0,0,0,0,,,,True,False,False,False,False
2025-05-09,8.0,8.12,8.0,8.09,128968.61,1.3784461152882121,0.7625109880557794,,,,,,,,,,,,,,,,,,,,7.93125,,0.6666666666666666,0.45,0.7276648151785495,,0,0,,0,0,0,0,0,,,,True,False,False,False,False
2025-05-12,8.1,8.23,8.09,8.21,124577.0,1.4833127317676276,0.7365461359863058,,,,,,,,,,,,,,,,,,,,7.929916666666666,,0.8181818181818182,0.5,0.7128844147354958,,0,0,,0,0,0,0,0,,,,True,False,True,False,False
2025-05-13,8.25,8.25,8.13,8.16,75305.0,-0.6090133982947665,0.4452315176192135,,,,,,,,,,,,,,,,,,,,7.92725,,0.6666666666666666,0.45,0.695989665657665,,0,0,,0,0,0,0,0,,,,False,False,False,False,False
2025-05-14,8.16,8.19,8.09,8.12,69864.36,-0.4901960784313819,0.4130644051562988,,,,,,,,,,,,,,,,,,,,7.925333333333334,,0.6666666666666666,0.45,0.693187663284949,,0,0,,0,0,0,0,0,,,,False,False,False,False,False
2025-05-15,8.09,8.12,8.04,8.08,42290.01,-0.49261083743841194,0.25003446427769355,,,,,,,,,,,,,,,,,,,,7.922666666666666,,0.6666666666666666,0.4,0.6798286365998198,,0,0,,0,0,0,0,0,,,,False,False,False,False,False
2025-05-16,8.09,8.19,8.07,8.14,71581.0,0.7425742574257432,0.4232138272717737,,,,,,,,,,,,,,,,,,,,7.920916666666667,,0.8181818181818182,0.45,0.6805896836243132,,0,0,,0,0,0,0,0,,,,True,False,False,False,False
2025-05-19,8.13,8.16,8.07,8.12,55423.84,-0.24570024570026439,0.3276866130467362,,,,,,,,,,,,,,,,,,,,7.918499999999999,,0.8181818181818182,0.45,0.6748620156105388,,0,0,,0,0,0,0,0,,,,False,False,False,False,False
2025-05-20,8.13,8.17,8.11,8.14,57376.18,0.24630541871923928,0.3392295823198083,,,,,,,,,,,,,,,,,,,,7.917166666666666,,0.8181818181818182,0.45,0.6178851254829766,,0,0,,0,0,0,0,0,,,,True,False,False,False,False
2025-05-21,8.16,8.21,8.13,8.17,54082.84,0.3685503685503688,0.3197581160660926,,,,,,,,,,,,,,,,,,,,7.913583333333333,,1.0,0.5,0.5749203135946053,,0,0,,0,0,0,0,0,,,,True,False,False,False,False
2025-05-22,8.14,8.17,8.03,8.05,64346.94,-1.4687882496939975,0.3804433404203237,,,,,,,,,,,,,,,,,,,,7.9105,,1.0,0.5,0.5532860319991784,,0,0,,0,0,0,0,0,,,,False,False,False,False,False
2025-05-23,8.04,8.11,7.96,7.96,58630.0,-1.1180124223602594,0.3466426383110615,,,,,,,,,,,,,,,,,,,,7.90325,,1.0,0.5,0.5491971890412044,,0,0,,0,0,0,0,0,,,,False,False,False,False,False
2025-05-26,7.99,8.09,7.97,8.0,63000.04,0.5025125628140614,0.37247996041791587,,,,,,,,,,,,,,,,,,,,7.900833333333334,,1.0,0.5,0.5240193452417438,,0,0,,0,0,0,0,0,,,,True,False,False,False,False
2025-05-27,7.97,8.0,7.89,7.95,56740.0,-0.6249999999999978,0.33546824659337593,,,,,,,,,,,,,,,,,,,,7.898833333333332,,0.8181818181818182,0.45,0.5023583722222906,,0,0,,0,0,0,0,0,,,,False,False,False,False,False
2025-05-28,7.95,8.06,7.92,8.0,69208.68,0.6289308176100628,0.4091877780867474,,,,,,,,,,,,,,,,,,,,7.898083333333333,,1.0,0.5,0.499786996878637,,0,0,,0,0,0,0,0,,,,True,False,False,False,False
2025-05-29,8.0,8.1,7.98,8.06,72676.48,0.7500000000000062,0.4296907175569008,,,,,,,,,,,,,,,,,,,,7.896333333333333,,1.2222222222222223,0.55,0.4950469529404676,,0,0,,0,0,0,0,0,,,,True,False,False,False,False
2025-05-30,8.05,8.07,7.99,8.04,60769.58,-0.24813895781639062,0.3592926409731386,,,,,,,,,,,,,,,,,,,,7.895333333333332,,1.2222222222222223,0.55,0.48898893679820976,,0,0,,0,0,0,0,0,,,,False,False,False,False,False
2025-06-03,7.99,8.12,7.95,8.11,91157.83,0.8706467661691475,0.5389594182826408,,,,,,,,,,,,,,,,,,,,7.895,,1.5,0.6,0.45398446299450085,,0,0,,0,0,0,0,0,,,,True,False,True,False,False
2025-06-04,8.1,8.13,8.07,8.12,62853.18,0.12330456226881115,0.3716116687948157,,,,,,,,,,,,,,,,,,,,7.894166666666666,,1.5,0.6,0.4300544380949349,,0,0,,0,0,0,0,0,,,,True,False,False,False,False
2025-06-05,8.09,8.17,8.09,8.12,52783.18,0.0,0.31207403673286127,,,,,,,,,,,,,,,,,,,,7.893416666666667,,1.5,0.55,0.4156934379962651,,0,0,,0,0,0,0,0,,,,True,False,False,False,False
2025-06-06,8.13,8.17,8.09,8.12,69217.38,0.0,0.4092392157629081,,,,,,,,,,,,,,,,,,,,7.892833333333333,,1.2222222222222223,0.5,0.41411826558661957,,0,0,,0,0,0,0,0,,,,False,False,False,False,False
2025-06-09,8.13,8.21,8.08,8.19,116082.39,0.8620689655172376,0.6863228028492852,,,,,,,,,,,,,,,,,,,,7.892416666666667,,1.2222222222222223,0.5,0.4103088563262949,,0,0,,0,0,0,0,0,,,,True,False,True,True,False
2025-06-10,8.22,8.4,8.2,8.27,169204.62,0.9768009768009733,1.000401430858274,,,,,,,,,,,,,,,,,,,,7.892250000000001,,1.2222222222222223,0.5,0.4235016210698933,,0,0,,0,0,0,0,0,,,,True,False,True,True,True
2025-06-11,8.28,8.4,8.28,8.3,110569.44,0.36275695284160303,0.6537281664365788,,,,,,,,,,,,,,,,,,,,7.8925833333333335,,1.5,0.55,0.4339264535107616,,0,0,,0,0,0,0,0,,,,True,False,False,False,True
2025-06-12,8.32,8.32,8.2,8.27,90985.0,-0.3614457831325413,0.5379375822400125,,,,,,,,,,,,,,,,,,,,7.892416666666666,,1.5,0.55,0.4401701123649472,,0,0,,0,0,0,0,0,,,,False,False,False,False,False
2025-06-13,8.31,8.36,8.26,8.32,93674.51,0.6045949214026791,0.5538389781493419,,,,,,,,,,,,,,,,,,,,7.89175,,1.8571428571428572,0.6,0.45536033805852966,,0,0,,0,0,0,0,0,,,,True,False,False,False,True
2025-06-16,8.36,8.38,8.27,8.27,81052.25,-0.6009615384615419,0.4792114238623186,,,,,,,,,,,,,,,,,,,,7.891083333333333,,1.5,0.55,0.45816021788805694,,0,0,,0,0,0,0,0,,,,False,False,False,False,False
2025-06-17,8.29,8.33,8.21,8.31,75769.68,0.48367593712213,0.44797888076385595,,,,,,,,,,,,,,,,,,,,7.89275,,1.8571428571428572,0.6,0.46417483127391285,,0,0,,0,0,0,0,0,,,,True,False,False,False,False
2025-06-18,8.32,8.4,8.26,8.34,109698.68,0.3610108303248927,0.648579905414308,,,,,,,,,,,,,,,,,,,,7.895,,1.8571428571428572,0.6,0.47964234742863787,,0,0,,0,0,0,0,0,,,,True,False,False,False,True
2025-06-19,8.31,8.38,8.27,8.32,100491.35,-0.23980815347721673,0.5941427032481714,,,,,,,,,,,,,,,,,,,,7.897416666666667,,1.8571428571428572,0.55,0.49336157678774184,,0,0,,0,0,0,0,0,,,,True,False,False,False,False
2025-06-20,8.33,8.34,8.19,8.22,85521.0,-1.2019230769230727,0.5056323566604177,,,,,,,,,,,,,,,,,,,,7.898833333333333,,1.8571428571428572,0.55,0.4996210275997465,,0,0,,0,0,0,0,0,,,,False,False,False,False,False
2025-06-23,8.22,8.27,8.14,8.18,100650.93,-0.48661800486619056,0.5950862003012446,,,,,,,,,,,,,,,,,,,,7.89975,,1.8571428571428572,0.55,0.5120432056992557,,0,0,,0,0,0,0,0,,,,False,False,False,False,False
2025-06-24,8.19,8.25,8.14,8.23,106651.51,0.6112469437652868,0.6305638889008794,,,,,,,,,,,,,,,,,,,,7.901,,1.8571428571428572,0.55,0.5249474021234037,,0,0,,0,0,0,0,0,,,,True,False,False,False,False
2025-06-25,8.22,8.25,8.11,8.17,105773.62,-0.7290400972053468,0.625373472633663,,,,,,,,,,,,,,,,,,,,7.90325,,1.8571428571428572,0.55,0.5394426634254181,,0,0,,0,0,0,0,0,,,,False,False,False,False,False
2025-06-26,8.17,8.19,8.11,8.12,82557.0,-0.6119951040391758,0.488108072506333,,,,,,,,,,,,,,,,,,,,7.9039166666666665,,1.5,0.5,0.5433886781463976,,0,0,,0,0,0,0,0,,,,False,False,False,False,False
2025-06-27,8.11,8.2,8.08,8.09,92866.7,-0.3694581280788145,0.5444185629919647,,,,,,,,,,,,,,,,,,,,7.90425,,1.2222222222222223,0.45,0.5491250704181507,,0,0,,0,0,0,0,0,,,,False,False,False,False,False
2025-06-30,8.09,8.21,8.09,8.21,106004.78,1.4833127317676276,0.621438793430577,,,,,,,,,,,,,,,,,,,,7.904666666666667,,1.5,0.5,0.5622323780410226,,0,0,,0,0,0,0,0,,,,True,False,False,False,False
2025-07-01,8.21,8.24,8.16,8.19,77269.6,-0.24360535931792215,0.4529826578845152,,,,,,,,,,,,,,,,,,,,7.904166666666667,,1.2222222222222223,0.45,0.5579335400211163,,0,0,,0,0,0,0,0,,,,False,False,False,False,False
2025-07-02,8.17,8.29,8.17,8.27,100287.33,0.9768009768009733,0.5879210102749527,,,,,,,,,,,,,,,,,,,,7.904,,1.2222222222222223,0.45,0.5687490070951231,,0,0,,0,0,0,0,0,,,,True,False,True,False,False
2025-07-03,8.27,8.31,8.24,8.3,70916.53,0.36275695284160303,0.4157386377999493,,,,,,,,,,,,,,,,,,,,7.905333333333333,,1.2222222222222223,0.5,0.5739322371484776,,0,0,,0,0,0,0,0,,,,True,False,True,False,False
2025-07-04,8.31,8.32,8.24,8.26,79839.02,-0.48192771084338837,0.4680455377340503,,,,,,,,,,,,,,,,,,,,7.909083333333333,,1.2222222222222223,0.5,0.5768725532470347,,0,0,,0,0,0,0,0,,,,False,False,False,False,False
2025-07-07,8.27,8.43,8.27,8.42,208258.91,1.937046004842613,1.22088990469644,,,,,,,,,,,,,,,,,,,,7.91525,,1.2222222222222223,0.5,0.6036009083393924,,0,0,,0,0,0,0,0,,,,True,False,True,True,True
2025-07-08,8.42,8.56,8.42,8.47,144537.36,0.5938242280285166,0.8473308713441122,,,,,,,,,,,,,,,,,,,,7.9206666666666665,,1.2222222222222223,0.5,0.5959473803636843,,0,0,,0,0,0,0,0,,,,True,False,True,True,True
2025-07-09,8.49,8.5,8.39,8.42,118805.49,-0.5903187721369663,0.696481237530312,,,,,,,,,,,,,,,,,,,,7.926666666666666,,1.0,0.45,0.598085033918371,,0,0,,0,0,0,0,0,,,,False,False,False,False,False
2025-07-10,8.38,8.52,8.38,8.45,90162.91,0.3562945368170922,0.5285679570542923,,,,,,,,,,,,,,,,,,,,7.933916666666667,,1.2222222222222223,0.5,0.597616552659085,,0,0,,0,0,0,0,0,,,,True,False,False,False,False
2025-07-11,8.49,8.53,8.4,8.44,119612.8,-0.11834319526626835,0.7012139840378226,,,,,,,,,,,,,,,,,,,,7.942499999999999,,1.0,0.45,0.604985302953509,,0,0,,0,0,0,0,0,,,,False,False,False,False,False
2025-07-14,8.44,8.52,8.43,8.48,79770.02,0.4739336492891155,0.4676410344961141,,,,,,,,,,,,,,,,,,,,7.95125,,1.2222222222222223,0.5,0.6044067834851987,,0,0,,0,0,0,0,0,,,,True,False,False,False,True
2025-07-15,8.5,8.57,8.37,8.48,120816.11,0.0,0.7082682273891409,,,,,,,,,,,,,,,,,,,,7.960583333333333,,1.0,0.45,0.617421250816463,,0,0,,0,0,0,0,0,,,,False,False,False,False,False
2025-07-16,8.52,8.67,8.48,8.66,153014.49,2.1226415094339535,0.8970269080601372,,,,,,,,,,,,,,,,,,,,7.969499999999999,,1.0,0.45,0.6298436009487545,,0,0,,0,0,0,0,0,,,,True,False,True,True,True
2025-07-17,8.64,8.66,8.52,8.55,95707.52,-1.2702078521939941,0.5610724889107152,,,,,,,,,,,,,,,,,,,,7.979416666666667,,0.8181818181818182,0.45,0.6281900902318818,,0,0,,0,0,0,0,0,,,,False,False,False,False,False
2025-07-18,8.58,8.62,8.52,8.57,82191.2,0.23391812865496409,0.4818348772443208,,,,,,,,,,,,,,,,,,,,7.989,,0.8181818181818182,0.5,0.6270002162610768,,0,0,,0,0,0,0,0,,,,False,False,False,False,False
2025-07-21,8.62,8.87,8.62,8.83,182588.49,3.033838973162184,1.0704005132590337,,,,,,,,,,,,,,,,,,,,8.000083333333333,,1.0,0.55,0.6507659319089663,,0,0,,0,0,0,0,0,,,,True,False,True,True,True
2025-07-22,8.94,8.98,8.81,8.93,164011.3,1.1325028312570762,0.9614942305524371,,,,,,,,,,,,,,,,,,,,8.012583333333334,,0.8181818181818182,0.55,0.6673124489915442,,0,0,,0,0,0,0,0,,,,False,False,True,True,True
2025-07-23,8.97,8.98,8.75,8.77,152390.06,-1.7917133258678608,0.8933662710041304,,,,,,,,,,,,,,,,,,,,8.02525,,0.8181818181818182,0.55,0.6807120889100675,,0,0,,0,0,0,0,0,,,,False,False,False,False,False
2025-07-24,8.8,8.81,8.71,8.76,128982.88,-0.11402508551880963,0.7561448202656605,,,,,,,,,,,,,,,,,,,,8.036750000000001,,0.8181818181818182,0.55,0.6941139262980338,,0,0,,0,0,0,0,0,,,,False,False,False,False,False
2025-07-25,8.81,8.84,8.66,8.68,100682.94,-0.91324200913242,0.5902402207961109,,,,,,,,,,,,,,,,,,,,8.047916666666667,,0.8181818181818182,0.55,0.6964050091882412,,0,0,,0,0,0,0,0,,,,False,False,False,False,False
2025-07-28,8.71,8.71,8.61,8.63,96689.54,-0.5760368663594306,0.5668294493414118,,,,,,,,,,,,,,,,,,,,8.0575,,0.6666666666666666,0.5,0.693674541983783,,0,0,,0,0,0,0,0,,,,False,False,False,False,False
2025-07-29,8.63,8.66,8.51,8.57,90179.49,-0.6952491309385911,0.5286651550787123,,,,,,,,,,,,,,,,,,,,8.065916666666668,,0.6666666666666666,0.5,0.6974586668434928,,0,0,,0,0,0,0,0,,,,False,False,False,False,False
2025-07-30,8.57,8.58,8.49,8.51,105049.78,-0.7001166861143604,0.6158402341229098,,,,,,,,,,,,,,,,,,,,8.07525,,0.5384615384615384,0.45,0.6988546280358907,,0,0,,0,0,0,0,0,,,,False,False,False,False,False
2025-07-31,8.52,8.58,8.47,8.5,143284.33,-0.1175088131609825,0.8399851511668494,,,,,,,,,,,,,,,,,,,,8.083666666666668,,0.42857142857142855,0.4,0.7200669537042357,,0,0,,0,0,0,0,0,,,,False,False,False,False,False
2025-08-01,8.5,8.56,8.44,8.47,92808.37,-0.3529411764705781,0.5440766111967644,,,,,,,,,,,,,,,,,,,,8.091249999999999,,0.42857142857142855,0.4,0.7238685073773714,,0,0,,0,0,0,0,0,,,,False,False,False,False,False
2025-08-04,8.45,8.61,8.44,8.61,103436.46,1.6528925619834656,0.6063823621833857,,,,,,,,,,,,,,,,,,,,8.100333333333333,,0.42857142857142855,0.4,0.6931431302517187,,0,0,,0,0,0,0,0,,,,True,False,False,False,False
2025-08-05,8.61,8.65,8.57,8.61,81769.23,0.0,0.47936113476153935,,,,,,,,,,,,,,,,,,,,8.108583333333334,,0.35714285714285715,0.35,0.67474464342259,,0,0,,0,0,0,0,0,,,,False,False,False,False,False
2025-08-06,8.62,8.68,8.58,8.63,78331.07,0.23228803716610624,0.4592053832754151,,,,,,,,,,,,,,,,,,,,8.116999999999999,,0.46153846153846156,0.4,0.6628808507098451,,0,0,,0,0,0,0,0,,,,True,False,False,False,False
2025-08-07,8.65,8.68,8.53,8.55,84372.3,-0.9269988412514474,0.4946212832191403,,,,,,,,,,,,,,,,,,,,8.125416666666668,,0.35714285714285715,0.35,0.6611835170180875,,0,0,,0,0,0,0,0,,,,False,False,False,False,False
2025-08-08,8.57,8.66,8.55,8.64,79761.36,1.0526315789473717,0.4675902664085702,,,,,,,,,,,,,,,,,,,,8.13425,,0.46153846153846156,0.4,0.6495023311366249,,0,0,,0,0,0,0,0,,,,True,False,False,False,False
2025-08-11,8.62,8.66,8.56,8.59,119025.0,-0.578703703703709,0.697768085439868,,,,,,,,,,,,,,,,,,,,8.142916666666666,7.8817200000000005,0.35714285714285715,0.35,0.6610086836838127,,0,0,,0,0,0,0,0,,,,False,False,False,False,False
2025-08-12,8.61,8.61,8.54,8.55,72988.0,-0.4656577415599439,0.4278823526157117,,,,,,,,,,,,,,,,,,,,8.151333333333334,7.88684,0.35714285714285715,0.35,0.6469893899451412,,0,0,,0,0,0,0,0,,,,False,False,False,False,False
2025-08-13,8.54,8.59,8.52,8.54,108642.45,-0.11695906432750425,0.6369017797437226,,,,,,,,,,,,,,,,,,,,8.158583333333333,7.892,0.2857142857142857,0.3,0.6339831335293205,,0,0,,0,0,0,0,0,,,,False,False,False,False,False
2025-08-14,8.55,8.57,8.43,8.46,110130.45,-0.9367681498828828,0.6456249800053023,,,,,,,,,,,,,,,,,,,,8.165666666666667,7.8971599999999995,0.2857142857142857,0.3,0.6382107580840498,,0,0,,0,0,0,0,0,,,,False,False,False,False,False
2025-08-15,8.45,8.54,8.42,8.5,131642.0,0.47281323877068626,0.7717335543245125,,,,,,,,,,,,,,,,,,,,8.17275,7.9031199999999995,0.38461538461538464,0.3,0.6527056919380594,,0,0,,0,0,0,0,0,,,,True,False,False,False,False
2025-08-18,8.51,8.55,8.44,8.46,191865.56,-0.47058823529411153,1.1247860908468652,,,,,,,,,,,,,,,,,,,,8.17975,7.90864,0.2857142857142857,0.25,0.655424970817451,,0,0,,0,0,0,0,0,,,,False,False,False,False,False
2025-08-19,8.45,8.52,8.42,8.51,109048.01,0.5910165484633412,0.6392793208042644,,,,,,,,,,,,,,,,,,,,8.187666666666667,7.91436,0.38461538461538464,0.25,0.6393142253300423,,0,0,,0,0,0,0,0,,,,True,False,False,False,False
2025-08-20,8.51,8.58,8.47,8.58,130203.07,0.8225616921269108,0.7632980203511288,,,,,,,,,,,,,,,,,,,,8.195583333333333,7.920319999999999,0.5,0.3,0.6328108127973924,,0,0,,0,0,0,0,0,,,,True,False,False,False,False
2025-08-21,8.61,8.7,8.56,8.66,161541.15,0.932400932400923,0.947013307752611,,,,,,,,,,,,,,,,,,,,8.204,7.92692,0.6363636363636364,0.35,0.6423542371717398,,0,0,,0,0,0,0,0,,,,True,False,True,False,False
2025-08-22,8.66,8.71,8.61,8.7,164566.21,0.4618937644341736,0.9647473159403088,,,,,,,,,,,,,,,,,,,,8.214083333333333,7.933440000000001,0.8,0.4,0.6610795919289496,,0,0,,0,0,0,0,0,,,,True,False,False,False,False
2025-08-25,8.62,8.62,8.38,8.49,358184.43,-2.4137931034482696,2.0998081407726983,,,,,,,,,,,,,,,,,,,,8.221916666666667,7.93896,0.8,0.4,0.737728526500514,,0,0,,0,0,0,0,0,,,,False,False,False,False,False
2025-08-26,8.51,8.51,8.41,8.42,227820.67,-0.8244994110718551,1.3355680968664396,,,,,,,,,,,,,,,,,,,,8.2285,7.94464,0.8,0.4,0.7780736735899004,,0,0,,0,0,0,0,0,,,,False,False,False,False,False
2025-08-27,8.42,8.45,8.27,8.27,215459.89,-1.7814726840855166,1.2631046833386645,,,,,,,,,,,,,,,,,,,,8.233916666666667,7.94964,0.8,0.4,0.8104368960506882,,0,0,,0,0,0,0,0,,,,False,False,False,False,False
2025-08-28,8.23,8.28,8.06,8.19,207583.48,-0.96735187424426,1.2169302869863066,,,,,,,,,,,,,,,,,,,,8.238583333333333,7.95492,0.8,0.4,0.8292841528416609,,0,0,,0,0,0,0,0,,,,False,False,False,False,False
2025-08-29,8.19,8.25,8.1,8.13,145334.32,-0.7326007326007189,0.8520029423659324,,,,,,,,,,,,,,,,,,,,8.242333333333333,7.95988,0.8,0.4,0.8446804694001193,,0,0,,0,0,0,0,0,,,,False,False,False,False,False
2025-09-01,8.13,8.15,8.01,8.07,185149.1,-0.7380073800738018,1.0854117456661598,,,,,,,,,,,,,,,,,,,,8.245583333333334,7.96504,0.6363636363636364,0.35,0.868631938574258,,0,0,,0,0,0,0,0,,,,False,False,False,False,False
2025-09-02,8.08,8.13,8.0,8.06,146638.55,-0.12391573729862992,0.8596488156704756,,,,,,,,,,,,,,,,,,,,8.247416666666666,7.97032,0.5833333333333334,0.35,0.8876463226197048,,0,0,,0,0,0,0,0,,,,False,False,False,False,False
2025-09-03,8.09,8.1,7.96,7.98,123886.59,-0.992555831265507,0.7262685042299845,,,,,,,,,,,,,,,,,,,,8.249166666666666,7.97552,0.46153846153846156,0.3,0.9009994786674334,,0,0,,0,0,0,0,0,,,,False,False,False,False,False
2025-09-04,8.0,8.1,7.95,8.06,154308.37,1.0025062656641603,0.9046121058789899,,,,,,,,,,,,,,,,,,,,8.249916666666667,7.98112,0.5833333333333334,0.35,0.9214990198004258,,0,0,,0,0,0,0,0,,,,True,False,False,False,False
2025-09-05,8.06,8.11,8.02,8.1,137270.0,0.4962779156327368,0.8047269488622616,,,,,,,,,,,,,,,,,,,,8.251333333333333,7.987,0.5833333333333334,0.35,0.9383558539231105,,0,0,,0,0,0,0,0,,,,True,False,False,False,False
2025-09-08,8.1,8.13,8.06,8.12,112309.73,0.24691358024691024,0.6584007164744256,,,,,,,,,,,,,,,,,,,,8.2515,7.99292,0.7272727272727273,0.4,0.9363874854748383,,0,0,,0,0,0,0,0,,,,True,False,False,False,False
2025-09-09,8.14,8.14,8.04,8.09,91413.38,-0.3694581280788145,0.5358986695751912,,,,,,,,,,,,,,,,,,,,8.25175,7.998399999999999,0.7272727272727273,0.4,0.9417883013228122,,0,0,,0,0,0,0,0,,,,False,False,False,False,False
2025-09-10,8.08,8.1,8.01,8.03,64204.87,-0.7416563658838138,0.37639243197492644,,,,,,,,,,,,,,,,,,,,8.252083333333333,8.00292,0.6666666666666666,0.4,0.9287628339343724,,0,0,,0,0,0,0,0,,,,False,False,False,False,False
2025-09-11,8.01,8.14,7.99,8.14,128249.6,1.3698630136986356,0.7518460646958949,,,,,,,,,,,,,,,,,,,,8.252749999999999,8.008,0.8181818181818182,0.45,0.934073888168902,,0,0,,0,0,0,0,0,,,,True,False,False,False,False
2025-09-12,8.13,8.14,8.08,8.09,75994.35,-0.6142506142506221,0.4455066759399054,,,,,,,,,,,,,,,,,,,,8.25325,8.013,0.6666666666666666,0.4,0.9177625442496717,,0,0,,0,0,0,0,0,,,,False,False,False,False,False
2025-09-15,8.13,8.13,8.05,8.08,68028.95,-0.12360939431396156,0.3988105876579249,,,,,,,,,,,,,,,,,,,,8.253,8.01756,0.6666666666666666,0.4,0.8814637690902247,,0,0,,0,0,0,0,0,,,,False,False,False,False,False
2025-09-16,8.1,8.2,8.07,8.2,109003.0,1.4851485148514865,0.6390154557210832,,,,,,,,,,,,,,,,,,,,8.25325,8.02288,0.6666666666666666,0.4,0.8814505758360657,,0,0,,0,0,0,0,0,,,,True,False,True,True,False
2025-09-17,8.2,8.28,8.16,8.25,95121.71,0.6097560975609762,0.5576382564206372,,,,,,,,,,,,,,,,,,,,8.2525,8.02824,0.6666666666666666,0.4,0.871167587639541,,0,0,,0,0,0,0,0,,,,True,False,True,True,False
2025-09-18,8.24,8.25,8.04,8.09,145293.02,-1.9393939393939408,0.8517608266597476,,,,,,,,,,,,,,,,,,,,8.251,8.03332,0.5384615384615384,0.35,0.8664049635848979,,0,0,,0,0,0,0,0,,,,False,False,False,False,False
2025-09-19,8.12,8.14,8.04,8.09,75587.81,0.0,0.4431233897609117,,,,,,,,,,,,,,,,,,,,8.249666666666666,8.038839999999999,0.42857142857142855,0.3,0.8403237672759281,,0,0,,0,0,0,0,0,,,,False,False,False,False,False
2025-09-22,8.1,8.15,8.07,8.13,60855.89,0.49443757725589066,0.35675948626792026,,,,,,,,,,,,,,,,,,,,8.248833333333334,8.04416,0.5384615384615384,0.35,0.7531713345506892,,0,0,,0,0,0,0,0,,,,True,False,False,False,False
2025-09-23,8.13,8.2,8.03,8.2,103643.35,0.8610086100860892,0.6075952270369598,,,,,,,,,,,,,,,,,,,,8.247,8.04964,0.6666666666666666,0.4,0.7167726910592152,,0,0,,0,0,0,0,0,,,,True,False,False,False,False
2025-09-24,8.15,8.23,8.14,8.22,84758.81,0.24390243902441266,0.4968871462118172,,,,,,,,,,,,,,,,,,,,8.246833333333333,8.05508,0.8181818181818182,0.45,0.6784618142028729,,0,0,,0,0,0,0,0,,,,True,False,False,False,False
2025-09-25,8.23,8.23,8.14,8.16,63976.43,-0.7299270072992803,0.3750532331390694,,,,,,,,,,,,,,,,,,,,8.246166666666666,8.06048,0.8181818181818182,0.45,0.6363679615105109,,0,0,,0,0,0,0,0,,,,False,False,False,False,False
2025-09-26,8.17,8.23,8.12,8.21,63670.95,0.6127450980392135,0.373262397644508,,,,,,,,,,,,,,,,,,,,8.251666666666667,8.0662,1.0,0.5,0.6124309342744396,,0,0,,0,0,0,0,0,,,,True,False,False,False,False
2025-09-29,8.21,8.31,8.12,8.28,124415.97,0.8526187576126443,0.7293719234198198,,,,,,,,,,,,,,,,,,,,8.255166666666666,8.07156,1.2222222222222223,0.55,0.5946289431621227,,0,0,,0,0,0,0,0,,,,True,False,True,False,False
2025-09-30,8.28,8.31,8.2,8.27,96268.9,-0.12077294685990392,0.5643635038051007,,,,,,,,,,,,,,,,,,,,8.258999999999999,8.07696,1.2222222222222223,0.55,0.5798646775688538,,0,0,,0,0,0,0,0,,,,False,False,False,False,False
2025-10-09,8.3,8.46,8.24,8.46,190934.54,2.297460701330123,1.1193281110702953,,,,,,,,,,,,,,,,,,,,8.26275,8.08332,1.5,0.6,0.5995176579108695,,0,0,,0,0,0,0,0,,,,True,False,True,True,False
2025-10-10,8.43,8.46,8.37,8.41,93815.95,-0.5910165484633634,0.5499834136964704,,,,,,,,,,,,,,,,,,,,8.266916666666667,8.08852,1.2222222222222223,0.55,0.5817862233017435,,0,0,,0,0,0,0,0,,,,False,False,False,False,False
2025-10-13,8.26,8.36,8.21,8.34,129291.85,-0.832342449464929,0.7579561154167495,,,,,,,,,,,,,,,,,,,,8.270166666666666,8.09332,1.2222222222222223,0.5,0.5794476816294679,,0,0,,0,0,0,0,0,,,,True,False,False,False,False
2025-10-14,8.35,8.47,8.33,8.42,155275.55,0.9592326139088669,0.9102820688017013,,,,,,,,,,,,,,,,,,,,8.27425,8.097760000000001,1.2222222222222223,0.5,0.5920417492458316,,0,0,,0,0,0,0,0,,,,True,False,False,False,False
2025-10-15,8.41,8.46,8.36,8.45,109412.66,0.3562945368170922,0.6414170324812706,,,,,,,,,,,,,,,,,,,,8.278583333333334,8.10144,1.5,0.55,0.5973176673911357,,0,0,,0,0,0,0,0,,,,True,False,False,False,False
2025-10-16,8.45,8.45,8.38,8.43,90310.1,-0.2366863905325367,0.529430838671565,,,,,,,,,,,,,,,,,,,,8.280416666666667,8.102599999999999,1.5,0.55,0.6049695877259677,,0,0,,0,0,0,0,0,,,,False,False,False,False,False
2025-10-17,8.43,8.43,8.29,8.32,94325.0,-1.3048635824436494,0.5529676509902588,,,,,,,,,,,,,,,,,,,,8.28275,8.10256,1.2222222222222223,0.5,0.5950256670406857,,0,0,,0,0,0,0,0,,,,False,False,False,False,False
2025-10-20,8.32,8.34,8.18,8.27,116869.0,-0.6009615384615419,0.685128824845805,,,,,,,,,,,,,,,,,,,,8.285083333333333,8.10472,1.2222222222222223,0.5,0.6070067744859807,,0,0,,0,0,0,0,0,,,,False,False,False,False,False
2025-10-21,8.28,8.36,8.26,8.32,86920.82,0.6045949214026791,0.509561639624141,,,,,,,,,,,,,,,,,,,,8.288,8.106480000000001,1.5,0.55,0.6125443270842916,,0,0,,0,0,0,0,0,,,,True,False,False,False,False
2025-10-22,8.35,8.55,8.33,8.47,145872.34,1.8028846153846256,0.8551570123959965,,,,,,,,,,,,,,,,,,,,8.29175,8.10964,1.5,0.55,0.6233514049180372,,0,0,,0,0,0,0,0,,,,True,False,True,False,False
2025-10-23,8.43,8.5,8.4,8.46,97889.81,-0.11806375442738881,0.5738658711007977,,,,,,,,,,,,,,,,,,,,8.294083333333333,8.11128,1.5,0.5,0.6241627856520453,,0,0,,0,0,0,0,0,,,,True,False,False,False,False
2025-10-24,8.5,8.5,8.31,8.35,110077.52,-1.3002364066194039,0.6453146849852449,,,,,,,,,,,,,,,,,,,,8.296,8.113760000000001,1.5,0.5,0.6138404785683201,,0,0,,0,0,0,0,0,,,,False,False,False,False,False
2025-10-27,8.41,8.56,8.39,8.51,176685.38,1.916167664670665,1.0357943232750728,,,,,,,,,,,,,,,,,,,,8.299666666666667,8.11688,1.8571428571428572,0.55,0.6434740252440282,,0,0,,0,0,0,0,0,,,,True,False,False,False,False
2025-10-28,8.55,8.63,8.51,8.53,157542.21,0.235017626321965,0.9235700587915616,,,,,,,,,,,,,,,,,,,,8.303999999999998,8.12032,1.5,0.55,0.6718145538702103,,0,0,,0,0,0,0,0,,,,False,False,False,False,True
2025-10-29,8.56,8.73,8.47,8.63,165471.44,1.1723329425556983,0.9700541053037428,,,,,,,,,,,,,,,,,,,,8.31125,8.1234,1.5,0.55,0.6899374977835494,,0,0,,0,0,0,0,0,,,,True,False,False,False,True
2025-10-30,8.6,8.67,8.55,8.55,116632.78,-0.9269988412514474,0.6837440168042792,,,,,,,,,,,,,,,,,,,,8.317,8.12648,1.2222222222222223,0.5,0.6992803413131725,,0,0,,0,0,0,0,0,,,,False,False,False,False,False
2025-10-31,8.54,8.59,8.49,8.56,109114.48,0.11695906432749315,0.6396689922568096,,,,,,,,,,,,,,,,,,,,8.322083333333333,8.12936,1.5,0.55,0.7125111292690596,,0,0,,0,0,0,0,0,,,,True,False,False,False,False
2025-11-03,8.59,8.65,8.52,8.64,112702.0,0.9345794392523477,0.6607003466939215,,,,,,,,,,,,,,,,,,,,8.327583333333333,8.13256,1.5,0.55,0.7268830267215302,,0,0,,0,0,0,0,0,,,,True,False,False,False,True
2025-11-04,8.64,8.78,8.62,8.71,163869.05,0.810185185185186,0.9606603090220542,,,,,,,,,,,,,,,,,,,,8.332749999999999,8.13616,1.5,0.55,0.7384474460016419,,0,0,,0,0,0,0,0,,,,True,False,False,False,True
2025-11-05,8.66,8.85,8.56,8.78,148872.08,0.8036739380022695,0.8727425854824689,,,,,,,,,,,,,,,,,,,,8.3375,8.13964,1.8571428571428572,0.6,0.7538664000855103,,0,0,,0,0,0,0,0,,,,True,False,False,False,True
2025-11-06,8.79,9.2,8.76,9.0,310004.19,2.505694760820054,1.8173579511416686,,,,,,,,,,,,,,,,,,,,8.3445,8.1432,1.8571428571428572,0.6,0.788767892089079,,0,0,,0,0,0,0,0,,,,True,False,True,True,True
2025-11-07,8.97,9.3,8.97,9.15,239339.0,1.6666666666666607,1.403092760353645,,,,,,,,,,,,,,,,,,,,8.353083333333334,8.14732,2.3333333333333335,0.65,0.8314233594219378,,0,0,,0,0,0,0,0,,,,True,False,False,False,True
2025-11-10,9.33,9.48,9.11,9.17,324104.6,0.21857923497268228,1.9000197120290212,,,,,,,,,,,,,,,,,,,,8.362166666666667,8.15128,1.8571428571428572,0.7,0.8885265392525513,,0,0,,0,0,0,0,0,,,,False,False,False,False,True
2025-11-11,9.18,9.49,9.08,9.36,302805.7,2.071973827699014,1.7751577697902043,,,,,,,,,,,,,,,,,,,,8.372333333333334,8.1558,1.8571428571428572,0.7,0.9317703243019764,,0,0,,0,0,0,0,0,,,,True,False,False,False,True
2025-11-12,9.38,9.56,9.29,9.35,239401.62,-0.10683760683760646,1.4034598616979863,,,,,,,,,,,,,,,,,,,,8.382583333333335,8.16032,1.5,0.65,0.9698724657628123,,0,0,,0,0,0,0,0,,,,False,False,False,False,False
2025-11-13,9.34,9.48,9.19,9.43,201143.36,0.8556149732620311,1.1791759479617068,,,,,,,,,,,,,,,,,,,,8.393333333333334,8.16452,1.8571428571428572,0.7,1.0023597212273194,,0,0,,0,0,0,0,0,,,,True,False,False,False,True
2025-11-14,9.41,9.47,9.2,9.2,181023.56,-2.4390243902439046,1.061226321198984,,,,,,,,,,,,,,,,,,,,8.401916666666667,8.16752,1.8571428571428572,0.7,1.0277726547377557,,0,0,,0,0,0,0,0,,,,False,False,False,False,False
2025-11-17,9.2,9.23,9.07,9.09,124412.93,-1.1956521739130421,0.7293541018278875,,,,,,,,,,,,,,,,,,,,8.410583333333333,8.17068,1.8571428571428572,0.7,1.0299839185868596,,0,0,,0,0,0,0,0,,,,False,False,False,False,False
2025-11-18,9.05,9.16,8.98,9.05,116533.99,-0.44004400440043057,0.6831648736901385,,,,,,,,,,,,,,,,,,,,8.419666666666666,8.17304,1.7142857142857142,0.65,1.0386640802901597,,0,0,,0,0,0,0,0,,,,False,False,False,False,False
2025-11-19,9.05,9.09,8.89,9.01,136365.22,-0.44198895027625085,0.7992282118831505,,,,,,,,,,,,,,,,,,,,8.428083333333333,8.175600000000001,1.375,0.6,1.0358676402645173,,0,0,,0,0,0,0,0,,,,False,False,False,False,False
2025-11-20,9.02,9.06,8.9,8.94,99074.76,-0.7769145394006638,0.5806711071749254,,,,,,,,,,,,,,,,,,,,8.436333333333334,8.17744,1.1111111111111112,0.6,1.0362079020682236,,0,0,,0,0,0,0,0,,,,False,False,False,False,False
2025-11-21,8.88,8.99,8.63,8.65,160710.76,-3.2438478747203514,0.9419159324143074,,,,,,,,,,,,,,,,,,,,8.44175,8.17864,1.1111111111111112,0.6,1.0510379644396768,,0,0,,0,0,0,0,0,,,,False,False,False,False,False
2025-11-24,8.68,8.72,8.6,8.66,102328.56,0.11560693641619046,0.5997414299142969,,,,,,,,,,,,,,,,,,,,8.44675,8.179680000000001,0.9,0.6,1.029235319771638,,0,0,,0,0,0,0,0,,,,False,False,False,False,False
2025-11-25,8.7,8.76,8.63,8.67,101639.7,0.11547344110853786,0.5957040635973003,,,,,,,,,,,,,,,,,,,,8.452,8.18096,0.9,0.6,1.012842020011925,,0,0,,0,0,0,0,0,,,,False,False,False,False,False
2025-11-26,8.66,8.72,8.57,8.59,92552.49,-0.9227220299884653,0.5424444817236622,,,,,,,,,,,,,,,,,,,,8.456,8.18168,0.7272727272727273,0.55,0.991461538832921,,0,0,,0,0,0,0,0,,,,False,False,False,False,False
2025-11-27,8.56,8.81,8.55,8.69,117032.38,1.1641443538998875,0.6859196193855691,,,,,,,,,,,,,,,,,,,,8.460749999999999,8.18324,0.9,0.6,0.9915703189619854,,0,0,,0,0,0,0,0,,,,True,False,False,False,False
2025-11-28,8.7,8.72,8.61,8.68,92399.0,-0.11507479861909697,0.541544886223857,,,,,,,,,,,,,,,,,,,,8.465416666666666,8.18356,0.7272727272727273,0.55,0.9866641136603379,,0,0,,0,0,0,0,0,,,,False,False,False,False,False
2025-12-01,8.92,9.39,8.92,9.17,448721.69,5.645161290322576,2.629930373242425,,,,,,,,,,,,,,,,,,,,8.474166666666667,8.18656,0.7272727272727273,0.55,1.085125614987763,,0,0,,0,0,0,0,0,,,,True,False,True,False,False
2025-12-02,9.15,9.3,9.05,9.16,217016.38,-0.10905125408942062,1.271919726575107,,,,,,,,,,,,,,,,,,,,8.48225,8.18788,0.7272727272727273,0.5,1.1006885858654154,,0,0,,0,0,0,0,0,,,,True,False,False,False,False
2025-12-03,9.2,9.33,9.11,9.2,177204.98,0.4366812227074135,1.0385875467526795,,,,,,,,,,,,,,,,,,,,8.49,8.19152,0.6363636363636364,0.5,1.1089808339289262,,0,0,,0,0,0,0,0,,,,False,False,False,False,False
2025-12-04,9.15,9.3,9.14,9.17,135992.72,-0.3260869565217317,0.7970450121719158,,,,,,,,,,,,,,,,,,,,8.497250000000001,8.195440000000001,0.6363636363636364,0.45,1.0579651869804385,,0,0,,0,0,0,0,0,,,,True,False,False,False,False
2025-12-05,9.22,9.32,9.18,9.3,134992.78,1.4176663031624903,0.7911844250061381,,,,,,,,,,,,,,,,,,,,8.505833333333333,8.200280000000001,0.6363636363636364,0.45,1.027369770213063,,0,0,,0,0,0,0,0,,,,True,False,False,False,False
2025-12-08,9.34,9.34,9.07,9.22,179288.07,-0.8602150537634468,1.0507964098036222,,,,,,,,,,,,,,,,,,,,8.513333333333334,8.20408,0.6363636363636364,0.4,0.9849086051017932,,0,0,,0,0,0,0,0,,,,False,False,False,False,False
2025-12-09,9.19,9.34,9.17,9.27,139570.29,0.5422993492407713,0.8180129310737208,,,,,,,,,,,,,,,,,,,,8.521666666666667,8.20852,0.6363636363636364,0.4,0.937051363165969,,0,0,,0,0,0,0,0,,,,True,False,False,False,False
2025-12-10,9.26,9.55,9.26,9.46,305255.36,2.0496224379719763,1.7890829900802228,,,,,,,,,,,,,,,,,,,,8.531250000000002,8.21376,0.8,0.45,0.9563325195850808,,0,0,,0,0,0,0,0,,,,True,False,True,True,True
2025-12-11,9.46,9.95,9.46,9.82,419609.3,3.8054968287526414,2.4593044364871077,,,,,,,,,,,,,,,,,,,,8.543583333333334,8.22016,0.8,0.45,1.020338944011351,,0,0,,0,0,0,0,0,,,,True,False,True,True,True
2025-12-12,9.78,10.27,9.74,10.18,779300.01,3.665987780040725,4.567429682677308,,,,,,,,,,,,,,,,,,,,8.559083333333332,8.22804,1.0,0.5,1.1956491120852673,,0,0,,0,0,0,0,0,,,,True,False,True,True,True
2025-12-15,10.1,10.18,9.89,10.07,321736.46,-1.080550098231825,1.885677708901249,,,,,,,,,,,,,,,,,,,,8.5745,8.23556,1.0,0.5,1.2534652924389351,,0,0,,0,0,0,0,0,,,,False,False,False,False,False
2025-12-16,10.03,10.22,9.95,10.1,232114.96,0.2979145978152964,1.3604115802557941,,,,,,,,,,,,,,,,,,,,8.590499999999999,8.243,1.1111111111111112,0.55,1.287327627767218,,0,0,,0,0,0,0,0,,,,True,False,False,False,False
2025-12-17,10.08,10.22,10.01,10.1,179373.22,0.0,1.0512954687443248,,,,,,,,,,,,,,,,,,,,8.606083333333334,8.25024,1.375,0.55,1.2999309906102767,,0,0,,0,0,0,0,0,,,,True,False,False,False,False
2025-12-18,10.09,10.09,9.76,9.78,228866.4,-3.168316831683171,1.3413719688358503,,,,,,,,,,,,,,,,,,,,8.619499999999999,8.25632,1.375,0.55,1.337966033693323,,0,0,,0,0,0,0,0,,,,False,False,False,False,False
2025-12-19,9.8,9.97,9.77,9.78,189709.63,0.0,1.111876535394539,,,,,,,,,,,,,,,,,,,,8.633333333333333,8.26228,1.375,0.55,1.3464640638423346,,0,0,,0,0,0,0,0,,,,False,False,False,False,False
2025-12-22,9.83,10.0,9.83,9.94,159581.0,1.6359918200409052,0.9352944781706438,,,,,,,,,,,,,,,,,,,,8.648750000000001,8.26844,1.7142857142857142,0.55,1.3632417162551518,,0,0,,0,0,0,0,0,,,,True,False,False,False,False
2025-12-23,9.9,9.97,9.76,9.87,128184.64,-0.7042253521126751,0.7512823329737991,,,,,,,,,,,,,,,,,,,,8.662583333333334,8.27452,1.7142857142857142,0.5,1.3710206297239769,,0,0,,0,0,0,0,0,,,,False,False,False,False,False
2025-12-24,9.85,9.99,9.75,9.97,122765.0,1.0131712259372039,0.7195181544959556,,,,,,,,,,,,,,,,,,,,8.677416666666666,8.28196,2.1666666666666665,0.55,1.3798743133625915,,0,0,,0,0,0,0,0,,,,True,False,False,False,False
2025-12-25,10.05,10.08,9.94,10.04,91963.21,0.7021063189568633,0.538990747694571,,,,,,,,,,,,,,,,,,,,8.692166666666667,8.289839999999998,1.7142857142857142,0.55,1.3725278697780414,,0,0,,0,0,0,0,0,,,,False,False,False,False,False
2025-12-26,10.0,10.47,9.99,10.46,194588.77,4.183266932270935,1.1404728764390337,,,,,,,,,,,,,,,,,,,,8.710166666666668,8.29956,2.1666666666666665,0.6,1.4024742692888004,,0,0,,0,0,0,0,0,,,,True,False,True,True,True
2025-12-29,10.46,10.46,10.1,10.1,221266.3,-3.441682600382423,1.2968282476939557,,,,,,,,,,,,,,,,,,,,8.725500000000002,8.30776,1.7142857142857142,0.55,1.335819163011377,,0,0,,0,0,0,0,0,,,,False,False,False,False,False
2025-12-30,10.09,10.29,9.89,9.98,160670.98,-1.188118811881178,0.9416827842679639,,,,,,,,,,,,,,,,,,,,8.7385,8.315400000000002,1.375,0.55,1.3193073158960198,,0,0,,0,0,0,0,0,,,,False,False,False,False,False
2025-12-31,9.94,10.03,9.83,9.85,118931.1,-1.3026052104208485,0.6970479011458799,,,,,,,,,,,,,,,,,,,,8.75,8.32248,1.2222222222222223,0.5,1.3022303336156797,,0,0,,0,0,0,0,0,,,,False,False,False,False,False
2026-01-05,9.85,10.02,9.72,9.83,136833.29,-0.20304568527917954,0.8019715415176141,,,,,,,,,,,,,,,,,,,,8.76175,8.330200000000001,1.0,0.5,1.3024766600829647,,0,0,,0,0,0,0,0,,,,False,False,False,False,False
2026-01-06,9.94,10.0,9.71,9.76,152517.85,-0.7121057985757906,0.8938977881292793,,,,,,,,,,,,,,,,,,,,8.772666666666668,8.33708,0.8181818181818182,0.45,1.3076123282391217,,0,0,,0,0,0,0,0,,,,False,False,False,False,False
2026-01-07,9.71,10.17,9.66,10.11,220532.28,3.5860655737704805,1.2925262013797527,,,,,,,,,,,,,,,,,,,,8.786583333333335,8.34532,1.0,0.5,1.3196988178179283,,0,0,,0,0,0,0,0,,,,True,False,False,False,False
2026-01-08,10.13,10.15,9.78,9.8,187519.57,-3.066271018793265,1.0990407277177954,,,,,,,,,,,,,,,,,,,,8.797583333333334,8.351880000000001,0.8181818181818182,0.45,1.333750207650132,,0,0,,0,0,0,0,0,,,,False,False,False,False,False
2026-01-09,9.84,10.13,9.82,9.95,166166.98,1.5306122448979442,0.9738945040342636,,,,,,,,,,,,,,,,,,,,8.809833333333334,8.35868,0.8181818181818182,0.45,1.292990783347834,,0,0,,0,0,0,0,0,,,,True,False,False,False,False
2026-01-12,10.01,10.2,9.93,9.95,186333.14,0.0,1.0920871340710832,,,,,,,,,,,,,,,,,,,,8.820583333333332,8.36532,0.6666666666666666,0.4,1.2246299182270328,,0,0,,0,0,0,0,0,,,,False,False,False,False,False
2026-01-13,9.97,9.98,9.74,9.83,151570.52,-1.2060301507537563,0.8883455449549329,,,,,,,,,,,,,,,,,,,,8.83125,8.37208,0.5384615384615384,0.35,1.040675711340914,,0,0,,0,0,0,0,0,,,,False,False,False,False,False
2026-01-14,9.92,9.94,9.7,9.72,157411.62,-1.1190233977619424,0.9225798747087415,,,,,,,,,,,,,,,,,,,,8.840833333333334,8.379719999999999,0.5384615384615384,0.35,0.9925208196312887,,0,0,,0,0,0,0,0,,,,False,False,False,False,False
2026-01-15,9.83,9.95,9.76,9.87,123603.0,1.5432098765431945,0.7244296212288812,,,,,,,,,,,,,,,,,,,,8.8495,8.38848,0.5384615384615384,0.35,0.9607217216799431,,0,0,,0,0,0,0,0,,,,True,False,False,False,False
2026-01-16,9.88,10.07,9.84,9.98,153191.82,1.1144883485309176,0.8978478850672147,,,,,,,,,,,,,,,,,,,,8.85825,8.39712,0.5384615384615384,0.4,0.9530493424960875,,0,0,,0,0,0,0,0,,,,True,False,False,False,False
2026-01-19,10.03,10.45,9.98,10.4,218896.92,4.208416833667328,1.2829414564676318,,,,,,,,,,,,,,,,,,,,8.871833333333335,8.40792,0.6666666666666666,0.45,0.9501278168776766,,0,0,,0,0,0,0,0,,,,True,False,True,True,False
2026-01-20,10.46,10.49,10.18,10.35,198171.01,-0.48076923076924016,1.161468165925138,,,,,,,,,,,,,,,,,,,,8.885083333333334,8.419,0.6666666666666666,0.45,0.9526073984042066,,0,0,,0,0,0,0,0,,,,False,False,False,False,False
2026-01-21,10.43,10.7,10.3,10.49,234658.85,1.352657004830915,1.3753211639159637,,,,,,,,,,,,,,,,,,,,8.900166666666667,8.43132,0.6666666666666666,0.45,0.9746087326914725,,0,0,,0,0,0,0,0,,,,True,False,False,False,True
2026-01-22,10.49,10.54,10.24,10.3,145633.0,-1.8112488083889322,0.8535461034798966,,,,,,,,,,,,,,,,,,,,8.914083333333332,8.4428,0.6666666666666666,0.45,0.9797219212167774,,0,0,,0,0,0,0,0,,,,False,False,False,False,False
2026-01-23,10.36,10.4,10.2,10.32,140257.0,0.19417475728154,0.8220376963722498,,,,,,,,,,,,,,,,,,,,8.928666666666667,8.45464,0.5384615384615384,0.45,0.984847898310592,,0,0,,0,0,0,0,0,,,,False,False,False,False,False
2026-01-26,10.32,10.96,10.23,10.77,342584.53,4.360465116279055,2.0078669717302517,,,,,,,,,,,,,,,,,,,,8.9475,8.467360000000001,0.6666666666666666,0.45,1.058291709512376,,0,0,,0,0,0,0,0,,,,True,False,True,True,True
2026-01-27,10.67,10.68,10.3,10.48,237881.4,-2.692664809656442,1.3942083323171441,,,,,,,,,,,,,,,,,,,,8.964,8.47984,0.5384615384615384,0.4,1.0709784823062818,,0,0,,0,0,0,0,0,,,,False,False,False,False,False
2026-01-28,10.46,10.56,10.29,10.46,137968.46,-0.1908396946564861,0.8086247034403052,,,,,,,,,,,,,,,,,,,,8.980583333333332,8.492,0.5833333333333334,0.4,1.0465683050935992,,0,0,,0,0,0,0,0,,,,False,False,False,False,False
2026-01-29,10.43,10.48,10.12,10.16,156611.69,-2.8680688336520155,0.9178915339167735,,,,,,,,,,,,,,,,,,,,8.993500000000001,8.50264,0.5833333333333334,0.4,1.0453787425760397,,0,0,,0,0,0,0,0,,,,False,False,False,False,False
2026-01-30,10.12,10.53,9.94,10.49,214145.22,3.2480314960629864,1.2550920334666265,,,,,,,,,,,,,,,,,,,,9.009166666666665,8.514880000000002,0.7272727272727273,0.45,1.073280949192077,,0,0,,0,0,0,0,0,,,,True,False,False,False,False
2026-02-02,10.46,10.69,10.34,10.53,248093.5,0.38131553860818457,1.4540608256623824,,,,,,,,,,,,,,,,,,,,9.025,8.528,0.9,0.5,1.1058854133993152,,0,0,,0,0,0,0,0,,,,True,False,False,False,False
2026-02-03,10.53,10.81,10.45,10.73,189665.31,1.8993352326685864,1.1116167785859432,,,,,,,,,,,,,,,,,,,,9.043166666666668,8.5414,1.1111111111111112,0.55,1.1167713629221487,,0,0,,0,0,0,0,0,,,,True,False,True,False,False
2026-02-04,10.7,11.16,10.6,10.99,241709.61,2.423112767940361,1.4166452369253222,,,,,,,,,,,,,,,,,,,,9.06275,8.556,1.1111111111111112,0.55,1.122977314699427,,0,0,,0,0,0,0,0,,,,True,False,True,True,True
2026-02-05,10.99,11.05,10.68,10.77,164959.55,-2.0018198362147466,0.9668178306722871,,,,,,,,,,,,,,,,,,,,9.080916666666667,8.56916,1.1111111111111112,0.55,1.1163661698471516,,0,0,,0,0,0,0,0,,,,False,False,False,False,False
2026-02-06,10.64,10.74,10.55,10.55,120232.02,-2.042711234911787,0.7046725136783352,,,,,,,,,,,,,,,,,,,,9.097583333333334,8.581119999999999,0.9,0.5,1.1029050703293553,,0,0,,0,0,0,0,0,,,,False,False,False,False,False
2026-02-09,10.67,10.73,10.53,10.62,115880.73,0.6635071090047351,0.6791698691910897,,,,,,,,,,,,,,,,,,,,9.114916666666666,8.594040000000001,0.9,0.55,1.0822592070853556,,0,0,,0,0,0,0,0,,,,False,False,False,False,False
2026-02-10,10.71,10.88,10.54,10.67,109884.14,0.47080979284370716,0.6440242220598316,,,,,,,,,,,,,,,,,,,,9.133333333333333,8.606759999999998,0.9,0.6,1.0700431409406004,,0,0,,0,0,0,0,0,,,,False,False,False,False,False
2026-02-11,10.67,10.82,10.62,10.67,98875.88,0.0,0.5795054836619848,,,,,,,,,,,,,,,,,,,,9.151416666666668,8.6192,1.0,0.6,1.0528894213882627,,0,0,,0,0,0,0,0,,,,False,False,False,False,False
2026-02-12,10.73,11.1,10.7,11.03,181324.2,3.373945641986875,1.0627300431674789,,,,,,,,,,,,,,,,,,,,9.172833333333333,8.633239999999999,1.0,0.6,1.0698044424851925,,0,0,,0,0,0,0,0,,,,True,False,False,False,True
2026-02-13,11.0,11.0,10.51,10.52,167576.71,-4.623753399818675,0.9821568453199524,,,,,,,,,,,,,,,,,,,,9.189583333333333,8.64484,0.8,0.55,1.0740198904978293,,0,0,,0,0,0,0,0,,,,False,False,False,False,False
2026-02-24,10.69,11.2,10.61,11.13,241663.44,5.798479087452479,1.4163746373799053,,,,,,,,,,,,,,,,,,,,9.210833333333333,8.658880000000002,0.8,0.55,1.080691549543443,,0,0,,0,0,0,0,0,,,,True,False,True,False,True
2026-02-25,11.09,11.29,11.01,11.06,156004.12,-0.6289308176100628,0.914330603316626,,,,,,,,,,,,,,,,,,,,9.230833333333333,8.672960000000002,0.8,0.55,1.0683346714130173,,0,0,,0,0,0,0,0,,,,False,False,False,False,False
2026-02-26,11.09,11.53,11.04,11.43,220634.38,3.345388788426762,1.2931246032334898,,,,,,,,,,,,,,,,,,,,9.253583333333333,8.688360000000001,0.8,0.55,1.0642248433788937,,0,0,,0,0,0,0,0,,,,True,False,True,True,True
2026-02-27,11.22,11.8,11.22,11.78,265492.14,3.062117235345574,1.5560331902902447,,,,,,,,,,,,,,,,,,,,9.281,8.70528,1.0,0.6,1.0993491977194112,,0,0,,0,0,0,0,0,,,,True,False,True,True,True
2026-03-02,11.59,12.0,11.59,11.67,262188.68,-0.9337860780984641,1.5366718133289672,,,,,,,,,,,,,,,,,,,,9.308083333333334,8.721800000000002,1.25,0.55,1.135080903567247,,0,0,,0,0,0,0,0,,,,True,False,False,False,False
2026-03-03,11.73,11.79,11.12,11.25,238142.55,-3.598971722365041,1.3957389164905374,,,,,,,,,,,,,,,,,,,,9.332916666666668,8.736120000000001,1.0,0.5,1.1044745008052612,,0,0,,0,0,0,0,0,,,,False,False,False,False,False
2026-03-04,11.12,11.46,11.1,11.14,182698.51,-0.9777777777777774,1.0707847900000889,,,,,,,,,,,,,,,,,,,,9.357499999999998,8.75024,1.25,0.5,1.0883033236894086,,0,0,,0,0,0,0,0,,,,True,False,False,False,False
2026-03-05,11.4,11.77,11.25,11.63,229877.3,4.398563734290839,1.3472967918911183,,,,,,,,,,,,,,,,,,,,9.386666666666667,8.76616,1.375,0.55,1.1152369281119492,,0,0,,0,0,0,0,0,,,,True,False,False,False,False
2026-03-06,11.61,12.08,11.41,11.75,220948.12,1.0318142734307756,1.2949634141795376,,,,,,,,,,,,,,,,,,,,9.417333333333335,8.782680000000001,1.7142857142857142,0.6,1.1340905221250874,,0,0,,0,0,0,0,0,,,,True,False,False,False,False
2026-03-09,11.74,11.9,11.49,11.9,293611.54,1.276595744680864,1.7208392734045976,,,,,,,,,,,,,,,,,,,,9.449333333333332,8.80004,1.7142857142857142,0.6,1.157377884121986,,0,0,,0,0,0,0,0,,,,True,False,False,False,True
2026-03-10,11.83,12.29,11.64,12.22,298311.75,2.6890756302521135,1.7483869166656527,,,,,,,,,,,,,,,,,,,,9.484666666666666,8.8184,1.7142857142857142,0.6,1.1720941886721497,,0,0,,0,0,0,0,0,,,,True,False,True,True,True
2026-03-11,12.2,12.35,12.03,12.07,261418.49,-1.227495908346976,1.5321577768575687,,,,,,,,,,,,,,,,,,,,9.518083333333331,8.836079999999999,1.375,0.55,1.1931212385857308,,0,0,,0,0,0,0,0,,,,False,False,False,False,False
2026-03-12,12.19,12.34,11.78,11.87,304712.91,-1.6570008285004212,1.7859037238161708,,,,,,,,,,,,,,,,,,,,9.5495,8.8536,1.1111111111111112,0.5,1.2115841629302733,,0,0,,0,0,0,0,0,,,,False,False,False,False,False
2026-03-13,11.89,11.9,11.21,11.32,361596.28,-4.633529907329392,2.1192936753814426,,,,,,,,,,,,,,,,,,,,9.576166666666666,8.868679999999998,1.1111111111111112,0.5,1.269207955165731,,0,0,,0,0,0,0,0,,,,False,False,False,False,False
2026-03-16,11.31,11.31,10.75,10.88,286639.09,-3.886925795052998,1.6799741705143985,,,,,,,,,,,,,,,,,,,,9.599416666666666,8.881680000000001,1.1111111111111112,0.5,1.317973038007534,,0,0,,0,0,0,0,0,,,,False,False,False,False,False
2026-03-17,10.9,10.99,10.64,10.65,154376.9,-2.1139705882353033,0.9047935664465172,,,,,,,,,,,,,,,,,,,,9.62125,8.893799999999999,1.1111111111111112,0.45,1.3292542228703055,,0,0,,0,0,0,0,0,,,,False,False,False,False,False
2026-03-18,10.65,10.82,10.53,10.76,148918.62,1.032863849765242,0.8728029212925875,,,,,,,,,,,,,,,,,,,,9.643083333333331,8.90632,1.375,0.45,1.3406931578319434,,0,0,,0,0,0,0,0,,,,True,False,False,False,False
2026-03-19,10.55,10.8,10.43,10.51,129312.0,-2.323420074349447,0.7578897209642896,,,,,,,,,,,,,,,,,,,,9.66325,8.917639999999999,1.2222222222222223,0.45,1.3496123696970586,,0,0,,0,0,0,0,0,,,,False,False,False,False,False
2026-03-20,10.55,10.62,10.18,10.25,144716.0,-2.473834443387246,0.8481716225800245,,,,,,,,,,,,,,,,,,,,9.681333333333333,8.92792,1.0,0.4,1.3388844486676859,,0,0,,0,0,0,0,0,,,,False,False,False,False,False
2026-03-23,9.99,10.28,9.79,9.94,224336.0,-3.0243902439024417,1.3148195715961772,,,,,,,,,,,,,,,,,,,,9.695833333333333,8.93632,1.0,0.4,1.3555175849814973,,0,0,,0,0,0,0,0,,,,False,False,False,False,False
2026-03-24,10.1,10.12,9.86,10.07,132910.3,1.307847082494984,0.7789791371278769,,,,,,,,,,,,,,,,,,,,9.711,8.945519999999998,0.8181818181818182,0.4,1.3236478099688957,,0,0,,0,0,0,0,0,,,,False,False,False,False,False
2026-03-25,10.08,10.26,10.08,10.17,116469.26,0.9930486593842991,0.6826192075160642,,,,,,,,,,,,,,,,,,,,9.728333333333332,8.95432,1.0,0.45,1.3120622401788675,,0,0,,0,0,0,0,0,,,,True,False,False,False,False
2026-03-26,10.14,10.16,9.87,9.92,100241.68,-2.4582104228121904,0.5875103539052184,,,,,,,,,,,,,,,,,,,,9.743583333333333,8.962279999999998,0.8181818181818182,0.4,1.2767815277124541,,0,0,,0,0,0,0,0,,,,False,False,False,False,False
2026-03-27,9.8,10.03,9.75,10.0,81954.0,0.8064516129032251,0.4803273802269502,,,,,,,,,,,,,,,,,,,,9.759166666666667,8.96988,0.8181818181818182,0.4,1.2229962372092893,,0,0,,0,0,0,0,0,,,,True,False,False,False,False
2026-03-30,9.94,10.04,9.71,10.01,147805.02,0.09999999999998899,0.8662761798202893,,,,,,,,,,,,,,,,,,,,9.77425,8.97768,0.8181818181818182,0.45,1.1894764555338555,,0,0,,0,0,0,0,0,,,,True,False,False,False,False
2026-03-31,9.97,10.1,9.87,9.91,80486.21,-0.9990009990009985,0.47172475283324994,,,,,,,,,,,,,,,,,,,,9.788333333333332,8.98536,0.8181818181818182,0.45,1.1432757473509911,,0,0,,0,0,0,0,0,,,,False,False,False,False,False
2026-04-01,10.05,10.16,9.96,10.1,109578.01,1.917255297679099,0.6422300128582199,,,,,,,,,,,,,,,,,,,,9.804499999999999,8.99352,0.8181818181818182,0.5,1.1218480084938975,,0,0,,0,0,0,0,0,,,,True,False,False,False,False
2026-04-02,10.1,10.1,9.88,9.94,82102.0,-1.5841584158415856,0.4811947991726221,,,,,,,,,,,,,,,,,,,,9.818916666666667,9.00116,0.6666666666666666,0.45,1.078542908857973,,0,0,,0,0,0,0,0,,,,False,False,False,False,False
2026-04-03,9.87,10.0,9.72,9.75,81804.21,-1.9114688128772594,0.4794494702007868,,,,,,,,,,,,,,,,,,,,9.831166666666666,9.007719999999999,0.5384615384615384,0.4,1.0377672116590353,,0,0,,0,0,0,0,0,,,,False,False,False,False,False
2026-04-07,9.79,10.07,9.73,9.89,69034.03,1.4358974358974486,0.4046042264734935,,,,,,,,,,,,,,,,,,,,9.844666666666665,9.014599999999998,0.5384615384615384,0.4,0.9719554593124802,,0,0,,0,0,0,0,0,,,,True,False,False,False,False
2026-04-08,10.05,10.29,10.03,10.28,126249.26,3.9433771486349745,0.7399391891962698,,,,,,,,,,,,,,,,,,,,9.859833333333333,9.02236,0.5384615384615384,0.4,0.9215330729390109,,0,0,,0,0,0,0,0,,,,True,False,True,True,False
2026-04-09,10.19,10.27,10.12,10.14,72313.0,-1.3618677042801397,0.4238220690430175,,,,,,,,,,,,,,,,,,,,9.87425,9.02984,0.5384615384615384,0.4,0.8661162875482834,,0,0,,0,0,0,0,0,,,,False,False,False,False,False
2026-04-10,10.27,10.47,10.16,10.27,104765.14,1.2820512820512775,0.6140220762294663,,,,,,,,,,,,,,,,,,,,9.890333333333333,9.03792,0.5833333333333334,0.45,0.8075222051689481,,0,0,,0,0,0,0,0,,,,False,False,False,False,False
2026-04-13,10.27,10.27,10.0,10.05,110203.06,-2.142161635832507,0.6458933926689778,,,,,,,,,,,,,,,,,,,,9.903916666666667,9.045200000000001,0.5833333333333334,0.45,0.7338521910333249,,0,0,,0,0,0,0,0,,,,False,False,False,False,False
2026-04-14,10.15,10.19,9.84,9.92,126767.79,-1.2935323383084674,0.7429782618036969,,,,,,,,,,,,,,,,,,,,9.916166666666667,9.051200000000001,0.5833333333333334,0.45,0.6870023955977898,,0,0,,0,0,0,0,0,,,,False,False,False,False,False
2026-04-15,9.94,10.1,9.91,9.94,79210.0,0.20161290322580072,0.4642449640990889,,,,,,,,,,,,,,,,,,,,9.92875,9.058,0.6363636363636364,0.5,0.6649749654804183,,0,0,,0,0,0,0,0,,,,False,False,False,False,False
2026-04-16,9.97,10.11,9.91,10.05,81987.0,1.106639839034207,0.4805207912080798,,,,,,,,,,,,,,,,,,,,9.943166666666666,9.06524,0.6363636363636364,0.5,0.6453608589761929,,0,0,,0,0,0,0,0,,,,True,False,False,False,False
2026-04-17,10.07,10.07,9.89,9.93,94012.98,-1.194029850746281,0.5510043242639611,,,,,,,,,,,,,,,,,,,,9.957,9.07476,0.6363636363636364,0.5,0.6350165891411765,,0,0,,0,0,0,0,0,,,,False,False,False,False,False
2026-04-20,9.54,9.54,8.98,9.05,418283.46,-8.86203423967773,2.451533769359205,,,,,,,,,,,,,,,,,,,,9.963083333333335,9.07952,0.6363636363636364,0.5,0.7151846964801356,,0,0,,0,0,0,0,0,,,,False,False,False,False,False
2026-04-21,9.05,9.05,8.89,9.0,143544.01,-0.5524861878453136,0.8413026608899035,,,,,,,,,,,,,,,,,,,,9.967500000000001,9.084280000000001,0.6363636363636364,0.5,0.6915088509448218,,0,0,,0,0,0,0,0,,,,False,False,False,False,False
2026-04-22,8.97,9.1,8.86,8.94,132284.07,-0.666666666666671,0.7753088414093089,,,,,,,,,,,,,,,,,,,,9.971499999999999,9.088,0.6363636363636364,0.45,0.6913253361588935,,0,0,,0,0,0,0,0,,,,False,False,False,False,False
2026-04-23,8.96,9.07,8.95,9.01,124423.01,0.7829977628635465,0.7292356496723971,,,,,,,,,,,,,,,,,,,,9.977,9.092400000000001,0.6363636363636364,0.45,0.6936561582667101,,0,0,,0,0,0,0,0,,,,True,False,False,False,False
2026-04-24,9.01,9.23,8.97,9.15,169580.31,1.5538290788013276,0.9938998223439257,,,,,,,,,,,,,,,,,,,,9.982333333333333,9.097199999999999,0.8,0.5,0.7139756316886455,,0,0,,0,0,0,0,0,,,,True,False,False,False,False
2026-04-27,9.15,9.19,8.96,9.01,106157.16,-1.5300546448087537,0.6221806202886154,,,,,,,,,,,,,,,,,,,,9.986333333333333,9.10152,0.6363636363636364,0.45,0.7210682936917288,,0,0,,0,0,0,0,0,,,,False,False,False,False,False
2026-04-28,9.01,9.08,8.93,8.97,94864.75,-0.4439511653718031,0.5559964961244671,,,,,,,,,,,,,,,,,,,,9.989166666666668,9.10568,0.5,0.4,0.7055543095069376,,0,0,,0,0,0,0,0,,,,False,False,False,False,False
2026-04-29,9.05,9.19,9.01,9.18,111110.52,2.341137123745818,0.6512119602124871,,,,,,,,,,,,,,,,,,,,9.994416666666668,9.109560000000002,0.6363636363636364,0.45,0.7145286698758996,,0,0,,0,0,0,0,0,,,,True,False,False,False,False
2026-04-30,9.1,9.18,8.99,9.03,119168.0,-1.6339869281045805,0.6984363575528371,,,,,,,,,,,,,,,,,,,,9.998333333333333,9.113520000000001,0.5,0.4,0.7173389871106304,,0,0,,0,0,0,0,0,,,,False,False,False,False,False
2026-05-06,9.03,9.11,8.99,9.04,151336.5,0.11074197120708451,0.8869739680517833,,,,,,,,,,,,,,,,,,,,10.001666666666667,9.117719999999998,0.6363636363636364,0.45,0.7376279455545884,,0,0,,0,0,0,0,0,,,,True,False,False,False,False
2026-05-07,9.04,9.2,9.01,9.2,118766.0,1.7699115044247815,0.69608026014635,,,,,,,,,,,,,,,,,,,,10.00575,9.12264,0.8,0.5,0.7484594850518665,,0,0,,0,0,0,0,0,,,,True,False,True,False,False
2026-05-08,9.2,9.21,9.06,9.14,78322.66,-0.6521739130434634,0.4590443186446805,,,,,,,,,,,,,,,,,,,,10.00875,9.127120000000001,0.6363636363636364,0.45,0.751181489660426,,0,0,,0,0,0,0,0,,,,False,False,False,False,False
2026-05-11,9.15,9.31,9.11,9.16,107350.0,0.2188183807439792,0.6291717825531774,,,,,,,,,,,,,,,,,,,,10.010083333333334,9.131039999999999,0.6363636363636364,0.45,0.7456431193282713,,0,0,,0,0,0,0,0,,,,True,False,False,False,False
2026-05-12,9.15,9.24,9.06,9.13,91766.0,-0.3275109170305601,0.5378349119494633,,,,,,,,,,,,,,,,,,,,10.009916666666667,9.13508,0.6363636363636364,0.45,0.7513437614735936,,0,0,,0,0,0,0,0,,,,False,False,False,False,False
2026-05-13,9.05,9.17,9.03,9.06,111296.31,-0.766703176341732,0.6523008640362462,,,,,,,,,,,,,,,,,,,,10.009000000000002,9.13904,0.7272727272727273,0.4,0.7532577008639325,,0,0,,0,0,0,0,0,,,,True,False,False,False,False
2026-05-14,9.08,9.17,8.95,9.03,116236.0,-0.33112582781458233,0.6812520849264195,,,,,,,,,,,,,,,,,,,,10.00625,9.143120000000001,0.7272727272727273,0.4,0.7550256354768047,,0,0,,0,0,0,0,0,,,,False,False,False,False,False
2026-05-15,9.04,9.14,8.98,9.03,86228.19,0.0,0.5053781463310114,,,,,,,,,,,,,,,,,,,,10.003583333333333,9.1482,0.7272727272727273,0.4,0.7431456297031704,,0,0,,0,0,0,0,0,,,,False,False,False,False,False
2026-05-18,8.98,9.08,8.91,8.96,87977.69,-0.7751937984495916,0.5156318588002875,,,,,,,,,,,,,,,,,,,,9.999666666666666,9.1526,0.6666666666666666,0.35,0.7457149744382303,,0,0,,0,0,0,0,0,,,,False,False,False,False,False
2026-05-19,8.98,9.12,8.87,9.07,86064.72,1.2276785714285587,0.5044200586617616,,,,,,,,,,,,,,,,,,,,9.998583333333332,9.15708,0.6666666666666666,0.35,0.7469099378109144,,0,0,,0,0,0,0,0,,,,True,False,False,False,False
2026-05-20,9.07,9.12,8.9,8.96,67490.06,-1.2127894156560015,0.39555511276032507,,,,,,,,,,,,,,,,,,,,9.9975,9.161,0.6666666666666666,0.35,0.7391374772357326,,0,0,,0,0,0,0,0,,,,False,False,False,False,False
2026-05-21,8.95,9.05,8.8,8.81,97840.34,-1.6741071428571508,0.5734362470741402,,,,,,,,,,,,,,,,,,,,9.9955,9.16388,0.6666666666666666,0.35,0.6452326011214794,,0,0,,0,0,0,0,0,,,,False,False,False,False,False
2026-05-22,8.9,8.93,8.7,8.78,100573.7,-0.34052213393871433,0.5894563028129344,,,,,,,,,,,,,,,,,,,,9.993583333333333,9.16616,0.6666666666666666,0.35,0.6326402832176309,,0,0,,0,0,0,0,0,,,,False,False,False,False,False
2026-05-25,8.75,8.89,8.7,8.76,81637.98,-0.2277904328018221,0.478475206340388,,,,,,,,,,,,,,,,,,,,9.992083333333333,9.16856,0.8181818181818182,0.35,0.6177986014641849,,0,0,,0,0,0,0,0,,,,True,False,False,False,False
2026-05-26,8.76,8.78,8.58,8.68,76783.53,-0.91324200913242,0.4500235718754111,,,,,,,,,,,,,,,,,,,,9.992333333333333,9.1708,0.6666666666666666,0.3,0.6038379975743356,,0,0,,0,0,0,0,0,,,,False,False,False,False,False
2026-05-27,8.68,8.74,8.54,8.6,73941.18,-0.9216589861751112,0.4333647324143955,,,,,,,,,,,,,,,,,,,,9.991833333333336,9.172880000000001,0.5384615384615384,0.25,0.5758112430778591,,0,0,,0,0,0,0,0,,,,False,False,False,False,False
2026-05-28,8.59,9.45,8.56,9.45,238512.03,9.883720930232553,1.3979044161665295,,,,,,,,,,,,,,,,,,,,9.998333333333333,9.178120000000002,0.6666666666666666,0.3,0.6145974328717548,,0,0,,0,0,0,0,0,,,,True,False,True,True,False
2026-05-29,9.52,9.91,9.38,9.44,392564.0,-0.10582010582009804,2.3007935877615795,,,,,,,,,,,,,,,,,,,,10.005416666666667,9.183399999999999,0.6666666666666666,0.3,0.7018372874536103,,0,0,,0,0,0,0,0,,,,False,False,False,False,False
2026-06-01,9.42,9.59,9.23,9.51,217698.47,0.741525423728806,1.275917414336278,,,,,,,,,,,,,,,,,,,,10.01225,9.18888,0.6666666666666666,0.3,0.7330725601597999,,0,0,,0,0,0,0,0,,,,True,False,False,False,False
2026-06-02,9.53,9.62,9.01,9.04,227417.62,-4.942166140904314,1.3328807578891584,,,,,,,,,,,,,,,,,,,,10.01525,9.192359999999999,0.6666666666666666,0.3,0.7647947801766161,,0,0,,0,0,0,0,0,,,,False,False,False,False,False
2026-06-03,9.04,9.18,8.83,8.95,182520.61,-0.9955752212389313,1.0697421289836357,,,,,,,,,,,,,,,,,,,,10.013416666666666,9.195960000000001,0.5384615384615384,0.25,0.7739331882232087,,0,0,,0,0,0,0,0,,,,False,False,False,False,False
2026-06-04,8.87,9.25,8.85,9.11,163626.0,1.787709497206702,0.9590019757060663,,,,,,,,,,,,,,,,,,,,10.013,9.200560000000001,0.5384615384615384,0.25,0.7870792740011945,,0,0,,0,0,0,0,0,,,,True,False,False,False,False
2026-06-05,9.1,9.18,8.78,8.83,162462.2,-3.073545554335888,0.9521810151048983,,,,,,,,,,,,,,,,,,,,10.009916666666667,9.203880000000002,0.5384615384615384,0.25,0.8117361088242052,,0,0,,0,0,0,0,0,,,,False,False,False,False,False
2026-06-08,8.67,8.98,8.6,8.83,167169.59,0.0,0.979770739906696,,,,,,,,,,,,,,,,,,,,10.007083333333332,9.2074,0.5384615384615384,0.2,0.8292660566918812,,0,0,,0,0,0,0,0,,,,True,False,False,False,False
2026-06-09,8.82,8.97,8.66,8.85,108659.52,0.22650056625141968,0.6368467991595029,,,,,,,,,,,,,,,,,,,,10.003333333333334,9.210799999999999,0.6666666666666666,0.25,0.8342166510523832,,0,0,,0,0,0,0,0,,,,True,False,False,False,False
2026-06-10,8.78,8.83,8.53,8.64,102734.0,-2.372881355932188,0.6021176889503319,,,,,,,,,,,,,,,,,,,,9.9985,9.213119999999998,0.5384615384615384,0.25,0.8317074922980876,,0,0,,0,0,0,0,0,,,,False,False,False,False,False
2026-06-11,8.64,9.08,8.58,9.0,172007.54,4.166666666666652,1.0081256688811082,,,,,,,,,,,,,,,,,,,,9.99625,9.216959999999998,0.6666666666666666,0.3,0.8480511714958219,,0,0,,0,0,0,0,0,,,,True,False,False,False,False
2026-06-12,9.0,9.07,8.8,8.93,170655.67,-0.7777777777777772,1.0002024415156665,,,,,,,,,,,,,,,,,,,,9.991833333333334,9.22024,0.6666666666666666,0.3,0.8727923862550547,,0,0,,0,0,0,0,0,,,,False,False,False,False,False
2026-06-15,8.91,9.08,8.87,9.06,151932.37,1.4557670772676445,0.8904663256677122,,,,,,,,,,,,,,,,,,,,9.9855,9.224,0.8181818181818182,0.35,0.891534109598426,,0,0,,0,0,0,0,0,,,,True,False,False,False,False
2026-06-16,9.08,9.23,9.0,9.16,151718.26,1.103752759381904,0.8892114400565109,,,,,,,,,,,,,,,,,,,,9.977,9.228159999999999,0.8181818181818182,0.35,0.9107736786681635,,0,0,,0,0,0,0,0,,,,True,False,True,False,False
2026-06-17,9.11,9.26,9.02,9.18,101856.4,0.21834061135370675,0.5969741290400509,,,,,,,,,,,,,,,,,,,,9.969583333333333,9.2324,1.0,0.4,0.9208446294821495,,0,0,,0,0,0,0,0,,,,True,False,False,False,False
2026-06-18,9.1,9.21,8.88,8.9,108613.0,-3.05010893246187,0.6365741482854985,,,,,,,,,,,,,,,,,,,,9.959583333333335,9.23524,1.0,0.4,0.9240015245427177,,0,0,,0,0,0,0,0,,,,False,False,False,False,False
2026-06-22,8.9,9.02,8.6,8.82,110384.98,-0.8988764044943864,0.6469596146594955,,,,,,,,,,,,,,,,,,,,9.948916666666666,9.237440000000001,1.0,0.4,0.9268766901350457,,0,0,,0,0,0,0,0,,,,False,False,False,False,False
2026-06-23,8.82,8.88,8.55,8.57,106306.57,-2.8344671201814053,0.6230563031580264,,,,,,,,,,,,,,,,,,,,9.938833333333333,9.238520000000001,0.8181818181818182,0.4,0.9341057449759276,,0,0,,0,0,0,0,0,,,,False,False,False,False,False
2026-06-24,8.52,8.57,8.21,8.22,128246.23,-4.0840140023337135,0.7516433081958527,,,,,,,,,,,,,,,,,,,,9.925833333333333,9.23832,0.8181818181818182,0.4,0.9491867317919496,,0,0,,0,0,0,0,0,,,,False,False,False,False,False
2026-06-25,8.22,8.33,8.13,8.23,89742.64,0.12165450121655041,0.525976122774365,,,,,,,,,,,,,,,,,,,,9.911583333333333,9.237960000000001,1.0,0.45,0.9538173013099482,,0,0,,0,0,0,0,0,,,,True,False,False,False,False
2026-06-26,8.28,9.05,8.22,9.05,222991.94,9.963547995139743,1.3069421181629362,,,,,,,,,,,,,,,,,,,,9.904750000000002,9.241080000000002,1.0,0.45,0.9492691864097687,,0,0,,0,0,0,0,0,,,,True,False,False,False,False
2026-07-13,9.96,9.96,9.09,9.43,516366.88,4.198895027624294,3.0263946934422234,,,,,,,,,,,,,,,,,,,,9.90025,9.24556,1.0,0.5,0.9855492416938005,,0,0,,0,0,0,0,0,,,,False,False,True,True,False
2026-07-14,9.15,9.44,8.49,9.04,383347.36,-4.135737009544016,2.246775424576196,,,,,,,,,,,,,,,,,,,,9.891916666666667,9.24836,0.8181818181818182,0.45,1.0340921422057965,,0,0,,0,0,0,0,0,,,,False,False,False,False,False
2026-07-15,9.01,9.2,8.89,9.1,210106.62,0.6637168141592875,1.2314220459396654,,,,,,,,,,,,,,,,,,,,9.880583333333334,9.251479999999999,1.0,0.5,1.029019206608322,,0,0,,0,0,0,0,0,,,,True,False,False,False,False
2026-07-16,9.01,9.09,8.62,8.64,184023.33,-5.054945054945048,1.0785494789703924,,,,,,,,,,,,,,,,,,,,9.868416666666665,9.25316,1.0,0.5,1.0294595741076598,,0,0,,0,0,0,0,0,,,,False,False,False,False,False
2026-07-17,8.75,9.5,8.65,9.5,339464.14,9.953703703703699,1.9895785568391375,,,,,,,,,,,,,,,,,,,,9.864416666666665,9.258439999999998,1.0,0.5,1.0809884031643133,,0,0,,0,0,0,0,0,,,,True,False,False,False,False
2026-07-20,9.61,9.86,9.35,9.68,460838.45,1.8947368421052602,2.700945962324577,,,,,,,,,,,,,,,,,,,,9.863,9.26424,1.2222222222222223,0.55,1.1684266505252974,,0,0,,0,0,0,0,0,,,,True,False,False,False,True
2026-07-21,9.6,9.7,9.34,9.59,333551.47,-0.9297520661156966,1.9549247596938304,,,,,,,,,,,,,,,,,,,,9.861,9.26992,1.0,0.55,1.217184351514654,,0,0,,0,0,0,0,0,,,,False,False,False,False,False
2026-07-22,9.4,9.45,9.08,9.22,282006.65,-3.858185610010423,1.6528237230773175,,,,,,,,,,,,,,,,,,,,9.8565,9.27432,0.8181818181818182,0.5,1.2679831977105447,,0,0,,0,0,0,0,0,,,,False,False,False,False,False
2026-07-23,9.13,9.33,8.88,9.32,243177.86,1.0845986984815648,1.4252505603508805,,,,,,,,,,,,,,,,,,,,9.849916666666667,9.279240000000001,1.0,0.55,1.3091398412805721,,0,0,,0,0,0,0,0,,,,True,False,False,False,False
2026-07-24,9.18,9.24,8.85,8.87,173374.17,-4.828326180257525,1.0161354037035644,,,,,,,,,,,,,,,,,,,,9.842166666666666,9.281880000000001,0.8181818181818182,0.5,1.309540328021695,,0,0,,0,0,0,0,0,,,,False,False,False,False,False
2026-07-27,8.8,9.05,8.57,9.0,145896.0,1.4656144306651742,0.8550875303901107,,,,,,,,,,,,,,,,,,,,9.834249999999999,9.285120000000001,1.0,0.55,1.302284582465417,,0,0,,0,0,0,0,0,,,,True,False,False,False,False
2026-07-28,9.0,9.31,8.9,9.2,214316.36,2.2222222222222143,1.256095074536642,,,,,,,,,,,,,,,,,,,,9.828,9.28884,1.0,0.55,1.3205660199088636,,0,0,,0,0,0,0,0,,,,True,False,False,False,False
2026-07-29,9.18,9.55,9.04,9.45,210815.47,2.717391304347827,1.235576572423716,,,,,,,,,,,,,,,,,,,,9.824833333333334,9.29344,1.0,0.55,1.3378842765272239,,0,0,,0,0,0,0,0,,,,True,False,False,False,False
2026-07-30,9.35,9.55,9.33,9.44,168248.0,-0.10582010582009804,0.9860912349418445,,,,,,,,,,,,,,,,,,,,9.822499999999998,9.29816,1.0,0.5,1.3573401318223137,,0,0,,0,0,0,0,0,,,,True,False,False,False,False
2026-07-31,9.4,9.67,9.36,9.6,172927.51,1.6949152542372836,1.013517556769282,,,,,,,,,,,,,,,,,,,,9.82025,9.302880000000002,1.2222222222222223,0.55,1.3761873022465028,,0,0,,0,0,0,0,0,,,,True,False,True,False,False
2026-08-03,9.59,9.79,9.48,9.62,190920.14,0.2083333333333215,1.1189712604480877,,,,,,,,,,,,,,,,,,,,9.81725,9.30748,1.5,0.6,1.3997878845359324,,0,0,,0,0,0,0,0,,,,True,False,False,False,False
2026-08-04,9.63,9.66,9.53,9.56,123698.0,-0.6237006237006071,0.7249864104169813,,,,,,,,,,,,,,,,,,,,9.81025,9.31204,1.5,0.6,1.40488438989888,,0,0,,0,0,0,0,0,,,,False,False,False,False,False
2026-08-05,9.53,9.6,9.4,9.47,160387.01,-0.9414225941422605,0.9400184534706502,,,,,,,,,,,,,,,,,,,,9.802916666666667,9.31612,1.5,0.6,1.41430314716262,,0,0,,0,0,0,0,0,,,,False,False,False,False,False
2026-08-06,9.45,9.8,9.34,9.68,223405.54,2.2175290390707314,1.3093662024597597,,,,,,,,,,,,,,,,,,,,9.796166666666666,9.32108,1.5,0.6,1.4534726511468896,,0,0,,0,0,0,0,0,,,,True,False,False,False,False
2026-08-07,9.66,9.73,9.44,9.53,154941.01,-1.5495867768595128,0.9080997806454559,,,,,,,,,,,,,,,,,,,,9.78975,9.32528,1.2222222222222223,0.55,1.4335305342710156,,0,0,,0,0,0,0,0,,,,False,False,False,False,False
2026-08-10,9.48,9.69,9.39,9.39,157866.01,-1.4690451206715527,0.9252430267001187,,,,,,,,,,,,,,,,,,,,9.782,9.32892,1.2222222222222223,0.5,1.3284729509339104,,0,0,,0,0,0,0,0,,,,False,False,False,False,False
2026-08-11,9.36,9.46,9.21,9.22,138041.0,-1.8104366347177825,0.8090498559424609,,,,,,,,,,,,,,,,,,,,9.769083333333333,9.33116,1.2222222222222223,0.5,1.2565866725022237,,0,0,,0,0,0,0,0,,,,False,False,False,False,False
2026-08-12,9.19,9.25,9.13,9.21,111499.74,-0.10845986984815426,0.6534931548208275,,,,,,,,,,,,,,,,,,,,9.7585,9.3338,1.2222222222222223,0.45,1.2276902279462818,,0,0,,0,0,0,0,0,,,,True,False,False,False,False
2026-08-13,9.21,9.21,8.96,8.97,133592.01,-2.6058631921824116,0.7829745977322954,,,,,,,,,,,,,,,,,,,,9.746083333333335,9.335400000000002,1.2222222222222223,0.45,1.212911483884377,,0,0,,0,0,0,0,0,,,,False,False,False,False,False
2026-08-14,8.98,9.0,8.89,8.94,79202.0,-0.33444816053512794,0.464198076588512,,,,,,,,,,,,,,,,,,,,9.735916666666666,9.335840000000001,1.0,0.4,1.1366424598718459,,0,0,,0,0,0,0,0,,,,False,False,False,False,False
2026-08-17,8.94,9.03,8.87,8.98,79779.33,0.4474272930648837,0.46758177239867893,,,,,,,,,,,,,,,,,,,,9.723333333333333,9.336039999999999,1.0,0.4,1.0249742503755508,,0,0,,0,0,0,0,0,,,,True,False,False,False,False
2026-08-18,8.99,9.09,8.92,8.92,100448.51,-0.6681514476614803,0.5887225718817948,,,,,,,,,,,,,,,,,,,,9.709916666666667,9.33664,1.0,0.4,0.956664140984949,,0,0,,0,0,0,0,0,,,,False,False,False,False,False
2026-08-19,8.9,8.95,8.73,8.8,109943.0,-1.3452914798206206,0.6443691969189007,,,,,,,,,,,,,,,,,,,,9.693833333333334,9.3368,1.0,0.4,0.9062414146770281,,0,0,,0,0,0,0,0,,,,False,False,False,False,False
2026-08-20,8.81,8.89,8.66,8.72,93906.5,-0.909090909090915,0.5503802514981831,,,,,,,,,,,,,,,,,,,,9.674916666666666,9.33696,0.8181818181818182,0.35,0.8624978992343932,,0,0,,0,0,0,0,0,,,,False,False,False,False,False
2026-08-21,8.73,8.78,8.67,8.73,59965.0,0.11467889908256534,0.3514511964676412,,,,,,,,,,,,,,,,,,,,9.657916666666667,9.337359999999999,0.9,0.4,0.829263688872597,,0,0,,0,0,0,0,0,,,,False,False,False,False,False
2026-08-24,8.74,8.81,8.67,8.74,78597.4,0.11454753722794919,0.46065455297666613,8.782,8.923,9.208499999999999,9.204333333333333,9.065833333333334,9.305299999999999,9.5897,39.582617448456375,-0.1204297182840417,-0.04223536190366093,88572.08200000002,98497.449,23.011944367908214,10.403455820657573,12.282028930544538,6.646309600883644,9.87398834463271,9.208499999999999,8.543011655367287,9.642833333333334,9.338040000000001,0.8,0.4,0.8095420400019249,0.8873834534001355,0,0,-0.03594080338266392,0,0,1,0,0,0.14800285100517593,0.14453783887336952,23.011944367908214,False,False,False,False,False
2026-08-25,8.71,8.81,8.68,8.81,65973.9,0.8009153318077944,0.3866689917557995,8.760000000000002,8.882000000000001,9.189,9.196666666666667,9.063333333333333,9.286900000000001,9.5916,42.03325844059201,-0.1235543491048734,-0.05849915934390343,81677.16000000003,91290.739,35.11718597327746,16.026546304680817,13.530201388589965,21.019236136862517,9.877977885215245,9.189,8.500022114784755,9.627749999999999,9.33924,0.8,0.4,0.7660707358628828,0.8077398871361341,0,0,-0.02795145273997779,0,0,1,1,1,0.22495488742603428,0.14995709766356397,35.11718597327746,True,True,False,False,False
2026-08-26,8.73,8.76,8.42,8.67,163814.91,-1.589103291713967,0.9601091656589505,8.734,8.828000000000001,9.15,9.182333333333332,9.056666666666667,9.266,9.593350000000001,38.65610667832264,-0.13576248608296382,-0.07395182469171552,92451.54200000003,96522.25600000001,25.49592290717834,23.122175148394177,16.72752597519137,35.91147349479979,9.864599630267769,9.15,8.435400369732232,9.611083333333335,9.33992,0.6363636363636364,0.35,0.7522973655246445,1.7719002458606905,0,0,-0.04269414795730586,0,0,1,0,1,0.16414760120982774,0.15619664049568707,25.49592290717834,False,False,False,False,False
2026-08-27,8.67,8.73,8.52,8.71,102584.93,0.46136101499423265,0.6012439988001205,8.732000000000001,8.802,9.1135,9.184666666666667,9.0525,9.248000000000001,9.595550000000001,40.13603152560291,-0.14058923173721816,-0.08727930610081605,94187.22800000002,93421.548,31.893481389397664,29.842644128780243,21.09923202638766,47.3294683335654,9.840201994956372,9.1135,8.386798005043628,9.594750000000001,9.34088,0.6363636363636364,0.4,0.7330550037175584,1.0891596682301763,0,0,-0.03783485225075933,0,0,1,0,1,0.22237588254851026,0.1594781357231298,31.893481389397664,True,False,False,False,False
2026-08-28,8.71,8.83,8.68,8.81,84710.0,1.148105625717566,0.4964801276206769,8.748000000000001,8.789,9.074000000000002,9.161666666666667,9.052500000000002,9.233600000000001,9.597999999999999,43.78717129154021,-0.13479150560608133,-0.0967817460018691,99136.22800000003,93972.348,45.84429902253026,39.29808116048039,27.165515071085238,63.5632133392707,9.774778514450663,9.074000000000002,8.37322148554934,9.57625,9.34168,0.6363636363636364,0.4,0.7072031322601281,0.8544807655986263,0,0,-0.026788180060756894,0,0,1,0,0,0.31163806070242456,0.154458566112114,45.84429902253026,True,True,False,False,False
2026-08-31,8.78,8.9,8.68,8.85,98484.05,0.4540295119182636,0.5772089920033187,8.77,8.776,9.0355,9.133999999999999,9.053666666666665,9.2227,9.599899999999998,45.22623565399882,-0.12552215885825468,-0.10252982857314623,103113.55800000002,95842.81999999999,50.692343339171,53.242745930886315,35.8579253576856,88.01238707728774,9.693262555142248,9.0355,8.377737444857754,9.562333333333333,9.34264,0.6363636363636364,0.4,0.6801150188378896,0.9551028197475252,0,0,-0.022495489856779738,0,0,1,0,0,0.35899166914428177,0.14559516465989636,50.692343339171,True,True,True,False,False
2026-09-01,8.85,8.94,8.78,8.83,100215.0,-0.2259887005649719,0.5873539840574447,8.774000000000001,8.767000000000001,8.998999999999999,9.108666666666668,9.054833333333333,9.2103,9.601750000000001,44.61127950928462,-0.11842483979533469,-0.10570883081758392,109961.77800000002,95819.469,48.108334630095136,61.77721523597552,44.49768865044891,96.33626840702874,9.61383074264805,8.998999999999999,8.384169257351948,9.543166666666668,9.343440000000001,0.6363636363636364,0.4,0.6732333975199128,0.9113621280296139,0,0,-0.024830201181689326,0,0,1,0,0,0.36256380148451706,0.13664423661474634,48.108334630095136,False,True,False,False,False
2026-09-02,8.79,8.8,8.63,8.79,77060.0,-0.45300113250283935,0.451643945631559,8.797999999999998,8.766,8.965,9.094333333333333,9.056666666666667,9.1965,9.60395,43.341943033715054,-0.1147055745489407,-0.10750817956385529,92610.79600000002,92531.169,42.864374966317996,64.9027588752657,51.29937872538784,92.10951917502143,9.544346274056414,8.965,8.385653725943586,9.52425,9.3444,0.7,0.4,0.6488146721279582,0.8320844148667071,0,0,-0.029444239970555897,0,0,1,0,0,0.34896770046115805,0.12924624072647276,42.864374966317996,False,False,False,False,False
2026-09-03,8.8,8.84,8.71,8.72,56886.0,-0.796359499431154,0.3334053658343741,8.8,8.766,8.917,9.074333333333334,9.058666666666666,9.1845,9.605,41.13608398315054,-0.1160684798453655,-0.10922023962015734,83471.01000000002,88829.11899999999,34.88009176555836,62.49927514761309,55.03267753279626,77.43247037724674,9.397574217938566,8.917,8.436425782061434,9.501666666666667,9.34472,0.5454545454545454,0.35,0.600016630296689,0.6815060701913154,0,0,-0.03738592876067104,0,0,1,0,0,0.2950368614810057,0.10778831847898748,34.88009176555836,False,False,False,False,False
2026-09-04,8.79,8.8,8.51,8.55,116349.44,-1.9495412844036664,0.6819169498263994,8.748,8.748000000000001,8.867999999999999,9.063666666666668,9.043666666666667,9.17,9.6051,36.30375499274908,-0.12937481898250525,-0.11325115549262692,89798.89800000002,94467.563,22.60772315365952,49.999516765075455,53.35495727688932,43.288635741447735,9.280417774898861,8.867999999999999,8.455582225101136,9.47475,9.34456,0.5454545454545454,0.35,0.5887074887557361,1.2956666795621476,0,0,-0.05458700379639525,0,0,1,0,0,0.11446860519290068,0.09301257891268898,22.60772315365952,False,False,False,False,False
