date,open,high,low,close,volume,change_rate,turnover,MA5,MA10,MA20,MA30,MA60,MA100,MA200,RSI14,DIF,DEA,VOL_MA5,VOL_MA10,RSI6,K,D,J,BOLL_UPPER,BOLL_MIDDLE,BOLL_LOWER,MA120,MA250,updown_ratio_20,up_days_ratio_20,turnover_ma20,vol_ratio,ma_bull,dif_above_zero,bias60,macd_gold,macd_gold3,dif_below0,kdj_gold,kdj_gold3,boll_pos,boll_width,rsi6,is_yang,above_ma5,break_high5,break_high10,break_close40
2024-08-14,4.39,4.43,4.36,4.38,952779.31,-0.2277904328018221,0.14194656003574796,,,,,,,,,,,,,,,,,,,,,,,,,,0,0,,0,0,0,0,0,,,,False,False,False,False,False
2024-08-15,4.38,4.44,4.37,4.43,1286206.37,1.1415525114155223,0.1916210478138599,,,,,,,,,,,,,,,,,,,,,,,,,,0,0,,0,0,0,0,0,,,,True,False,False,False,False
2024-08-16,4.44,4.54,4.42,4.53,1626868.19,2.257336343115135,0.242373381514848,,,,,,,,,,,,,,,,,,,,,,,,,,0,0,,0,0,0,0,0,,,,True,False,False,False,False
2024-08-19,4.53,4.62,4.5,4.62,1620788.38,1.9867549668874052,0.24146760185935678,,,,,,,,,,,,,,,,,,,,,,,,,,0,0,,0,0,0,0,0,,,,True,False,False,False,False
2024-08-20,4.62,4.66,4.6,4.63,1388450.23,0.21645021645020357,0.20685349887514148,,,,,,,,,,,,,,,,,,,,,,,,,,0,0,,0,0,0,0,0,,,,True,False,False,False,False
2024-08-21,4.61,4.65,4.57,4.63,1018992.42,0.0,0.151811093296623,,,,,,,,,,,,,,,,,,,,,,,,,,0,0,,0,0,0,0,0,,,,True,False,False,False,False
2024-08-22,4.63,4.71,4.62,4.69,1447613.46,1.2958963282937441,0.21566772992630037,,,,,,,,,,,,,,,,,,,,,,,,,,0,0,,0,0,0,0,0,,,,True,False,True,False,False
2024-08-23,4.7,4.72,4.64,4.69,1144463.83,0.0,0.17050402128677317,,,,,,,,,,,,,,,,,,,,,,,,,,0,0,,0,0,0,0,0,,,,False,False,False,False,False
2024-08-26,4.68,4.71,4.64,4.7,941614.31,0.2132196162046851,0.14028318077660018,,,,,,,,,,,,,,,,,,,,,,,,,,0,0,,0,0,0,0,0,,,,True,False,False,False,False
2024-08-27,4.7,4.77,4.69,4.73,1251077.22,0.6382978723404209,0.1863874517993959,,,,,,,,,,,,,,,,,,,,,,,,,,0,0,,0,0,0,0,0,,,,True,False,True,False,False
2024-08-28,4.72,4.75,4.64,4.67,961695.0,-1.268498942917562,0.14327483355361553,,,,,,,,,,,,,,,,,,,,,,,,,,0,0,,0,0,0,0,0,,,,False,False,False,False,False
2024-08-29,4.67,4.68,4.47,4.48,1738258.3,-4.068522483940029,0.25896845528539786,,,,,,,,,,,,,,,,,,,,,,,,,,0,0,,0,0,0,0,0,,,,False,False,False,False,False
2024-08-30,4.47,4.5,4.32,4.32,3074560.38,-3.57142857142857,0.45805284076036673,,,,,,,,,,,,,,,,,,,,,,,,,,0,0,,0,0,0,0,0,,,,False,False,False,False,False
2024-09-02,4.31,4.38,4.28,4.33,2123532.4,0.23148148148146586,0.316367196622328,,,,,,,,,,,,,,,,,,,,,,,,,,0,0,,0,0,0,0,0,,,,True,False,False,False,False
2024-09-03,4.33,4.33,4.2,4.23,2224452.42,-2.3094688221708903,0.331402419918412,,,,,,,,,,,,,,,,,,,,,,,,,,0,0,,0,0,0,0,0,,,,False,False,False,False,False
2024-09-04,4.21,4.25,4.17,4.22,1706778.16,-0.23640661938535423,0.25427849451951623,,,,,,,,,,,,,,,,,,,,,,,,,,0,0,,0,0,0,0,0,,,,True,False,False,False,False
2024-09-05,4.24,4.27,4.2,4.22,1314906.35,0.0,0.19589681597059577,,,,,,,,,,,,,,,,,,,,,,,,,,0,0,,0,0,0,0,0,,,,False,False,False,False,False
2024-09-06,4.23,4.36,4.22,4.32,1761420.51,2.369668246445511,0.2624191977583065,,,,,,,,,,,,,,,,,,,,,,,,,,0,0,,0,0,0,0,0,,,,True,False,False,False,False
2024-09-09,4.31,4.31,4.21,4.23,1590278.0,-2.083333333333326,0.2369221174634126,,,,,,,,,,,,,,,,,,,,,,,,,,0,0,,0,0,0,0,0,,,,False,False,False,False,False
2024-09-10,4.24,4.27,4.19,4.24,1346201.83,0.23640661938533203,0.2005592657992634,,,,,,,,,,,,,,,,,,,,,,1.375,0.5,0.22735286024179308,,0,0,,0,0,0,0,0,,,,False,False,False,False,False
2024-09-11,4.22,4.23,4.09,4.12,1706322.9,-2.8301886792452824,0.2542106691687308,,,,,,,,,,,,,,,,,,,,,,1.375,0.5,0.2329660656984422,,0,0,,0,0,0,0,0,,,,False,False,False,False,False
2024-09-12,4.12,4.17,4.07,4.15,1397933.83,0.728155339805836,0.20826638051795865,,,,,,,,,,,,,,,,,,,,,,1.375,0.5,0.23379833233364716,,0,0,,0,0,0,0,0,,,,True,False,False,False,False
2024-09-13,4.14,4.23,4.14,4.18,1348633.07,0.7228915662650381,0.20092147575806416,,,,,,,,,,,,,,,,,,,,,,1.375,0.5,0.23172573704580796,,0,0,,0,0,0,0,0,,,,True,False,False,False,False
2024-09-18,4.2,4.26,4.19,4.25,1074273.4,1.674641148325362,0.16004694063718397,,,,,,,,,,,,,,,,,,,,,,1.375,0.5,0.2276547039846993,,0,0,,0,0,0,0,0,,,,True,False,False,False,False
2024-09-19,4.26,4.28,4.21,4.23,1172739.55,-0.47058823529411153,0.17471658252147715,,,,,,,,,,,,,,,,,,,,,,1.1111111111111112,0.45,0.22604785816701609,,0,0,,0,0,0,0,0,,,,False,False,False,False,False
2024-09-20,4.24,4.32,4.22,4.3,1470256.07,1.6548463356973908,0.21904106157403636,,,,,,,,,,,,,,,,,,,,,,1.1111111111111112,0.5,0.22940935658088674,,0,0,,0,0,0,0,0,,,,True,False,True,False,False
2024-09-23,4.3,4.37,4.28,4.35,834634.89,1.1627906976744207,0.12434521853892366,,,,,,,,,,,,,,,,,,,,,,1.1111111111111112,0.5,0.22484323101151796,,0,0,,0,0,0,0,0,,,,True,False,True,False,False
2024-09-24,4.38,4.52,4.36,4.51,2154088.82,3.67816091954023,0.3209195401298791,,,,,,,,,,,,,,,,,,,,,,1.375,0.55,0.2323640069536732,,0,0,,0,0,0,0,0,,,,True,False,True,True,False
2024-09-25,4.56,4.67,4.5,4.58,2158402.83,1.55210643015522,0.3215622481243042,,,,,,,,,,,,,,,,,,,,,,1.375,0.55,0.24142796032105843,,0,0,,0,0,0,0,0,,,,True,False,True,True,False
2024-09-26,4.58,4.71,4.57,4.71,2726324.17,2.8384279475982543,0.4061720625249679,,,,,,,,,,,,,,,,,,,,,,1.375,0.55,0.25241719085733705,,0,0,,0,0,0,0,0,,,,True,False,True,True,False
2024-09-27,4.75,4.83,4.59,4.61,1308640.86,-2.123142250530774,0.19496337341668643,,,,,,,,,,,,,,,,,,,,,,1.375,0.55,0.2550016178504906,,0,0,,0,0,0,0,0,,,,False,False,False,False,False
2024-09-30,4.67,4.89,4.57,4.81,5341122.26,4.338394793926237,0.7957287942549465,,,,,,,,,,,,,,,,,,,,,,1.7142857142857142,0.6,0.281839634798968,,0,0,,0,0,0,0,0,,,,True,False,False,False,False
2024-10-08,5.28,5.29,4.87,4.96,5347111.76,3.1185031185031242,0.7966211193846076,,,,,,,,,,,,,,,,,,,,,,1.7142857142857142,0.65,0.29876804873018004,,0,0,,0,0,0,0,0,,,,False,False,True,True,False
2024-10-09,4.91,4.93,4.7,4.71,3420514.29,-5.040322580645162,0.5095935983524021,,,,,,,,,,,,,,,,,,,,,,1.375,0.6,0.3084293688166838,,0,0,,0,0,0,0,0,,,,False,False,False,False,False
2024-10-10,4.75,5.05,4.75,4.98,3499964.57,5.732484076433142,0.5214302260179178,,,,,,,,,,,,,,,,,,,,,,1.7142857142857142,0.65,0.317930759121659,,0,0,,0,0,0,0,0,,,,True,False,False,False,False
2024-10-11,4.93,5.18,4.92,4.98,2555695.39,0.0,0.38075151853341493,,,,,,,,,,,,,,,,,,,,,,1.7142857142857142,0.65,0.32425441032235397,,0,0,,0,0,0,0,0,,,,True,False,False,False,False
2024-10-14,5.11,5.2,5.01,5.15,3463496.81,3.4136546184738936,0.5159972017804276,,,,,,,,,,,,,,,,,,,,,,2.1666666666666665,0.7,0.34025942961284555,,0,0,,0,0,0,0,0,,,,True,False,False,False,False
2024-10-15,5.12,5.14,5.01,5.01,2097305.82,-2.7184466019417597,0.3124599194874977,,,,,,,,,,,,,,,,,,,,,,1.7142857142857142,0.65,0.34276146569930516,,0,0,,0,0,0,0,0,,,,False,False,False,False,False
2024-10-16,4.97,5.24,4.97,5.18,2421264.28,3.3932135728542923,0.36072376034638287,,,,,,,,,,,,,,,,,,,,,,2.1666666666666665,0.7,0.3489515478434536,,0,0,,0,0,0,0,0,,,,True,False,False,False,False
2024-10-17,5.15,5.33,5.15,5.15,1933721.95,-0.5791505791505669,0.28808893726724466,,,,,,,,,,,,,,,,,,,,,,2.1666666666666665,0.65,0.35332803141685265,,0,0,,0,0,0,0,0,,,,False,False,False,False,False
2024-10-18,5.19,5.23,5.04,5.15,2575037.04,0.0,0.3836330679689452,,,,,,,,,,,,,,,,,,,,,,2.1666666666666665,0.65,0.3597991513568634,,0,0,,0,0,0,0,0,,,,False,False,False,False,False
2024-10-21,5.12,5.12,4.98,5.06,2346086.64,-1.7475728155339931,0.34952367730762984,,,,,,,,,,,,,,,,,,,,,,1.7142857142857142,0.6,0.366862016196347,,0,0,,0,0,0,0,0,,,,False,False,False,False,False
2024-10-22,5.03,5.11,5.02,5.06,1361565.61,0.0,0.2028481859062145,,,,,,,,,,,,,,,,,,,,,,1.7142857142857142,0.55,0.3669583517037545,,0,0,,0,0,0,0,0,,,,True,False,False,False,False
2024-10-23,5.07,5.11,5.04,5.07,1216951.45,0.19762845849804478,0.18130334091534328,,,,,,,,,,,,,,,,,,,,,,1.5714285714285714,0.55,0.36802117171766247,,0,0,,0,0,0,0,0,,,,False,False,False,False,False
2024-10-24,5.05,5.13,5.03,5.06,965639.59,-0.19723865877713243,0.14386250477545537,,,,,,,,,,,,,,,,,,,,,,2.0,0.55,0.36647846783036137,,0,0,,0,0,0,0,0,,,,True,False,False,False,False
2024-10-25,5.06,5.07,4.96,5.02,1298293.19,-0.7905138339920903,0.19342176126635008,,,,,,,,,,,,,,,,,,,,,,1.5714285714285714,0.5,0.3651975028149771,,0,0,,0,0,0,0,0,,,,False,False,False,False,False
2024-10-28,4.99,5.01,4.92,4.95,1062183.18,-1.3944223107569598,0.15824572064734663,,,,,,,,,,,,,,,,,,,,,,1.25,0.45,0.36689252792039817,,0,0,,0,0,0,0,0,,,,False,False,False,False,False
2024-10-29,4.95,5.01,4.91,4.92,1187018.58,-0.60606060606061,0.1768438948674466,,,,,,,,,,,,,,,,,,,,,,1.0,0.4,0.35968874565727654,,0,0,,0,0,0,0,0,,,,False,False,False,False,False
2024-10-30,4.92,4.94,4.79,4.81,1457748.79,-2.2357723577235866,0.21717770732949054,,,,,,,,,,,,,,,,,,,,,,0.8,0.35,0.3544695186175359,,0,0,,0,0,0,0,0,,,,False,False,False,False,False
2024-10-31,4.83,4.85,4.72,4.76,1845125.57,-1.039501039501034,0.2748897092396965,,,,,,,,,,,,,,,,,,,,,,0.6363636363636364,0.3,0.3479054009532724,,0,0,,0,0,0,0,0,,,,False,False,False,False,False
2024-11-01,4.76,4.86,4.75,4.81,1836949.76,1.0504201680672232,0.2736716642078351,,,,,,,,,,,,,,,,,,,,,,0.8,0.35,0.35184081549282975,,0,0,,0,0,0,0,0,,,,True,False,False,False,False
2024-11-04,4.8,4.84,4.71,4.84,1152219.94,0.6237006237006293,0.17165953875257423,,,,,,,,,,,,,,,,,,,,,,0.8,0.35,0.32063735271771115,,0,0,,0,0,0,0,0,,,,True,False,False,False,False
2024-11-05,4.82,4.87,4.8,4.86,1342236.0,0.4132231404958775,0.1999684302088195,,,,,,,,,,,,,,,,,,,,,,1.0,0.35,0.2908047182589218,,0,0,,0,0,0,0,0,,,,True,False,False,False,False
2024-11-06,4.85,4.87,4.78,4.79,1698432.74,-1.440329218107006,0.2530351807231099,,,,,,,,,,,,,,,,,,,,,,1.0,0.35,0.2779767973774572,,0,0,,0,0,0,0,0,,,,False,False,False,False,False
2024-11-07,4.77,4.9,4.76,4.89,1537197.64,2.0876826722338038,0.22901412195135734,,,,,,,,,,,,,,,,,,,,,,1.0,0.35,0.26335599217412914,,0,0,,0,0,0,0,0,,,,True,False,True,False,False
2024-11-08,4.91,4.93,4.81,4.83,1691237.84,-1.2269938650306678,0.25196327320572137,,,,,,,,,,,,,,,,,,,,,,0.8,0.35,0.25691657990774447,,0,0,,0,0,0,0,0,,,,False,False,False,False,False
2024-11-11,4.78,4.81,4.73,4.75,1895538.36,-1.65631469979296,0.28240028597787586,,,,,,,,,,,,,,,,,,,,,,0.6363636363636364,0.3,0.24523673411761684,,0,0,,0,0,0,0,0,,,,False,False,False,False,False
2024-11-12,4.75,4.8,4.69,4.71,1602100.08,-0.8421052631578996,0.23868338953434726,,,,,,,,,,,,,,,,,,,,,,0.6363636363636364,0.3,0.2415479076199593,,0,0,,0,0,0,0,0,,,,False,False,False,False,False
2024-11-13,4.69,4.75,4.68,4.74,1170113.72,0.6369426751592355,0.17432538223844551,,,,,,,,,,,,,,,,,,,,,,0.6363636363636364,0.3,0.23222798871456246,,0,0,,0,0,0,0,0,,,,True,False,False,False,False
2024-11-14,4.71,4.79,4.7,4.74,1559280.01,0.0,0.23230398816280626,,,,,,,,,,,,,,,,,,,,,,0.7272727272727273,0.3,0.22943874125934055,,0,0,,0,0,0,0,0,,,,True,False,False,False,False
2024-11-15,4.74,4.84,4.71,4.8,2137006.87,1.2658227848101111,0.31837464435416934,,,,,,,,,,,,,,,,,,,,,,0.9,0.35,0.22617582007860176,,0,0,,0,0,0,0,0,,,,True,False,False,False,False
2024-11-18,4.82,4.93,4.82,4.87,2728915.92,1.4583333333333393,0.40655818551600204,,,,,,,,,,,,,,,,,,,,,,1.1111111111111112,0.4,0.22902754548902035,,0,0,,0,0,0,0,0,,,,True,False,True,False,False
2024-11-19,4.88,4.92,4.8,4.84,1851077.63,-0.6160164271047264,0.27577645649927585,,,,,,,,,,,,,,,,,,,,,,0.9,0.4,0.2326739590186734,,0,0,,0,0,0,0,0,,,,False,False,False,False,False
2024-11-20,4.84,4.88,4.81,4.85,1142543.6,0.20661157024792765,0.17021794240143567,,,,,,,,,,,,,,,,,,,,,,1.0,0.4,0.23211968909297806,,0,0,,0,0,0,0,0,,,,True,False,False,False,False
2024-11-21,4.84,4.86,4.82,4.84,766913.29,-0.20618556701030855,0.11425594806545283,,,,,,,,,,,,,,,,,,,,,,0.9,0.4,0.23063936125747792,,0,0,,0,0,0,0,0,,,,False,False,False,False,False
2024-11-22,4.84,4.87,4.74,4.75,1444627.01,-1.8595041322314043,0.21522280390852325,,,,,,,,,,,,,,,,,,,,,,0.9,0.4,0.23172941338958658,,0,0,,0,0,0,0,0,,,,False,False,False,False,False
2024-11-25,4.75,4.82,4.74,4.79,1487582.96,0.8421052631578885,0.22162244889616217,,,,,,,,,,,,,,,,,,,,,,1.1111111111111112,0.45,0.2348982498020274,,0,0,,0,0,0,0,0,,,,True,False,False,False,False
2024-11-26,4.78,4.88,4.76,4.87,1410893.88,1.6701461377870652,0.21019718914917387,,,,,,,,,,,,,,,,,,,,,,1.375,0.5,0.23656591451611372,,0,0,,0,0,0,0,0,,,,True,False,False,False,False
2024-11-27,4.85,4.91,4.81,4.88,1180984.78,0.2053388090349051,0.17594496985411512,,,,,,,,,,,,,,,,,,,,,,1.7142857142857142,0.55,0.234504277642345,,0,0,,0,0,0,0,0,,,,True,False,False,False,False
2024-11-28,4.86,4.9,4.83,4.85,1176504.1,-0.6147540983606592,0.17527743110096883,,,,,,,,,,,,,,,,,,,,,,1.7142857142857142,0.55,0.22952366373540856,,0,0,,0,0,0,0,0,,,,False,False,False,False,False
2024-11-29,4.87,4.9,4.82,4.84,1806874.27,-0.20618556701030855,0.2691909704080405,,,,,,,,,,,,,,,,,,,,,,1.375,0.5,0.22929962904541884,,0,0,,0,0,0,0,0,,,,False,False,False,False,False
2024-12-02,4.87,4.92,4.8,4.91,2103523.04,1.446280991735538,0.31338617070089303,,,,,,,,,,,,,,,,,,,,,,1.375,0.5,0.23638596064283476,,0,0,,0,0,0,0,0,,,,True,False,False,False,False
2024-12-03,4.89,5.01,4.87,5.01,1856434.39,2.0366598778003953,0.2765745150286294,,,,,,,,,,,,,,,,,,,,,,1.375,0.5,0.24021626488382525,,0,0,,0,0,0,0,0,,,,True,False,True,True,False
2024-12-04,4.99,5.04,4.95,5.01,1350893.99,0.0,0.20125831117540335,,,,,,,,,,,,,,,,,,,,,,1.7142857142857142,0.5,0.23762742140643991,,0,0,,0,0,0,0,0,,,,True,False,False,False,False
2024-12-05,4.99,5.05,4.96,5.01,1128178.99,0.0,0.1680778802124749,,,,,,,,,,,,,,,,,,,,,,1.7142857142857142,0.45,0.23458060931949584,,0,0,,0,0,0,0,0,,,,True,False,False,False,False
2024-12-06,5.01,5.09,5.0,5.06,1429650.81,0.9980039920159722,0.21299162607951752,,,,,,,,,,,,,,,,,,,,,,2.1666666666666665,0.5,0.23263202696318558,,0,0,,0,0,0,0,0,,,,True,False,True,True,False
2024-12-09,5.04,5.13,5.02,5.07,1171280.73,0.19762845849804478,0.17449924522359717,,,,,,,,,,,,,,,,,,,,,,2.8,0.55,0.22723697492547174,,0,0,,0,0,0,0,0,,,,True,False,False,False,False
2024-12-10,5.13,5.16,5.06,5.11,1378619.27,0.7889546351084853,0.2053888669932327,,,,,,,,,,,,,,,,,,,,,,2.8,0.6,0.22557224879841592,,0,0,,0,0,0,0,0,,,,False,False,False,False,False
2024-12-11,5.1,5.13,4.99,5.0,1536652.97,-2.1526418786692814,0.22893297615815714,,,,,,,,,,,,,,,,,,,,,,2.1666666666666665,0.55,0.22830262849440155,,0,0,,0,0,0,0,0,,,,False,False,False,False,False
2024-12-12,4.99,5.06,4.98,5.06,1164580.1,1.200000000000001,0.173500974828145,,,,,,,,,,,,,,,,,,,,,,2.1666666666666665,0.6,0.22536247782766847,,0,0,,0,0,0,0,0,,,,True,False,False,False,False
2024-12-13,5.03,5.05,4.93,4.94,1661038.22,-2.371541501976271,0.2474640863233081,,,,,,,,,,,,,,,,,,,,,,1.7142857142857142,0.55,0.2218169499261254,,0,0,,0,0,0,0,0,,,,False,False,False,False,False
2024-12-16,4.94,5.03,4.93,5.02,1754289.0,1.6194331983805599,0.2613567341828112,,,,,,,,,,,,,,,,,,,,,,1.7142857142857142,0.55,0.21455687735946585,,0,0,,0,0,0,0,0,,,,True,False,False,False,False
2024-12-17,5.01,5.06,4.99,5.01,1275507.85,-0.19920318725099584,0.19002716547874324,,,,,,,,,,,,,,,,,,,,,,2.0,0.55,0.21026941280843925,,0,0,,0,0,0,0,0,,,,False,False,False,False,False
2024-12-18,5.03,5.11,5.02,5.03,1584132.91,0.3992015968063978,0.23600661229085584,,,,,,,,,,,,,,,,,,,,,,1.8333333333333333,0.55,0.21355884630291025,,0,0,,0,0,0,0,0,,,,False,False,False,False,False
2024-12-19,5.02,5.05,4.95,4.96,1684504.1,-1.3916500994035852,0.2509600700303973,,,,,,,,,,,,,,,,,,,,,,1.5714285714285714,0.55,0.22039405240115748,,0,0,,0,0,0,0,0,,,,False,False,False,False,False
2024-12-20,4.96,5.01,4.94,4.95,1075046.02,-0.20161290322580072,0.1601620467798801,,,,,,,,,,,,,,,,,,,,,,1.5714285714285714,0.55,0.21764101454472531,,0,0,,0,0,0,0,0,,,,False,False,False,False,False
2024-12-23,4.95,5.14,4.94,5.11,2308633.21,3.232323232323231,0.3439438064033806,,,,,,,,,,,,,,,,,,,,,,1.5714285714285714,0.55,0.22375708242008624,,0,0,,0,0,0,0,0,,,,True,False,False,False,False
2024-12-24,5.1,5.15,5.06,5.14,2253350.3,0.5870841487279677,0.3357076715283844,,,,,,,,,,,,,,,,,,,,,,1.5714285714285714,0.55,0.23003260653904678,,0,0,,0,0,0,0,0,,,,True,False,False,False,True
2024-12-25,5.14,5.26,5.13,5.17,1962038.89,0.5836575875486361,0.29230763952237515,,,,,,,,,,,,,,,,,,,,,,1.5714285714285714,0.55,0.23585074002245973,,0,0,,0,0,0,0,0,,,,True,False,True,True,True
2024-12-26,5.17,5.18,5.09,5.13,1388718.63,-0.7736943907156735,0.20689348552925302,,,,,,,,,,,,,,,,,,,,,,1.5714285714285714,0.55,0.23743154274387396,,0,0,,0,0,0,0,0,,,,False,False,False,False,False
2024-12-27,5.13,5.16,5.02,5.11,1810841.08,-0.3898635477582735,0.2697819520004257,,,,,,,,,,,,,,,,,,,,,,1.5714285714285714,0.55,0.23746109182349326,,0,0,,0,0,0,0,0,,,,False,False,False,False,False
2024-12-30,5.08,5.22,5.07,5.21,1920019.02,1.9569471624266033,0.28604745320530517,,,,,,,,,,,,,,,,,,,,,,1.5714285714285714,0.55,0.23609415594871389,,0,0,,0,0,0,0,0,,,,True,False,False,False,True
2024-12-31,5.2,5.27,5.19,5.19,2038560.22,-0.38387715930900956,0.30370790761054367,,,,,,,,,,,,,,,,,,,,,,1.25,0.5,0.23745082557780955,,0,0,,0,0,0,0,0,,,,False,False,False,False,False
2025-01-02,5.19,5.26,5.03,5.04,1919775.79,-2.8901734104046284,0.2860112164173784,,,,,,,,,,,,,,,,,,,,,,1.0,0.5,0.24168847083990835,,0,0,,0,0,0,0,0,,,,False,False,False,False,False
2025-01-03,5.06,5.09,4.97,5.02,1787648.14,-0.3968253968254065,0.26632663132378803,,,,,,,,,,,,,,,,,,,,,,0.8,0.5,0.24660090839547397,,0,0,,0,0,0,0,0,,,,False,False,False,False,False
2025-01-06,5.02,5.12,4.96,5.07,1666930.3,0.9960159362550014,0.24834189766815715,,,,,,,,,,,,,,,,,,,,,,0.8,0.5,0.24836842197490597,,0,0,,0,0,0,0,0,,,,True,False,False,False,False
2025-01-07,5.06,5.12,5.02,5.11,1600120.68,0.7889546351084853,0.23838849540935336,,,,,,,,,,,,,,,,,,,,,,0.8,0.5,0.2515628844841938,,0,0,,0,0,0,0,0,,,,True,False,False,False,False
2025-01-08,5.1,5.19,5.09,5.11,2151599.87,0.0,0.32054873244451804,,,,,,,,,,,,,,,,,,,,,,1.0,0.45,0.25732087775675805,,0,0,,0,0,0,0,0,,,,True,False,False,False,False
2025-01-09,5.1,5.11,4.99,5.04,1460744.58,-1.3698630136986356,0.2176240248351567,,,,,,,,,,,,,,,,,,,,,,1.0,0.45,0.256755430190608,,0,0,,0,0,0,0,0,,,,False,False,False,False,False
2025-01-10,5.02,5.08,4.95,5.0,1265806.97,-0.7936507936507908,0.18858191311981073,,,,,,,,,,,,,,,,,,,,,,0.8,0.4,0.2575094771051913,,0,0,,0,0,0,0,0,,,,False,False,False,False,False
2025-01-13,4.98,4.99,4.84,4.92,1578536.06,-1.6000000000000014,0.23517278477571377,,,,,,,,,,,,,,,,,,,,,,0.8,0.4,0.25689491202781156,,0,0,,0,0,0,0,0,,,,False,False,False,False,False
2025-01-14,4.91,4.95,4.89,4.93,1822764.25,0.20325203252031798,0.27155828461854414,,,,,,,,,,,,,,,,,,,,,,0.8,0.4,0.25740498954959823,,0,0,,0,0,0,0,0,,,,True,False,False,False,False
2025-01-15,4.92,5.0,4.91,4.95,1689389.15,0.40567951318459805,0.2516878524620945,,,,,,,,,,,,,,,,,,,,,,0.9,0.45,0.2604880238987658,,0,0,,0,0,0,0,0,,,,True,False,False,False,False
2025-01-16,4.95,5.02,4.92,4.99,1631045.02,0.8080808080808133,0.24299565221713065,,,,,,,,,,,,,,,,,,,,,,1.0,0.45,0.26083747589507955,,0,0,,0,0,0,0,0,,,,True,False,False,False,False
2025-01-17,4.98,5.02,4.94,4.94,1275479.58,-1.002004008016033,0.19002295376968314,,,,,,,,,,,,,,,,,,,,,,1.0,0.45,0.2577906200820438,,0,0,,0,0,0,0,0,,,,False,False,False,False,False
2025-01-20,4.95,4.98,4.9,4.9,1556759.75,-0.8097165991902799,0.2319285158644041,,,,,,,,,,,,,,,,,,,,,,1.0,0.45,0.26137894353627,,0,0,,0,0,0,0,0,,,,False,False,False,False,False
2025-01-21,4.92,4.95,4.86,4.93,1383694.04,0.6122448979591688,0.2061449142089018,,,,,,,,,,,,,,,,,,,,,,1.0,0.45,0.2544889989265461,,0,0,,0,0,0,0,0,,,,True,False,False,False,False
2025-01-22,4.93,4.94,4.84,4.86,1435332.68,-1.4198782961460377,0.2138381200079702,,,,,,,,,,,,,,,,,,,,,,0.8181818181818182,0.4,0.2483955213505254,,0,0,,0,0,0,0,0,,,,False,False,False,False,False
2025-01-23,4.89,5.06,4.89,5.03,2603711.8,3.4979423868312765,0.3879050788104177,,,,,,,,,,,,,,,,,,,,,,0.8181818181818182,0.4,0.25317539331492755,,0,0,,0,0,0,0,0,,,,True,False,True,False,False
2025-01-24,5.03,5.07,4.95,5.03,1433088.21,0.0,0.21350373533750183,,,,,,,,,,,,,,,,,,,,,,0.9,0.4,0.25350590580533994,,0,0,,0,0,0,0,0,,,,False,False,False,False,False
2025-01-27,5.02,5.1,5.02,5.08,1499281.7,0.994035785288272,0.22336534557992055,,,,,,,,,,,,,,,,,,,,,,1.1111111111111112,0.45,0.2511850754843147,,0,0,,0,0,0,0,0,,,,True,False,True,True,False
2025-02-05,5.07,5.08,4.94,4.95,1762500.26,-2.5590551181102317,0.2625800606114247,,,,,,,,,,,,,,,,,,,,,,0.9,0.4,0.2500117058546206,,0,0,,0,0,0,0,0,,,,False,False,False,False,False
2025-02-06,4.95,4.99,4.91,4.95,1338404.44,0.0,0.19939759837414145,,,,,,,,,,,,,,,,,,,,,,1.0,0.4,0.24479619039280057,,0,0,,0,0,0,0,0,,,,False,False,False,False,False
2025-02-07,4.94,4.95,4.9,4.93,1575808.38,-0.40404040404041774,0.23476641071950308,,,,,,,,,,,,,,,,,,,,,,1.0,0.4,0.24223395010790677,,0,0,,0,0,0,0,0,,,,False,False,False,False,False
2025-02-10,4.91,4.95,4.9,4.93,1312275.37,0.0,0.19550484843246477,,,,,,,,,,,,,,,,,,,,,,1.25,0.4,0.2386928609633406,,0,0,,0,0,0,0,0,,,,True,False,False,False,False
2025-02-11,4.94,4.98,4.92,4.95,2036647.68,0.40567951318459805,0.30342297439350024,,,,,,,,,,,,,,,,,,,,,,1.25,0.4,0.2414469147996078,,0,0,,0,0,0,0,0,,,,True,False,False,False,False
2025-02-12,4.95,4.95,4.89,4.95,2192947.56,0.0,0.32670877632805334,,,,,,,,,,,,,,,,,,,,,,1.125,0.35,0.24586292884554278,,0,0,,0,0,0,0,0,,,,False,False,False,False,False
2025-02-13,4.95,4.98,4.93,4.95,2319858.48,0.0,0.34561616478191476,,,,,,,,,,,,,,,,,,,,,,1.0,0.35,0.24711630046241256,,0,0,,0,0,0,0,0,,,,False,False,False,False,False
2025-02-14,4.95,4.98,4.92,4.94,1786370.92,-0.20202020202019222,0.2661363490795096,,,,,,,,,,,,,,,,,,,,,,1.0,0.35,0.24954191667463027,,0,0,,0,0,0,0,0,,,,False,False,False,False,False
2025-02-17,4.94,5.04,4.92,5.03,2676472.75,1.8218623481781382,0.3987451195722527,,,,,,,,,,,,,,,,,,,,4.824583333333334,,1.2857142857142858,0.4,0.26005007699725236,,0,0,,0,0,0,0,0,,,,True,False,True,False,False
2025-02-18,5.02,5.16,5.02,5.14,2791489.8,2.1868787276341894,0.4158805405680756,,,,,,,,,,,,,,,,,,,,4.830916666666667,,1.6666666666666667,0.45,0.26908546478687045,,0,0,,0,0,0,0,0,,,,True,False,True,True,False
2025-02-19,5.12,5.15,5.09,5.1,1643186.59,-0.7782101167315147,0.2448045224107259,,,,,,,,,,,,,,,,,,,,4.836500000000001,,1.2857142857142858,0.4,0.26774777667647953,,0,0,,0,0,0,0,0,,,,False,False,False,False,False
2025-02-20,5.1,5.12,5.07,5.1,1226662.38,0.0,0.1827500905390814,,,,,,,,,,,,,,,,,,,,4.84125,,1.1428571428571428,0.35,0.26430088858032885,,0,0,,0,0,0,0,0,,,,False,False,False,False,False
2025-02-21,5.1,5.11,4.99,5.02,1876515.21,-1.5686274509803977,0.27956618717324916,,,,,,,,,,,,,,,,,,,,4.844583333333333,,0.875,0.3,0.2661294153281348,,0,0,,0,0,0,0,0,,,,False,False,False,False,False
2025-02-24,5.01,5.04,4.97,4.98,1740612.87,-0.7968127490039723,0.25931924282702,,,,,,,,,,,,,,,,,,,,4.847499999999999,,0.875,0.3,0.26959422978100167,,0,0,,0,0,0,0,0,,,,False,False,False,False,False
2025-02-25,4.98,4.99,4.93,4.94,1346533.01,-0.8032128514056214,0.20060860551650875,,,,,,,,,,,,,,,,,,,,4.850083333333333,,0.875,0.3,0.2680282342636069,,0,0,,0,0,0,0,0,,,,False,False,False,False,False
2025-02-26,4.94,5.01,4.94,4.95,1733718.28,0.2024291497975561,0.2582920759657278,,,,,,,,,,,,,,,,,,,,4.85225,,0.875,0.3,0.2706355923514482,,0,0,,0,0,0,0,0,,,,True,False,False,False,False
2025-02-27,4.95,5.0,4.91,4.98,1661303.68,0.60606060606061,0.24750363497159591,,,,,,,,,,,,,,,,,,,,4.854666666666666,,1.1428571428571428,0.35,0.27231886809962946,,0,0,,0,0,0,0,0,,,,True,False,False,False,False
2025-02-28,4.97,5.02,4.97,4.99,1656032.16,0.20080321285140812,0.24671827563149895,,,,,,,,,,,,,,,,,,,,4.857083333333334,,1.1428571428571428,0.35,0.2652595279406835,,0,0,,0,0,0,0,0,,,,True,False,False,False,False
2025-03-03,4.98,5.0,4.93,4.94,1774402.03,-1.002004008016033,0.2643532050238875,,,,,,,,,,,,,,,,,,,,4.858833333333334,,1.0,0.35,0.2678020014250028,,0,0,,0,0,0,0,0,,,,False,False,False,False,False
2025-03-04,4.93,4.95,4.92,4.93,1316229.01,-0.2024291497975894,0.19609386793753752,,,,,,,,,,,,,,,,,,,,4.861,,0.875,0.3,0.26643842754288366,,0,0,,0,0,0,0,0,,,,False,False,False,False,False
2025-03-05,4.93,5.02,4.91,5.01,2291622.31,1.6227180527383478,0.34140949576841084,,,,,,,,,,,,,,,,,,,,4.8654166666666665,,1.1428571428571428,0.35,0.270379899300733,,0,0,,0,0,0,0,0,,,,True,False,False,False,False
2025-03-06,5.01,5.02,4.95,4.96,1680781.54,-0.9980039920159611,0.25040547718714307,,,,,,,,,,,,,,,,,,,,4.87075,,1.0,0.35,0.272930293241383,,0,0,,0,0,0,0,0,,,,False,False,False,False,False
2025-03-07,4.97,5.01,4.95,4.98,1588991.05,0.40322580645162365,0.23673038562843185,,,,,,,,,,,,,,,,,,,,4.876166666666666,,1.2857142857142858,0.4,0.2730284919868295,,0,0,,0,0,0,0,0,,,,True,False,False,False,False
2025-03-10,4.98,4.99,4.93,4.94,1420803.84,-0.8032128514056214,0.21167359057532562,,,,,,,,,,,,,,,,,,,,4.882083333333333,,1.0,0.4,0.2738369290939725,,0,0,,0,0,0,0,0,,,,False,False,False,False,False
2025-03-11,4.93,4.95,4.93,4.95,1221512.49,0.2024291497975561,0.1819828518276714,,,,,,,,,,,,,,,,,,,,4.888166666666667,,1.0,0.4,0.26776492296568105,,0,0,,0,0,0,0,0,,,,True,False,False,False,False
2025-03-12,4.95,4.95,4.92,4.92,1360991.21,-0.60606060606061,0.20276261089085812,,,,,,,,,,,,,,,,,,,,4.894,,0.8888888888888888,0.4,0.26156761469382134,,0,0,,0,0,0,0,0,,,,False,False,False,False,False
2025-03-13,4.92,4.95,4.91,4.95,1644141.3,0.6097560975609762,0.24494675660799423,,,,,,,,,,,,,,,,,,,,4.899249999999999,,1.0,0.45,0.25653414428512533,,0,0,,0,0,0,0,0,,,,True,False,False,False,False
2025-03-14,4.95,5.08,4.94,5.02,3000807.31,1.414141414141401,0.4470649924006288,,,,,,,,,,,,,,,,,,,,4.905833333333334,,1.25,0.5,0.26558057645118127,,0,0,,0,0,0,0,0,,,,True,False,True,False,False
2025-03-17,5.04,5.08,5.02,5.05,1401018.08,0.5976095617529875,0.20872587693354544,,,,,,,,,,,,,,,,,,,,4.912583333333333,,1.25,0.5,0.25607961431924586,,0,0,,0,0,0,0,0,,,,True,False,False,False,False
2025-03-18,5.07,5.08,5.0,5.03,1116739.1,-0.3960396039603853,0.16637354740880883,,,,,,,,,,,,,,,,,,,,4.920166666666668,,1.0,0.45,0.24360426466128254,,0,0,,0,0,0,0,0,,,,False,False,False,False,False
2025-03-19,5.03,5.1,5.02,5.09,1617500.56,1.1928429423459175,0.24097777726501635,,,,,,,,,,,,,,,,,,,,4.927999999999999,,1.25,0.5,0.24341292740399711,,0,0,,0,0,0,0,0,,,,True,False,True,True,False
2025-03-20,5.1,5.13,5.03,5.04,1392276.94,-0.9823182711198419,0.20742360814919192,,,,,,,,,,,,,,,,,,,,4.9351666666666665,,1.1111111111111112,0.5,0.24464660328450263,,0,0,,0,0,0,0,0,,,,False,False,False,False,False
2025-03-21,5.03,5.07,4.99,5.0,1505069.55,-0.7936507936507908,0.22422762857544754,,,,,,,,,,,,,,,,,,,,4.941416666666667,,1.1111111111111112,0.5,0.24187967535461255,,0,0,,0,0,0,0,0,,,,False,False,False,False,False
2025-03-24,5.0,5.05,5.0,5.02,1504524.43,0.40000000000000036,0.22414641574053962,,,,,,,,,,,,,,,,,,,,4.9479999999999995,,1.375,0.55,0.24012103400028847,,0,0,,0,0,0,0,0,,,,True,False,False,False,False
2025-03-25,5.02,5.08,5.02,5.05,1448843.3,0.5976095617529875,0.21585095342366448,,,,,,,,,,,,,,,,,,,,4.95425,,1.7142857142857142,0.6,0.24088315139564628,,0,0,,0,0,0,0,0,,,,True,False,False,False,False
2025-03-26,5.05,5.06,5.0,5.02,1423667.11,-0.5940594059405946,0.21210016504297813,,,,,,,,,,,,,,,,,,,,4.959833333333333,,1.375,0.55,0.2385735558495088,,0,0,,0,0,0,0,0,,,,False,False,False,False,False
2025-03-27,5.02,5.05,5.0,5.0,1344296.36,-0.3984063745019806,0.20027538588193888,,,,,,,,,,,,,,,,,,,,4.963916666666666,,1.1111111111111112,0.5,0.23621214339502594,,0,0,,0,0,0,0,0,,,,False,False,False,False,False
2025-03-28,4.95,4.96,4.82,4.88,5887779.41,-2.400000000000002,0.8771706361873095,,,,,,,,,,,,,,,,,,,,4.966416666666666,,0.9,0.45,0.26773476142281644,,0,0,,0,0,0,0,0,,,,False,False,False,False,False
2025-03-31,4.93,4.95,4.86,4.89,4280160.31,0.2049180327868827,0.6376650143736231,,,,,,,,,,,,,,,,,,,,4.967916666666667,,0.9,0.5,0.2864003518903032,,0,0,,0,0,0,0,0,,,,False,False,False,False,False
2025-04-01,4.88,4.9,4.83,4.84,2965094.77,-1.0224948875255602,0.44174448202646976,,,,,,,,,,,,,,,,,,,,4.969833333333333,,0.8181818181818182,0.5,0.2986828825947499,,0,0,,0,0,0,0,0,,,,False,False,False,False,False
2025-04-02,4.83,4.88,4.83,4.87,1929090.46,0.6198347107438051,0.2873989306031201,,,,,,,,,,,,,,,,,,,,4.970333333333333,,0.8181818181818182,0.5,0.29598235433648534,,0,0,,0,0,0,0,0,,,,True,False,False,False,False
2025-04-03,4.84,4.9,4.84,4.9,1740882.87,0.6160164271047375,0.2593594678516479,,,,,,,,,,,,,,,,,,,,4.969833333333333,,1.0,0.55,0.29643005386971055,,0,0,,0,0,0,0,0,,,,True,False,False,False,False
2025-04-07,4.81,4.84,4.64,4.76,4808215.6,-2.857142857142869,0.7163355219481203,,,,,,,,,,,,,,,,,,,,4.970250000000001,,0.8181818181818182,0.5,0.320410310685695,,0,0,,0,0,0,0,0,,,,False,False,False,False,False
2025-04-08,4.72,4.8,4.71,4.8,3017248.67,0.8403361344537785,0.4495144520706854,,,,,,,,,,,,,,,,,,,,4.96875,,1.0,0.55,0.33230235376046297,,0,0,,0,0,0,0,0,,,,True,False,False,False,False
2025-04-09,4.77,4.8,4.72,4.78,2363520.63,-0.4166666666666541,0.35212102055619143,,,,,,,,,,,,,,,,,,,,4.967083333333333,,1.0,0.5,0.340809262196889,,0,0,,0,0,0,0,0,,,,True,False,False,False,False
2025-04-10,4.8,4.8,4.76,4.78,1939473.0,0.0,0.2889457377408964,,,,,,,,,,,,,,,,,,,,4.9639999999999995,,1.0,0.5,0.34511841853939085,,0,0,,0,0,0,0,0,,,,False,False,False,False,False
2025-04-11,4.78,4.79,4.75,4.79,1578370.52,0.20920502092049986,0.23514812236616972,,,,,,,,,,,,,,,,,,,,4.962166666666667,,1.0,0.5,0.3446284868272997,,0,0,,0,0,0,0,0,,,,True,False,False,False,False
2025-04-14,4.79,4.83,4.77,4.82,1766728.97,0.6263048016701411,0.26321006047769885,,,,,,,,,,,,,,,,,,,,4.959166666666666,,1.0,0.5,0.3354357402311532,,0,0,,0,0,0,0,0,,,,True,False,False,False,False
2025-04-15,4.81,4.91,4.81,4.9,2139025.54,1.6597510373443924,0.318675388985523,,,,,,,,,,,,,,,,,,,,4.957083333333333,,1.0,0.5,0.3409332158337521,,0,0,,0,0,0,0,0,,,,True,False,True,False,False
2025-04-16,4.9,4.95,4.88,4.95,2108507.37,1.0204081632652962,0.3141287440231275,,,,,,,,,,,,,,,,,,,,4.955416666666666,,1.2222222222222223,0.55,0.34832097566446796,,0,0,,0,0,0,0,0,,,,True,False,True,True,False
2025-04-17,4.94,4.95,4.9,4.95,1221970.84,0.0,0.18205113753151647,,,,,,,,,,,,,,,,,,,,4.9545,,1.2222222222222223,0.5,0.34537464367779297,,0,0,,0,0,0,0,0,,,,True,False,False,False,False
2025-04-18,4.95,5.0,4.93,5.0,1585459.0,1.0101010101010166,0.23620417526459192,,,,,,,,,,,,,,,,,,,,4.954,,1.5,0.55,0.34681367203356295,,0,0,,0,0,0,0,0,,,,True,False,True,True,False
2025-04-21,4.99,5.06,4.93,4.93,1753263.62,-1.4000000000000012,0.26120397145780044,,,,,,,,,,,,,,,,,,,,4.952833333333333,,1.5,0.55,0.3486624891776806,,0,0,,0,0,0,0,0,,,,False,False,False,False,False
2025-04-22,4.93,4.98,4.9,4.96,1244905.08,0.6085192697768749,0.1854679166752977,,,,,,,,,,,,,,,,,,,,4.952,,1.5,0.55,0.34672856422441856,,0,0,,0,0,0,0,0,,,,True,False,False,False,False
2025-04-23,4.96,4.98,4.94,4.95,1037796.95,-0.20161290322580072,0.15461262174982698,,,,,,,,,,,,,,,,,,,,4.951416666666666,,1.2222222222222223,0.5,0.3436666476407267,,0,0,,0,0,0,0,0,,,,False,False,False,False,False
2025-04-24,4.95,5.02,4.95,5.01,1384284.56,1.2121212121211977,0.20623289080721005,,,,,,,,,,,,,,,,,,,,4.9519166666666665,,1.5,0.55,0.34337328392893823,,0,0,,0,0,0,0,0,,,,True,False,False,False,False
2025-04-25,5.02,5.06,4.98,5.01,1142374.95,0.0,0.17019281665920052,,,,,,,,,,,,,,,,,,,,4.952666666666667,,1.5,0.55,0.3418691554678014,,0,0,,0,0,0,0,0,,,,False,False,False,False,False
2025-04-28,5.02,5.07,5.01,5.05,1389870.35,0.7984031936127733,0.20706507058615814,,,,,,,,,,,,,,,,,,,,4.954666666666666,,1.8571428571428572,0.6,0.30836387718774383,,0,0,,0,0,0,0,0,,,,True,False,False,False,False
2025-04-29,5.05,5.07,5.0,5.02,1366410.59,-0.5940594059405946,0.20356999864629385,,,,,,,,,,,,,,,,,,,,4.956833333333333,,1.8571428571428572,0.55,0.2866591264013773,,0,0,,0,0,0,0,0,,,,False,False,False,False,False
2025-04-30,5.03,5.05,4.86,4.91,3177596.42,-2.191235059760943,0.47340331204390634,,,,,,,,,,,,,,,,,,,,4.957666666666666,,1.8571428571428572,0.55,0.28824206790224915,,0,0,,0,0,0,0,0,,,,False,False,False,False,False
2025-05-06,4.89,4.91,4.86,4.91,1671941.92,0.0,0.24908853669751047,,,,,,,,,,,,,,,,,,,,4.9582500000000005,,1.8571428571428572,0.5,0.2863265482069687,,0,0,,0,0,0,0,0,,,,True,False,False,False,False
2025-05-07,4.94,5.0,4.91,5.0,2058865.4,1.8329938900203624,0.3067330052608135,,,,,,,,,,,,,,,,,,,,4.959416666666667,,1.8571428571428572,0.5,0.28869522507742695,,0,0,,0,0,0,0,0,,,,True,False,False,False,False
2025-05-08,4.98,5.03,4.97,4.99,1403054.38,-0.20000000000000018,0.20902924811002574,,,,,,,,,,,,,,,,,,,,4.961083333333334,,2.3333333333333335,0.5,0.2633299113855222,,0,0,,0,0,0,0,0,,,,True,False,False,False,False
2025-05-09,5.0,5.06,4.99,5.04,1846196.39,1.002004008016022,0.27504924168737055,,,,,,,,,,,,,,,,,,,,4.9623333333333335,,2.3333333333333335,0.5,0.2546066508663565,,0,0,,0,0,0,0,0,,,,True,False,False,False,False
2025-05-12,5.03,5.07,5.0,5.03,1845560.09,-0.1984126984126977,0.2749544447126643,,,,,,,,,,,,,,,,,,,,4.9639999999999995,,2.1666666666666665,0.5,0.2507483220741801,,0,0,,0,0,0,0,0,,,,False,False,False,False,False
2025-05-13,5.02,5.1,5.01,5.09,1793954.01,1.1928429423459175,0.26726608975360283,,,,,,,,,,,,,,,,,,,,4.966833333333333,,2.8,0.55,0.24966433967481544,,0,0,,0,0,0,0,0,,,,True,False,True,True,False
2025-05-14,5.08,5.16,5.07,5.14,1690186.19,0.9823182711198308,0.25180659673479594,,,,,,,,,,,,,,,,,,,,4.970416666666667,,2.8,0.55,0.25049726339324674,,0,0,,0,0,0,0,0,,,,True,False,True,True,True
2025-05-15,5.14,5.18,5.12,5.13,1204693.46,-0.1945525291828787,0.1794771262870548,,,,,,,,,,,,,,,,,,,,4.973666666666667,,2.1666666666666665,0.5,0.24631061668371457,,0,0,,0,0,0,0,0,,,,False,False,False,False,False
2025-05-16,5.13,5.15,5.06,5.1,1259840.81,-0.5847953216374324,0.1876930652200564,,,,,,,,,,,,,,,,,,,,4.9766666666666675,,1.7142857142857142,0.45,0.2397615004954412,,0,0,,0,0,0,0,0,,,,False,False,False,False,False
2025-05-19,5.09,5.13,5.08,5.08,950535.71,-0.39215686274508554,0.14161230497924784,,,,,,,,,,,,,,,,,,,,4.979,,1.375,0.4,0.23113567854324724,,0,0,,0,0,0,0,0,,,,False,False,False,False,False
2025-05-20,5.1,5.14,5.07,5.09,1016439.08,0.19685039370078705,0.1514306926877961,,,,,,,,,,,,,,,,,,,,4.980833333333333,,1.1111111111111112,0.45,0.22960465630106125,,0,0,,0,0,0,0,0,,,,False,False,False,False,False
2025-05-21,5.09,5.15,5.08,5.12,1065060.99,0.5893909626719207,0.15867446130706614,,,,,,,,,,,,,,,,,,,,4.9831666666666665,,1.1111111111111112,0.45,0.22572817060318492,,0,0,,0,0,0,0,0,,,,True,False,False,False,False
2025-05-22,5.12,5.17,5.1,5.17,1224093.07,0.9765625,0.18236731069453854,,,,,,,,,,,,,,,,,,,,4.985833333333334,,1.375,0.5,0.22178633756502183,,0,0,,0,0,0,0,0,,,,True,False,False,False,True
2025-05-23,5.17,5.21,5.12,5.14,1445968.49,-0.5802707930367523,0.2154226597086631,,,,,,,,,,,,,,,,,,,,4.988333333333333,,1.1111111111111112,0.45,0.22328407471669012,,0,0,,0,0,0,0,0,,,,False,False,False,False,False
2025-05-26,5.13,5.17,5.08,5.09,1122988.9,-0.9727626459143934,0.16730465244184256,,,,,,,,,,,,,,,,,,,,4.9911666666666665,,1.1111111111111112,0.45,0.22391867625129086,,0,0,,0,0,0,0,0,,,,False,False,False,False,False
2025-05-27,5.1,5.15,5.09,5.12,914979.09,0.5893909626719207,0.13631502381190355,,,,,,,,,,,,,,,,,,,,4.993916666666666,,1.1111111111111112,0.45,0.2204227829015256,,0,0,,0,0,0,0,0,,,,True,False,False,False,False
2025-05-28,5.13,5.15,5.06,5.09,1154379.89,-0.5859375,0.17198133150051834,,,,,,,,,,,,,,,,,,,,4.99575,,1.1111111111111112,0.45,0.22051220864359147,,0,0,,0,0,0,0,0,,,,False,False,False,False,False
2025-05-29,5.08,5.1,5.06,5.06,1142980.99,-0.5893909626719096,0.17028310545151706,,,,,,,,,,,,,,,,,,,,4.99725,,0.9,0.4,0.21867311038685938,,0,0,,0,0,0,0,0,,,,False,False,False,False,False
2025-05-30,5.07,5.13,5.06,5.11,1481432.69,0.9881422924901351,0.22070617199905887,,,,,,,,,,,,,,,,,,,,4.999416666666666,,1.1111111111111112,0.45,0.21952991905449765,,0,0,,0,0,0,0,0,,,,True,False,False,False,False
2025-06-03,5.08,5.2,5.08,5.19,1909146.63,1.5655577299412915,0.2844276674441439,,,,,,,,,,,,,,,,,,,,5.0023333333333335,,1.375,0.5,0.21008113682450952,,0,0,,0,0,0,0,0,,,,True,False,True,False,True
2025-06-04,5.19,5.21,5.15,5.17,1145168.61,-0.3853564547206201,0.17060902051957766,,,,,,,,,,,,,,,,,,,,5.004499999999999,,1.1111111111111112,0.5,0.2061571610156129,,0,0,,0,0,0,0,0,,,,False,False,False,False,False
2025-06-05,5.17,5.19,5.13,5.13,1224754.25,-0.7736943907156735,0.1824658143307735,,,,,,,,,,,,,,,,,,,,5.0055,,0.9,0.45,0.1999438014691109,,0,0,,0,0,0,0,0,,,,False,False,False,False,False
2025-06-06,5.15,5.18,5.12,5.14,1301627.25,0.19493177387914784,0.19391847476861196,,,,,,,,,,,,,,,,,,,,5.006583333333333,,0.7272727272727273,0.5,0.1991882628020402,,0,0,,0,0,0,0,0,,,,False,False,False,False,False
2025-06-09,5.14,5.15,5.1,5.11,1534539.71,-0.583657587548625,0.22861813935984215,,,,,,,,,,,,,,,,,,,,5.007416666666667,,0.5833333333333334,0.45,0.19686670768566378,,0,0,,0,0,0,0,0,,,,False,False,False,False,False
2025-06-10,5.12,5.21,5.11,5.14,2218679.18,0.5870841487279677,0.33054231354366215,,,,,,,,,,,,,,,,,,,,5.0080833333333326,,0.6666666666666666,0.5,0.19964610112721368,,0,0,,0,0,0,0,0,,,,True,False,False,False,False
2025-06-11,5.15,5.18,5.12,5.14,1397400.79,0.0,0.20818696738044892,,,,,,,,,,,,,,,,,,,,5.0086666666666675,,0.5384615384615384,0.45,0.19669214500855597,,0,0,,0,0,0,0,0,,,,False,False,False,False,False
2025-06-12,5.14,5.16,5.12,5.15,1497321.21,0.1945525291829009,0.22307326869646632,,,,,,,,,,,,,,,,,,,,5.009,,0.5384615384615384,0.45,0.1952554786066395,,0,0,,0,0,0,0,0,,,,True,False,False,False,False
2025-06-13,5.15,5.16,5.08,5.09,1844816.51,-1.1650485436893288,0.2748436649948392,,,,,,,,,,,,,,,,,,,,5.00975,,0.5384615384615384,0.45,0.2000238055420287,,0,0,,0,0,0,0,0,,,,False,False,False,False,False
2025-06-16,5.09,5.2,5.06,5.2,2758633.69,2.16110019646365,0.41098558562761184,,,,,,,,,,,,,,,,,,,,5.010916666666666,,0.6666666666666666,0.5,0.2111884315624065,,0,0,,0,0,0,0,0,,,,True,False,False,False,True
2025-06-17,5.19,5.24,5.18,5.21,1687867.93,0.19230769230769162,0.25146121871407834,,,,,,,,,,,,,,,,,,,,5.013166666666667,,0.8181818181818182,0.55,0.21668087724914803,,0,0,,0,0,0,0,0,,,,True,False,False,False,True
2025-06-18,5.21,5.29,5.18,5.28,2031409.56,1.343570057581589,0.3026425910379313,,,,,,,,,,,,,,,,,,,,5.015333333333333,,1.0,0.55,0.22424147216665474,,0,0,,0,0,0,0,0,,,,True,False,True,True,True
2025-06-19,5.28,5.31,5.24,5.29,1452211.82,0.18939393939394478,0.21635280083092148,,,,,,,,,,,,,,,,,,,,5.017666666666667,,1.0,0.55,0.22712538914284758,,0,0,,0,0,0,0,0,,,,True,False,False,False,True
2025-06-20,5.29,5.35,5.27,5.32,1919168.79,0.5671077504725952,0.2859207846027521,,,,,,,,,,,,,,,,,,,,5.020083333333333,,1.0,0.55,0.23230306283825822,,0,0,,0,0,0,0,0,,,,True,False,True,True,True
2025-06-23,5.3,5.45,5.24,5.42,2114570.75,1.8796992481203034,0.3150320759113793,,,,,,,,,,,,,,,,,,,,5.023916666666667,,1.2222222222222223,0.6,0.23728353364839405,,0,0,,0,0,0,0,0,,,,True,False,True,True,True
2025-06-24,5.42,5.45,5.32,5.38,2623540.7,-0.7380073800738018,0.39085921951724395,,,,,,,,,,,,,,,,,,,,5.0275,,1.2222222222222223,0.6,0.2484612620021641,,0,0,,0,0,0,0,0,,,,False,False,False,False,False
2025-06-25,5.38,5.4,5.31,5.39,2567101.45,0.18587360594795044,0.38245081129047676,,,,,,,,,,,,,,,,,,,,5.0298333333333325,,1.2222222222222223,0.6,0.2607680513760927,,0,0,,0,0,0,0,0,,,,True,False,False,False,False
2025-06-26,5.38,5.44,5.32,5.43,2485568.85,0.7421150278293043,0.37030395631650526,,,,,,,,,,,,,,,,,,,,5.03225,,1.5,0.65,0.2706841826168921,,0,0,,0,0,0,0,0,,,,True,False,False,False,True
2025-06-27,5.41,5.43,5.24,5.25,4085577.81,-3.3149171270718147,0.6086758075045571,,,,,,,,,,,,,,,,,,,,5.032916666666667,,1.5,0.65,0.29260381771954413,,0,0,,0,0,0,0,0,,,,False,False,False,False,False
2025-06-30,5.23,5.25,5.2,5.24,2049008.68,-0.19047619047618536,0.30526453561359207,,,,,,,,,,,,,,,,,,,,5.033833333333334,,1.5,0.6,0.29683173590027073,,0,0,,0,0,0,0,0,,,,True,False,False,False,False
2025-07-01,5.24,5.31,5.24,5.29,1897180.4,0.9541984732824416,0.28264491967950517,,,,,,,,,,,,,,,,,,,,5.035333333333333,,1.5,0.6,0.2967425985120388,,0,0,,0,0,0,0,0,,,,True,False,False,False,False
2025-07-02,5.3,5.33,5.28,5.29,1803209.63,0.0,0.26864500657747686,,,,,,,,,,,,,,,,,,,,5.036,,1.5,0.6,0.3016443978149338,,0,0,,0,0,0,0,0,,,,False,False,False,False,False
2025-07-03,5.29,5.32,5.25,5.28,1638373.25,-0.1890359168241873,0.24408742344760667,,,,,,,,,,,,,,,,,,,,5.0367500000000005,,1.5,0.6,0.30472547827077545,,0,0,,0,0,0,0,0,,,,False,False,False,False,False
2025-07-04,5.28,5.41,5.27,5.38,2856963.12,1.8939393939393812,0.42563485875128604,,,,,,,,,,,,,,,,,,,,5.039583333333334,,1.8571428571428572,0.6,0.3163112974699091,,0,0,,0,0,0,0,0,,,,True,False,False,False,False
2025-07-07,5.38,5.47,5.36,5.47,1850664.5,1.6728624535315983,0.2757149077421481,,,,,,,,,,,,,,,,,,,,5.043333333333333,,2.3333333333333335,0.65,0.3186661358890245,,0,0,,0,0,0,0,0,,,,True,False,True,True,True
2025-07-08,5.47,5.52,5.46,5.51,1894585.86,0.7312614259597838,0.2822583810298832,,,,,,,,,,,,,,,,,,,,5.047000000000001,,2.3333333333333335,0.65,0.3162519392633355,,0,0,,0,0,0,0,0,,,,True,False,True,True,True
2025-07-09,5.51,5.58,5.5,5.52,2058076.77,0.1814882032667775,0.30661551392313846,,,,,,,,,,,,,,,,,,,,5.050416666666667,,3.0,0.7,0.32117336659047,,0,0,,0,0,0,0,0,,,,True,False,False,False,True
2025-07-10,5.53,5.62,5.53,5.55,2284060.23,0.5434782608695787,0.34028288519716,,,,,,,,,,,,,,,,,,,,5.054083333333334,,3.0,0.7,0.3270338474155047,,0,0,,0,0,0,0,0,,,,True,False,False,False,True
2025-07-11,5.58,5.62,5.44,5.44,3041597.86,-1.9819819819819728,0.4531420326907524,,,,,,,,,,,,,,,,,,,,5.057416666666668,,3.0,0.7,0.3359487658003003,,0,0,,0,0,0,0,0,,,,False,False,False,False,False
2025-07-14,5.46,5.57,5.45,5.47,2217019.78,0.5514705882352811,0.33029509352193087,,,,,,,,,,,,,,,,,,,,5.061333333333334,,3.0,0.7,0.3319142411950163,,0,0,,0,0,0,0,0,,,,True,False,False,False,False
2025-07-15,5.49,5.52,5.42,5.43,1625806.25,-0.7312614259597838,0.2422151720235395,,,,,,,,,,,,,,,,,,,,5.0655833333333335,,2.3333333333333335,0.65,0.33145193886048935,,0,0,,0,0,0,0,0,,,,False,False,False,False,False
2025-07-16,5.44,5.45,5.38,5.42,1725367.99,-0.18416206261510082,0.2570480366290624,,,,,,,,,,,,,,,,,,,,5.0696666666666665,,1.8571428571428572,0.6,0.3291722111400459,,0,0,,0,0,0,0,0,,,,False,False,False,False,False
2025-07-17,5.42,5.44,5.4,5.42,1138690.77,0.0,0.1696439417287064,,,,,,,,,,,,,,,,,,,,5.073583333333334,,1.7142857142857142,0.55,0.3268367681849351,,0,0,,0,0,0,0,0,,,,False,False,False,False,False
2025-07-18,5.42,5.47,5.41,5.46,1860625.18,0.7380073800737907,0.2771988655136669,,,,,,,,,,,,,,,,,,,,5.0775,,1.7142857142857142,0.55,0.32640067223048086,,0,0,,0,0,0,0,0,,,,True,False,False,False,False
2025-07-21,5.47,5.47,5.41,5.43,1648482.77,-0.5494505494505586,0.24559355563640559,,,,,,,,,,,,,,,,,,,,5.081583333333334,,1.375,0.5,0.3229287462167322,,0,0,,0,0,0,0,0,,,,False,False,False,False,False
2025-07-22,5.42,5.43,5.32,5.37,2709231.06,-1.104972375690605,0.40362550411490683,,,,,,,,,,,,,,,,,,,,5.0855,,1.375,0.5,0.3235670604466153,,0,0,,0,0,0,0,0,,,,False,False,False,False,False
2025-07-23,5.37,5.47,5.35,5.42,2272381.92,0.9310986964618184,0.33854303220693177,,,,,,,,,,,,,,,,,,,,5.089583333333334,,1.375,0.5,0.32137167149243806,,0,0,,0,0,0,0,0,,,,True,False,False,False,False
2025-07-24,5.43,5.44,5.35,5.37,2133675.09,-0.9225092250922495,0.31787827052989315,,,,,,,,,,,,,,,,,,,,5.093833333333333,,1.1111111111111112,0.45,0.3187503872031075,,0,0,,0,0,0,0,0,,,,False,False,False,False,False
2025-07-25,5.36,5.41,5.35,5.37,1557196.07,0.0,0.23199351950420272,,,,,,,,,,,,,,,,,,,,5.096666666666667,,1.375,0.45,0.29991627280308975,,0,0,,0,0,0,0,0,,,,True,False,False,False,False
2025-07-28,5.37,5.43,5.35,5.4,1925552.37,0.5586592178770999,0.28687182039058107,,,,,,,,,,,,,,,,,,,,5.09975,,1.375,0.5,0.29899663704193924,,0,0,,0,0,0,0,0,,,,True,False,False,False,False
2025-07-29,5.4,5.47,5.37,5.38,2372469.56,-0.37037037037037646,0.3534542462215354,,,,,,,,,,,,,,,,,,,,5.10225,,1.1111111111111112,0.45,0.3025371033690407,,0,0,,0,0,0,0,0,,,,False,False,False,False,False
2025-07-30,5.38,5.56,5.37,5.46,3277960.79,1.486988847583648,0.48835575372912204,,,,,,,,,,,,,,,,,,,,5.1065,,1.375,0.5,0.31352264072662295,,0,0,,0,0,0,0,0,,,,True,False,False,False,False
2025-07-31,5.46,5.54,5.38,5.5,2735306.78,0.73260073260073,0.40751030588968024,,,,,,,,,,,,,,,,,,,,5.111083333333334,,1.7142857142857142,0.55,0.3216937848487266,,0,0,,0,0,0,0,0,,,,True,False,False,False,False
2025-08-01,5.48,5.56,5.42,5.43,3019011.78,-1.272727272727281,0.44977712297132094,,,,,,,,,,,,,,,,,,,,5.11525,,1.375,0.5,0.32290089805972844,,0,0,,0,0,0,0,0,,,,False,False,False,False,False
2025-08-04,5.42,5.53,5.41,5.52,2136417.71,1.6574585635359185,0.3182868703707999,,,,,,,,,,,,,,,,,,,,5.120166666666666,,1.375,0.5,0.32502949619116095,,0,0,,0,0,0,0,0,,,,True,False,False,False,False
2025-08-05,5.5,5.62,5.49,5.61,1858770.99,1.630434782608714,0.27692262537139023,,,,,,,,,,,,,,,,,,,,5.125666666666666,,1.375,0.5,0.32476270840823634,,0,0,,0,0,0,0,0,,,,True,False,True,True,True
2025-08-06,5.62,5.68,5.61,5.66,1631426.3,0.8912655971479388,0.24305245591116809,,,,,,,,,,,,,,,,,,,,5.131583333333334,,1.375,0.5,0.3215845555076378,,0,0,,0,0,0,0,0,,,,True,False,True,True,True
2025-08-07,5.65,5.78,5.62,5.75,1956230.48,1.590106007067127,0.29144229346571354,,,,,,,,,,,,,,,,,,,,5.13825,,1.375,0.5,0.3191425259210655,,0,0,,0,0,0,0,0,,,,True,False,True,True,True
2025-08-08,5.77,5.8,5.7,5.77,1423019.13,0.3478260869565153,0.21200362796350275,,,,,,,,,,,,,,,,,,,,5.145166666666667,,1.5714285714285714,0.55,0.307085605684703,,0,0,,0,0,0,0,0,,,,False,False,False,False,True
2025-08-11,5.75,5.77,5.69,5.71,1698120.37,-1.0398613518197486,0.25298864334924687,,,,,,,,,,,,,,,,,,,,5.150833333333333,,1.25,0.5,0.3032202831760688,,0,0,,0,0,0,0,0,,,,False,False,False,False,False
2025-08-12,5.71,5.83,5.71,5.75,1470512.91,0.7005253940455258,0.21907932600116753,,,,,,,,,,,,,,,,,,,,5.155916666666666,,1.5714285714285714,0.55,0.3020634908749502,,0,0,,0,0,0,0,0,,,,True,False,False,False,False
2025-08-13,5.78,5.82,5.72,5.78,1821041.95,0.521739130434784,0.2713016936558903,,,,,,,,,,,,,,,,,,,,5.161583333333334,,1.8333333333333333,0.6,0.3027761737262916,,0,0,,0,0,0,0,0,,,,False,False,False,False,True
2025-08-14,5.77,5.9,5.76,5.87,1883256.53,1.5570934256055269,0.28057051962889434,,,,,,,,,,,,,,,,,,,,5.168000000000001,,2.0,0.65,0.308322502621301,,0,0,,0,0,0,0,0,,,,True,False,True,True,True
2025-08-15,5.87,5.9,5.71,5.76,2961167.25,-1.873935264054516,0.4411593539200759,,,,,,,,,,,,,,,,,,,,5.174166666666667,,1.5714285714285714,0.6,0.3165205270416215,,0,0,,0,0,0,0,0,,,,False,False,False,False,False
2025-08-18,5.73,5.84,5.7,5.8,2012196.95,0.694444444444442,0.2997802661845417,,,,,,,,,,,,,,,,,,,,5.181,,2.0,0.65,0.3192298625690283,,0,0,,0,0,0,0,0,,,,True,False,False,False,False
2025-08-19,5.81,5.93,5.8,5.9,1637596.01,1.7241379310344973,0.24397162901004465,,,,,,,,,,,,,,,,,,,,5.188999999999999,,2.6,0.7,0.3112471688137851,,0,0,,0,0,0,0,0,,,,True,False,False,False,True
2025-08-20,5.89,5.95,5.86,5.9,1535014.77,0.0,0.228688914545767,,,,,,,,,,,,,,,,,,,,5.196916666666667,,2.6,0.65,0.3057544629307269,,0,0,,0,0,0,0,0,,,,True,False,False,False,False
2025-08-21,5.87,6.02,5.85,5.97,1743236.57,1.186440677966094,0.2597101257793018,,,,,,,,,,,,,,,,,,,,5.205166666666667,,3.5,0.7,0.30284605569319734,,0,0,,0,0,0,0,0,,,,True,False,True,True,True
2025-08-22,5.98,6.04,5.93,5.96,1989456.47,-0.16750418760468344,0.296392353710286,,,,,,,,,,,,,,,,,,,,5.21325,,2.6,0.7,0.3060659974035015,,0,0,,0,0,0,0,0,,,,False,False,False,False,False
2025-08-25,5.92,6.02,5.86,6.01,1976138.72,0.8389261744966348,0.2944082543705175,,,,,,,,,,,,,,,,,,,,5.222166666666666,5.023,2.6,0.7,0.3064428191024983,,0,0,,0,0,0,0,0,,,,True,False,False,False,True
2025-08-26,5.99,6.14,5.97,6.01,1732386.43,0.0,0.258093654858133,,,,,,,,,,,,,,,,,,,,5.231166666666667,5.02952,3.5,0.7,0.30167478953432825,,0,0,,0,0,0,0,0,,,,True,False,False,False,False
2025-08-27,5.99,6.0,5.74,5.75,2571943.24,-4.3261231281197965,0.3831721487793392,,,,,,,,,,,,,,,,,,,,5.237333333333334,5.034800000000001,2.6,0.65,0.2964156092868391,,0,0,,0,0,0,0,0,,,,False,False,False,False,False
2025-08-28,5.75,5.79,5.64,5.75,2092907.7,0.0,0.3118046806529932,,,,,,,,,,,,,,,,,,,,5.243916666666666,5.039680000000001,2.4,0.6,0.2916303280250047,,0,0,,0,0,0,0,0,,,,False,False,False,False,False
2025-08-29,5.74,5.86,5.73,5.79,1915597.31,0.6956521739130528,0.28538869989550075,,,,,,,,,,,,,,,,,,,,5.250666666666666,5.044359999999999,3.25,0.65,0.28341090687121373,,0,0,,0,0,0,0,0,,,,True,False,False,False,False
2025-09-01,5.8,5.9,5.74,5.84,1957473.96,0.8635578583765069,0.2916275490717292,,,,,,,,,,,,,,,,,,,,5.258166666666667,5.049200000000001,3.25,0.65,0.2820779408062602,,0,0,,0,0,0,0,0,,,,True,False,False,False,False
2025-09-02,5.84,5.96,5.82,5.95,2075062.23,1.8835616438356295,0.3091460344668988,,,,,,,,,,,,,,,,,,,,5.2665,5.05448,3.25,0.65,0.28368911126103563,,0,0,,0,0,0,0,0,,,,True,False,False,False,False
2025-09-03,5.97,6.01,5.93,5.95,1761373.82,0.0,0.2624122418086773,,,,,,,,,,,,,,,,,,,,5.275083333333333,5.059519999999999,2.4,0.6,0.2846571005559111,,0,0,,0,0,0,0,0,,,,False,False,False,False,False
2025-09-04,5.95,6.17,5.86,6.13,3194960.89,3.0252100840336027,0.47599029809353416,,,,,,,,,,,,,,,,,,,,5.284916666666666,5.0652800000000004,2.4,0.6,0.2938845007873021,,0,0,,0,0,0,0,0,,,,True,False,True,False,True
2025-09-05,6.09,6.11,5.93,5.94,1830637.86,-3.0995106035888953,0.2727313074191369,,,,,,,,,,,,,,,,,,,,5.292583333333334,5.07024,2.0,0.55,0.2969208847600838,,0,0,,0,0,0,0,0,,,,False,False,False,False,False
2025-09-08,5.92,6.04,5.9,5.97,1443532.66,0.5050505050504972,0.21505976592444365,,,,,,,,,,,,,,,,,,,,5.300250000000001,5.0752,2.6,0.6,0.2950244408888436,,0,0,,0,0,0,0,0,,,,True,False,False,False,False
2025-09-09,5.98,6.04,5.95,5.99,1003706.77,0.3350083752093891,0.14953381311994662,,,,,,,,,,,,,,,,,,,,5.30825,5.08048,2.6,0.6,0.29154716524478264,,0,0,,0,0,0,0,0,,,,True,False,False,False,False
2025-09-10,6.0,6.03,5.94,5.99,1122033.88,0.0,0.16716237206028667,,,,,,,,,,,,,,,,,,,,5.3157499999999995,5.086519999999999,2.1666666666666665,0.55,0.2863401991650024,,0,0,,0,0,0,0,0,,,,False,False,False,False,False
2025-09-11,5.99,6.03,5.93,6.01,1371832.27,0.33388981636059967,0.2043777290593468,,,,,,,,,,,,,,,,,,,,5.323833333333334,5.09328,2.1666666666666665,0.55,0.282530559636525,,0,0,,0,0,0,0,0,,,,True,False,False,False,False
2025-09-12,6.0,6.03,5.95,5.98,934984.25,-0.4991680532445808,0.13929542401073317,,,,,,,,,,,,,,,,,,,,5.331999999999999,5.09988,2.1666666666666665,0.55,0.2674373631410579,,0,0,,0,0,0,0,0,,,,False,False,False,False,False
2025-09-15,5.98,6.03,5.92,5.96,1054561.47,-0.33444816053512794,0.15711022630491592,,,,,,,,,,,,,,,,,,,,5.339833333333333,5.1068,1.7142857142857142,0.5,0.2603038611470766,,0,0,,0,0,0,0,0,,,,False,False,False,False,False
2025-09-16,5.96,5.99,5.9,5.92,1057004.74,-0.6711409395973145,0.15747422851203619,,,,,,,,,,,,,,,,,,,,5.347083333333333,5.1136,1.375,0.45,0.2559789911221762,,0,0,,0,0,0,0,0,,,,False,False,False,False,False
2025-09-17,5.9,5.97,5.88,5.95,1102052.46,0.5067567567567544,0.16418550868399287,,,,,,,,,,,,,,,,,,,,5.354833333333334,5.120520000000001,1.375,0.5,0.2527538208290875,,0,0,,0,0,0,0,0,,,,True,False,False,False,False
2025-09-18,5.94,5.96,5.79,5.82,1553565.15,-2.1848739495798353,0.23145257933227034,,,,,,,,,,,,,,,,,,,,5.361666666666667,5.12652,1.1111111111111112,0.45,0.2513409435067359,,0,0,,0,0,0,0,0,,,,False,False,False,False,False
2025-09-19,5.79,5.86,5.75,5.79,1183258.36,-0.5154639175257825,0.1762836913781647,,,,,,,,,,,,,,,,,,,,5.36925,5.13276,1.25,0.45,0.24533551039012988,,0,0,,0,0,0,0,0,,,,False,False,False,False,False
2025-09-22,5.79,5.84,5.7,5.71,1030477.73,-1.3816925734024155,0.15352219284332097,,,,,,,,,,,,,,,,,,,,5.376083333333333,5.1386400000000005,1.0,0.4,0.23829120731377001,,0,0,,0,0,0,0,0,,,,False,False,False,False,False
2025-09-23,5.69,5.85,5.64,5.8,1538166.05,1.5761821366024442,0.2291583971961716,,,,,,,,,,,,,,,,,,,,5.384083333333334,5.145359999999999,1.0,0.45,0.23684444443067196,,0,0,,0,0,0,0,0,,,,True,False,False,False,False
2025-09-24,5.82,5.92,5.79,5.81,1190667.75,0.17241379310344307,0.17738755395308065,,,,,,,,,,,,,,,,,,,,5.391916666666666,5.152,1.0,0.5,0.22655521468935902,,0,0,,0,0,0,0,0,,,,False,False,False,False,False
2025-09-25,5.8,5.81,5.66,5.73,1313135.61,-1.376936316695343,0.19563300834056055,,,,,,,,,,,,,,,,,,,,5.398833333333333,5.1582,0.9,0.5,0.22074663107373738,,0,0,,0,0,0,0,0,,,,False,False,False,False,False
2025-09-26,5.71,5.75,5.68,5.69,919806.16,-0.6980802792321161,0.13703416829201592,,,,,,,,,,,,,,,,,,,,5.406583333333333,5.16396,0.7272727272727273,0.45,0.21332890449356318,,0,0,,0,0,0,0,0,,,,False,False,False,False,False
2025-09-29,5.7,5.71,5.54,5.59,1445991.31,-1.7574692442882345,0.215426059468152,,,,,,,,,,,,,,,,,,,,5.413166666666667,5.1693999999999996,0.5833333333333334,0.4,0.20951883001338428,,0,0,,0,0,0,0,0,,,,False,False,False,False,False
2025-09-30,5.6,5.61,5.47,5.51,1211577.86,-1.4311270125223596,0.18050277502612125,,,,,,,,,,,,,,,,,,,,5.419250000000001,5.17424,0.46153846153846156,0.35,0.20308666704134543,,0,0,,0,0,0,0,0,,,,False,False,False,False,False
2025-10-09,5.49,5.5,5.4,5.47,1288335.67,-0.7259528130671544,0.19193827427660093,,,,,,,,,,,,,,,,,,,,5.425,5.17872,0.46153846153846156,0.35,0.1995629686647416,,0,0,,0,0,0,0,0,,,,False,False,False,False,False
2025-10-10,5.45,5.5,5.42,5.43,1320117.08,-0.7312614259597838,0.19667311872088858,,,,,,,,,,,,,,,,,,,,5.4303333333333335,5.1823999999999995,0.35714285714285715,0.3,0.18559710969610932,,0,0,,0,0,0,0,0,,,,False,False,False,False,False
2025-10-13,5.39,5.42,5.3,5.38,1752297.09,-0.9208103130755041,0.2610599762983429,,,,,,,,,,,,,,,,,,,,5.4350000000000005,5.185599999999999,0.35714285714285715,0.3,0.1850135431400696,,0,0,,0,0,0,0,0,,,,False,False,False,False,False
2025-10-14,5.38,5.47,5.32,5.47,2093158.15,1.6728624535315983,0.3118419930878748,,,,,,,,,,,,,,,,,,,,5.43975,5.1886399999999995,0.35714285714285715,0.3,0.18985265449824115,,0,0,,0,0,0,0,0,,,,True,False,False,False,False
2025-10-15,5.45,5.47,5.39,5.46,1685872.07,-0.1828153564899404,0.25116387235239784,,,,,,,,,,,,,,,,,,,,5.444,5.1920399999999995,0.35714285714285715,0.25,0.19493415745986373,,0,0,,0,0,0,0,0,,,,True,False,False,False,False
2025-10-16,5.45,5.52,5.43,5.51,1905360.94,0.9157509157509125,0.28386366939420543,,,,,,,,,,,,,,,,,,,,5.448666666666666,5.19484,0.46153846153846156,0.3,0.20076922232655967,,0,0,,0,0,0,0,0,,,,True,False,True,False,False
2025-10-17,5.51,5.55,5.46,5.48,1735108.43,-0.5444646098003547,0.25849918269901073,,,,,,,,,,,,,,,,,,,,5.4526666666666666,5.19692,0.35714285714285715,0.25,0.20347529500854286,,0,0,,0,0,0,0,0,,,,False,False,False,False,False
2025-10-20,5.47,5.47,5.35,5.45,1838678.98,-0.5474452554744547,0.27392928612297196,,,,,,,,,,,,,,,,,,,,5.457,5.19988,0.35714285714285715,0.25,0.21020698811415478,,0,0,,0,0,0,0,0,,,,False,False,False,False,False
2025-10-21,5.45,5.46,5.4,5.44,1420024.87,-0.18348623853210455,0.2115575383996428,,,,,,,,,,,,,,,,,,,,5.460999999999999,5.20172,0.35714285714285715,0.25,0.21292935371889116,,0,0,,0,0,0,0,0,,,,False,False,False,False,False
2025-10-22,5.44,5.51,5.43,5.49,1603557.11,0.9191176470588092,0.23890046015521213,,,,,,,,,,,,,,,,,,,,5.4655000000000005,5.20376,0.46153846153846156,0.3,0.21700066530104994,,0,0,,0,0,0,0,0,,,,True,False,False,False,False
2025-10-23,5.5,5.75,5.5,5.75,3622989.39,4.735883424408005,0.5397586571821263,,,,,,,,,,,,,,,,,,,,5.471666666666666,5.206160000000001,0.46153846153846156,0.3,0.23577932272595664,,0,0,,0,0,0,0,0,,,,True,False,True,True,False
2025-10-24,5.74,5.78,5.67,5.74,2076037.76,-0.17391304347825765,0.30929137046051064,,,,,,,,,,,,,,,,,,,,5.4777499999999995,5.20908,0.5,0.3,0.23967126228236862,,0,0,,0,0,0,0,0,,,,False,False,False,False,False
2025-10-27,5.71,5.84,5.61,5.76,1853794.94,0.34843205574912606,0.2761812856165777,,,,,,,,,,,,,,,,,,,,5.483666666666666,5.2114,0.5833333333333334,0.35,0.24466614199428927,,0,0,,0,0,0,0,0,,,,True,False,False,False,False
2025-10-28,5.76,5.88,5.72,5.82,1612020.13,1.041666666666674,0.24016129418456753,,,,,,,,,,,,,,,,,,,,5.490333333333334,5.21408,0.7272727272727273,0.4,0.24899809706135162,,0,0,,0,0,0,0,0,,,,True,False,False,False,False
2025-10-29,5.82,5.82,5.69,5.7,1776112.52,-2.0618556701030966,0.2646080365141678,,,,,,,,,,,,,,,,,,,,5.4969166666666665,5.21628,0.5833333333333334,0.35,0.2507705790272514,,0,0,,0,0,0,0,0,,,,False,False,False,False,False
2025-10-30,5.71,5.77,5.65,5.67,1382616.01,-0.5263157894736858,0.20598430760408862,,,,,,,,,,,,,,,,,,,,5.5032499999999995,5.218719999999999,0.5833333333333334,0.3,0.2522004167098018,,0,0,,0,0,0,0,0,,,,False,False,False,False,False
2025-10-31,5.63,5.66,5.47,5.51,2363603.16,-2.821869488536155,0.35213331600538594,,,,,,,,,,,,,,,,,,,,5.507499999999999,5.22052,0.5833333333333334,0.3,0.2600254320930431,,0,0,,0,0,0,0,0,,,,False,False,False,False,False
2025-11-03,5.5,5.57,5.49,5.54,1888607.28,0.5444646098003769,0.281367682778996,,,,,,,,,,,,,,,,,,,,5.512083333333333,5.2224,0.7272727272727273,0.35,0.2672421078173921,,0,0,,0,0,0,0,0,,,,True,False,False,False,False
2025-11-04,5.53,5.7,5.53,5.68,2222023.81,2.5270758122743597,0.33104060178114747,,,,,,,,,,,,,,,,,,,,5.517416666666667,5.22488,0.9,0.4,0.27302283493304186,,0,0,,0,0,0,0,0,,,,True,False,False,False,False
2025-11-05,5.68,5.72,5.64,5.67,1535501.64,-0.17605633802816323,0.22876144920406538,,,,,,,,,,,,,,,,,,,,5.52275,5.22748,0.9,0.4,0.2754357686419391,,0,0,,0,0,0,0,0,,,,False,False,False,False,False
2025-11-06,5.66,5.69,5.6,5.61,1460577.75,-1.058201058201047,0.21759917023938383,,,,,,,,,,,,,,,,,,,,5.527083333333334,5.23012,0.9,0.4,0.2767188134400782,,0,0,,0,0,0,0,0,,,,False,False,False,False,False
2025-11-07,5.62,5.66,5.54,5.56,1366950.27,-0.891265597147961,0.20365040102144627,,,,,,,,,,,,,,,,,,,,5.530583333333333,5.23268,0.9,0.4,0.2770676775551061,,0,0,,0,0,0,0,0,,,,False,False,False,False,False
2025-11-10,5.54,5.6,5.53,5.59,1103894.71,0.5395683453237377,0.16445996998629156,,,,,,,,,,,,,,,,,,,,5.534416666666667,5.2358,1.1111111111111112,0.45,0.27223767723950354,,0,0,,0,0,0,0,0,,,,True,False,False,False,False
2025-11-11,5.59,5.62,5.56,5.59,912759.5,0.0,0.13598434580296384,,,,,,,,,,,,,,,,,,,,5.5385,5.23912,1.0,0.4,0.26344479487525796,,0,0,,0,0,0,0,0,,,,False,False,False,False,False
2025-11-12,5.6,5.69,5.6,5.63,1685699.4,0.7155635062611854,0.2511381477042405,,,,,,,,,,,,,,,,,,,,5.543083333333333,5.2424,1.0,0.45,0.2634435086428501,,0,0,,0,0,0,0,0,,,,True,False,False,False,False
2025-11-13,5.63,5.65,5.53,5.57,1796352.93,-1.0657193605683735,0.2676234846279741,,,,,,,,,,,,,,,,,,,,5.547083333333333,5.2453199999999995,0.8,0.4,0.26263149940453856,,0,0,,0,0,0,0,0,,,,False,False,False,False,False
2025-11-14,5.56,5.64,5.55,5.59,1936766.51,0.35906642728904536,0.28854252060421115,,,,,,,,,,,,,,,,,,,,5.551,5.248240000000001,1.0,0.45,0.26413366629979856,,0,0,,0,0,0,0,0,,,,True,False,False,False,False
2025-11-17,5.58,5.59,5.46,5.46,2288847.69,-2.3255813953488302,0.34099612851717787,,,,,,,,,,,,,,,,,,,,5.553416666666666,5.25092,1.0,0.45,0.2674870084195089,,0,0,,0,0,0,0,0,,,,False,False,False,False,False
2025-11-18,5.47,5.48,5.42,5.43,1211582.0,-0.5494505494505586,0.18050339180983221,,,,,,,,,,,,,,,,,,,,5.555833333333333,5.25308,1.0,0.45,0.2659343010900183,,0,0,,0,0,0,0,0,,,,False,False,False,False,False
2025-11-19,5.43,5.51,5.43,5.49,1522986.98,1.1049723756906271,0.2268969954755131,,,,,,,,,,,,,,,,,,,,5.559166666666667,5.25572,1.0,0.45,0.2653341278560334,,0,0,,0,0,0,0,0,,,,True,False,False,False,False
2025-11-20,5.48,5.72,5.47,5.67,3162723.12,3.2786885245901676,0.47118746441873105,,,,,,,,,,,,,,,,,,,,5.563750000000001,5.2594,1.0,0.45,0.2619055682178636,,0,0,,0,0,0,0,0,,,,True,False,True,False,False
2025-11-21,5.65,5.7,5.57,5.57,2113236.05,-1.7636684303350858,0.31483323020630233,,,,,,,,,,,,,,,,,,,,5.56775,5.26284,0.9,0.45,0.26218266120515316,,0,0,,0,0,0,0,0,,,,False,False,False,False,False
2025-11-24,5.58,5.66,5.55,5.55,2194166.05,-0.35906642728905647,0.3268903088845674,,,,,,,,,,,,,,,,,,,,5.571833333333332,5.26608,0.7272727272727273,0.4,0.2647181123685527,,0,0,,0,0,0,0,0,,,,False,False,False,False,False
2025-11-25,5.56,5.65,5.51,5.64,2032577.84,1.6216216216216273,0.30281664322968027,,,,,,,,,,,,,,,,,,,,5.576250000000001,5.26968,0.7272727272727273,0.4,0.26785087982080835,,0,0,,0,0,0,0,0,,,,True,False,False,False,False
2025-11-26,5.63,5.68,5.52,5.55,1728975.73,-1.5957446808510634,0.25758552340813967,,,,,,,,,,,,,,,,,,,,5.57925,5.27268,0.7272727272727273,0.4,0.267499754165507,,0,0,,0,0,0,0,0,,,,False,False,False,False,False
2025-11-27,5.54,5.56,5.49,5.55,1348732.29,0.0,0.200936257709707,,,,,,,,,,,,,,,,,,,,5.582416666666666,5.275399999999999,0.9,0.4,0.26724735167078784,,0,0,,0,0,0,0,0,,,,True,False,False,False,False
2025-11-28,5.53,5.54,5.43,5.45,2459656.97,-1.8018018018017945,0.36644356368260234,,,,,,,,,,,,,,,,,,,,5.585083333333333,5.27784,0.9,0.4,0.26796286405464864,,0,0,,0,0,0,0,0,,,,False,False,False,False,False
2025-12-01,5.43,5.47,5.42,5.47,1531442.55,0.3669724770642091,0.2281567195921519,,,,,,,,,,,,,,,,,,,,5.587833333333334,5.28032,0.9,0.4,0.26530231589530645,,0,0,,0,0,0,0,0,,,,True,False,False,False,False
2025-12-02,5.46,5.48,5.42,5.44,1137251.0,-0.5484460694698212,0.16942944252978628,,,,,,,,,,,,,,,,,,,,5.590583333333333,5.28272,0.7272727272727273,0.35,0.2572217579327384,,0,0,,0,0,0,0,0,,,,False,False,False,False,False
2025-12-03,5.43,5.45,5.36,5.37,1719437.75,-1.2867647058823595,0.2561645401473993,,,,,,,,,,,,,,,,,,,,5.5925,5.2852,0.7272727272727273,0.35,0.2585919124799051,,0,0,,0,0,0,0,0,,,,False,False,False,False,False
2025-12-04,5.37,5.38,5.32,5.34,1073428.02,-0.5586592178770999,0.15992099459525844,,,,,,,,,,,,,,,,,,,,5.594166666666666,5.2874,0.7272727272727273,0.35,0.25570800369769886,,0,0,,0,0,0,0,0,,,,False,False,False,False,False
2025-12-05,5.33,5.36,5.29,5.33,1253741.24,-0.1872659176029967,0.18678434168868877,,,,,,,,,,,,,,,,,,,,5.595666666666667,5.2892399999999995,0.8,0.35,0.25486470073106093,,0,0,,0,0,0,0,0,,,,False,False,False,False,False
2025-12-08,5.32,5.36,5.31,5.34,1216955.59,0.18761726078799779,0.18130395769905425,,,,,,,,,,,,,,,,,,,,5.5977500000000004,5.29108,0.8,0.35,0.25570690011669905,,0,0,,0,0,0,0,0,,,,True,False,False,False,False
2025-12-09,5.34,5.34,5.29,5.31,1306641.71,-0.5617977528089901,0.1946655369056318,,,,,,,,,,,,,,,,,,,,5.598666666666667,5.2929200000000005,0.7272727272727273,0.35,0.25864095967183254,,0,0,,0,0,0,0,0,,,,False,False,False,False,False
2025-12-10,5.3,5.32,5.22,5.23,1559351.31,-1.506591337099794,0.23231461054893945,,,,,,,,,,,,,,,,,,,,5.598833333333333,5.294479999999999,0.5833333333333334,0.3,0.2576997828140674,,0,0,,0,0,0,0,0,,,,False,False,False,False,False
2025-12-11,5.23,5.25,5.2,5.25,1191842.3,0.3824091778202643,0.1775625402592904,,,,,,,,,,,,,,,,,,,,5.598583333333334,5.29584,0.7272727272727273,0.35,0.25319673559563327,,0,0,,0,0,0,0,0,,,,True,False,False,False,False
2025-12-12,5.24,5.24,5.18,5.19,1504133.01,-1.1428571428571344,0.22408810137335508,,,,,,,,,,,,,,,,,,,,5.5977500000000004,5.2965599999999995,0.5833333333333334,0.3,0.24997401463409044,,0,0,,0,0,0,0,0,,,,False,False,False,False,False
2025-12-15,5.19,5.22,5.17,5.18,1128498.0,-0.19267822736032114,0.16812540682398058,,,,,,,,,,,,,,,,,,,,5.596583333333333,5.2972399999999995,0.5833333333333334,0.3,0.24133047854943057,,0,0,,0,0,0,0,0,,,,False,False,False,False,False
2025-12-16,5.18,5.2,5.12,5.13,1178745.0,-0.9652509652509633,0.1756112839072227,,,,,,,,,,,,,,,,,,,,5.594166666666667,5.297719999999999,0.5833333333333334,0.3,0.2410858731543001,,0,0,,0,0,0,0,0,,,,False,False,False,False,False
2025-12-17,5.12,5.19,5.09,5.16,1391506.0,0.5847953216374213,0.2073087522955379,,,,,,,,,,,,,,,,,,,,5.592333333333333,5.29812,0.5833333333333334,0.3,0.24010646099530134,,0,0,,0,0,0,0,0,,,,True,False,False,False,False
2025-12-18,5.15,5.23,5.14,5.22,1255258.03,1.1627906976744207,0.1870103154483379,,,,,,,,,,,,,,,,,,,,5.590916666666668,5.29872,0.5833333333333334,0.3,0.22589760354678168,,0,0,,0,0,0,0,0,,,,True,False,False,False,False
2025-12-19,5.2,5.24,5.18,5.2,1299813.56,-0.3831417624520994,0.19364826838002946,,,,,,,,,,,,,,,,,,,,5.5889999999999995,5.29908,0.6363636363636364,0.3,0.21983835545546807,,0,0,,0,0,0,0,0,,,,False,False,False,False,False
2025-12-22,5.2,5.23,5.18,5.21,1065727.94,0.19230769230769162,0.15877382456697553,,,,,,,,,,,,,,,,,,,,5.588666666666667,5.299919999999999,0.8,0.35,0.21143253123958847,,0,0,,0,0,0,0,0,,,,True,False,False,False,False
2025-12-23,5.21,5.24,5.2,5.23,1358200.0,0.38387715930903177,0.20234677203533405,,,,,,,,,,,,,,,,,,,,5.588583333333333,5.300599999999999,0.8,0.35,0.20640903767987115,,0,0,,0,0,0,0,0,,,,True,False,False,False,False
2025-12-24,5.23,5.24,5.16,5.18,1435524.24,-0.9560229445506829,0.21386665891803577,,,,,,,,,,,,,,,,,,,,5.587666666666666,5.301559999999999,0.8,0.35,0.20422309445536593,,0,0,,0,0,0,0,0,,,,False,False,False,False,False
2025-12-25,5.18,5.22,5.17,5.19,955210.2,0.19305019305020377,0.14230871785099827,,,,,,,,,,,,,,,,,,,,5.586833333333334,5.302239999999999,0.8,0.4,0.20129171746243052,,0,0,,0,0,0,0,0,,,,True,False,False,False,False
2025-12-26,5.19,5.2,5.16,5.18,796422.58,-0.19267822736032114,0.11865228849878708,,,,,,,,,,,,,,,,,,,,5.585999999999999,5.30292,0.8,0.4,0.18890215370323976,,0,0,,0,0,0,0,0,,,,False,False,False,False,False
2025-12-29,5.18,5.24,5.15,5.22,1477279.99,0.7722007722007707,0.2200874962221253,,,,,,,,,,,,,,,,,,,,5.584666666666666,5.303679999999999,0.8,0.4,0.18849869253473844,,0,0,,0,0,0,0,0,,,,True,False,False,False,False
2025-12-30,5.23,5.26,5.19,5.24,1439886.44,0.3831417624521105,0.21451654633444905,,,,,,,,,,,,,,,,,,,,5.582750000000001,5.304799999999999,1.0,0.45,0.19075304772497154,,0,0,,0,0,0,0,0,,,,True,False,False,False,False
2025-12-31,5.23,5.25,5.21,5.23,1076404.0,-0.1908396946564861,0.16036436077596947,,,,,,,,,,,,,,,,,,,,5.580416666666666,5.30592,1.125,0.45,0.18596303875640005,,0,0,,0,0,0,0,0,,,,False,False,False,False,False
2026-01-05,5.24,5.26,5.19,5.23,1545997.0,0.0,0.23032506444287318,,,,,,,,,,,,,,,,,,,,5.578,5.3064,1.125,0.45,0.18948324224878083,,0,0,,0,0,0,0,0,,,,False,False,False,False,False
2026-01-06,5.24,5.28,5.2,5.28,1435869.76,0.9560229445506607,0.21391813503103357,,,,,,,,,,,,,,,,,,,,5.57575,5.30696,1.25,0.5,0.19083993191589804,,0,0,,0,0,0,0,0,,,,True,False,True,True,False
2026-01-07,5.27,5.29,5.21,5.21,1565354.59,-1.3257575757575801,0.23320898864467224,,,,,,,,,,,,,,,,,,,,5.573833333333332,5.30712,1.0,0.45,0.19343518346317895,,0,0,,0,0,0,0,0,,,,False,False,False,False,False
2026-01-08,5.22,5.23,5.18,5.19,1177658.5,-0.38387715930900956,0.1754494154284888,,,,,,,,,,,,,,,,,,,,5.5715,5.30736,1.0,0.45,0.1924743773893218,,0,0,,0,0,0,0,0,,,,False,False,False,False,False
2026-01-09,5.19,5.21,5.16,5.2,1529384.72,0.19267822736031004,0.22785014084241145,,,,,,,,,,,,,,,,,,,,5.569583333333333,5.307720000000001,1.25,0.5,0.1922511539039954,,0,0,,0,0,0,0,0,,,,True,False,False,False,False
2026-01-12,5.22,5.25,5.18,5.24,1461656.88,0.7692307692307665,0.217759940723927,,,,,,,,,,,,,,,,,,,,5.568083333333334,5.307840000000001,1.25,0.5,0.19426102392722724,,0,0,,0,0,0,0,0,,,,True,False,False,False,False
2026-01-13,5.24,5.3,5.23,5.27,1583507.31,0.5725190839694472,0.23591340941897737,,,,,,,,,,,,,,,,,,,,5.566833333333333,5.30816,1.5714285714285714,0.55,0.19485228932950832,,0,0,,0,0,0,0,0,,,,True,False,False,False,False
2026-01-14,5.26,5.26,5.16,5.18,2152865.0,-1.7077798861480087,0.3207372135015826,,,,,,,,,,,,,,,,,,,,5.5645,5.30872,1.5714285714285714,0.55,0.20248287966338846,,0,0,,0,0,0,0,0,,,,False,False,False,False,False
2026-01-15,5.17,5.18,5.07,5.08,1619673.92,-1.9305019305019266,0.24130156785585033,,,,,,,,,,,,,,,,,,,,5.561583333333333,5.30896,1.5714285714285714,0.55,0.20576739386081982,,0,0,,0,0,0,0,0,,,,False,False,False,False,False
2026-01-16,5.09,5.1,5.04,5.07,1521456.01,-0.19685039370078705,0.2266689091571631,,,,,,,,,,,,,,,,,,,,5.559083333333333,5.30896,1.25,0.5,0.2067354017039011,,0,0,,0,0,0,0,0,,,,False,False,False,False,False
2026-01-19,5.06,5.07,5.04,5.04,1091279.31,-0.591715976331364,0.1625805078541059,,,,,,,,,,,,,,,,,,,,5.555916666666667,5.308679999999999,1.0,0.45,0.20551391132418945,,0,0,,0,0,0,0,0,,,,False,False,False,False,False
2026-01-20,5.05,5.11,5.03,5.09,1432419.07,0.9920634920634885,0.21340404580794817,,,,,,,,,,,,,,,,,,,,5.553583333333333,5.3086,1.1111111111111112,0.5,0.20650170019558542,,0,0,,0,0,0,0,0,,,,True,False,False,False,False
2026-01-21,5.09,5.11,4.97,4.98,2011615.23,-2.161100196463639,0.2996936006240731,,,,,,,,,,,,,,,,,,,,5.550333333333333,5.30836,0.9,0.45,0.2135476889984403,,0,0,,0,0,0,0,0,,,,False,False,False,False,False
2026-01-22,4.98,5.04,4.95,4.99,1293328.59,0.20080321285140812,0.19268212735054488,,,,,,,,,,,,,,,,,,,,5.546916666666666,5.308320000000001,0.9,0.45,0.21306445676420083,,0,0,,0,0,0,0,0,,,,True,False,False,False,False
2026-01-23,5.0,5.01,4.94,4.95,1409829.56,-0.8016032064128265,0.21003862508172239,,,,,,,,,,,,,,,,,,,,5.543333333333334,5.308439999999999,0.9,0.45,0.21287305507238513,,0,0,,0,0,0,0,0,,,,False,False,False,False,False
2026-01-26,4.94,5.0,4.92,4.98,1785315.89,0.60606060606061,0.2659791690508685,,,,,,,,,,,,,,,,,,,,5.539333333333333,5.30864,0.9,0.45,0.21905657763237868,,0,0,,0,0,0,0,0,,,,True,False,False,False,False
2026-01-27,4.97,5.03,4.95,4.96,1650012.46,-0.40160642570281624,0.24582145125834248,,,,,,,,,,,,,,,,,,,,5.534833333333333,5.308680000000001,0.9,0.45,0.22541503577035643,,0,0,,0,0,0,0,0,,,,False,False,False,False,False
2026-01-28,4.95,5.0,4.94,4.94,1791346.02,-0.40322580645160144,0.2668775473018281,,,,,,,,,,,,,,,,,,,,5.53075,5.30848,0.7272727272727273,0.4,0.22775453832434156,,0,0,,0,0,0,0,0,,,,False,False,False,False,False
2026-01-29,4.94,5.0,4.92,4.99,1921854.52,1.0121457489878471,0.2863209088819882,,,,,,,,,,,,,,,,,,,,5.526333333333334,5.308680000000001,0.7272727272727273,0.4,0.2313447564517185,,0,0,,0,0,0,0,0,,,,True,False,False,False,False
2026-01-30,4.99,5.03,4.95,4.96,1756523.42,-0.6012024048096198,0.261689621588474,,,,,,,,,,,,,,,,,,,,5.5209166666666665,5.30892,0.6666666666666666,0.4,0.23641101949234375,,0,0,,0,0,0,0,0,,,,False,False,False,False,False
2026-02-02,4.97,5.04,4.95,5.0,2209264.94,0.8064516129032251,0.32913976526272715,,,,,,,,,,,,,,,,,,,,5.515416666666666,5.309200000000001,0.8181818181818182,0.45,0.24135175453333643,,0,0,,0,0,0,0,0,,,,True,False,False,False,False
2026-02-03,4.98,4.99,4.92,4.93,1904481.47,-1.4000000000000012,0.28373264457046676,,,,,,,,,,,,,,,,,,,,5.508583333333333,5.30948,0.6666666666666666,0.4,0.24484248001030812,,0,0,,0,0,0,0,0,,,,False,False,False,False,False
2026-02-04,4.93,5.02,4.93,5.01,1888302.12,1.6227180527383478,0.28132221956227216,,,,,,,,,,,,,,,,,,,,5.50225,5.309399999999999,0.8181818181818182,0.45,0.24724814155618816,,0,0,,0,0,0,0,0,,,,True,False,False,False,False
2026-02-05,5.02,5.11,5.01,5.09,1930979.3,1.5968063872255467,0.2876803329568907,,,,,,,,,,,,,,,,,,,,5.497083333333334,5.30964,1.0,0.5,0.2528596874326082,,0,0,,0,0,0,0,0,,,,True,False,True,True,False
2026-02-06,5.08,5.11,5.03,5.08,1305182.04,-0.19646365422396617,0.194448072973415,,,,,,,,,,,,,,,,,,,,5.4915,5.30964,0.9,0.45,0.25118958403915836,,0,0,,0,0,0,0,0,,,,False,False,False,False,False
2026-02-09,5.06,5.09,5.04,5.08,1032480.95,0.0,0.1538206357093765,,,,,,,,,,,,,,,,,,,,5.485666666666666,5.31016,0.9,0.4,0.24799261878843087,,0,0,,0,0,0,0,0,,,,True,False,False,False,False
2026-02-10,5.08,5.13,5.07,5.1,1151191.08,0.3937007874015741,0.1715062575716905,,,,,,,,,,,,,,,,,,,,5.4792499999999995,5.31076,0.9,0.4,0.2447722611960665,,0,0,,0,0,0,0,0,,,,True,False,False,False,False
2026-02-11,5.11,5.11,5.05,5.09,959460.05,-0.19607843137254832,0.1429418671877192,,,,,,,,,,,,,,,,,,,,5.473666666666666,5.3114,0.9,0.4,0.23588249388037336,,0,0,,0,0,0,0,0,,,,False,False,False,False,False
2026-02-12,5.1,5.1,5.01,5.01,1277785.3,-1.5717092337917515,0.19036646356147913,,,,,,,,,,,,,,,,,,,,5.467083333333334,5.311719999999999,0.9,0.4,0.2333357386656548,,0,0,,0,0,0,0,0,,,,False,False,False,False,False
2026-02-13,5.02,5.03,4.96,4.97,1108903.57,-0.7984031936127733,0.16520619782650428,,,,,,,,,,,,,,,,,,,,5.459333333333333,5.3118,0.9,0.4,0.23026260309912186,,0,0,,0,0,0,0,0,,,,False,False,False,False,False
2026-02-24,4.98,4.99,4.93,4.95,1389062.1,-0.4024144869215207,0.20694465623002678,,,,,,,,,,,,,,,,,,,,5.451416666666668,5.3118,0.9,0.4,0.2324808105179179,,0,0,,0,0,0,0,0,,,,False,False,False,False,False
2026-02-25,4.94,4.96,4.92,4.92,2186035.85,-0.60606060606061,0.3256790589022366,,,,,,,,,,,,,,,,,,,,5.442666666666667,5.31168,0.7272727272727273,0.35,0.2380945611726323,,0,0,,0,0,0,0,0,,,,False,False,False,False,False
2026-02-26,4.93,4.93,4.88,4.89,1428822.05,-0.6097560975609762,0.2128681561113302,,,,,,,,,,,,,,,,,,,,5.43375,5.3114799999999995,0.7272727272727273,0.35,0.23375328894699518,,0,0,,0,0,0,0,0,,,,False,False,False,False,False
2026-02-27,4.89,4.91,4.87,4.88,1119658.29,-0.2044989775051076,0.16680845292600643,,,,,,,,,,,,,,,,,,,,5.424333333333333,5.31088,0.5833333333333334,0.3,0.23245960522576828,,0,0,,0,0,0,0,0,,,,False,False,False,False,False
2026-03-02,4.87,4.93,4.86,4.9,1406907.81,0.4098360655737876,0.20960333817169863,,,,,,,,,,,,,,,,,,,,5.4150833333333335,5.30992,0.7272727272727273,0.35,0.23243784088026706,,0,0,,0,0,0,0,0,,,,True,False,False,False,False
2026-03-03,4.9,4.97,4.88,4.94,2331254.01,0.8163265306122547,0.34731388876301605,,,,,,,,,,,,,,,,,,,,5.408333333333333,5.309279999999999,0.7272727272727273,0.35,0.23650457686587445,,0,0,,0,0,0,0,0,,,,True,False,False,False,False
2026-03-04,4.93,4.94,4.82,4.84,2404324.66,-2.0242914979757165,0.35820006911791497,,,,,,,,,,,,,,,,,,,,5.40075,5.30824,0.7272727272727273,0.35,0.24212350775885305,,0,0,,0,0,0,0,0,,,,False,False,False,False,False
2026-03-05,4.83,4.9,4.83,4.89,1489547.32,1.0330578512396604,0.22191510233830278,,,,,,,,,,,,,,,,,,,,5.39325,5.307720000000001,0.9,0.4,0.23987538551067683,,0,0,,0,0,0,0,0,,,,True,False,False,False,False
2026-03-06,4.89,4.93,4.87,4.91,1018906.12,0.4089979550102374,0.15179823618689936,,,,,,,,,,,,,,,,,,,,5.3854999999999995,5.307440000000001,0.9,0.4,0.2331492518759224,,0,0,,0,0,0,0,0,,,,True,False,False,False,False
2026-03-09,4.89,4.93,4.86,4.88,1746688.39,-0.6109979633401319,0.26022438335156434,,,,,,,,,,,,,,,,,,,,5.376583333333333,5.3072,0.9,0.4,0.23307598996407686,,0,0,,0,0,0,0,0,,,,False,False,False,False,False
2026-03-10,4.89,4.9,4.86,4.89,1069685.66,0.2049180327868827,0.15936345191686485,,,,,,,,,,,,,,,,,,,,5.36775,5.30696,0.8,0.4,0.22458717429678376,,0,0,,0,0,0,0,0,,,,False,False,False,False,False
2026-03-11,4.89,4.93,4.87,4.93,1387687.49,0.8179959100204526,0.20673986467038352,,,,,,,,,,,,,,,,,,,,5.35775,5.30676,1.0,0.45,0.2207375353017796,,0,0,,0,0,0,0,0,,,,True,False,False,False,False
2026-03-12,4.93,4.96,4.92,4.96,1686061.97,0.6085192697768749,0.25119216395305277,,,,,,,,,,,,,,,,,,,,5.349583333333333,5.30664,1.0,0.45,0.21923103252131862,,0,0,,0,0,0,0,0,,,,True,False,True,False,False
2026-03-13,4.95,5.02,4.93,4.98,1656378.88,0.40322580645162365,0.246769930522384,,,,,,,,,,,,,,,,,,,,5.341333333333333,5.3068,1.0,0.45,0.2171855123995933,,0,0,,0,0,0,0,0,,,,True,False,True,True,False
2026-03-16,4.98,5.03,4.97,5.01,1508640.0,0.6024096385542022,0.22475955983167895,,,,,,,,,,,,,,,,,,,,5.333166666666666,5.30712,1.1111111111111112,0.5,0.21870108674250646,,0,0,,0,0,0,0,0,,,,True,False,False,False,False
2026-03-17,5.0,5.09,4.99,5.07,1853587.43,1.1976047904191711,0.27615037045042756,,,,,,,,,,,,,,,,,,,,5.325500000000001,5.30736,1.1111111111111112,0.55,0.22481757347955905,,0,0,,0,0,0,0,0,,,,True,False,True,True,False
2026-03-18,5.07,5.07,4.98,5.03,1681878.45,-0.7889546351084853,0.25056889656404874,,,,,,,,,,,,,,,,,,,,5.317333333333333,5.30764,0.9,0.5,0.22877070542917693,,0,0,,0,0,0,0,0,,,,False,False,False,False,False
2026-03-19,5.0,5.05,4.98,5.0,1365640.57,-0.5964214711729698,0.2034552798556867,,,,,,,,,,,,,,,,,,,,5.309166666666667,5.307720000000001,1.0,0.5,0.23179637606257533,,0,0,,0,0,0,0,0,,,,False,False,False,False,False
2026-03-20,4.98,5.03,4.95,4.95,1255369.4,-1.0000000000000009,0.187026907526089,,,,,,,,,,,,,,,,,,,,5.30075,5.307759999999999,1.0,0.5,0.23162939826080584,,0,0,,0,0,0,0,0,,,,False,False,False,False,False
2026-03-23,4.94,4.95,4.78,4.79,2431373.39,-3.232323232323231,0.36222983145273696,,,,,,,,,,,,,,,,,,,,5.291333333333333,5.307120000000001,1.0,0.5,0.2414805799421175,,0,0,,0,0,0,0,0,,,,False,False,False,False,False
2026-03-24,4.83,4.93,4.82,4.93,1824906.01,2.9227557411273475,0.27187736739168095,,,,,,,,,,,,,,,,,,,,5.2828333333333335,5.30716,1.25,0.55,0.24472721550020018,,0,0,,0,0,0,0,0,,,,True,False,False,False,False
2026-03-25,4.93,4.98,4.87,4.98,1270168.1,1.014198782961473,0.17512844583797232,,,,,,,,,,,,,,,,,,,,5.275833333333333,5.3072799999999996,1.5714285714285714,0.6,0.23719968484698697,,0,0,,0,0,0,0,0,,,,True,False,False,False,False
2026-03-26,4.97,5.03,4.96,5.01,1468328.52,0.6024096385542022,0.20245044076226612,,,,,,,,,,,,,,,,,,,,5.269333333333334,5.30724,2.0,0.65,0.23667879907953374,,0,0,,0,0,0,0,0,,,,True,False,False,False,False
2026-03-27,5.0,5.02,4.95,4.96,1075003.16,-0.9980039920159611,0.14821946219694002,,,,,,,,,,,,,,,,,,,,5.2630833333333324,5.3068800000000005,2.0,0.65,0.2357493495430804,,0,0,,0,0,0,0,0,,,,False,False,False,False,False
2026-03-30,4.93,4.99,4.91,4.98,1310103.91,0.40322580645162365,0.1806347220061272,,,,,,,,,,,,,,,,,,,,5.25625,5.30668,2.0,0.65,0.23430091873480188,,0,0,,0,0,0,0,0,,,,True,False,False,False,False
2026-03-31,4.99,5.07,4.98,5.03,1912573.4,1.0040160642570184,0.2637021092665188,,,,,,,,,,,,,,,,,,,,5.249750000000001,5.306439999999999,2.0,0.65,0.23012032975997698,,0,0,,0,0,0,0,0,,,,True,False,False,False,False
2026-04-01,5.05,5.08,4.99,5.01,1302815.63,-0.3976143141153132,0.17962982733964017,,,,,,,,,,,,,,,,,,,,5.24375,5.3063199999999995,2.0,0.65,0.22119181767106322,,0,0,,0,0,0,0,0,,,,False,False,False,False,False
2026-04-02,5.01,5.09,5.0,5.08,1922305.59,1.39720558882237,0.2650439657572462,,,,,,,,,,,,,,,,,,,,5.238666666666666,5.30664,2.0,0.65,0.2233482608420104,,0,0,,0,0,0,0,0,,,,True,False,False,False,False
2026-04-03,5.08,5.08,4.97,5.02,1528165.81,-1.1811023622047334,0.21070069645744224,,,,,,,,,,,,,,,,,,,,5.2339166666666666,5.306640000000001,1.5714285714285714,0.6,0.22629338385553757,,0,0,,0,0,0,0,0,,,,False,False,False,False,False
2026-04-07,5.01,5.02,4.93,4.97,1358103.55,-0.9960159362549792,0.187252824251005,,,,,,,,,,,,,,,,,,,,5.229416666666666,5.3063199999999995,1.5714285714285714,0.6,0.22264480590050964,,0,0,,0,0,0,0,0,,,,False,False,False,False,False
2026-04-08,4.96,4.96,4.93,4.95,1379039.79,-0.4024144869215207,0.1901394745872013,,,,,,,,,,,,,,,,,,,,5.225083333333334,5.30604,1.375,0.55,0.22418360703402646,,0,0,,0,0,0,0,0,,,,False,False,False,False,False
2026-04-09,4.94,4.96,4.92,4.93,881676.55,-0.40404040404041774,0.12156394412147911,,,,,,,,,,,,,,,,,,,,5.220916666666667,5.30576,1.1111111111111112,0.5,0.21992481100658118,,0,0,,0,0,0,0,0,,,,False,False,False,False,False
2026-04-10,4.93,4.93,4.9,4.91,973867.04,-0.40567951318457585,0.13427499963825767,,,,,,,,,,,,,,,,,,,,5.217,5.30588,0.9,0.45,0.21407895279084146,,0,0,,0,0,0,0,0,,,,False,False,False,False,False
2026-04-13,4.9,4.91,4.86,4.9,1234983.0,-0.20366598778003286,0.17027718884320633,,,,,,,,,,,,,,,,,,,,5.212249999999999,5.30592,0.8,0.4,0.21025431570688258,,0,0,,0,0,0,0,0,,,,False,False,False,False,False
2026-04-14,4.9,4.95,4.89,4.95,1327182.31,1.0204081632652962,0.18298946044539305,,,,,,,,,,,,,,,,,,,,5.208,5.30636,0.8,0.4,0.20816581073756826,,0,0,,0,0,0,0,0,,,,True,False,False,False,False
2026-04-15,4.95,5.03,4.94,5.01,1714541.69,1.2121212121211977,0.23639786064073767,,,,,,,,,,,,,,,,,,,,5.203833333333334,5.30692,0.8,0.4,0.20617818524708378,,0,0,,0,0,0,0,0,,,,True,False,True,False,False
2026-04-16,5.01,5.04,4.95,4.97,1244083.0,-0.7984031936127733,0.1715318801373158,,,,,,,,,,,,,,,,,,,,5.199583333333334,5.3072,0.8,0.4,0.2022263344257471,,0,0,,0,0,0,0,0,,,,False,False,False,False,False
2026-04-17,4.96,4.99,4.94,4.97,710093.82,0.0,0.09790643230273921,,,,,,,,,,,,,,,,,,,,5.195583333333333,5.30804,0.9,0.4,0.1969488920480998,,0,0,,0,0,0,0,0,,,,True,False,False,False,False
2026-04-20,4.97,5.09,4.96,5.08,2332231.92,2.213279678068414,0.3215638555899099,,,,,,,,,,,,,,,,,,,,5.192583333333333,5.309159999999999,1.1111111111111112,0.45,0.20367573945129078,,0,0,,0,0,0,0,0,,,,True,False,True,False,False
2026-04-21,5.08,5.17,5.07,5.11,1843703.7,0.5905511811023612,0.2542064814623507,,,,,,,,,,,,,,,,,,,,5.189416666666667,5.31048,1.375,0.5,0.19827457195177148,,0,0,,0,0,0,0,0,,,,True,False,True,True,True
2026-04-22,5.11,5.13,5.06,5.06,1123565.1,-0.9784735812133238,0.15491509333354064,,,,,,,,,,,,,,,,,,,,5.183666666666667,5.3116,1.1111111111111112,0.45,0.19242645824886448,,0,0,,0,0,0,0,0,,,,False,False,False,False,False
2026-04-23,5.06,5.11,5.05,5.09,1057533.0,0.5928853754940677,0.14581070860807196,,,,,,,,,,,,,,,,,,,,5.17825,5.3128,1.1111111111111112,0.45,0.19096057138736944,,0,0,,0,0,0,0,0,,,,True,False,False,False,False
2026-04-24,5.1,5.1,5.06,5.08,979361.71,-0.19646365422396617,0.13503259465067574,,,,,,,,,,,,,,,,,,,,5.172583333333334,5.313839999999999,0.9,0.4,0.18758967908178995,,0,0,,0,0,0,0,0,,,,False,False,False,False,False
2026-04-27,5.07,5.13,5.03,5.05,1070087.53,-0.5905511811023723,0.14754170415671328,,,,,,,,,,,,,,,,,,,,5.166166666666666,5.31444,0.9,0.4,0.1875557911797786,,0,0,,0,0,0,0,0,,,,False,False,False,False,False
2026-04-28,5.04,5.1,5.03,5.1,1108475.6,0.990099009900991,0.15283458077502804,,,,,,,,,,,,,,,,,,,,5.161166666666667,5.31504,0.9,0.4,0.18616578411822365,,0,0,,0,0,0,0,0,,,,True,False,False,False,False
2026-04-29,5.1,5.1,5.0,5.05,1363720.0,-0.9803921568627416,0.1880272100662579,,,,,,,,,,,,,,,,,,,,5.156000000000001,5.31544,0.7272727272727273,0.35,0.18238203915821058,,0,0,,0,0,0,0,0,,,,False,False,False,False,False
2026-04-30,5.02,5.03,4.94,4.97,1846720.2,-1.5841584158415856,0.25462239094462336,,,,,,,,,,,,,,,,,,,,5.1514999999999995,5.31532,0.7272727272727273,0.35,0.18613166733845973,,0,0,,0,0,0,0,0,,,,False,False,False,False,False
2026-05-06,4.97,4.98,4.93,4.96,1473735.21,-0.2012072434607548,0.2031959052537989,,,,,,,,,,,,,,,,,,,,5.1466666666666665,5.31544,0.5833333333333334,0.3,0.18303926431328738,,0,0,,0,0,0,0,0,,,,False,False,False,False,False
2026-05-07,4.95,4.97,4.93,4.94,1057288.82,-0.40322580645160144,0.14577704151794058,,,,,,,,,,,,,,,,,,,,5.1405,5.315360000000001,0.5833333333333334,0.3,0.1797930815663123,,0,0,,0,0,0,0,0,,,,False,False,False,False,False
2026-05-08,4.94,4.97,4.93,4.93,1017648.59,-0.2024291497975894,0.14031151937755634,,,,,,,,,,,,,,,,,,,,5.134333333333333,5.31528,0.5833333333333334,0.3,0.17744601632263987,,0,0,,0,0,0,0,0,,,,False,False,False,False,False
2026-05-11,4.93,4.96,4.91,4.95,1268066.29,0.40567951318459805,0.17483865213370067,,,,,,,,,,,,,,,,,,,,5.128833333333334,5.31504,0.7272727272727273,0.35,0.17668097519996484,,0,0,,0,0,0,0,0,,,,True,False,False,False,False
2026-05-12,4.94,4.97,4.93,4.93,956623.3,-0.40404040404041774,0.13189746442332503,,,,,,,,,,,,,,,,,,,,5.123583333333333,5.31472,0.7272727272727273,0.35,0.17719765121505715,,0,0,,0,0,0,0,0,,,,False,False,False,False,False
2026-05-13,4.93,4.94,4.91,4.91,1020122.57,-0.40567951318457585,0.1406526271981938,,,,,,,,,,,,,,,,,,,,5.117916666666667,5.314160000000001,0.7272727272727273,0.35,0.17751653259305394,,0,0,,0,0,0,0,0,,,,False,False,False,False,False
2026-05-14,4.91,4.94,4.9,4.93,1023839.49,0.40733197556006573,0.1411651093042269,,,,,,,,,,,,,,,,,,,,5.112416666666666,5.3138,0.8181818181818182,0.4,0.17606092861610495,,0,0,,0,0,0,0,0,,,,True,False,False,False,False
2026-05-15,4.93,4.93,4.86,4.88,1636049.8,-1.0141987829614618,0.22557554294390286,,,,,,,,,,,,,,,,,,,,5.106166666666667,5.313680000000001,0.6666666666666666,0.35,0.17819023274103046,,0,0,,0,0,0,0,0,,,,False,False,False,False,False
2026-05-18,4.87,4.9,4.83,4.88,1160380.55,0.0,0.15999113999329032,,,,,,,,,,,,,,,,,,,,5.100416666666667,5.31356,0.6666666666666666,0.3,0.1743698967086581,,0,0,,0,0,0,0,0,,,,True,False,False,False,False
2026-05-19,4.88,4.93,4.86,4.87,1173284.4,-0.2049180327868827,0.16177029914224572,,,,,,,,,,,,,,,,,,,,5.094416666666667,5.31304,0.6666666666666666,0.3,0.1738818176589046,,0,0,,0,0,0,0,0,,,,False,False,False,False,False
2026-05-20,4.87,4.87,4.81,4.82,1092842.76,-1.0266940451745366,0.1506791534947856,,,,,,,,,,,,,,,,,,,,5.089083333333333,5.31236,0.5384615384615384,0.3,0.17652045371850694,,0,0,,0,0,0,0,0,,,,False,False,False,False,False
2026-05-21,4.83,4.87,4.81,4.83,1028330.18,0.20746887966804906,0.14178427739736366,,,,,,,,,,,,,,,,,,,,5.084083333333334,5.31152,0.46153846153846156,0.3,0.1675314748088796,,0,0,,0,0,0,0,0,,,,False,False,False,False,False
2026-05-22,4.83,4.86,4.78,4.85,1359414.23,0.41407867494822614,0.18743353840324273,,,,,,,,,,,,,,,,,,,,5.07875,5.3108,0.46153846153846156,0.3,0.1641928276559242,,0,0,,0,0,0,0,0,,,,True,False,False,False,False
2026-05-25,4.84,4.89,4.84,4.88,947644.7,0.6185567010309256,0.13065951153834798,,,,,,,,,,,,,,,,,,,,5.072166666666666,5.30996,0.5833333333333334,0.35,0.16298004856616458,,0,0,,0,0,0,0,0,,,,True,False,False,False,False
2026-05-26,4.88,4.92,4.86,4.9,1161867.28,0.4098360655737876,0.1601961275963333,,,,,,,,,,,,,,,,,,,,5.066583333333333,5.309,0.5833333333333334,0.35,0.16369931951557765,,0,0,,0,0,0,0,0,,,,True,False,False,False,False
2026-05-27,4.9,4.92,4.87,4.9,1061807.56,0.0,0.14640007709358277,,,,,,,,,,,,,,,,,,,,5.061166666666667,5.30808,0.6363636363636364,0.35,0.16426769363772298,,0,0,,0,0,0,0,0,,,,False,False,False,False,False
2026-05-28,4.9,4.91,4.84,4.85,902961.97,-1.0204081632653184,0.12449873875504652,,,,,,,,,,,,,,,,,,,,5.0545833333333325,5.30708,0.6363636363636364,0.35,0.16311554536763964,,0,0,,0,0,0,0,0,,,,False,False,False,False,False
2026-05-29,4.85,4.93,4.82,4.89,1430266.63,0.8247422680412342,0.19720253724354614,,,,,,,,,,,,,,,,,,,,5.049083333333333,5.30632,0.6363636363636364,0.35,0.16533394319106556,,0,0,,0,0,0,0,0,,,,True,False,False,False,False
2026-06-01,4.89,4.93,4.87,4.93,1217406.91,0.8179959100204526,0.16785382982040586,,,,,,,,,,,,,,,,,,,,5.043916666666667,5.30568,0.8,0.4,0.16432527417877296,,0,0,,0,0,0,0,0,,,,True,False,False,False,False
2026-06-02,4.92,4.95,4.89,4.92,1362539.84,-0.20283975659228792,0.18786449177200995,,,,,,,,,,,,,,,,,,,,5.0395,5.30488,0.8888888888888888,0.4,0.1609873792201423,,0,0,,0,0,0,0,0,,,,False,False,False,False,False
2026-06-03,4.92,4.93,4.87,4.89,1128845.68,-0.6097560975609762,0.15564317000978772,,,,,,,,,,,,,,,,,,,,5.034666666666666,5.3037600000000005,0.8888888888888888,0.4,0.15860974245794174,,0,0,,0,0,0,0,0,,,,False,False,False,False,False
2026-06-04,4.88,4.91,4.83,4.84,1019140.4,-1.0224948875255602,0.14051720740167342,,,,,,,,,,,,,,,,,,,,5.029666666666667,5.302560000000001,0.8888888888888888,0.4,0.1583467507521284,,0,0,,0,0,0,0,0,,,,False,False,False,False,False
2026-06-05,4.85,4.89,4.83,4.87,1112697.89,0.6198347107438051,0.15341674236889677,,,,,,,,,,,,,,,,,,,,5.0255,5.301679999999999,1.125,0.45,0.15900201190169538,,0,0,,0,0,0,0,0,,,,True,False,False,False,False
2026-06-08,4.86,4.91,4.84,4.89,1307337.49,0.4106776180698102,0.18025329309515464,,,,,,,,,,,,,,,,,,,,5.02175,5.30076,1.125,0.45,0.1592727439497681,,0,0,,0,0,0,0,0,,,,True,False,False,False,False
2026-06-09,4.88,4.93,4.87,4.9,1189705.01,0.2044989775051187,0.16403434270389042,,,,,,,,,,,,,,,,,,,,5.018166666666667,5.3,1.4285714285714286,0.5,0.16087958786379636,,0,0,,0,0,0,0,0,,,,True,False,False,False,False
2026-06-10,4.9,4.99,4.89,4.98,2470351.37,1.6326530612244872,0.34060751179454574,,,,,,,,,,,,,,,,,,,,5.015166666666667,5.2996799999999995,1.8333333333333333,0.55,0.17087733209361394,,0,0,,0,0,0,0,0,,,,True,False,True,True,False
2026-06-11,4.97,5.0,4.95,5.0,1551371.36,0.40160642570279403,0.21390023509041167,,,,,,,,,,,,,,,,,,,,5.012583333333334,5.29924,1.8333333333333333,0.55,0.1745140883829232,,0,0,,0,0,0,0,0,,,,True,False,True,True,False
2026-06-12,4.97,5.1,4.96,5.1,2648466.75,2.0000000000000018,0.3651657334025674,,,,,,,,,,,,,,,,,,,,5.0115,5.2988800000000005,2.4,0.6,0.18149359790585642,,0,0,,0,0,0,0,0,,,,True,False,True,True,False
2026-06-15,5.07,5.08,4.98,5.01,1967149.72,-1.764705882352935,0.2712269920762476,,,,,,,,,,,,,,,,,,,,5.0095,5.29824,1.8333333333333333,0.6,0.18705539051000428,,0,0,,0,0,0,0,0,,,,False,False,False,False,False
2026-06-16,5.0,5.01,4.93,4.94,1241696.99,-1.3972055888223478,0.17120290145878195,,,,,,,,,,,,,,,,,,,,5.007416666666667,5.29748,1.8333333333333333,0.6,0.1875270206258311,,0,0,,0,0,0,0,0,,,,False,False,False,False,False
2026-06-17,4.95,4.99,4.88,4.89,1642230.18,-1.0121457489878694,0.22642768239228617,,,,,,,,,,,,,,,,,,,,5.004999999999999,5.29648,1.8333333333333333,0.6,0.1913144470707061,,0,0,,0,0,0,0,0,,,,False,False,False,False,False
2026-06-18,4.89,4.89,4.77,4.77,2853442.4,-2.4539877300613466,0.3934273997277792,,,,,,,,,,,,,,,,,,,,5.002,5.29512,1.5714285714285714,0.55,0.2038966031872269,,0,0,,0,0,0,0,0,,,,False,False,False,False,False
2026-06-22,4.76,4.85,4.67,4.83,2240636.88,1.2578616352201255,0.308934899625997,,,,,,,,,,,,,,,,,,,,4.99925,5.29388,1.5714285714285714,0.55,0.20997167124836463,,0,0,,0,0,0,0,0,,,,True,False,False,False,False
2026-06-23,4.83,5.0,4.82,4.96,3122426.26,2.69151138716357,0.4305144005407414,,,,,,,,,,,,,,,,,,,,4.997083333333333,5.293159999999999,1.5714285714285714,0.55,0.2249644156984843,,0,0,,0,0,0,0,0,,,,True,False,False,False,False
2026-06-24,4.95,4.98,4.83,4.83,1959330.04,-2.620967741935487,0.2701488289533111,,,,,,,,,,,,,,,,,,,,4.994000000000001,5.29188,1.25,0.5,0.23046205076633317,,0,0,,0,0,0,0,0,,,,False,False,False,False,False
2026-06-25,4.82,4.89,4.8,4.81,1500939.88,-0.41407867494824835,0.20694683521073526,,,,,,,,,,,,,,,,,,,,4.990666666666667,5.290760000000001,1.1111111111111112,0.5,0.2334893886721908,,0,0,,0,0,0,0,0,,,,False,False,False,False,False
2026-06-26,4.81,4.85,4.77,4.83,1408869.65,0.4158004158004269,0.19425236092198195,,,,,,,,,,,,,,,,,,,,4.987333333333334,5.28928,1.375,0.55,0.23697706978053756,,0,0,,0,0,0,0,0,,,,True,False,False,False,False
2026-06-29,4.82,4.9,4.72,4.88,1734388.83,1.0351966873705987,0.23913434786831697,,,,,,,,,,,,,,,,,,,,4.9848333333333334,5.28796,1.375,0.55,0.23907366031177615,,0,0,,0,0,0,0,0,,,,True,False,False,False,False
2026-06-30,4.86,4.87,4.76,4.84,1552195.82,-0.8196721311475419,0.21401391012165794,,,,,,,,,,,,,,,,,,,,4.981916666666666,5.2862,1.1111111111111112,0.5,0.24138166432683872,,0,0,,0,0,0,0,0,,,,False,False,False,False,False
2026-07-01,4.82,4.9,4.8,4.84,1188688.15,0.0,0.16389413991385435,,,,,,,,,,,,,,,,,,,,4.9790833333333335,5.284400000000001,1.2222222222222223,0.5,0.2401831467339309,,0,0,,0,0,0,0,0,,,,True,False,False,False,False
2026-07-02,4.86,4.91,4.82,4.87,1238939.21,0.6198347107438051,0.17082266381514796,,,,,,,,,,,,,,,,,,,,4.976166666666667,5.2826,1.5,0.55,0.2409421214241989,,0,0,,0,0,0,0,0,,,,True,False,False,False,False
2026-07-03,4.86,4.9,4.82,4.85,1088176.16,-0.4106776180698213,0.15003573125378658,,,,,,,,,,,,,,,,,,,,4.972916666666666,5.28032,1.5,0.55,0.24141804761680463,,0,0,,0,0,0,0,0,,,,False,False,False,False,False
2026-07-06,4.85,4.9,4.8,4.89,1364820.25,0.8247422680412342,0.18817891051640556,,,,,,,,,,,,,,,,,,,,4.970083333333333,5.278359999999999,1.5,0.55,0.24315615602418003,,0,0,,0,0,0,0,0,,,,True,False,False,False,False
2026-07-07,4.88,4.94,4.85,4.93,1374885.21,0.8179959100204526,0.18956664872382972,,,,,,,,,,,,,,,,,,,,4.967583333333333,5.2765200000000005,1.5,0.55,0.2436218238056138,,0,0,,0,0,0,0,0,,,,True,False,True,False,False
2026-07-08,4.92,4.98,4.88,4.96,1392131.72,0.6085192697768749,0.19194456586127717,,,,,,,,,,,,,,,,,,,,4.964916666666666,5.274640000000001,1.5,0.55,0.24501733496348313,,0,0,,0,0,0,0,0,,,,True,False,True,False,False
2026-07-09,4.93,4.96,4.88,4.91,1395250.78,-1.0080645161290258,0.19237461612806891,,,,,,,,,,,,,,,,,,,,4.962416666666666,5.27328,1.2222222222222223,0.5,0.2376056901801593,,0,0,,0,0,0,0,0,,,,False,False,False,False,False
2026-07-10,4.89,4.94,4.88,4.94,1470355.11,0.6109979633401208,0.20272986327102754,,,,,,,,,,,,,,,,,,,,4.960333333333334,5.27208,1.2222222222222223,0.5,0.23704717158919011,,0,0,,0,0,0,0,0,,,,True,False,False,False,False
2026-07-13,4.94,5.05,4.92,5.05,1898208.91,2.2267206477732726,0.26172155975582406,,,,,,,,,,,,,,,,,,,,4.959083333333333,5.27112,1.2222222222222223,0.5,0.23187496290685292,,0,0,,0,0,0,0,0,,,,True,False,True,True,False
2026-07-14,5.02,5.05,4.99,5.04,1566484.31,-0.1980198019801982,0.21598398089187448,,,,,,,,,,,,,,,,,,,,4.957416666666666,5.2701199999999995,1.5,0.5,0.2291128123476343,,0,0,,0,0,0,0,0,,,,True,False,False,False,False
2026-07-15,5.0,5.09,4.99,5.09,1537679.08,0.9920634920634885,0.2120123686604656,,,,,,,,,,,,,,,,,,,,4.955916666666666,5.269360000000001,1.8571428571428572,0.55,0.23115328570771845,,0,0,,0,0,0,0,0,,,,True,False,True,True,False
2026-07-16,5.08,5.1,5.03,5.05,1172059.54,-0.7858546168958758,0.16160141769405859,,,,,,,,,,,,,,,,,,,,4.954833333333334,5.26804,1.8571428571428572,0.55,0.2279119724728071,,0,0,,0,0,0,0,0,,,,False,False,False,False,False
2026-07-17,5.04,5.11,5.03,5.09,1712854.64,0.7920792079207928,0.23616525328384458,,,,,,,,,,,,,,,,,,,,4.954916666666666,5.26652,2.3333333333333335,0.6,0.22004886515061034,,0,0,,0,0,0,0,0,,,,True,False,False,False,False
2026-07-20,5.06,5.19,5.05,5.18,2314169.19,1.7681728880157177,0.3190733995372891,,,,,,,,,,,,,,,,,,,,4.9558333333333335,5.2652,2.3333333333333335,0.6,0.22055579014617493,,0,0,,0,0,0,0,0,,,,True,False,True,True,True
2026-07-21,5.2,5.22,5.04,5.05,2262405.06,-2.5096525096525046,0.3119362563221077,,,,,,,,,,,,,,,,,,,,4.955916666666666,5.263319999999999,1.8571428571428572,0.55,0.21462688293524326,,0,0,,0,0,0,0,0,,,,False,False,False,False,False
2026-07-22,5.03,5.11,5.0,5.11,1439037.25,1.1881188118811892,0.1984118142279354,,,,,,,,,,,,,,,,,,,,4.956083333333334,5.26156,2.3333333333333335,0.6,0.21104003219897444,,0,0,,0,0,0,0,0,,,,True,False,False,False,False
2026-07-23,5.1,5.13,5.08,5.11,1106892.68,0.0,0.1526163306713718,,,,,,,,,,,,,,,,,,,,4.957166666666667,5.26024,3.0,0.6,0.20832350697200627,,0,0,,0,0,0,0,0,,,,True,False,False,False,False
2026-07-24,5.12,5.15,5.08,5.12,1556299.31,0.1956947162426559,0.2145796917896212,,,,,,,,,,,,,,,,,,,,4.9582500000000005,5.25884,2.8,0.6,0.20933987351538824,,0,0,,0,0,0,0,0,,,,False,False,False,False,False
2026-07-27,5.13,5.14,5.07,5.09,1429836.9,-0.5859375,0.1971432868600497,,,,,,,,,,,,,,,,,,,,4.959416666666667,5.25748,2.1666666666666665,0.55,0.20724032046497493,,0,0,,0,0,0,0,0,,,,False,False,False,False,False
2026-07-28,5.11,5.2,5.09,5.2,2058973.08,2.16110019646365,0.28388742838260783,,,,,,,,,,,,,,,,,,,,4.961249999999999,5.256600000000001,2.8,0.6,0.21073399637802237,,0,0,,0,0,0,0,0,,,,True,False,False,False,True
2026-07-29,5.21,5.22,5.11,5.12,1774812.46,-1.538461538461544,0.24470788376252597,,,,,,,,,,,,,,,,,,,,4.962583333333333,5.2554,2.1666666666666665,0.6,0.21477468357045595,,0,0,,0,0,0,0,0,,,,False,False,False,False,False
2026-07-30,5.12,5.22,5.11,5.22,2018184.29,1.953125,0.278263544897964,,,,,,,,,,,,,,,,,,,,4.964916666666666,5.25444,2.1666666666666665,0.6,0.2201467276245968,,0,0,,0,0,0,0,0,,,,True,False,False,False,True
2026-07-31,5.16,5.18,5.07,5.18,2576731.81,-0.7662835249042099,0.3552750515672417,,,,,,,,,,,,,,,,,,,,4.9665,5.25344,2.8,0.6,0.23040869364026953,,0,0,,0,0,0,0,0,,,,True,False,False,False,False
2026-08-03,5.14,5.19,5.11,5.14,1782327.66,-0.7722007722007707,0.24574406574203053,,,,,,,,,,,,,,,,,,,,4.968000000000001,5.25252,2.6,0.55,0.2332869514015508,,0,0,,0,0,0,0,0,,,,False,False,False,False,False
2026-08-04,5.13,5.14,5.02,5.02,2260474.87,-2.3346303501945553,0.31167012526837395,,,,,,,,,,,,,,,,,,,,4.968166666666667,5.25092,2.0,0.5,0.23939212522877798,,0,0,,0,0,0,0,0,,,,False,False,False,False,False
2026-08-05,5.02,5.03,4.96,4.96,1847270.4,-1.195219123505964,0.2546982515105595,,,,,,,,,,,,,,,,,,,,4.968416666666666,5.24928,1.5714285714285714,0.45,0.24252980951124212,,0,0,,0,0,0,0,0,,,,False,False,False,False,False
2026-08-06,4.97,4.99,4.92,4.97,1774148.2,0.20161290322580072,0.24461629681318256,,,,,,,,,,,,,,,,,,,,4.968083333333333,5.24768,1.8333333333333333,0.5,0.24514189354549779,,0,0,,0,0,0,0,0,,,,False,False,False,False,False
2026-08-07,4.96,4.98,4.93,4.96,1336338.87,-0.2012072434607548,0.18425195012846896,,,,,,,,,,,,,,,,,,,,4.967,5.24592,1.6666666666666667,0.45,0.24421799788836984,,0,0,,0,0,0,0,0,,,,False,False,False,False,False
2026-08-10,4.95,4.99,4.94,4.96,1137898.41,0.0,0.156891343803076,,,,,,,,,,,,,,,,,,,,4.966,5.24424,1.6666666666666667,0.4,0.23897648709073244,,0,0,,0,0,0,0,0,,,,True,False,False,False,False
2026-08-11,4.96,4.98,4.94,4.96,972047.0,0.0,0.1340240558643092,,,,,,,,,,,,,,,,,,,,4.965,5.242240000000001,1.5,0.4,0.2348784908393542,,0,0,,0,0,0,0,0,,,,False,False,False,False,False
2026-08-12,4.95,4.96,4.92,4.93,1068376.57,-0.6048387096774244,0.14730580013291442,,,,,,,,,,,,,,,,,,,,4.963583333333333,5.23996,1.1428571428571428,0.35,0.2316431624129766,,0,0,,0,0,0,0,0,,,,False,False,False,False,False
2026-08-13,4.92,4.95,4.91,4.95,1157214.27,0.40567951318459805,0.1595545791195856,,,,,,,,,,,,,,,,,,,,4.962416666666667,5.23804,1.5,0.4,0.231540820484253,,0,0,,0,0,0,0,0,,,,True,False,False,False,False
2026-08-14,4.94,4.94,4.92,4.92,751654.47,-0.60606060606061,0.10363673842719308,,,,,,,,,,,,,,,,,,,,4.961666666666667,5.23564,1.1428571428571428,0.35,0.22491439474142041,,0,0,,0,0,0,0,0,,,,False,False,False,False,False
2026-08-17,4.91,4.92,4.9,4.91,810387.9,-0.20325203252031798,0.1117347959320488,,,,,,,,,,,,,,,,,,,,4.961166666666667,5.2328399999999995,1.0,0.3,0.2145474645611584,,0,0,,0,0,0,0,0,,,,False,False,False,False,False
2026-08-18,4.91,4.94,4.9,4.93,1034407.99,0.40733197556006573,0.14262227468244623,,,,,,,,,,,,,,,,,,,,4.960999999999999,5.22992,1.3333333333333333,0.35,0.20608176547917534,,0,0,,0,0,0,0,0,,,,True,False,False,False,False
2026-08-19,4.94,4.98,4.93,4.98,1789710.79,1.014198782961473,0.24676203815239078,,,,,,,,,,,,,,,,,,,,4.9615,5.22684,1.3333333333333333,0.35,0.20849927667539808,,0,0,,0,0,0,0,0,,,,True,False,True,False,False
2026-08-20,4.96,4.98,4.92,4.97,1472169.42,-0.20080321285141922,0.20298001700309523,,,,,,,,,,,,,,,,,,,,4.962166666666667,5.2236400000000005,1.3333333333333333,0.35,0.2110174609919843,,0,0,,0,0,0,0,0,,,,True,False,False,False,False
2026-08-21,4.96,4.98,4.95,4.98,895198.4,0.201207243460777,0.12342831197590264,,,,,,,,,,,,,,,,,,,,4.963,5.22072,1.5,0.35,0.20645989200129833,,0,0,,0,0,0,0,0,,,,True,False,False,False,False
2026-08-24,4.96,5.05,4.96,5.04,2227616.75,1.2048192771084265,0.30713970800410983,4.98,4.957,5.015,5.0409999999999995,4.973,4.967700000000001,5.079199999999999,54.70781039594177,-0.012422535176941807,-0.0128278759150669,1483820.67,1217878.3560000001,69.43009033839351,77.07594307635416,55.9942017882419,119.23942565257867,5.213997487421275,5.015,4.8160025125787245,4.964166666666666,5.21788,2.0,0.4,0.21195971305850136,1.501270871230012,0,0,0.01347275286547367,0,0,1,0,0,0.562814863453717,0.07936091223181464,69.43009033839351,True,True,True,True,False
2026-08-25,5.05,5.07,5.02,5.04,1375990.82,0.0,0.18971908820093747,5.002000000000001,4.965000000000001,5.007,5.0409999999999995,4.974833333333334,4.9677999999999995,5.07605,54.70781039594177,-0.006936824807174169,-0.011649665693488354,1552137.236,1258272.7380000001,69.43009033839351,78.83494244305959,63.60778200651446,109.28926331614984,5.186601898946652,5.007,4.8273981010533475,4.965,5.21492,1.5,0.35,0.2072512960494178,0.8865136329993955,0,0,0.013099266307078805,0,0,1,0,0,0.5918698526951613,0.07174032312628406,69.43009033839351,False,True,False,False,False
2026-08-26,5.04,5.08,5.03,5.08,1241639.07,0.7936507936507908,0.17119491555551217,5.022,4.98,5.005,5.040666666666667,4.9775,4.9685,5.0739,58.47864454139796,0.0006310317481386107,-0.00919352620516296,1442522.892,1275598.988,76.82899727564282,85.8899616287064,71.03517521391177,115.5995344582957,5.180139042507679,5.005,4.829860957492321,4.967,5.21176,2.0,0.4,0.20357564763906716,0.860741328186839,0,1,0.02059266700150686,0,0,0,0,0,0.7141155933198385,0.06998563137169984,76.82899727564282,True,True,True,True,False
2026-08-27,5.07,5.07,4.98,5.0,1389679.0,-1.5748031496062964,0.19160638933041035,5.0280000000000005,4.985,4.994,5.039,4.979333333333333,4.9677,5.0712,49.58674765815605,0.00017130646528418225,-0.007320559671073532,1426024.808,1298845.461,48.59895279436349,75.77849293765608,72.61628112182655,82.10291656931514,5.1369611651352285,4.994,4.851038834864771,4.9679166666666665,5.2087200000000005,1.5,0.35,0.19924278986068944,0.9745124995048473,0,1,0.0041504886865713075,0,0,0,0,0,0.5209847198514532,0.057253169857921,48.59895279436349,False,False,False,False,False
2026-08-28,4.99,5.01,4.97,4.99,889764.0,-0.20000000000000018,0.12267902688044016,5.029999999999999,4.992,4.9845,5.035666666666668,4.9818333333333324,4.9674,5.06775,48.592126437209366,-0.0009885501690352072,-0.006054157770665867,1424937.9279999998,1312656.414,46.0602938437006,67.1856619584374,70.80607473403016,59.94483640725187,5.097539350391011,4.9845,4.871460649608989,4.968583333333333,5.2054800000000006,1.3333333333333333,0.35,0.18761298862634937,0.6244229889008892,1,0,0.0016392894182197804,0,0,1,0,0,0.5243278114257364,0.04535634482536302,46.0602938437006,False,False,False,False,False
2026-08-31,5.05,5.27,5.04,5.26,5450431.29,5.4108216432865675,0.7514954602972274,5.074,5.027,4.9905,5.038333333333333,4.988333333333332,4.9703,5.0657,67.52976919988505,0.019652457313125815,-0.0009128347539075305,2069500.836,1776660.753,79.96650265972247,77.17139368657732,72.92784771821255,85.65848562330686,5.143845155913335,4.9905,4.8371548440866645,4.97175,5.20292,1.5,0.4,0.2129005583541092,2.6336936884426563,1,1,0.05446040761777504,0,0,0,1,1,1.3787365939107674,0.0614548265357521,79.96650265972247,True,True,True,True,True
2026-09-01,5.24,5.5,5.23,5.48,4335571.86,4.1825095057034245,0.597780688761312,5.162000000000001,5.082,5.0135000000000005,5.052666666666666,4.998166666666666,4.9756,5.06505,75.46177501425419,0.053150084744299164,0.00989974914573381,2661417.044,2106777.14,87.5924831783296,83.63150383702857,76.49573309115122,97.90304532878329,5.280985366053197,5.0135000000000005,4.746014633946804,4.9766666666666675,5.201239999999999,2.0,0.45,0.22720608652875612,1.6290464020940567,1,1,0.09640201407182647,0,0,0,0,1,1.372010321318334,0.10670604011297352,87.5924831783296,True,True,True,True,True
2026-09-02,5.5,5.6,5.47,5.56,3227614.97,1.4598540145985162,0.4450176267688298,5.258000000000001,5.14,5.0435,5.067666666666667,5.009166666666667,4.9818999999999996,5.06505,77.60424769755485,0.08517073205083925,0.024953945726754898,3058612.2240000004,2250567.5579999997,89.35987974636824,87.03638717340367,80.00928445190203,101.09059261640692,5.404100376565152,5.0435,4.682899623434848,4.981916666666666,5.1996,2.75,0.5,0.23672205529166965,1.0552547147604676,1,1,0.10996506404924289,0,0,0,0,1,1.216166750739208,0.14299608468926428,89.35987974636824,True,True,True,True,True
2026-09-03,5.53,5.61,5.43,5.45,2820525.54,-1.978417266187038,0.38888888350015066,5.348,5.188,5.0675,5.079,5.0169999999999995,4.987299999999999,5.06435,68.71960104594433,0.10051259837874582,0.040065676257153085,3344781.532,2385403.17,72.35411031276075,83.15246324380757,81.05701071587055,87.34336829968163,5.469069290081831,5.0675,4.665930709918169,4.986,5.19756,2.2,0.45,0.24393568462601803,0.8432615143965702,1,1,0.08630655770380713,0,0,0,0,0,0.9762565383449209,0.1584881263273136,72.35411031276075,False,True,False,False,False
2026-09-04,5.44,5.49,5.41,5.42,2406752.67,-0.5504587155963359,0.3318386397938118,5.434,5.232,5.0905000000000005,5.0889999999999995,5.024,4.9925,5.0635,66.48404603276408,0.10899397401025279,0.05385133580777303,3648179.2660000003,2536558.597,68.11195217108273,78.87247549587171,80.32883230920427,75.9597618692066,5.5180006925201965,5.0905000000000005,4.662999307479804,4.9896666666666665,5.1952,1.8333333333333333,0.45,0.25131501910928516,0.6597133787887713,1,1,0.07882165605095537,0,0,0,0,0,0.885379492671153,0.1679601974345137,68.11195217108273,False,False,False,False,False
