date,open,high,low,close,volume,change_rate,turnover,MA5,MA10,MA20,MA30,MA60,MA100,MA200,RSI14,DIF,DEA,VOL_MA5,VOL_MA10,RSI6,K,D,J,BOLL_UPPER,BOLL_MIDDLE,BOLL_LOWER,MA120,MA250,updown_ratio_20,up_days_ratio_20,turnover_ma20,vol_ratio,ma_bull,dif_above_zero,bias60,macd_gold,macd_gold3,dif_below0,kdj_gold,kdj_gold3,boll_pos,boll_width,rsi6,is_yang,above_ma5,break_high5,break_high10,break_close40
2024-08-14,33.21,33.21,32.18,32.18,112252.26,-2.7500755515261543,0.6657804628006072,,,,,,,,,,,,,,,,,,,,,,,,,,0,0,,0,0,0,0,0,,,,False,False,False,False,False
2024-08-15,32.16,33.75,31.89,33.37,213015.9,3.697949036668735,1.263420660625344,,,,,,,,,,,,,,,,,,,,,,,,,,0,0,,0,0,0,0,0,,,,True,False,False,False,False
2024-08-16,33.38,33.58,32.96,33.08,87729.35,-0.8690440515432996,0.5203323945922911,,,,,,,,,,,,,,,,,,,,,,,,,,0,0,,0,0,0,0,0,,,,False,False,False,False,False
2024-08-19,33.07,33.6,32.65,32.78,78603.75,-0.9068923821039854,0.46620746034746413,,,,,,,,,,,,,,,,,,,,,,,,,,0,0,,0,0,0,0,0,,,,False,False,False,False,False
2024-08-20,32.67,32.93,31.84,32.09,95586.09,-2.1049420378279393,0.5669315810434506,,,,,,,,,,,,,,,,,,,,,,,,,,0,0,,0,0,0,0,0,,,,False,False,False,False,False
2024-08-21,31.94,32.53,31.67,31.97,84494.04,-0.37394827048926604,0.5011434162224709,,,,,,,,,,,,,,,,,,,,,,,,,,0,0,,0,0,0,0,0,,,,True,False,False,False,False
2024-08-22,31.95,31.96,30.99,31.12,142012.37,-2.658742571160455,0.8422909384809808,,,,,,,,,,,,,,,,,,,,,,,,,,0,0,,0,0,0,0,0,,,,False,False,False,False,False
2024-08-23,31.07,31.42,30.81,31.14,73016.04,0.06426735218509894,0.4330661396311099,,,,,,,,,,,,,,,,,,,,,,,,,,0,0,,0,0,0,0,0,,,,True,False,False,False,False
2024-08-26,31.34,31.74,31.09,31.19,73747.76,0.16056518946692133,0.437406051186035,,,,,,,,,,,,,,,,,,,,,,,,,,0,0,,0,0,0,0,0,,,,False,False,False,False,False
2024-08-27,30.98,31.12,30.18,30.52,89662.9,-2.1481243988457854,0.5318004916608767,,,,,,,,,,,,,,,,,,,,,,,,,,0,0,,0,0,0,0,0,,,,False,False,False,False,False
2024-08-28,30.33,30.98,30.15,30.96,85477.44,1.4416775884665833,0.5069760694547365,,,,,,,,,,,,,,,,,,,,,,,,,,0,0,,0,0,0,0,0,,,,True,False,False,False,False
2024-08-29,30.66,32.63,30.32,32.22,194159.69,4.06976744186045,1.1515824114848328,,,,,,,,,,,,,,,,,,,,,,,,,,0,0,,0,0,0,0,0,,,,True,False,True,False,False
2024-08-30,32.2,33.56,31.84,33.07,229735.47,2.638112973308515,1.362586263637944,,,,,,,,,,,,,,,,,,,,,,,,,,0,0,,0,0,0,0,0,,,,True,False,True,False,False
2024-09-02,32.83,33.09,31.27,31.27,140931.88,-5.442999697611128,0.8358824338125544,,,,,,,,,,,,,,,,,,,,,,,,,,0,0,,0,0,0,0,0,,,,False,False,False,False,False
2024-09-03,31.31,32.79,31.13,32.44,187246.49,3.741605372561563,1.1105794642351903,,,,,,,,,,,,,,,,,,,,,,,,,,0,0,,0,0,0,0,0,,,,True,False,False,False,False
2024-09-04,32.13,33.54,32.04,33.04,174392.02,1.8495684340320562,1.0343381931404567,,,,,,,,,,,,,,,,,,,,,,,,,,0,0,,0,0,0,0,0,,,,True,False,False,False,False
2024-09-05,33.39,34.87,33.38,34.34,252185.02,3.934624697336564,1.4957370063371587,,,,,,,,,,,,,,,,,,,,,,,,,,0,0,,0,0,0,0,0,,,,True,False,True,True,False
2024-09-06,34.76,35.07,34.03,34.35,178931.48,0.029120559114725886,1.0612622281635808,,,,,,,,,,,,,,,,,,,,,,,,,,0,0,,0,0,0,0,0,,,,False,False,False,False,False
2024-09-09,33.7,34.98,33.66,34.48,117241.33,0.37845705967975984,0.6953711840345906,,,,,,,,,,,,,,,,,,,,,,,,,,0,0,,0,0,0,0,0,,,,True,False,False,False,False
2024-09-10,34.39,35.37,34.2,34.78,153904.14,0.8700696055684576,0.9128223303132557,,,,,,,,,,,,,,,,,,,,,,1.2222222222222223,0.6,0.8197758590602465,,0,0,,0,0,0,0,0,,,,True,False,False,False,False
2024-09-11,34.74,35.82,34.59,35.48,132064.76,2.0126509488211486,0.7832905727907048,,,,,,,,,,,,,,,,,,,,,,1.5,0.65,0.8256513645597515,,0,0,,0,0,0,0,0,,,,True,False,True,True,False
2024-09-12,35.49,35.55,34.69,34.76,122344.2,-2.0293122886133053,0.7256368655470282,,,,,,,,,,,,,,,,,,,,,,1.2222222222222223,0.6,0.7987621748058357,,0,0,,0,0,0,0,0,,,,False,False,False,False,False
2024-09-13,34.67,35.27,34.44,34.45,76931.07,-0.8918296892980293,0.4562866118539254,,,,,,,,,,,,,,,,,,,,,,1.2222222222222223,0.6,0.7955598856689173,,0,0,,0,0,0,0,0,,,,False,False,False,False,False
2024-09-18,34.36,35.17,33.82,34.98,121913.28,1.5384615384615108,0.7230810317755741,,,,,,,,,,,,,,,,,,,,,,1.5,0.65,0.8084035642403229,,0,0,,0,0,0,0,0,,,,True,False,False,False,False
2024-09-19,34.89,35.86,34.45,35.12,163351.99,0.40022870211549044,0.9688585646435998,,,,,,,,,,,,,,,,,,,,,,1.8571428571428572,0.7,0.8284999134203304,,0,0,,0,0,0,0,0,,,,True,False,False,False,False
2024-09-20,35.81,36.49,35.47,35.79,153741.32,1.907744874715256,0.911856627039636,,,,,,,,,,,,,,,,,,,,,,1.5,0.75,0.8490355739611886,,0,0,,0,0,0,0,0,,,,False,False,False,False,False
2024-09-23,36.04,36.65,35.44,35.75,119259.73,-0.11176306230790134,0.7073425357571906,,,,,,,,,,,,,,,,,,,,,,1.5,0.75,0.8422881538249991,,0,0,,0,0,0,0,0,,,,False,False,False,False,False
2024-09-24,36.35,36.92,35.07,36.73,178782.38,2.741258741258723,1.0603778997143936,,,,,,,,,,,,,,,,,,,,,,1.5,0.75,0.8736537418291632,,0,0,,0,0,0,0,0,,,,True,False,True,True,False
2024-09-25,37.45,37.81,36.75,36.91,172725.96,0.4900626191124413,1.0244566085928175,,,,,,,,,,,,,,,,,,,,,,1.5,0.75,0.9030062696995025,,0,0,,0,0,0,0,0,,,,False,False,False,False,False
2024-09-26,36.8,39.25,36.65,39.25,205578.89,6.339745326469792,1.219310938828627,,,,,,,,,,,,,,,,,,,,,,1.8571428571428572,0.8,0.9373817920578897,,0,0,,0,0,0,0,0,,,,True,False,True,True,False
2024-09-27,39.6,41.79,39.5,41.31,116122.51,5.248407643312114,0.6887353399331839,,,,,,,,,,,,,,,,,,,,,,1.8571428571428572,0.8,0.9464697555818121,,0,0,,0,0,0,0,0,,,,True,False,True,True,False
2024-09-30,43.38,45.45,42.72,45.45,302682.97,10.02178649237473,1.7952458850134718,,,,,,,,,,,,,,,,,,,,,,1.8571428571428572,0.8,0.9786529292582442,,0,0,,0,0,0,0,0,,,,True,False,True,True,False
2024-10-08,50.0,50.0,45.07,48.73,448583.58,7.216721672167203,2.6605984012896777,,,,,,,,,,,,,,,,,,,,,,1.5,0.8,1.043553536140831,,0,0,,0,0,0,0,0,,,,False,False,True,True,False
2024-10-09,47.14,50.09,45.8,47.12,389725.99,-3.3039195567412305,2.311507581117964,,,,,,,,,,,,,,,,,,,,,,1.5,0.8,1.1173347935061013,,0,0,,0,0,0,0,0,,,,False,False,False,False,False
2024-10-10,47.09,48.32,44.48,45.76,360445.67,-2.8862478777589073,2.1378427925377625,,,,,,,,,,,,,,,,,,,,,,1.2222222222222223,0.75,1.16869795992123,,0,0,,0,0,0,0,0,,,,False,False,False,False,False
2024-10-11,45.59,46.15,42.93,43.79,353041.39,-4.305069930069926,2.0939271959599717,,,,,,,,,,,,,,,,,,,,,,1.0,0.7,1.2216774100622056,,0,0,,0,0,0,0,0,,,,False,False,False,False,False
2024-10-14,42.92,44.11,41.22,43.14,465346.93,-1.4843571591687588,2.7600236682828636,,,,,,,,,,,,,,,,,,,,,,1.0,0.65,1.284891743159491,,0,0,,0,0,0,0,0,,,,True,False,False,False,False
2024-10-15,43.13,43.13,41.29,41.32,253926.48,-4.21882243857209,1.5060657965525963,,,,,,,,,,,,,,,,,,,,,,1.0,0.6,1.3071319215789416,,0,0,,0,0,0,0,0,,,,False,False,False,False,False
2024-10-16,40.58,41.29,39.94,40.86,227527.51,-1.1132623426911903,1.3494906107696165,,,,,,,,,,,,,,,,,,,,,,1.0,0.55,1.339837892915693,,0,0,,0,0,0,0,0,,,,True,False,False,False,False
2024-10-17,41.13,41.75,40.89,40.96,178834.52,0.24473813020069457,1.0606871477716746,,,,,,,,,,,,,,,,,,,,,,0.8181818181818182,0.55,1.347231133788614,,0,0,,0,0,0,0,0,,,,False,False,False,False,False
2024-10-18,40.87,45.06,40.28,44.31,356685.98,8.1787109375,2.115543658888366,,,,,,,,,,,,,,,,,,,,,,0.8181818181818182,0.55,1.413843788093497,,0,0,,0,0,0,0,0,,,,True,False,False,False,False
2024-10-21,44.35,44.66,43.11,43.17,267786.13,-2.5727826675693954,1.5882689004478268,,,,,,,,,,,,,,,,,,,,,,0.8181818181818182,0.55,1.456975389838537,,0,0,,0,0,0,0,0,,,,False,False,False,False,False
2024-10-22,43.13,45.2,42.63,43.9,261696.21,1.6909891128098042,1.5521489171528922,,,,,,,,,,,,,,,,,,,,,,1.0,0.6,1.5117685051034855,,0,0,,0,0,0,0,0,,,,True,False,False,False,False
2024-10-23,43.92,45.27,43.33,44.21,208835.13,0.7061503416856629,1.238624055323474,,,,,,,,,,,,,,,,,,,,,,1.0,0.6,1.5375456562808805,,0,0,,0,0,0,0,0,,,,True,False,False,False,False
2024-10-24,45.51,47.43,44.61,44.81,357460.37,1.3571590137977818,2.120136650892163,,,,,,,,,,,,,,,,,,,,,,0.8181818181818182,0.6,1.5951095605933083,,0,0,,0,0,0,0,0,,,,False,False,False,False,False
2024-10-25,46.87,46.91,45.2,45.57,229570.18,1.6960499888417635,1.3616059105234826,,,,,,,,,,,,,,,,,,,,,,0.8181818181818182,0.6,1.6175970247675007,,0,0,,0,0,0,0,0,,,,False,False,False,False,False
2024-10-28,44.85,45.58,43.72,45.58,170602.34,0.021944261575601587,1.0118611855125816,,,,,,,,,,,,,,,,,,,,,,1.0,0.65,1.6328229572552704,,0,0,,0,0,0,0,0,,,,True,False,False,False,False
2024-10-29,45.78,46.27,44.66,44.79,180300.51,-1.7332163229486608,1.0693820952111388,,,,,,,,,,,,,,,,,,,,,,0.8181818181818182,0.6,1.6332731670301075,,0,0,,0,0,0,0,0,,,,False,False,False,False,False
2024-10-30,44.7,45.2,43.37,44.17,161725.27,-1.3842375530252249,0.9592103099496898,,,,,,,,,,,,,,,,,,,,,,0.8181818181818182,0.55,1.630010852097951,,0,0,,0,0,0,0,0,,,,False,False,False,False,False
2024-10-31,44.18,44.21,42.47,42.77,235765.44,-3.1695721077654504,1.3983506769092113,,,,,,,,,,,,,,,,,,,,,,0.6666666666666666,0.5,1.6389628390019806,,0,0,,0,0,0,0,0,,,,False,False,False,False,False
2024-11-01,42.37,42.94,41.94,42.16,147109.37,-1.42623334112697,0.8725218043797583,,,,,,,,,,,,,,,,,,,,,,0.5384615384615384,0.45,1.648152162224309,,0,0,,0,0,0,0,0,,,,False,False,False,False,False
2024-11-04,43.23,45.19,42.94,43.67,272563.66,3.5815939278937448,1.6166049547459211,,,,,,,,,,,,,,,,,,,,,,0.5384615384615384,0.45,1.6392201157109316,,0,0,,0,0,0,0,0,,,,True,False,False,False,False
2024-11-05,43.74,44.8,42.44,44.25,280859.45,1.3281428898557213,1.6658081948900096,,,,,,,,,,,,,,,,,,,,,,0.6666666666666666,0.45,1.5894806053909483,,0,0,,0,0,0,0,0,,,,True,False,False,False,False
2024-11-06,44.46,48.67,44.46,47.47,681289.28,7.276836158192079,4.040801424750757,,,,,,,,,,,,,,,,,,,,,,0.8181818181818182,0.5,1.675945297572588,,0,0,,0,0,0,0,0,,,,True,False,True,True,False
2024-11-07,48.13,49.37,46.96,48.94,514850.44,3.0966926479881973,3.0536344142763476,,,,,,,,,,,,,,,,,,,,,,1.0,0.55,1.721734878659517,,0,0,,0,0,0,0,0,,,,True,False,True,True,True
2024-11-08,48.93,53.82,48.47,51.76,473577.02,5.762157744176544,2.8088372345227834,,,,,,,,,,,,,,,,,,,,,,1.2222222222222223,0.6,1.7574803805876578,,0,0,,0,0,0,0,0,,,,True,False,True,True,True
2024-11-11,52.94,56.94,51.96,56.94,400212.97,10.007727975270475,2.373707009421508,,,,,,,,,,,,,,,,,,,,,,1.2222222222222223,0.65,1.73816454764459,,0,0,,0,0,0,0,0,,,,True,False,True,True,True
2024-11-12,58.63,58.63,55.6,56.31,466349.92,-1.1064278187565835,2.7659725119532217,,,,,,,,,,,,,,,,,,,,,,1.2222222222222223,0.65,1.8011598834146212,,0,0,,0,0,0,0,0,,,,False,False,False,False,False
2024-11-13,54.82,55.02,51.09,52.52,505583.14,-6.730598472740191,2.998669041793762,,,,,,,,,,,,,,,,,,,,,,1.0,0.65,1.8836188049658282,,0,0,,0,0,0,0,0,,,,False,False,False,False,False
2024-11-14,52.52,54.69,52.07,52.72,381141.58,0.38080731150036407,2.2605925041059725,,,,,,,,,,,,,,,,,,,,,,1.2222222222222223,0.65,1.9436140727825433,,0,0,,0,0,0,0,0,,,,True,False,False,False,False
2024-11-15,51.1,52.25,50.11,50.2,300723.89,-4.779969650986338,1.7836263667154577,,,,,,,,,,,,,,,,,,,,,,1.0,0.6,1.927018208173898,,0,0,,0,0,0,0,0,,,,False,False,False,False,False
2024-11-18,50.22,51.96,49.63,50.05,218728.88,-0.29880478087650486,1.2973049714478664,,,,,,,,,,,,,,,,,,,,,,1.0,0.6,1.9124700117238997,,0,0,,0,0,0,0,0,,,,False,False,False,False,False
2024-11-19,50.97,52.94,50.63,52.37,284824.35,4.635364635364647,1.6893244515511951,,,,,,,,,,,,,,,,,,,,,,1.0,0.6,1.9193287884438148,,0,0,,0,0,0,0,0,,,,True,False,False,False,False
2024-11-20,51.58,53.44,51.39,51.95,274815.12,-0.8019858697727589,1.629958610884132,,,,,,,,,,,,,,,,,,,,,,1.0,0.55,1.938895516221848,,0,0,,0,0,0,0,0,,,,True,False,False,False,False
2024-11-21,51.45,52.2,50.63,52.2,192276.89,0.4812319538017418,1.1404153182311112,,,,,,,,,,,,,,,,,,,,,,1.2222222222222223,0.55,1.8899094495887954,,0,0,,0,0,0,0,0,,,,True,False,False,False,False
2024-11-22,52.06,54.53,51.82,52.21,365203.27,0.019157088122612187,2.1660606398204822,,,,,,,,,,,,,,,,,,,,,,1.5,0.55,1.9301321860536453,,0,0,,0,0,0,0,0,,,,True,False,False,False,False
2024-11-25,52.59,53.83,50.38,51.78,258935.95,-0.8235970120666569,1.5357775124234907,,,,,,,,,,,,,,,,,,,,,,1.2222222222222223,0.5,1.9563280023991907,,0,0,,0,0,0,0,0,,,,False,False,False,False,False
2024-11-26,50.12,50.13,48.14,48.36,365974.08,-6.6048667439165705,2.1706323984517235,,,,,,,,,,,,,,,,,,,,,,1.2222222222222223,0.5,2.01139051756122,,0,0,,0,0,0,0,0,,,,False,False,False,False,False
2024-11-27,48.24,49.96,47.75,49.81,194868.24,2.9983457402812386,1.1557848992291095,,,,,,,,,,,,,,,,,,,,,,1.5,0.55,2.021219247025191,,0,0,,0,0,0,0,0,,,,True,False,False,False,False
2024-11-28,49.2,49.61,48.24,48.43,147158.68,-2.770528006424422,0.8728142673967229,,,,,,,,,,,,,,,,,,,,,,1.5,0.55,1.9949424265495665,,0,0,,0,0,0,0,0,,,,False,False,False,False,False
2024-11-29,48.63,51.64,48.39,51.39,265452.83,6.11191410282883,1.5744298422956555,,,,,,,,,,,,,,,,,,,,,,1.8571428571428572,0.6,2.0300378284453613,,0,0,,0,0,0,0,0,,,,True,False,False,False,False
2024-12-02,51.39,53.55,50.5,52.11,271182.84,1.4010507880910739,1.60841515991556,,,,,,,,,,,,,,,,,,,,,,1.8571428571428572,0.6,2.0296283387038434,,0,0,,0,0,0,0,0,,,,True,False,False,False,False
2024-12-03,52.37,53.11,51.46,52.09,157560.43,-0.038380349261168956,0.934508187224584,,,,,,,,,,,,,,,,,,,,,,1.5,0.55,1.9930633383205723,,0,0,,0,0,0,0,0,,,,False,False,False,False,False
2024-12-04,51.78,54.32,51.32,52.8,286071.47,1.3630255327317986,1.696721257021017,,,,,,,,,,,,,,,,,,,,,,1.5,0.55,1.875859329934085,,0,0,,0,0,0,0,0,,,,True,False,False,False,False
2024-12-05,52.72,55.1,52.64,53.43,303068.64,1.193181818181821,1.79753333607315,,,,,,,,,,,,,,,,,,,,,,1.5,0.55,1.8130542760239254,,0,0,,0,0,0,0,0,,,,True,False,False,False,False
2024-12-06,53.35,54.21,51.69,53.42,225349.16,-0.018716077110236817,1.3365705780580996,,,,,,,,,,,,,,,,,,,,,,1.5,0.5,1.739440943200691,,0,0,,0,0,0,0,0,,,,True,False,False,False,False
2024-12-09,53.64,54.62,51.97,52.64,281758.87,-1.4601272931486386,1.6711427535336583,,,,,,,,,,,,,,,,,,,,,,1.2222222222222223,0.45,1.7043127304062984,,0,0,,0,0,0,0,0,,,,False,False,False,False,False
2024-12-10,54.04,55.51,52.71,53.72,307808.86,2.0516717325227862,1.8256481006701095,,,,,,,,,,,,,,,,,,,,,,1.2222222222222223,0.5,1.657296509842143,,0,0,,0,0,0,0,0,,,,False,False,False,False,False
2024-12-11,53.52,53.55,51.09,51.64,317587.51,-3.87192851824274,1.8836463460734996,,,,,,,,,,,,,,,,,,,,,,1.2222222222222223,0.5,1.60154537505613,,0,0,,0,0,0,0,0,,,,False,False,False,False,False
2024-12-12,52.27,52.91,51.16,51.81,207350.56,0.32920216886134224,1.2298189078666664,,,,,,,,,,,,,,,,,,,,,,1.0,0.5,1.5500066952441647,,0,0,,0,0,0,0,0,,,,False,False,False,False,False
2024-12-13,51.19,51.81,50.5,50.65,166440.24,-2.238950009650653,0.9871753140279237,,,,,,,,,,,,,,,,,,,,,,1.0,0.5,1.5101841426097877,,0,0,,0,0,0,0,0,,,,False,False,False,False,False
2024-12-16,50.54,50.87,48.63,49.29,240572.05,-2.6850937808489572,1.4268592078760003,,,,,,,,,,,,,,,,,,,,,,1.0,0.5,1.5166618544311947,,0,0,,0,0,0,0,0,,,,False,False,False,False,False
2024-12-17,49.86,50.6,49.04,49.27,184631.67,-0.040576181781282195,1.095070680093648,,,,,,,,,,,,,,,,,,,,,,0.8181818181818182,0.45,1.486949165858317,,0,0,,0,0,0,0,0,,,,False,False,False,False,False
2024-12-18,49.67,49.72,48.65,49.26,128109.87,-0.020296326364943607,0.7598336865371408,,,,,,,,,,,,,,,,,,,,,,0.6666666666666666,0.45,1.4434429196409675,,0,0,,0,0,0,0,0,,,,False,False,False,False,False
2024-12-19,48.61,50.54,48.2,50.16,161389.92,1.8270401948842885,0.9572213123277249,,,,,,,,,,,,,,,,,,,,,,0.6666666666666666,0.45,1.4342832193457984,,0,0,,0,0,0,0,0,,,,True,False,False,False,False
2024-12-20,50.01,51.08,49.76,49.92,135450.87,-0.4784688995215225,0.8033739624961216,,,,,,,,,,,,,,,,,,,,,,0.5384615384615384,0.4,1.3661488854795802,,0,0,,0,0,0,0,0,,,,False,False,False,False,False
2024-12-23,49.64,50.2,48.43,48.52,184719.88,-2.8044871794871806,1.0955938632760946,,,,,,,,,,,,,,,,,,,,,,0.5384615384615384,0.4,1.3441397030222106,,0,0,,0,0,0,0,0,,,,False,False,False,False,False
2024-12-24,48.92,49.47,48.59,49.32,121209.32,1.6488046166529102,0.7189057678246024,,,,,,,,,,,,,,,,,,,,,,0.6666666666666666,0.45,1.2715533714908545,,0,0,,0,0,0,0,0,,,,True,False,False,False,False
2024-12-25,49.68,50.68,49.31,49.53,126526.22,0.42579075425790425,0.7504408847359639,,,,,,,,,,,,,,,,,,,,,,0.5384615384615384,0.45,1.251286170766197,,0,0,,0,0,0,0,0,,,,False,False,False,False,False
2024-12-26,49.52,52.06,49.13,51.35,284507.17,3.6745406824147064,1.687443222191616,,,,,,,,,,,,,,,,,,,,,,0.6666666666666666,0.5,1.2920176185059418,,0,0,,0,0,0,0,0,,,,True,False,True,False,False
2024-12-27,51.09,51.44,49.99,50.14,158845.15,-2.3563777994157764,0.94212800241734,,,,,,,,,,,,,,,,,,,,,,0.5384615384615384,0.45,1.260402526512026,,0,0,,0,0,0,0,0,,,,False,False,False,False,False
2024-12-30,50.14,50.48,49.24,49.39,129058.79,-1.4958117271639426,0.7654618351085882,,,,,,,,,,,,,,,,,,,,,,0.42857142857142855,0.4,1.2182548602716774,,0,0,,0,0,0,0,0,,,,False,False,False,False,False
2024-12-31,49.42,49.71,48.14,48.14,149295.36,-2.5308766956873896,0.8854868818707269,,,,,,,,,,,,,,,,,,,,,,0.42857142857142855,0.4,1.2158037950039846,,0,0,,0,0,0,0,0,,,,False,False,False,False,False
2025-01-02,48.14,48.59,46.37,46.86,198146.64,-2.6589115081013692,1.17522909222873,,,,,,,,,,,,,,,,,,,,,,0.3333333333333333,0.35,1.1897291867643704,,0,0,,0,0,0,0,0,,,,False,False,False,False,False
2025-01-03,46.93,47.12,45.22,45.29,168614.38,-3.3504054630815183,1.00007007307371,,,,,,,,,,,,,,,,,,,,,,0.25,0.3,1.1498560236143982,,0,0,,0,0,0,0,0,,,,False,False,False,False,False
2025-01-06,45.58,46.42,45.39,45.72,133029.17,0.9494369618017195,0.7890103546496746,,,,,,,,,,,,,,,,,,,,,,0.25,0.35,1.122478012443977,,0,0,,0,0,0,0,0,,,,True,False,False,False,False
2025-01-07,46.44,47.12,45.49,46.91,132895.48,2.60279965004373,0.7882174248410235,,,,,,,,,,,,,,,,,,,,,,0.3333333333333333,0.4,1.0783317460093451,,0,0,,0,0,0,0,0,,,,True,False,False,False,False
2025-01-08,46.68,47.29,45.84,47.1,165443.37,0.40503091025367866,0.9812624707659031,,,,,,,,,,,,,,,,,,,,,,0.42857142857142855,0.4,1.036112464514135,,0,0,,0,0,0,0,0,,,,True,False,False,False,False
2025-01-09,47.06,51.25,46.58,50.48,375174.05,7.176220806794054,2.2251977535893426,,,,,,,,,,,,,,,,,,,,,,0.5384615384615384,0.45,1.053190034889927,,0,0,,0,0,0,0,0,,,,True,False,True,False,False
2025-01-10,50.48,55.5,50.23,52.07,616040.58,3.149762282091917,3.6538031208071984,,,,,,,,,,,,,,,,,,,,,,0.6666666666666666,0.45,1.1743892455369536,,0,0,,0,0,0,0,0,,,,True,False,True,True,False
2025-01-13,51.09,54.53,50.97,52.17,464227.62,0.19204916458612775,2.7533840818098345,,,,,,,,,,,,,,,,,,,,,,0.8181818181818182,0.5,1.2626996839260491,,0,0,,0,0,0,0,0,,,,True,False,False,False,False
2025-01-14,51.51,56.99,51.27,56.99,465946.84,9.239026260302863,2.7635809610500854,,,,,,,,,,,,,,,,,,,,,,1.0,0.55,1.3295357715847533,,0,0,,0,0,0,0,0,,,,True,False,True,True,True
2025-01-15,56.05,56.49,54.74,55.27,357232.88,-3.018073346201089,2.1187867393393844,,,,,,,,,,,,,,,,,,,,,,1.0,0.55,1.3807215745470405,,0,0,,0,0,0,0,0,,,,False,False,False,False,False
2025-01-16,55.97,56.04,54.16,54.9,283577.25,-0.6694409263615086,1.6819272539479833,,,,,,,,,,,,,,,,,,,,,,1.0,0.55,1.4268262529175826,,0,0,,0,0,0,0,0,,,,False,False,False,False,False
2025-01-17,55.27,55.27,53.3,54.4,237220.9,-0.910746812386154,1.406982742501626,,,,,,,,,,,,,,,,,,,,,,0.8181818181818182,0.5,1.4493143244262776,,0,0,,0,0,0,0,0,,,,False,False,False,False,False
2025-01-20,55.51,56.76,54.98,55.54,234433.08,2.0955882352941213,1.3904478814113894,,,,,,,,,,,,,,,,,,,,,,1.0,0.55,1.478668020372041,,0,0,,0,0,0,0,0,,,,True,False,False,False,False
2025-01-21,56.5,61.09,55.69,61.09,394604.73,9.992797983435375,2.340443212295011,,,,,,,,,,,,,,,,,,,,,,1.2222222222222223,0.6,1.5409104878229867,,0,0,,0,0,0,0,0,,,,True,False,True,True,True
2025-01-22,62.31,65.49,61.29,63.3,645204.88,3.617613357341609,3.826779729517224,,,,,,,,,,,,,,,,,,,,,,1.2222222222222223,0.6,1.6963041859076178,,0,0,,0,0,0,0,0,,,,True,False,True,True,True
2025-01-23,63.85,64.94,61.9,62.7,384714.58,-0.9478672985781866,2.281783665978677,,,,,,,,,,,,,,,,,,,,,,1.2222222222222223,0.55,1.7728713249697534,,0,0,,0,0,0,0,0,,,,False,False,False,False,False
2025-01-24,62.55,66.81,61.7,64.38,425261.33,2.6794258373205704,2.5222708132516525,,,,,,,,,,,,,,,,,,,,,,1.2222222222222223,0.55,1.8146127045227556,,0,0,,0,0,0,0,0,,,,True,False,False,False,True
2025-01-27,65.35,66.51,63.86,64.52,311915.88,0.21745883814849876,1.8500067248383596,,,,,,,,,,,,,,,,,,,,,,1.2222222222222223,0.6,1.8600066406438063,,0,0,,0,0,0,0,0,,,,False,False,False,False,True
2025-02-05,65.83,69.16,64.04,66.75,455587.02,3.4562926224426693,2.7021357513091933,,,,,,,,,,,,,,,,,,,,,,1.5,0.65,1.9568403364538365,,0,0,,0,0,0,0,0,,,,True,False,False,False,True
2025-02-06,65.83,73.42,65.53,73.42,496030.36,9.992509363295877,2.9420095627192575,,,,,,,,,,,,,,,,,,,,,,1.8571428571428572,0.7,2.0596664704962633,,0,0,,0,0,0,0,0,,,,True,False,True,True,True
2025-02-07,73.59,74.88,70.21,71.93,531404.93,-2.0294197766276167,3.151819952585478,,,,,,,,,,,,,,,,,,,,,,1.8571428571428572,0.7,2.1584960135141005,,0,0,,0,0,0,0,0,,,,False,False,False,False,False
2025-02-10,70.73,71.23,66.81,68.67,587635.52,-4.5321840678437475,3.485329646422254,,,,,,,,,,,,,,,,,,,,,,1.8571428571428572,0.7,2.282758992181528,,0,0,,0,0,0,0,0,,,,False,False,False,False,False
2025-02-11,67.53,69.56,66.97,68.47,355888.73,-0.29124799767001885,2.110814440720951,,,,,,,,,,,,,,,,,,,,,,1.8571428571428572,0.65,2.3488491964850917,,0,0,,0,0,0,0,0,,,,True,False,False,False,False
2025-02-12,66.81,69.1,64.88,68.28,372523.28,-0.27749379290199494,2.209475750830138,,,,,,,,,,,,,,,,,,,,,,1.8571428571428572,0.6,2.419912112784547,,0,0,,0,0,0,0,0,,,,True,False,False,False,False
2025-02-13,68.4,70.35,67.5,67.69,414005.94,-0.8640890451083849,2.455513881252299,,,,,,,,,,,,,,,,,,,,,,1.5,0.55,2.493624683308867,,0,0,,0,0,0,0,0,,,,False,False,False,False,False
2025-02-14,68.52,68.52,66.06,67.52,360552.91,-0.25114492539518585,2.1384781953392045,,,,,,,,,,,,,,,,,,,,,,1.2222222222222223,0.5,2.48928870539636,,0,0,,0,0,0,0,0,,,,False,False,False,False,False
2025-02-17,67.52,69.59,66.67,69.36,418687.7,2.7251184834123254,2.4832819047465797,,,,,,,,,,,,,,,,,,,,47.22666666666667,,1.2222222222222223,0.5,2.430762644593329,,0,0,,0,0,0,0,0,,,,True,False,False,False,False
2025-02-18,69.32,69.63,67.68,67.98,274815.17,-1.9896193771626214,1.6299584124655566,,,,,,,,,,,,,,,,,,,,47.525,,1.0,0.45,2.3745913611261154,,0,0,,0,0,0,0,0,,,,False,False,False,False,False
2025-02-19,68.09,72.57,67.69,71.91,467277.29,5.781112091791685,2.7714720034909552,,,,,,,,,,,,,,,,,,,,47.84616666666667,,1.0,0.45,2.3749859132481586,,0,0,,0,0,0,0,0,,,,True,False,True,False,False
2025-02-20,70.74,73.44,69.92,70.94,360607.28,-1.3489083576693095,2.138800669673084,,,,,,,,,,,,,,,,,,,,48.16166666666666,,1.2222222222222223,0.45,2.3759866097648437,,0,0,,0,0,0,0,0,,,,True,False,False,False,False
2025-02-21,70.71,73.64,70.18,71.87,369066.43,1.3109670143783614,2.188972800654092,,,,,,,,,,,,,,,,,,,,48.48741666666667,,1.5,0.5,2.4013388871001493,,0,0,,0,0,0,0,0,,,,True,False,False,False,False
2025-02-24,71.92,72.96,69.07,70.13,360944.36,-2.421037985251162,2.1407999275076275,,,,,,,,,,,,,,,,,,,,48.80441666666666,,1.5,0.5,2.4380297463504492,,0,0,,0,0,0,0,0,,,,False,False,False,False,False
2025-02-25,68.58,71.41,67.99,70.83,294202.18,0.9981462997290746,1.7449448596913548,,,,,,,,,,,,,,,,,,,,49.128249999999994,,1.5,0.5,2.4557545952644473,,0,0,,0,0,0,0,0,,,,True,False,False,False,False
2025-02-26,69.41,74.87,69.13,71.23,439122.17,0.5647324579980406,2.604480950202386,,,,,,,,,,,,,,,,,,,,49.4625,,1.5,0.5,2.4689564821598164,,0,0,,0,0,0,0,0,,,,True,False,False,False,False
2025-02-27,70.3,71.09,64.52,65.84,700047.66,-7.567036361083812,4.152058172566775,,,,,,,,,,,,,,,,,,,,49.75166666666667,,1.2222222222222223,0.45,2.485220404312294,,0,0,,0,0,0,0,0,,,,False,False,False,False,False
2025-02-28,65.84,65.84,61.9,62.06,529197.21,-5.7411907654920995,3.138725727159828,,,,,,,,,,,,,,,,,,,,50.008916666666664,,1.2222222222222223,0.45,2.528067507371351,,0,0,,0,0,0,0,0,,,,False,False,False,False,False
2025-03-03,62.06,62.88,60.4,60.95,356243.8,-1.7885916854656791,2.112920399185741,,,,,,,,,,,,,,,,,,,,50.2625,,1.0,0.4,2.5075999866680556,,0,0,,0,0,0,0,0,,,,False,False,False,False,False
2025-03-04,60.91,62.65,60.14,61.19,298918.74,0.39376538146020934,1.7729192857388636,,,,,,,,,,,,,,,,,,,,50.51441666666667,,1.2222222222222223,0.4,2.5037456147130808,,0,0,,0,0,0,0,0,,,,True,False,False,False,False
2025-03-05,60.92,62.0,60.49,61.17,249273.08,-0.03268507926130759,1.4784655219258809,,,,,,,,,,,,,,,,,,,,50.75566666666667,,1.2222222222222223,0.35,2.4425621032439153,,0,0,,0,0,0,0,0,,,,True,False,False,False,False
2025-03-06,61.86,62.92,61.6,62.42,373915.15,2.0434853686447596,2.2177310819152396,,,,,,,,,,,,,,,,,,,,51.00025000000001,,1.2222222222222223,0.35,2.4063481792037145,,0,0,,0,0,0,0,0,,,,True,False,False,False,False
2025-03-07,62.19,64.2,61.76,62.81,490446.54,0.624799743671911,2.9088913240765604,,,,,,,,,,,,,,,,,,,,51.263083333333334,,1.5,0.4,2.394201747778269,,0,0,,0,0,0,0,0,,,,True,False,False,False,False
2025-03-10,63.57,64.02,61.45,61.99,319072.85,-1.3055245979939456,1.8924554857974567,,,,,,,,,,,,,,,,,,,,51.50933333333334,,1.5,0.4,2.3145580397470287,,0,0,,0,0,0,0,0,,,,False,False,False,False,False
2025-03-11,59.76,60.56,57.97,58.88,578866.24,-5.01693821584126,3.433318100963298,,,,,,,,,,,,,,,,,,,,51.724666666666664,,1.2222222222222223,0.4,2.380683222759146,,0,0,,0,0,0,0,0,,,,False,False,False,False,False
2025-03-12,59.3,59.38,58.06,58.54,292544.26,-0.5774456521739135,1.7351115573623936,,,,,,,,,,,,,,,,,,,,51.92633333333333,,1.0,0.4,2.356965013085759,,0,0,,0,0,0,0,0,,,,False,False,False,False,False
2025-03-13,58.75,59.04,56.5,56.97,286062.71,-2.6819268875982294,1.646086161960155,,,,,,,,,,,,,,,,,,,,52.11483333333333,,1.0,0.4,2.316493627121152,,0,0,,0,0,0,0,0,,,,False,False,False,False,False
2025-03-14,56.59,62.66,56.31,62.66,581843.06,9.98771283131472,3.3480903872390506,,,,,,,,,,,,,,,,,,,,52.349666666666664,,1.2222222222222223,0.45,2.3769742367161437,,0,0,,0,0,0,0,0,,,,True,False,False,False,False
2025-03-17,62.98,62.98,60.42,60.83,541386.0,-2.920523459942548,3.115288961916639,,,,,,,,,,,,,,,,,,,,52.56674999999999,,1.0,0.4,2.408574589574647,,0,0,,0,0,0,0,0,,,,False,False,False,False,False
2025-03-18,60.96,61.06,59.34,59.74,360324.27,-1.791879007068875,2.073408291019108,,,,,,,,,,,,,,,,,,,,52.76891666666667,,1.0,0.4,2.4307470835023244,,0,0,,0,0,0,0,0,,,,False,False,False,False,False
2025-03-19,59.34,60.16,58.23,58.92,325686.49,-1.3726146635420156,1.874092657258174,,,,,,,,,,,,,,,,,,,,52.97025,,0.8181818181818182,0.35,2.3858781161906855,,0,0,,0,0,0,0,0,,,,False,False,False,False,False
2025-03-20,59.18,61.93,58.27,60.26,570190.22,2.274270196877115,3.2810366329362415,,,,,,,,,,,,,,,,,,,,53.18533333333333,,0.8181818181818182,0.4,2.442989914353843,,0,0,,0,0,0,0,0,,,,True,False,False,False,False
2025-03-21,59.45,60.39,57.13,57.48,434008.77,-4.613342183869895,2.4974098527779023,,,,,,,,,,,,,,,,,,,,53.37283333333333,,0.6666666666666666,0.35,2.4584117669600336,,0,0,,0,0,0,0,0,,,,False,False,False,False,False
2025-03-24,57.49,58.8,56.79,58.12,309002.45,1.1134307585247027,1.778087947767763,,,,,,,,,,,,,,,,,,,,53.564499999999995,,0.8181818181818182,0.4,2.4402761679730407,,0,0,,0,0,0,0,0,,,,True,False,False,False,False
2025-03-25,59.27,59.61,56.57,56.92,331914.33,-2.0646937370956575,1.9099294192146763,,,,,,,,,,,,,,,,,,,,53.74058333333333,,0.6666666666666666,0.35,2.448525395949207,,0,0,,0,0,0,0,0,,,,False,False,False,False,False
2025-03-26,56.53,58.95,56.52,57.65,278576.38,1.2825017568517172,1.6030076907505828,,,,,,,,,,,,,,,,,,,,53.92308333333333,,0.6666666666666666,0.35,2.3984517329766164,,0,0,,0,0,0,0,0,,,,True,False,False,False,False
2025-03-27,57.0,59.72,56.59,58.55,405372.07,1.561144839548989,2.332626139464816,,,,,,,,,,,,,,,,,,,,54.10491666666667,,0.8181818181818182,0.4,2.307480131321518,,0,0,,0,0,0,0,0,,,,True,False,False,False,False
2025-03-28,58.36,58.8,57.74,58.0,208283.78,-0.9393680614859012,1.1985240859207176,,,,,,,,,,,,,,,,,,,,54.28066666666667,,0.8181818181818182,0.4,2.2104700492595635,,0,0,,0,0,0,0,0,,,,False,False,False,False,False
2025-03-31,57.41,58.17,55.34,56.76,324949.75,-2.137931034482765,1.869853245840438,,,,,,,,,,,,,,,,,,,,54.42658333333334,,0.8181818181818182,0.4,2.1983166915922974,,0,0,,0,0,0,0,0,,,,False,False,False,False,False
2025-04-01,57.06,57.55,56.25,56.38,176017.57,-0.6694855532064725,1.0128551401853563,,,,,,,,,,,,,,,,,,,,54.55216666666667,,0.6666666666666666,0.35,2.1603134843146226,,0,0,,0,0,0,0,0,,,,False,False,False,False,False
2025-04-02,56.42,57.76,56.42,57.42,239517.48,1.8446257538134114,1.3782516755699064,,,,,,,,,,,,,,,,,,,,54.65191666666667,,0.6666666666666666,0.4,2.1553027919968235,,0,0,,0,0,0,0,0,,,,True,False,False,False,False
2025-04-03,56.59,58.15,55.51,55.62,261106.07,-3.1347962382445194,1.5024785601408852,,,,,,,,,,,,,,,,,,,,54.70933333333333,,0.5384615384615384,0.35,2.119540165908106,,0,0,,0,0,0,0,0,,,,False,False,False,False,False
2025-04-07,50.11,51.11,50.06,50.06,127935.0,-9.996404171161444,0.7361743623640161,,,,,,,,,,,,,,,,,,,,54.73383333333333,,0.42857142857142855,0.3,2.0109043178224786,,0,0,,0,0,0,0,0,,,,False,False,False,False,False
2025-04-08,47.55,48.04,45.06,45.06,508778.61,-9.988014382740706,2.9276567694626205,,,,,,,,,,,,,,,,,,,,54.728,,0.42857142857142855,0.3,2.0626643820057367,,0,0,,0,0,0,0,0,,,,False,False,False,False,False
2025-04-09,42.74,45.37,41.69,44.75,751275.62,-0.6879715934309805,4.323053507743236,,,,,,,,,,,,,,,,,,,,54.736,,0.5384615384615384,0.3,2.1071511523447337,,0,0,,0,0,0,0,0,,,,True,False,False,False,False
2025-04-10,48.04,49.23,47.32,47.35,575476.27,5.810055865921782,3.3114540674785817,,,,,,,,,,,,,,,,,,,,54.77108333333333,,0.5384615384615384,0.35,2.185968277850543,,0,0,,0,0,0,0,0,,,,False,False,False,False,False
2025-04-11,47.06,49.5,46.64,48.67,405300.4,2.7877507919746636,2.332213729908787,,,,,,,,,,,,,,,,,,,,54.83233333333333,,0.6666666666666666,0.4,2.2202746562479745,,0,0,,0,0,0,0,0,,,,True,False,False,False,False
2025-04-14,49.83,49.85,48.01,48.21,292595.42,-0.9451407437846782,1.6836772325722553,,,,,,,,,,,,,,,,,,,,54.89358333333333,,0.5384615384615384,0.35,2.1370539985146353,,0,0,,0,0,0,0,0,,,,False,False,False,False,False
2025-04-15,49.13,50.32,47.47,47.71,308703.13,-1.0371292263015919,1.7763655753900494,,,,,,,,,,,,,,,,,,,,54.94983333333333,,0.5384615384615384,0.35,2.0701078291883057,,0,0,,0,0,0,0,0,,,,False,False,False,False,False
2025-04-16,48.08,48.08,45.22,46.05,350379.32,-3.4793544330329107,2.016182221335346,,,,,,,,,,,,,,,,,,,,54.964333333333336,,0.5384615384615384,0.35,2.0672465257041175,,0,0,,0,0,0,0,0,,,,False,False,False,False,False
2025-04-17,45.94,46.95,45.83,46.1,189541.73,0.10857763300760048,1.090677001790929,,,,,,,,,,,,,,,,,,,,54.98875,,0.6666666666666666,0.4,2.0280757429307554,,0,0,,0,0,0,0,0,,,,True,False,False,False,False
2025-04-18,46.28,46.45,45.67,46.13,117487.35,0.065075921908897,0.6760556139609019,,,,,,,,,,,,,,,,,,,,55.007333333333335,,0.5384615384615384,0.4,1.8978266919819884,,0,0,,0,0,0,0,0,,,,False,False,False,False,False
2025-04-21,45.78,49.67,45.59,49.25,357411.06,6.763494472143927,2.0566448524434056,,,,,,,,,,,,,,,,,,,,55.04933333333334,,0.6666666666666666,0.45,1.8757884419652637,,0,0,,0,0,0,0,0,,,,True,False,False,False,False
2025-04-22,49.03,49.24,48.07,48.1,215630.96,-2.3350253807106536,1.2408018484694623,,,,,,,,,,,,,,,,,,,,55.07675,,0.5384615384615384,0.4,1.8489241370003484,,0,0,,0,0,0,0,0,,,,False,False,False,False,False
2025-04-23,50.11,51.2,49.47,50.88,497408.94,5.7796257796257855,2.8622324558460246,,,,,,,,,,,,,,,,,,,,55.120999999999995,,0.6666666666666666,0.45,1.896539288831916,,0,0,,0,0,0,0,0,,,,True,False,True,True,False
2025-04-24,50.89,51.16,49.87,50.07,280329.36,-1.5919811320754707,1.6130948360488742,,,,,,,,,,,,,,,,,,,,55.15841666666666,,0.5384615384615384,0.4,1.8970436460968305,,0,0,,0,0,0,0,0,,,,False,False,False,False,False
2025-04-25,50.3,51.29,49.62,50.41,278168.77,0.6790493309366763,1.6006621869256468,,,,,,,,,,,,,,,,,,,,55.20525,,0.5384615384615384,0.4,1.860445448469872,,0,0,,0,0,0,0,0,,,,True,False,False,False,False
2025-04-28,50.41,51.19,49.63,49.73,221658.03,-1.3489387026383692,1.2754833227663573,,,,,,,,,,,,,,,,,,,,55.25158333333333,,0.5384615384615384,0.4,1.8642934103121536,,0,0,,0,0,0,0,0,,,,False,False,False,False,False
2025-04-29,49.77,50.99,49.45,50.49,211677.31,1.5282525638447675,1.218051422333061,,,,,,,,,,,,,,,,,,,,55.315916666666666,,0.6666666666666666,0.45,1.831703319136785,,0,0,,0,0,0,0,0,,,,True,False,False,False,False
2025-04-30,48.85,51.62,48.63,51.34,486251.54,1.683501683501687,2.7980296041585246,,,,,,,,,,,,,,,,,,,,55.39241666666667,,0.8181818181818182,0.5,1.9209620423354437,,0,0,,0,0,0,0,0,,,,True,False,True,True,False
2025-05-06,52.07,53.21,51.92,52.48,355915.24,2.220490845344747,2.048037478896594,,,,,,,,,,,,,,,,,,,,55.465833333333336,,0.8181818181818182,0.5,1.9544513325017778,,0,0,,0,0,0,0,0,,,,True,False,True,True,False
2025-05-07,54.04,54.58,50.94,51.53,325977.87,-1.810213414634143,1.875769340618518,,,,,,,,,,,,,,,,,,,,55.526500000000006,,0.8181818181818182,0.5,1.9731158715256594,,0,0,,0,0,0,0,0,,,,False,False,False,False,False
2025-05-08,51.1,51.86,50.77,51.46,216198.33,-0.13584319813700896,1.24406665675472,,,,,,,,,,,,,,,,,,,,55.55975,,1.0,0.5,1.9985104862451948,,0,0,,0,0,0,0,0,,,,True,False,False,False,False
2025-05-09,51.48,51.55,49.62,49.99,231109.71,-2.8565876408861213,1.3298709766317478,,,,,,,,,,,,,,,,,,,,55.5685,,1.0,0.5,1.9186211966036513,,0,0,,0,0,0,0,0,,,,False,False,False,False,False
2025-05-12,52.07,52.72,51.5,52.59,436078.7,5.2010402080416185,2.5093208184861773,,,,,,,,,,,,,,,,,,,,55.57541666666667,,1.0,0.55,1.827934562140798,,0,0,,0,0,0,0,0,,,,True,False,False,False,False
2025-05-13,53.65,54.03,52.18,52.35,379521.42,-0.456360524814603,2.1838741499354044,,,,,,,,,,,,,,,,,,,,55.537166666666664,,1.0,0.5,1.7715555662636393,,0,0,,0,0,0,0,0,,,,False,False,False,False,False
2025-05-14,52.84,52.86,51.65,52.43,229626.75,0.1528175740210136,1.3213376031810788,,,,,,,,,,,,,,,,,,,,55.50483333333333,,0.8181818181818182,0.5,1.7210117599272539,,0,0,,0,0,0,0,0,,,,False,False,False,False,False
2025-05-15,52.3,52.43,50.28,50.54,241154.06,-3.604806408544725,1.3876690221752739,,,,,,,,,,,,,,,,,,,,55.48833333333333,,0.8181818181818182,0.5,1.7062113494074047,,0,0,,0,0,0,0,0,,,,False,False,False,False,False
2025-05-16,50.12,52.9,50.11,51.7,350338.85,2.2952117134942718,2.015949345449585,,,,,,,,,,,,,,,,,,,,55.47983333333333,,1.0,0.55,1.7181905379103815,,0,0,,0,0,0,0,0,,,,True,False,False,False,False
2025-05-19,51.58,51.68,49.82,50.22,238893.87,-2.862669245647975,1.3746632463354214,,,,,,,,,,,,,,,,,,,,55.48,,1.0,0.55,1.6861145891603855,,0,0,,0,0,0,0,0,,,,False,False,False,False,False
2025-05-20,50.21,51.06,49.03,50.63,205209.17,0.8164078056551283,1.1808319058584358,,,,,,,,,,,,,,,,,,,,55.484833333333334,,1.0,0.55,1.6906223343637605,,0,0,,0,0,0,0,0,,,,True,False,False,False,False
2025-05-21,50.44,50.71,49.47,50.18,191710.42,-0.8888011060636081,1.1031562606170142,,,,,,,,,,,,,,,,,,,,55.46658333333334,,1.0,0.5,1.7119773666965663,,0,0,,0,0,0,0,0,,,,False,False,False,False,False
2025-05-22,49.91,50.76,49.65,49.96,149761.44,-0.4384216819450004,0.8617699034565743,,,,,,,,,,,,,,,,,,,,55.45,,1.0,0.45,1.6522336192472244,,0,0,,0,0,0,0,0,,,,True,False,False,False,False
2025-05-23,49.86,52.26,49.72,50.43,375918.47,0.9407526020816626,2.1631417513042286,,,,,,,,,,,,,,,,,,,,55.435249999999996,,1.2222222222222223,0.5,1.698350614388963,,0,0,,0,0,0,0,0,,,,True,False,False,False,False
2025-05-26,50.5,50.69,49.22,49.37,221070.28,-2.1019234582589807,1.2721012421669948,,,,,,,,,,,,,,,,,,,,55.411583333333326,,1.0,0.45,1.6188440537050117,,0,0,,0,0,0,0,0,,,,False,False,False,False,False
2025-05-27,49.17,49.35,48.15,48.22,172950.59,-2.3293498075754426,0.9952068653123098,,,,,,,,,,,,,,,,,,,,55.38191666666667,,1.0,0.45,1.5879496551681833,,0,0,,0,0,0,0,0,,,,False,False,False,False,False
2025-05-28,48.61,48.83,48.03,48.08,133508.53,-0.2903359601824973,0.768246038557917,,,,,,,,,,,,,,,,,,,,55.379583333333336,,0.8181818181818182,0.4,1.546328847749797,,0,0,,0,0,0,0,0,,,,False,False,False,False,False
2025-05-29,48.54,50.38,48.36,49.71,259485.65,3.3901830282861978,1.4931542027698614,,,,,,,,,,,,,,,,,,,,55.37875,,1.0,0.45,1.557212391749972,,0,0,,0,0,0,0,0,,,,True,False,False,False,False
2025-05-30,49.51,49.53,48.41,48.44,150850.74,-2.554817944075649,0.8680380453483407,,,,,,,,,,,,,,,,,,,,55.37883333333333,,0.8181818181818182,0.4,1.539711722900736,,0,0,,0,0,0,0,0,,,,False,False,False,False,False
2025-06-03,48.45,48.62,47.51,47.61,200902.54,-1.7134599504541659,1.1560503324485967,,,,,,,,,,,,,,,,,,,,55.34733333333334,,0.6666666666666666,0.35,1.4576127593152397,,0,0,,0,0,0,0,0,,,,False,False,False,False,False
2025-06-04,47.63,48.49,47.4,48.17,132973.98,1.176223482461669,0.7651700858834989,,,,,,,,,,,,,,,,,,,,55.314499999999995,,0.6666666666666666,0.35,1.393469389664585,,0,0,,0,0,0,0,0,,,,True,False,False,False,False
2025-06-05,48.29,49.28,47.69,49.13,193274.97,1.9929416649366871,1.112159126124003,,,,,,,,,,,,,,,,,,,,55.289833333333334,,0.8181818181818182,0.4,1.355288878939859,,0,0,,0,0,0,0,0,,,,True,False,False,False,False
2025-06-06,47.95,47.95,44.7,47.31,361634.54,-3.7044575615713393,2.0809479571134113,,,,,,,,,,,,,,,,,,,,55.244083333333336,,0.6666666666666666,0.4,1.3971329439577937,,0,0,,0,0,0,0,0,,,,False,False,False,False,False
2025-06-09,47.12,47.3,46.53,46.75,282809.72,-1.1836820968082917,1.6273675326638208,,,,,,,,,,,,,,,,,,,,55.18841666666666,,0.6666666666666666,0.4,1.4120077717593973,,0,0,,0,0,0,0,0,,,,False,False,False,False,False
2025-06-10,47.16,47.31,45.84,46.33,191945.75,-0.8983957219251382,1.104510416342149,,,,,,,,,,,,,,,,,,,,55.12933333333333,,0.5384615384615384,0.35,1.341767251652196,,0,0,,0,0,0,0,0,,,,False,False,False,False,False
2025-06-11,46.91,47.41,46.68,47.16,212932.49,1.7914957910641016,1.2252740849050865,,,,,,,,,,,,,,,,,,,,55.083666666666666,,0.6666666666666666,0.4,1.2938372484006802,,0,0,,0,0,0,0,0,,,,True,False,False,False,False
2025-06-12,46.96,47.7,46.7,47.15,164584.75,-0.021204410517383643,0.9470674435149958,,,,,,,,,,,,,,,,,,,,55.02891666666667,,0.8181818181818182,0.35,1.275123740417376,,0,0,,0,0,0,0,0,,,,True,False,False,False,False
2025-06-13,46.78,47.23,45.91,46.09,244427.3,-2.2481442205726343,1.4065041757287533,,,,,,,,,,,,,,,,,,,,54.98266666666667,,0.8181818181818182,0.35,1.27606549809505,,0,0,,0,0,0,0,0,,,,False,False,False,False,False
2025-06-16,45.98,46.43,45.73,46.1,147612.86,0.02169668040790107,0.8494063632878319,,,,,,,,,,,,,,,,,,,,54.93508333333333,,0.8181818181818182,0.35,1.2177383489869622,,0,0,,0,0,0,0,0,,,,True,False,False,False,False
2025-06-17,45.49,45.82,44.82,44.98,204714.54,-2.4295010845987064,1.177985664213412,,,,,,,,,,,,,,,,,,,,54.88783333333333,,0.8181818181818182,0.35,1.2079044698808619,,0,0,,0,0,0,0,0,,,,False,False,False,False,False
2025-06-18,44.8,46.68,44.22,46.0,271640.43,2.2676745220097994,1.563096262535953,,,,,,,,,,,,,,,,,,,,54.860416666666666,,0.8181818181818182,0.35,1.2270176877147376,,0,0,,0,0,0,0,0,,,,True,False,False,False,False
2025-06-19,46.1,47.82,45.89,46.5,341988.85,1.0869565217391353,1.967901071515638,,,,,,,,,,,,,,,,,,,,54.83733333333334,,1.0,0.4,1.270254928259669,,0,0,,0,0,0,0,0,,,,True,False,False,False,False
2025-06-20,46.16,46.49,44.88,45.04,171809.55,-3.139784946236557,0.9886409967506822,,,,,,,,,,,,,,,,,,,,54.80216666666667,,0.8181818181818182,0.4,1.2765984829243742,,0,0,,0,0,0,0,0,,,,False,False,False,False,False
2025-06-23,44.36,44.84,43.4,43.83,272568.47,-2.6865008880994745,1.5684364685409422,,,,,,,,,,,,,,,,,,,,54.74941666666667,,0.6666666666666666,0.35,1.2468632187862099,,0,0,,0,0,0,0,0,,,,False,False,False,False,False
2025-06-24,44.68,46.87,44.68,46.78,386007.05,6.730549851699763,2.221194308842497,,,,,,,,,,,,,,,,,,,,54.72325,,0.8181818181818182,0.4,1.294317872119985,,0,0,,0,0,0,0,0,,,,True,False,False,False,False
2025-06-25,46.81,47.57,46.26,47.54,238549.99,1.624625908507915,1.3726844630491453,,,,,,,,,,,,,,,,,,,,54.71508333333333,,1.0,0.45,1.3131917520068268,,0,0,,0,0,0,0,0,,,,True,False,False,False,False
2025-06-26,47.46,47.72,46.56,46.69,209257.82,-1.7879680269247022,1.2041289890036662,,,,,,,,,,,,,,,,,,,,54.69316666666667,,1.0,0.45,1.3349858995291144,,0,0,,0,0,0,0,0,,,,False,False,False,False,False
2025-06-27,47.78,47.96,46.3,46.4,233941.75,-0.6211180124223614,1.3461673399505376,,,,,,,,,,,,,,,,,,,,54.66708333333334,,0.8181818181818182,0.4,1.327636556388148,,0,0,,0,0,0,0,0,,,,False,False,False,False,False
2025-06-30,46.52,47.38,46.27,46.93,187681.06,1.142241379310338,1.0799701776159976,,,,,,,,,,,,,,,,,,,,54.630250000000004,,1.0,0.45,1.3382331630015307,,0,0,,0,0,0,0,0,,,,True,False,False,False,False
2025-07-01,46.68,46.87,46.07,46.19,172011.42,-1.5768165352652908,0.9898026141230232,,,,,,,,,,,,,,,,,,,,54.59733333333333,,1.0,0.45,1.3299207770852521,,0,0,,0,0,0,0,0,,,,False,False,False,False,False
2025-07-02,45.69,45.84,44.75,45.01,235631.45,-2.554665512015586,1.3558903541381055,,,,,,,,,,,,,,,,,,,,54.560833333333335,,0.8181818181818182,0.4,1.3594567904979826,,0,0,,0,0,0,0,0,,,,False,False,False,False,False
2025-07-03,45.22,45.86,44.82,44.95,191713.93,-0.13330371028659194,1.1031764581549193,,,,,,,,,,,,,,,,,,,,54.53425,,0.6666666666666666,0.35,1.3590076570995284,,0,0,,0,0,0,0,0,,,,False,False,False,False,False
2025-07-04,45.04,45.26,44.43,44.59,169314.19,-0.8008898776418194,0.9742819858711835,,,,,,,,,,,,,,,,,,,,54.51533333333334,,0.6666666666666666,0.35,1.303674358537417,,0,0,,0,0,0,0,0,,,,False,False,False,False,False
2025-07-07,44.28,44.3,43.27,43.51,225258.4,-2.4220677281901914,1.29620087534403,,,,,,,,,,,,,,,,,,,,54.5005,,0.6666666666666666,0.35,1.2871160256714274,,0,0,,0,0,0,0,0,,,,False,False,False,False,False
2025-07-08,43.35,44.13,43.15,44.02,169215.45,1.1721443346357274,0.9737138078390593,,,,,,,,,,,,,,,,,,,,54.48633333333333,,0.8181818181818182,0.4,1.2805761952462729,,0,0,,0,0,0,0,0,,,,True,False,False,False,False
2025-07-09,44.37,44.88,43.58,43.61,185380.98,-0.9313948205361244,1.0667348633752798,,,,,,,,,,,,,,,,,,,,54.45883333333334,,0.6666666666666666,0.35,1.2726492341697826,,0,0,,0,0,0,0,0,,,,False,False,False,False,False
2025-07-10,43.6,43.77,43.01,43.04,215785.2,-1.3070396698005027,1.2416893892804288,,,,,,,,,,,,,,,,,,,,54.425,,0.5384615384615384,0.35,1.287380331458054,,0,0,,0,0,0,0,0,,,,False,False,False,False,False
2025-07-11,43.22,44.51,43.16,43.86,305469.73,1.9052044609665364,1.7577596725232199,,,,,,,,,,,,,,,,,,,,54.36983333333333,,0.6666666666666666,0.4,1.3049431062977777,,0,0,,0,0,0,0,0,,,,True,False,False,False,False
2025-07-14,44.1,44.46,43.7,44.31,233579.43,1.0259917920656614,1.3440824476617057,,,,,,,,,,,,,,,,,,,,54.305166666666665,,0.6666666666666666,0.4,1.3296769105164714,,0,0,,0,0,0,0,0,,,,True,False,False,False,False
2025-07-15,44.46,46.86,44.31,46.39,515360.14,4.694199954863465,2.965528764234416,,,,,,,,,,,,,,,,,,,,54.25699999999999,,0.8181818181818182,0.45,1.4190540655175217,,0,0,,0,0,0,0,0,,,,True,False,True,False,False
2025-07-16,46.48,49.46,46.43,48.02,632238.5,3.5136882948911374,3.6380800765973498,,,,,,,,,,,,,,,,,,,,54.182249999999996,,0.8181818181818182,0.45,1.5228032562205913,,0,0,,0,0,0,0,0,,,,True,False,True,True,False
2025-07-17,47.83,48.92,47.71,48.79,407699.35,1.60349854227404,2.3460179702385884,,,,,,,,,,,,,,,,,,,,54.12825,,0.8181818181818182,0.45,1.541709101156739,,0,0,,0,0,0,0,0,,,,True,False,False,False,False
2025-07-18,48.95,48.97,48.26,48.62,276715.91,-0.34843205574913716,1.5923020174325124,,,,,,,,,,,,,,,,,,,,54.075916666666664,,0.8181818181818182,0.45,1.5718921521908302,,0,0,,0,0,0,0,0,,,,False,False,False,False,False
2025-07-21,49.08,49.96,48.35,48.83,342629.66,0.43192102015632283,1.9715884744401426,,,,,,,,,,,,,,,,,,,,54.0295,,0.8181818181818182,0.5,1.5920497524857904,,0,0,,0,0,0,0,0,,,,False,False,False,False,False
2025-07-22,48.55,48.8,47.83,48.07,269612.99,-1.5564202334630295,1.5514297963677324,,,,,,,,,,,,,,,,,,,,53.96725,,0.6666666666666666,0.45,1.5585615268620523,,0,0,,0,0,0,0,0,,,,False,False,False,False,False
2025-07-23,47.76,48.29,47.45,47.8,188888.16,-0.561680882047022,1.0869161741987121,,,,,,,,,,,,,,,,,,,,53.8565,,0.6666666666666666,0.4,1.5442731124195306,,0,0,,0,0,0,0,0,,,,True,False,False,False,False
2025-07-24,47.58,49.15,47.48,48.57,272653.12,1.6108786610878667,1.5689235687072307,,,,,,,,,,,,,,,,,,,,53.73375,,0.8181818181818182,0.45,1.562512841404709,,0,0,,0,0,0,0,0,,,,True,False,False,False,False
2025-07-25,48.08,48.11,46.48,46.84,426799.96,-3.5618694667490125,2.455928310548228,,,,,,,,,,,,,,,,,,,,53.60158333333333,,0.8181818181818182,0.45,1.6180008899345932,,0,0,,0,0,0,0,0,,,,False,False,False,False,False
2025-07-28,47.26,48.58,47.18,47.34,294537.84,1.0674637062339842,1.694854469488995,,,,,,,,,,,,,,,,,,,,53.45958333333333,,0.8181818181818182,0.45,1.648745104528243,,0,0,,0,0,0,0,0,,,,True,False,False,False,False
2025-07-29,47.5,47.95,47.07,47.27,213063.82,-0.1478664976763855,1.2260297950626606,,,,,,,,,,,,,,,,,,,,53.31583333333334,,0.8181818181818182,0.45,1.6605564635752248,,0,0,,0,0,0,0,0,,,,False,False,False,False,False
2025-07-30,47.07,47.16,45.99,46.25,251255.93,-2.1578167971229134,1.4457980541519355,,,,,,,,,,,,,,,,,,,,53.145,,0.8181818181818182,0.45,1.6650518485759165,,0,0,,0,0,0,0,0,,,,False,False,False,False,False
2025-07-31,46.25,47.05,45.59,45.73,273739.34,-1.1243243243243328,1.5751739874033424,,,,,,,,,,,,,,,,,,,,52.91425,,0.8181818181818182,0.45,1.6886517250383377,,0,0,,0,0,0,0,0,,,,False,False,False,False,False
2025-08-01,45.73,46.55,45.0,45.39,209840.6,-0.7434944237918129,1.2074824708100407,,,,,,,,,,,,,,,,,,,,52.693083333333334,,0.8181818181818182,0.45,1.7003117492852802,,0,0,,0,0,0,0,0,,,,False,False,False,False,False
2025-08-04,45.09,47.01,44.89,47.0,295584.44,3.5470367922449952,1.7008769034410034,,,,,,,,,,,,,,,,,,,,52.5125,,1.0,0.5,1.720545550690129,,0,0,,0,0,0,0,0,,,,True,False,False,False,False
2025-08-05,47.18,47.25,46.25,46.74,213395.82,-0.5531914893616929,1.2279402174514116,,,,,,,,,,,,,,,,,,,,52.33141666666666,,0.8181818181818182,0.45,1.7332568711707466,,0,0,,0,0,0,0,0,,,,False,False,False,False,False
2025-08-06,46.79,48.33,46.48,47.7,407558.8,2.0539152759948776,2.345209205579736,,,,,,,,,,,,,,,,,,,,52.15991666666666,,1.0,0.5,1.7971805882809697,,0,0,,0,0,0,0,0,,,,True,False,True,False,False
2025-08-07,47.87,48.22,46.86,47.48,271715.8,-0.4612159329140608,1.5635299629439052,,,,,,,,,,,,,,,,,,,,51.9915,,1.0,0.5,1.8132726169641433,,0,0,,0,0,0,0,0,,,,False,False,False,False,False
2025-08-08,47.22,47.3,46.27,46.3,226662.12,-2.4852569502948563,1.3042782793064922,,,,,,,,,,,,,,,,,,,,51.81466666666667,,0.8181818181818182,0.45,1.790598547303307,,0,0,,0,0,0,0,0,,,,False,False,False,False,False
2025-08-11,46.33,46.84,46.29,46.36,222875.18,0.12958963282938551,1.282487149906322,,,,,,,,,,,,,,,,,,,,51.623000000000005,,0.8181818181818182,0.45,1.7875187824155379,,0,0,,0,0,0,0,0,,,,True,False,False,False,False
2025-08-12,46.72,47.78,46.72,46.99,308485.31,1.3589301121656572,1.775112177183068,,,,,,,,,,,,,,,,,,,,51.44808333333333,,0.8181818181818182,0.45,1.7279979530629705,,0,0,,0,0,0,0,0,,,,True,False,False,False,False
2025-08-13,47.03,47.79,46.56,47.63,356065.36,1.3619919131730107,2.0489013120562305,,,,,,,,,,,,,,,,,,,,51.24575,,0.8181818181818182,0.45,1.6485390148359145,,0,0,,0,0,0,0,0,,,,True,False,False,False,False
2025-08-14,47.66,47.92,46.1,46.49,376751.89,-2.3934495066134764,2.167937486928424,,,,,,,,,,,,,,,,,,,,51.042,,0.6666666666666666,0.4,1.639634990670406,,0,0,,0,0,0,0,0,,,,False,False,False,False,False
2025-08-15,46.3,48.74,46.27,48.52,592334.13,4.366530436653049,3.408458986666621,,,,,,,,,,,,,,,,,,,,50.84741666666667,,0.8181818181818182,0.45,1.7304428391321118,,0,0,,0,0,0,0,0,,,,True,False,True,True,False
2025-08-18,48.77,50.01,48.07,49.47,562360.09,1.957955482275331,3.2359798387831376,,,,,,,,,,,,,,,,,,,,50.675250000000005,,1.0,0.45,1.7936624073492613,,0,0,,0,0,0,0,0,,,,True,False,True,True,True
2025-08-19,49.54,54.42,48.94,54.42,1102592.05,10.006064281382665,6.3446281264422035,,,,,,,,,,,,,,,,,,,,50.538500000000006,,1.2222222222222223,0.5,2.033322323852985,,0,0,,0,0,0,0,0,,,,True,False,True,True,True
2025-08-20,53.85,54.53,53.33,54.53,754923.07,0.2021315692759984,4.344041972025916,,,,,,,,,,,,,,,,,,,,50.39933333333333,,1.2222222222222223,0.55,2.1961786137443453,,0,0,,0,0,0,0,0,,,,True,False,True,True,True
2025-08-21,54.63,57.65,53.36,55.57,790986.19,1.9072070419952292,4.551559417375952,,,,,,,,,,,,,,,,,,,,50.31375,,1.2222222222222223,0.55,2.345310406177781,,0,0,,0,0,0,0,0,,,,True,False,True,True,True
2025-08-22,55.62,58.88,55.62,58.4,651275.56,5.092675904264898,3.7476247321395038,,,,,,,,,,,,,,,,,,,,50.28325,,1.5,0.6,2.409895227257345,,0,0,,0,0,0,0,0,,,,True,False,True,True,True
2025-08-25,58.8,60.79,57.61,58.18,615249.9,-0.3767123287671259,3.5403228422794752,,,,,,,,,,,,,,,,,,,,50.26016666666667,49.52864,1.2222222222222223,0.55,2.502168645896869,,0,0,,0,0,0,0,0,,,,False,False,False,False,False
2025-08-26,57.61,59.82,57.41,58.86,437528.92,1.168786524578902,2.5176657966687506,,,,,,,,,,,,,,,,,,,,50.240750000000006,49.63536,1.5,0.6,2.5667504459771733,,0,0,,0,0,0,0,0,,,,True,False,False,False,True
2025-08-27,58.89,61.53,57.61,57.62,553805.46,-2.106693849813124,3.186754065652172,,,,,,,,,,,,,,,,,,,,50.21116666666667,49.73236,1.5,0.6,2.6537982465521854,,0,0,,0,0,0,0,0,,,,False,False,False,False,False
2025-08-28,57.41,58.85,56.37,58.29,552950.26,1.1627906976744207,3.1818330017158467,,,,,,,,,,,,,,,,,,,,50.17675,49.833200000000005,1.8571428571428572,0.65,2.7341311972678106,,0,0,,0,0,0,0,0,,,,True,False,False,False,False
2025-08-29,59.54,64.12,58.29,62.19,858782.81,6.6906845084920175,4.941680443670051,,,,,,,,,,,,,,,,,,,,50.17158333333334,49.95084000000001,2.3333333333333335,0.7,2.920841095910811,,0,0,,0,0,0,0,0,,,,True,False,True,True,True
2025-09-01,62.87,64.06,60.7,61.09,494034.72,-1.7687731146486474,2.8428162346635806,,,,,,,,,,,,,,,,,,,,50.16408333333333,50.06684,1.8571428571428572,0.65,2.9779380624719396,,0,0,,0,0,0,0,0,,,,False,False,False,False,False
2025-09-02,61.66,67.2,60.41,67.2,880702.0,10.001636929120972,5.067809694631756,,,,,,,,,,,,,,,,,,,,50.23341666666667,50.20776,2.3333333333333335,0.7,3.169931536330957,,0,0,,0,0,0,0,0,,,,True,False,True,True,True
2025-09-03,70.5,70.5,62.56,64.56,1024478.77,-3.9285714285714257,5.895142105445902,,,,,,,,,,,,,,,,,,,,50.28358333333334,50.341519999999996,1.8571428571428572,0.65,3.3474281813242657,,0,0,,0,0,0,0,0,,,,False,False,False,False,False
2025-09-04,64.46,65.28,60.09,61.36,743972.47,-4.956629491945486,4.281029106332372,,,,,,,,,,,,,,,,,,,,50.320166666666665,50.4624,1.8571428571428572,0.65,3.4833031384936888,,0,0,,0,0,0,0,0,,,,False,False,False,False,False
2025-09-05,60.59,63.51,60.39,62.96,521149.97,2.6075619295958363,2.998845092123157,,,,,,,,,,,,,,,,,,,,50.32266666666667,50.58948,2.3333333333333335,0.7,3.5680314791345227,,0,0,,0,0,0,0,0,,,,True,False,False,False,False
2025-09-08,65.53,69.26,65.46,67.73,867324.01,7.576238881829744,4.990828936762821,,,,,,,,,,,,,,,,,,,,50.380166666666675,50.73832,2.3333333333333335,0.7,3.7534485684773466,,0,0,,0,0,0,0,0,,,,True,False,False,False,True
2025-09-09,65.55,71.96,65.03,69.18,881490.78,2.140853388454156,5.072348559004644,,,,,,,,,,,,,,,,,,,,50.45883333333333,50.891200000000005,2.3333333333333335,0.7,3.918310387568426,,0,0,,0,0,0,0,0,,,,True,False,False,False,True
2025-09-10,69.53,72.87,68.31,68.67,992527.41,-0.7372072853425893,5.711284896123487,,,,,,,,,,,,,,,,,,,,50.54008333333333,51.037,1.8571428571428572,0.65,4.101429566771789,,0,0,,0,0,0,0,0,,,,False,False,False,False,False
2025-09-11,67.54,67.88,65.12,67.85,1006457.63,-1.194116790447075,5.791443342413325,,,,,,,,,,,,,,,,,,,,50.60333333333334,51.17612,2.3333333333333335,0.65,4.2826048595460335,,0,0,,0,0,0,0,0,,,,True,False,False,False,False
2025-09-12,69.31,70.73,66.13,66.7,761030.32,-1.6949152542372725,4.379184824838262,,,,,,,,,,,,,,,,,,,,50.680166666666665,51.317840000000004,1.8571428571428572,0.6,4.331141151454615,,0,0,,0,0,0,0,0,,,,False,False,False,False,False
2025-09-15,67.04,73.37,66.35,71.2,1189513.33,6.746626686656665,6.844797883583439,,,,,,,,,,,,,,,,,,,,50.78916666666667,51.47288,1.8571428571428572,0.6,4.51158205369463,,0,0,,0,0,0,0,0,,,,True,False,False,False,True
2025-09-16,72.71,78.19,71.25,76.66,1202125.98,7.668539325842683,6.91737465750356,,,,,,,,,,,,,,,,,,,,50.95366666666666,51.64736,1.8571428571428572,0.6,4.540219380247699,,0,0,,0,0,0,0,0,,,,True,False,True,True,True
2025-09-17,76.07,81.11,75.59,78.47,1001545.23,2.3610748760761746,5.763175996200975,,,,,,,,,,,,,,,,,,,,51.12716666666667,51.823879999999996,1.8571428571428572,0.6,4.611176081456452,,0,0,,0,0,0,0,0,,,,True,False,True,True,True
2025-09-18,81.15,86.29,77.72,81.0,1206707.78,3.224162100165673,6.943739637325183,,,,,,,,,,,,,,,,,,,,51.31425,52.01048,1.5,0.6,4.730785092453913,,0,0,,0,0,0,0,0,,,,False,False,False,False,True
2025-09-19,77.47,77.88,73.5,74.21,1002113.75,-8.382716049382722,5.766447421913182,,,,,,,,,,,,,,,,,,,,51.449333333333335,52.169399999999996,1.2222222222222223,0.55,4.831726226942598,,0,0,,0,0,0,0,0,,,,False,False,False,False,False
2025-09-22,74.63,76.86,74.43,75.81,572456.35,2.1560436598841326,3.2940765892248565,,,,,,,,,,,,,,,,,,,,51.60808333333333,52.33352000000001,1.5,0.6,4.819413914289866,,0,0,,0,0,0,0,0,,,,True,False,False,False,False
2025-09-23,75.49,77.42,73.89,76.32,631298.9,0.6727344677483149,3.6326733510658125,,,,,,,,,,,,,,,,,,,,51.77425,52.49688,1.5,0.6,4.875164292009719,,0,0,,0,0,0,0,0,,,,True,False,False,False,False
2025-09-24,74.49,76.03,73.0,75.67,535236.75,-0.8516771488469521,3.079904429163546,,,,,,,,,,,,,,,,,,,,51.92633333333333,52.660520000000005,1.8571428571428572,0.6,4.869821810185288,,0,0,,0,0,0,0,0,,,,True,False,False,False,False
2025-09-25,77.27,78.07,74.49,77.33,564801.41,2.193735958768328,3.250027888138877,,,,,,,,,,,,,,,,,,,,52.10725,52.83204,1.8571428571428572,0.6,4.8732315545064395,,0,0,,0,0,0,0,0,,,,True,False,False,False,False
2025-09-26,75.48,77.59,73.97,74.18,482511.41,-4.073451441872489,2.7765078328065997,,,,,,,,,,,,,,,,,,,,52.30825000000001,52.98884,1.5,0.55,4.764972923963267,,0,0,,0,0,0,0,0,,,,False,False,False,False,False
2025-09-29,74.99,81.08,74.89,79.98,762473.97,7.818819088703144,4.387491997372963,,,,,,,,,,,,,,,,,,,,52.59925,53.168279999999996,1.8571428571428572,0.6,4.8422067120987355,,0,0,,0,0,0,0,0,,,,True,False,True,False,False
2025-09-30,79.14,81.15,78.52,80.44,509345.39,0.5751437859464748,2.9309181827201396,,,,,,,,,,,,,,,,,,,,52.89666666666666,53.346880000000006,1.8571428571428572,0.6,4.735362136503156,,0,0,,0,0,0,0,0,,,,True,False,False,False,False
2025-10-09,77.47,80.75,75.77,78.96,518002.69,-1.8398806563898584,2.9807347482205424,,,,,,,,,,,,,,,,,,,,53.16008333333333,53.51972,2.3333333333333335,0.6,4.589641768641887,,0,0,,0,0,0,0,0,,,,True,False,False,False,False
2025-10-10,78.17,79.44,71.74,72.31,627256.41,-8.421985815602827,3.6094117143118916,,,,,,,,,,,,,,,,,,,,53.357083333333335,53.66203999999999,2.3333333333333335,0.6,4.5560608990408635,,0,0,,0,0,0,0,0,,,,False,False,False,False,False
2025-10-13,67.54,69.46,66.65,68.71,588600.09,-4.978564513898509,3.386972258906104,,,,,,,,,,,,,,,,,,,,53.52791666666667,53.78924,2.3333333333333335,0.55,4.57546725738001,,0,0,,0,0,0,0,0,,,,True,False,False,False,False
2025-10-14,70.02,70.42,64.02,64.5,486420.61,-6.127201280745154,2.799002481005712,,,,,,,,,,,,,,,,,,,,53.667833333333334,53.89024,1.8571428571428572,0.5,4.465875934592155,,0,0,,0,0,0,0,0,,,,False,False,False,False,False
2025-10-15,64.5,69.17,63.34,67.7,632545.99,4.961240310077519,3.639849461477823,,,,,,,,,,,,,,,,,,,,53.84825,53.9958,1.8571428571428572,0.5,4.394250979715814,,0,0,,0,0,0,0,0,,,,True,False,False,False,False
2025-10-16,65.28,68.73,65.16,67.78,439479.26,0.11816838995568624,2.5288886075171737,,,,,,,,,,,,,,,,,,,,54.02891666666666,54.085119999999996,2.3333333333333335,0.55,4.235131165285498,,0,0,,0,0,0,0,0,,,,True,False,False,False,False
2025-10-17,67.34,67.74,64.94,65.24,322403.98,-3.7474181174387833,1.8552041614892014,,,,,,,,,,,,,,,,,,,,54.18816666666667,54.15116,1.8571428571428572,0.55,4.038319206239292,,0,0,,0,0,0,0,0,,,,False,False,False,False,False
2025-10-20,66.92,68.73,65.73,67.61,393607.39,3.6327406499080395,2.2649288260055074,,,,,,,,,,,,,,,,,,,,54.341166666666666,54.23312,2.3333333333333335,0.6,3.932606406297655,,0,0,,0,0,0,0,0,,,,True,False,False,False,False
2025-10-21,67.74,70.92,66.41,69.55,480313.19,2.8693980180446665,2.763858649965033,,,,,,,,,,,,,,,,,,,,54.51991666666667,54.32828,2.3333333333333335,0.6,3.7285594446167343,,0,0,,0,0,0,0,0,,,,True,False,False,False,False
2025-10-22,68.78,73.5,68.78,70.62,578119.02,1.5384615384615552,3.326661202321568,,,,,,,,,,,,,,,,,,,,54.68441666666667,54.4356,2.3333333333333335,0.6,3.549023771857634,,0,0,,0,0,0,0,0,,,,True,False,False,False,False
2025-10-23,68.04,69.03,67.05,68.25,432025.23,-3.3559898045879444,2.4859959996906036,,,,,,,,,,,,,,,,,,,,54.83591666666667,54.53604,2.3333333333333335,0.55,3.385164772032116,,0,0,,0,0,0,0,0,,,,True,False,False,False,False
2025-10-24,69.42,71.31,67.53,70.17,449621.59,2.8131868131868076,2.5872504578367534,,,,,,,,,,,,,,,,,,,,55.00058333333333,54.65144,3.0,0.55,3.1673403130576943,,0,0,,0,0,0,0,0,,,,True,False,False,False,False
2025-10-27,70.92,71.15,67.35,69.58,549426.73,-0.8408151631751459,3.161557608344053,,,,,,,,,,,,,,,,,,,,55.166000000000004,54.76632,3.0,0.55,3.037095822379238,,0,0,,0,0,0,0,0,,,,False,False,False,False,False
2025-10-28,69.74,72.34,69.03,70.97,778354.44,1.9977004886461591,4.478872736625637,,,,,,,,,,,,,,,,,,,,55.33666666666667,54.88636,3.0,0.55,3.096335629749277,,0,0,,0,0,0,0,0,,,,True,False,False,False,False
2025-10-29,69.73,74.49,69.68,73.26,617322.62,3.2267155135973002,3.5522498624409566,,,,,,,,,,,,,,,,,,,,55.51933333333333,55.002159999999996,3.0,0.55,3.0923144553180344,,0,0,,0,0,0,0,0,,,,True,False,False,False,False
2025-10-30,73.5,73.79,69.62,69.79,527621.48,-4.736554736554732,3.036084000535885,,,,,,,,,,,,,,,,,,,,55.66358333333333,55.10864,2.3333333333333335,0.55,3.0901234338866512,,0,0,,0,0,0,0,0,,,,False,False,False,False,False
2025-10-31,68.53,75.37,68.33,73.28,868536.25,5.000716435019337,4.997804510366855,,,,,,,,,,,,,,,,,,,,55.844833333333334,55.22615999999999,2.3333333333333335,0.55,3.17751226499805,,0,0,,0,0,0,0,0,,,,True,False,False,False,False
2025-11-03,74.49,75.27,72.22,73.55,554514.86,0.3684497816593746,3.190836154937051,,,,,,,,,,,,,,,,,,,,56.02891666666667,55.343520000000005,2.3333333333333335,0.6,3.1982286811045726,,0,0,,0,0,0,0,0,,,,False,False,False,False,False
2025-11-04,73.5,74.0,68.03,68.68,623036.97,-6.621346023113517,3.5851318569504715,,,,,,,,,,,,,,,,,,,,56.184666666666665,55.439,1.8571428571428572,0.55,3.158110674083448,,0,0,,0,0,0,0,0,,,,False,False,False,False,False
2025-11-05,66.55,69.03,66.55,68.41,303169.73,-0.3931275480489327,1.7445248186252464,,,,,,,,,,,,,,,,,,,,56.3165,55.53036,1.8571428571428572,0.5,3.0987910058787036,,0,0,,0,0,0,0,0,,,,True,False,False,False,False
2025-11-06,69.53,71.75,69.11,71.55,465409.66,4.589972226282701,2.6780995012197875,,,,,,,,,,,,,,,,,,,,56.476499999999994,55.63424,1.8571428571428572,0.55,3.0836592435286656,,0,0,,0,0,0,0,0,,,,True,False,False,False,False
2025-11-07,70.02,70.36,66.62,67.64,637953.52,-5.464709993011874,3.670965926477349,,,,,,,,,,,,,,,,,,,,56.60325,55.72564,1.8571428571428572,0.55,3.0867369541369385,,0,0,,0,0,0,0,0,,,,False,False,False,False,False
2025-11-10,67.04,67.04,62.55,63.15,624448.6,-6.638083973979891,3.593254777301774,,,,,,,,,,,,,,,,,,,,56.708333333333336,55.80156,1.5,0.55,3.0970510800567217,,0,0,,0,0,0,0,0,,,,False,False,False,False,False
2025-11-11,63.38,63.91,61.6,63.0,384558.52,-0.23752969121140222,2.2128590554003966,,,,,,,,,,,,,,,,,,,,56.8025,55.88248,1.5,0.55,3.0677439087764564,,0,0,,0,0,0,0,0,,,,False,False,False,False,False
2025-11-12,63.15,63.58,61.38,61.71,297337.75,-2.0476190476190426,1.7109659476531147,,,,,,,,,,,,,,,,,,,,56.89825,55.96068,1.2222222222222223,0.5,2.971299733085221,,0,0,,0,0,0,0,0,,,,False,False,False,False,False
2025-11-13,61.41,62.75,61.24,61.86,258040.38,0.2430724355858116,1.4848377082945903,,,,,,,,,,,,,,,,,,,,56.99183333333334,56.03344,1.2222222222222223,0.5,2.9190971881240917,,0,0,,0,0,0,0,0,,,,True,False,False,False,False
2025-11-14,60.59,62.56,60.1,60.76,255616.35,-1.778208858713226,1.4708891505144577,,,,,,,,,,,,,,,,,,,,57.08,56.09948,1.5,0.5,2.8998814375753543,,0,0,,0,0,0,0,0,,,,True,False,False,False,False
2025-11-17,60.25,61.58,59.7,60.8,208356.52,0.06583278472678256,1.1989426525609517,,,,,,,,,,,,,,,,,,,,57.17033333333333,56.152800000000006,1.5,0.5,2.8465821289031266,,0,0,,0,0,0,0,0,,,,True,False,False,False,False
2025-11-18,60.65,61.24,60.19,60.53,184942.34,-0.44407894736840925,1.064210804108407,,,,,,,,,,,,,,,,,,,,57.2545,56.199160000000006,1.2222222222222223,0.45,2.7615997366102953,,0,0,,0,0,0,0,0,,,,False,False,False,False,False
2025-11-19,60.51,60.86,59.77,60.06,149179.55,-0.7764744754667041,0.8584215429632301,,,,,,,,,,,,,,,,,,,,57.343583333333335,56.23236,1.0,0.4,2.6381877536423786,,0,0,,0,0,0,0,0,,,,False,False,False,False,False
2025-11-20,60.39,60.69,59.28,59.42,168570.11,-1.0656010656010628,0.97000033800666,,,,,,,,,,,,,,,,,,,,57.43691666666667,56.24228,0.8181818181818182,0.4,2.5623879705581816,,0,0,,0,0,0,0,0,,,,False,False,False,False,False
2025-11-21,57.91,61.26,57.91,59.91,391484.8,0.8246381689666737,2.252714839685812,,,,,,,,,,,,,,,,,,,,57.5355,56.25668,0.8181818181818182,0.4,2.5456611896506347,,0,0,,0,0,0,0,0,,,,True,False,False,False,False
2025-11-24,59.93,61.57,58.69,60.94,290730.42,1.719245534969116,1.6729454923462899,,,,,,,,,,,,,,,,,,,,57.629083333333334,56.29036,1.0,0.45,2.4712305838507462,,0,0,,0,0,0,0,0,,,,True,False,False,False,False
2025-11-25,61.83,62.52,60.89,61.16,279185.52,0.3610108303249149,1.606512855491197,,,,,,,,,,,,,,,,,,,,57.735083333333336,56.32412,0.8181818181818182,0.45,2.327612589794024,,0,0,,0,0,0,0,0,,,,False,False,False,False,False
2025-11-26,60.79,63.26,60.19,62.39,342075.0,2.0111183780248565,1.9683968031083816,,,,,,,,,,,,,,,,,,,,57.85825,56.372879999999995,0.8181818181818182,0.45,2.2484199368273954,,0,0,,0,0,0,0,0,,,,True,False,False,False,False
2025-11-27,62.38,63.42,61.64,61.85,255761.93,-0.8655233210450364,1.4717268592233566,,,,,,,,,,,,,,,,,,,,57.97225,56.42008,0.8181818181818182,0.45,2.1702020797617694,,0,0,,0,0,0,0,0,,,,False,False,False,False,False
2025-11-28,61.93,62.97,60.92,62.58,265523.46,1.180274858528696,1.5278974780801762,,,,,,,,,,,,,,,,,,,,58.08433333333333,56.46092,0.8181818181818182,0.45,1.9967067281474349,,0,0,,0,0,0,0,0,,,,True,False,False,False,False
2025-12-01,63.37,65.82,62.84,65.46,462795.42,4.60210930009588,2.6630564210222927,,,,,,,,,,,,,,,,,,,,58.23558333333334,56.51496,1.0,0.45,1.9703177414516972,,0,0,,0,0,0,0,0,,,,True,False,True,True,False
2025-12-02,65.16,65.46,63.29,63.85,263482.05,-2.459517262450339,1.5161506245602359,,,,,,,,,,,,,,,,,,,,58.37808333333334,56.56156,1.0,0.45,1.8668686798321854,,0,0,,0,0,0,0,0,,,,False,False,False,False,False
2025-12-03,64.26,65.22,63.81,64.09,208486.17,0.3758809710258548,1.1996886955208963,,,,,,,,,,,,,,,,,,,,58.52608333333333,56.60908,0.8181818181818182,0.5,1.8396268736769676,,0,0,,0,0,0,0,0,,,,False,False,False,False,False
2025-12-04,67.53,68.04,65.33,66.25,575075.72,3.370260571071926,3.3091491889008275,,,,,,,,,,,,,,,,,,,,58.68516666666666,56.666959999999996,0.6666666666666666,0.5,1.8711793580610199,,0,0,,0,0,0,0,0,,,,False,False,True,True,False
2025-12-05,66.42,67.54,65.67,67.54,302655.86,1.9471698113207703,1.741567864550224,,,,,,,,,,,,,,,,,,,,58.85508333333333,56.74368,0.8181818181818182,0.55,1.7747094549646636,,0,0,,0,0,0,0,0,,,,True,False,False,False,False
2025-12-08,67.3,68.51,66.4,68.24,358444.56,1.0364228605270753,2.0625919052710384,,,,,,,,,,,,,,,,,,,,59.03966666666667,56.8174,1.0,0.6,1.6981763113631267,,0,0,,0,0,0,0,0,,,,True,False,True,True,False
2025-12-09,66.55,67.89,66.13,67.02,277992.33,-1.7878077373974177,1.5996469010031433,,,,,,,,,,,,,,,,,,,,59.214000000000006,56.891760000000005,1.2222222222222223,0.6,1.667515703643264,,0,0,,0,0,0,0,0,,,,True,False,False,False,False
2025-12-10,67.06,68.42,66.6,68.0,268553.08,1.4622500746046097,1.545330772891645,,,,,,,,,,,,,,,,,,,,59.405833333333334,56.958200000000005,1.5,0.65,1.6592339449051905,,0,0,,0,0,0,0,0,,,,True,False,False,False,False
2025-12-11,68.0,70.35,67.82,69.12,446172.26,1.6470588235294237,2.5674020323602766,,,,,,,,,,,,,,,,,,,,59.598499999999994,57.02624,1.5,0.65,1.7133621611084748,,0,0,,0,0,0,0,0,,,,True,False,True,True,False
2025-12-12,68.54,69.49,67.54,68.63,435470.1,-0.7089120370370461,2.5058187610590874,,,,,,,,,,,,,,,,,,,,59.782916666666665,57.092400000000005,1.5,0.65,1.7651086416357065,,0,0,,0,0,0,0,0,,,,True,False,False,False,False
2025-12-15,67.89,68.87,67.44,67.82,229238.32,-1.1802418767302925,1.3191024665290831,,,,,,,,,,,,,,,,,,,,59.97275,57.152480000000004,1.2222222222222223,0.6,1.7711166323341128,,0,0,,0,0,0,0,0,,,,False,False,False,False,False
2025-12-16,68.25,69.04,66.55,66.55,230838.36,-1.8726039516366755,1.3283095515860022,,,,,,,,,,,,,,,,,,,,60.162083333333335,57.20496,1.2222222222222223,0.6,1.7843215697079926,,0,0,,0,0,0,0,0,,,,False,False,False,False,False
2025-12-17,66.95,70.0,66.85,68.68,315430.28,3.2006010518407457,1.8150755090421153,,,,,,,,,,,,,,,,,,,,60.34458333333334,57.266,1.5,0.65,1.8321542680119371,,0,0,,0,0,0,0,0,,,,True,False,False,False,False
2025-12-18,67.68,70.5,66.72,67.99,275614.31,-1.0046592894583761,1.5859630978438133,,,,,,,,,,,,,,,,,,,,60.515,57.327400000000004,1.8571428571428572,0.65,1.8629524060037945,,0,0,,0,0,0,0,0,,,,True,False,False,False,False
2025-12-19,68.53,70.62,68.53,68.8,317691.3,1.1913516693631498,1.8280860609379397,,,,,,,,,,,,,,,,,,,,60.69925,57.387719999999995,1.8571428571428572,0.65,1.8417209670664012,,0,0,,0,0,0,0,0,,,,True,False,False,False,False
2025-12-22,69.53,70.52,68.2,69.88,373811.6,1.569767441860459,2.151018222333784,,,,,,,,,,,,,,,,,,,,60.89491666666667,57.46068,1.8571428571428572,0.65,1.865624603565776,,0,0,,0,0,0,0,0,,,,True,False,False,False,False
2025-12-23,69.79,69.79,68.56,68.97,198675.91,-1.3022323983972517,1.1432376703899687,,,,,,,,,,,,,,,,,,,,61.078583333333334,57.52932,1.8571428571428572,0.6,1.8424608443107142,,0,0,,0,0,0,0,0,,,,False,False,False,False,False
2025-12-24,68.93,69.02,67.74,68.71,175438.03,-0.3769754965927241,1.0095203022601251,,,,,,,,,,,,,,,,,,,,61.26625000000001,57.601560000000006,1.5,0.55,1.7945170192683015,,0,0,,0,0,0,0,0,,,,False,False,False,False,False
2025-12-25,68.75,71.96,68.75,71.35,361711.68,3.8422354824625193,2.0813918426045808,,,,,,,,,,,,,,,,,,,,61.48575,57.689800000000005,1.8571428571428572,0.6,1.8250002684373627,,0,0,,0,0,0,0,0,,,,True,False,True,True,False
2025-12-26,71.01,71.73,70.08,70.81,257842.47,-0.7568325157673361,1.483698877888091,,,,,,,,,,,,,,,,,,,,61.70125,57.77596,1.5,0.55,1.8227903384277586,,0,0,,0,0,0,0,0,,,,False,False,False,False,False
2025-12-29,70.84,73.0,70.33,71.46,312433.04,0.9179494421691636,1.797828537956393,,,,,,,,,,,,,,,,,,,,61.92516666666667,57.86476,1.5,0.55,1.7795289442744635,,0,0,,0,0,0,0,0,,,,True,False,False,False,False
2025-12-30,71.02,78.25,70.64,77.35,535165.65,8.242373355723487,3.0794952995495697,,,,,,,,,,,,,,,,,,,,62.207166666666666,57.97351999999999,1.8571428571428572,0.6,1.85769617802393,,0,0,,0,0,0,0,0,,,,True,False,True,True,True
2025-12-31,77.36,80.25,75.5,76.66,485114.5,-0.8920491273432418,2.791486752734111,,,,,,,,,,,,,,,,,,,,62.479166666666664,58.080479999999994,1.8571428571428572,0.55,1.9372860808845906,,0,0,,0,0,0,0,0,,,,False,False,False,False,False
2026-01-05,76.13,78.27,75.31,76.49,399577.65,-0.2217584137751083,2.299283399411123,,,,,,,,,,,,,,,,,,,,62.753166666666665,58.19236,2.3333333333333335,0.5,1.8867927914101057,,0,0,,0,0,0,0,0,,,,True,False,False,False,False
2026-01-06,77.15,77.49,74.81,75.88,399889.92,-0.7974898679565912,2.3010802897705664,,,,,,,,,,,,,,,,,,,,63.02683333333333,58.2986,1.8571428571428572,0.45,1.914768412671123,,0,0,,0,0,0,0,0,,,,False,False,False,False,False
2026-01-07,74.97,76.04,73.33,74.3,397504.84,-2.0822351080653667,2.2873558613640537,,,,,,,,,,,,,,,,,,,,63.280499999999996,58.39768,1.5,0.4,1.9260066104757736,,0,0,,0,0,0,0,0,,,,False,False,False,False,False
2026-01-08,74.0,75.52,73.35,74.14,295744.96,-0.215343203230145,1.7018005811573957,,,,,,,,,,,,,,,,,,,,63.52908333333333,58.488839999999996,1.5,0.4,1.9311142944834863,,0,0,,0,0,0,0,0,,,,True,False,False,False,False
2026-01-09,74.14,76.59,73.73,74.84,403862.38,0.944159697868896,2.3239389539947157,,,,,,,,,,,,,,,,,,,,63.76616666666667,58.58764,1.5,0.4,1.97004470353864,,0,0,,0,0,0,0,0,,,,True,False,False,False,False
2026-01-12,75.45,75.59,72.5,73.58,499925.37,-1.6835916622127245,2.876712709495797,,,,,,,,,,,,,,,,,,,,63.979166666666664,58.6844,1.2222222222222223,0.35,1.9855102373954157,,0,0,,0,0,0,0,0,,,,False,False,False,False,False
2026-01-13,73.57,76.55,72.66,73.08,458123.52,-0.6795324816526227,2.6361729801849263,,,,,,,,,,,,,,,,,,,,64.18158333333334,58.78415999999999,1.0,0.35,1.9920279483517078,,0,0,,0,0,0,0,0,,,,False,False,False,False,False
2026-01-14,72.81,73.88,70.92,71.61,449687.22,-2.011494252873558,2.58762811151559,,,,,,,,,,,,,,,,,,,,64.37316666666666,58.88316,1.0,0.35,2.0554542306010335,,0,0,,0,0,0,0,0,,,,False,False,False,False,False
2026-01-15,71.23,72.71,71.12,71.91,223335.13,0.41893590280686066,1.2851338329717015,,,,,,,,,,,,,,,,,,,,64.5655,58.98964,1.2222222222222223,0.4,2.0532954446703178,,0,0,,0,0,0,0,0,,,,True,False,False,False,False
2026-01-16,72.3,75.37,72.28,74.19,456072.05,3.1706299541093053,2.624368238564893,,,,,,,,,,,,,,,,,,,,64.78316666666667,59.103519999999996,1.2222222222222223,0.4,2.093760081146457,,0,0,,0,0,0,0,0,,,,True,False,False,False,False
2026-01-19,75.49,80.35,74.16,78.04,626497.02,5.189378622455876,3.6050419683546817,,,,,,,,,,,,,,,,,,,,65.03516666666667,59.22803999999999,1.2222222222222223,0.45,2.1947140246720003,,0,0,,0,0,0,0,0,,,,True,False,True,False,True
2026-01-20,79.26,83.54,79.1,81.54,731004.49,4.48487954894925,4.206407662570702,,,,,,,,,,,,,,,,,,,,65.30991666666667,59.3658,1.2222222222222223,0.45,2.3136301047536385,,0,0,,0,0,0,0,0,,,,True,False,True,True,True
2026-01-21,81.09,84.92,80.85,82.86,582917.48,1.6188373804267853,3.3542729053803817,,,,,,,,,,,,,,,,,,,,65.61008333333334,59.49532,1.2222222222222223,0.45,2.373792838905968,,0,0,,0,0,0,0,0,,,,True,False,False,False,True
2026-01-22,82.49,83.06,80.68,81.39,371280.85,-1.77407675597393,2.1364555673327854,,,,,,,,,,,,,,,,,,,,65.89383333333333,59.6126,1.2222222222222223,0.45,2.4234537337531092,,0,0,,0,0,0,0,0,,,,False,False,False,False,False
2026-01-23,81.84,84.02,79.47,82.57,434155.35,1.4498095589138726,2.4982533157711044,,,,,,,,,,,,,,,,,,,,66.188,59.734199999999994,1.5,0.5,2.497890384428658,,0,0,,0,0,0,0,0,,,,True,False,False,False,False
2026-01-26,83.14,84.03,76.2,76.47,550307.46,-7.387671066973467,3.1666255791586453,,,,,,,,,,,,,,,,,,,,66.43983333333333,59.81211999999999,1.2222222222222223,0.45,2.5521520712563612,,0,0,,0,0,0,0,0,,,,False,False,False,False,False
2026-01-27,76.33,76.37,73.6,74.84,426687.32,-2.131554858114282,2.4552801479642854,,,,,,,,,,,,,,,,,,,,66.68241666666667,59.89039999999999,1.2222222222222223,0.45,2.600731134760171,,0,0,,0,0,0,0,0,,,,False,False,False,False,False
2026-01-28,74.86,74.96,72.48,73.74,316499.96,-1.469802244788898,1.8212307518758477,,,,,,,,,,,,,,,,,,,,66.91866666666667,59.96576,1.0,0.4,2.6019012454561437,,0,0,,0,0,0,0,0,,,,False,False,False,False,False
2026-01-29,74.57,74.84,71.53,71.58,320241.16,-2.929210740439381,1.8427586803119775,,,,,,,,,,,,,,,,,,,,67.12349999999999,60.03448,0.8181818181818182,0.35,2.5400644144942643,,0,0,,0,0,0,0,0,,,,False,False,False,False,False
2026-01-30,71.03,73.24,69.93,71.69,351498.02,0.15367421067338238,2.0226195391856345,,,,,,,,,,,,,,,,,,,,67.33141666666667,60.099079999999994,1.0,0.4,2.5016210538168404,,0,0,,0,0,0,0,0,,,,True,False,False,False,False
2026-02-02,71.23,72.84,69.53,69.62,393049.09,-2.8874319988840713,2.261716209078882,,,,,,,,,,,,,,,,,,,,67.51408333333333,60.1332,0.8181818181818182,0.4,2.4997426943002283,,0,0,,0,0,0,0,0,,,,False,False,False,False,False
2026-02-03,70.48,71.97,68.83,71.97,312061.99,3.375466819879347,1.7956934107655915,,,,,,,,,,,,,,,,,,,,67.71816666666666,60.16788,1.0,0.45,2.4744733503499794,,0,0,,0,0,0,0,0,,,,True,False,False,False,False
2026-02-04,71.51,72.01,70.32,70.97,206569.61,-1.3894678338196464,1.188660264396244,,,,,,,,,,,,,,,,,,,,67.92375,60.20096000000001,1.0,0.45,2.4195385705015893,,0,0,,0,0,0,0,0,,,,False,False,False,False,False
2026-02-05,70.33,70.37,68.53,68.97,220491.28,-2.8180921516133606,1.2687695115552877,,,,,,,,,,,,,,,,,,,,68.11216666666667,60.219319999999996,0.8181818181818182,0.45,2.3978870170214837,,0,0,,0,0,0,0,0,,,,False,False,False,False,False
2026-02-06,68.53,73.98,68.35,72.11,442956.33,4.552704074235181,2.548896656840229,,,,,,,,,,,,,,,,,,,,68.3215,60.24968,0.8181818181818182,0.45,2.4091349021637596,,0,0,,0,0,0,0,0,,,,True,False,False,False,False
2026-02-09,73.06,73.09,71.56,72.21,272152.1,0.1386770212175703,1.5660405571855076,,,,,,,,,,,,,,,,,,,,68.52633333333333,60.271519999999995,0.8181818181818182,0.5,2.343601294548245,,0,0,,0,0,0,0,0,,,,False,False,False,False,False
2026-02-10,72.22,73.05,70.87,72.05,345902.83,-0.2215759590084465,1.9904232251937204,,,,,,,,,,,,,,,,,,,,68.73933333333333,60.26604,0.8181818181818182,0.5,2.3113138067986845,,0,0,,0,0,0,0,0,,,,False,False,False,False,False
2026-02-11,71.76,71.76,70.88,71.12,158554.3,-1.290770298403876,0.9123665197371549,,,,,,,,,,,,,,,,,,,,68.92766666666667,60.262800000000006,0.8181818181818182,0.5,2.2275507272097625,,0,0,,0,0,0,0,0,,,,False,False,False,False,False
2026-02-12,70.47,72.98,69.71,72.03,238491.68,1.2795275590551158,1.37234893073141,,,,,,,,,,,,,,,,,,,,69.11566666666667,60.27624000000001,0.8181818181818182,0.5,2.2319114820977486,,0,0,,0,0,0,0,0,,,,True,False,False,False,False
2026-02-13,71.37,72.74,71.02,71.52,216968.53,-0.7080383173677651,1.2484986065252504,,,,,,,,,,,,,,,,,,,,69.25816666666667,60.288439999999994,0.8181818181818182,0.45,2.163118000495766,,0,0,,0,0,0,0,0,,,,True,False,False,False,False
2026-02-24,72.8,72.88,69.53,69.91,279228.72,-2.2511185682326573,1.6067614405731063,,,,,,,,,,,,,,,,,,,,69.38633333333334,60.29496,0.6666666666666666,0.4,2.0632039741066874,,0,0,,0,0,0,0,0,,,,False,False,False,False,False
2026-02-25,69.84,70.41,68.86,69.52,222922.99,-0.5578601058503829,1.2827622622388706,,,,,,,,,,,,,,,,,,,,69.50258333333333,60.302279999999996,0.5384615384615384,0.35,1.9170217040900959,,0,0,,0,0,0,0,0,,,,False,False,False,False,False
2026-02-26,69.53,69.65,68.4,68.8,231649.99,-1.0356731875719172,1.332979901355225,,,,,,,,,,,,,,,,,,,,69.58925,60.3074,0.42857142857142855,0.3,1.8159570538888379,,0,0,,0,0,0,0,0,,,,False,False,False,False,False
2026-02-27,68.53,68.73,66.98,67.36,276120.6,-2.0930232558139528,1.5888764344438155,,,,,,,,,,,,,,,,,,,,69.66574999999999,60.29939999999999,0.42857142857142855,0.3,1.7885780972443897,,0,0,,0,0,0,0,0,,,,False,False,False,False,False
2026-03-02,65.55,66.91,65.41,66.24,287002.27,-1.6627078384798155,1.6514926573203204,,,,,,,,,,,,,,,,,,,,69.72724999999998,60.29243999999999,0.42857142857142855,0.25,1.74624006432185,,0,0,,0,0,0,0,0,,,,True,False,False,False,False
2026-03-03,66.18,67.12,63.36,63.56,290404.64,-4.045893719806748,1.6710708616059062,,,,,,,,,,,,,,,,,,,,69.77675,60.25904,0.42857142857142855,0.25,1.6714623284442134,,0,0,,0,0,0,0,0,,,,False,False,False,False,False
2026-03-04,62.8,63.98,62.57,63.24,193777.01,-0.5034612964128438,1.1150480070157156,,,,,,,,,,,,,,,,,,,,69.818,60.22824,0.5384615384615384,0.25,1.6044507213967847,,0,0,,0,0,0,0,0,,,,True,False,False,False,False
2026-03-05,64.36,64.52,63.45,63.8,165251.06,0.8855154965211831,0.9509015806892387,,,,,,,,,,,,,,,,,,,,69.83141666666666,60.19596,0.5384615384615384,0.3,1.5609342628374543,,0,0,,0,0,0,0,0,,,,False,False,False,False,False
2026-03-06,63.47,64.25,63.27,63.68,140335.7,-0.18808777429466517,0.8075315157260159,,,,,,,,,,,,,,,,,,,,69.85300000000001,60.170159999999996,0.6666666666666666,0.3,1.5091729046081563,,0,0,,0,0,0,0,0,,,,True,False,False,False,False
2026-03-09,62.42,63.15,61.1,62.78,220090.18,-1.41331658291457,1.2664614681211672,,,,,,,,,,,,,,,,,,,,69.81616666666667,60.13796,0.6666666666666666,0.25,1.471365001054933,,0,0,,0,0,0,0,0,,,,True,False,False,False,False
2026-03-10,63.67,65.05,63.67,64.72,253055.83,3.090156100669006,1.4561551904697452,,,,,,,,,,,,,,,,,,,,69.81750000000001,60.11192,0.8181818181818182,0.3,1.431086950124476,,0,0,,0,0,0,0,0,,,,True,False,False,False,False
2026-03-11,64.74,65.41,64.03,64.41,202270.6,-0.4789864029666302,1.1639225386327974,,,,,,,,,,,,,,,,,,,,69.84291666666667,60.106199999999994,0.6666666666666666,0.25,1.3994984065178364,,0,0,,0,0,0,0,0,,,,False,False,False,False,False
2026-03-12,64.16,65.09,63.5,63.98,164545.0,-0.6675981990374114,0.946838710713933,,,,,,,,,,,,,,,,,,,,69.85141666666665,60.113879999999995,0.6666666666666666,0.25,1.3874073288337208,,0,0,,0,0,0,0,0,,,,False,False,False,False,False
2026-03-13,63.37,63.76,62.57,62.69,147792.11,-2.0162550797124035,0.8504378187492282,,,,,,,,,,,,,,,,,,,,69.80941666666666,60.120839999999994,0.6666666666666666,0.25,1.366490744193418,,0,0,,0,0,0,0,0,,,,False,False,False,False,False
2026-03-16,62.5,62.6,61.34,62.07,170924.42,-0.9889934598819594,0.9835477070851547,,,,,,,,,,,,,,,,,,,,69.75016666666666,60.12436,0.5384615384615384,0.2,1.2882232967056644,,0,0,,0,0,0,0,0,,,,False,False,False,False,False
2026-03-17,62.77,62.94,60.89,61.08,166606.77,-1.594973417109713,0.9587027214622916,,,,,,,,,,,,,,,,,,,,69.68691666666665,60.124,0.5384615384615384,0.15,1.2578564049195033,,0,0,,0,0,0,0,0,,,,False,False,False,False,False
2026-03-18,60.99,61.46,60.14,61.18,186449.32,0.16371971185331624,1.0728823954680453,,,,,,,,,,,,,,,,,,,,69.63133333333333,60.11904,0.6666666666666666,0.2,1.2119793634332197,,0,0,,0,0,0,0,0,,,,True,False,False,False,False
2026-03-19,60.36,60.36,58.95,59.16,198958.82,-3.301732592350448,1.1448656149622625,,,,,,,,,,,,,,,,,,,,69.5685,60.10444,0.6666666666666666,0.2,1.223604318194475,,0,0,,0,0,0,0,0,,,,False,False,False,False,False
2026-03-20,59.74,59.75,57.64,57.86,225945.7,-2.1974306964164914,1.3001557949458027,,,,,,,,,,,,,,,,,,,,69.45733333333332,60.08792,0.5384615384615384,0.15,1.2199946614051946,,0,0,,0,0,0,0,0,,,,False,False,False,False,False
2026-03-23,56.76,58.65,55.62,56.67,280004.08,-2.056688558589692,1.6112230824506424,,,,,,,,,,,,,,,,,,,,69.29074999999999,60.079080000000005,0.42857142857142855,0.15,1.238130885201464,,0,0,,0,0,0,0,0,,,,False,False,False,False,False
2026-03-24,57.61,57.73,54.93,56.68,264393.49,0.01764602082230393,1.5213953094457877,,,,,,,,,,,,,,,,,,,,69.10916666666667,60.07164,0.42857142857142855,0.2,1.2338625786450983,,0,0,,0,0,0,0,0,,,,False,False,False,False,False
2026-03-25,56.69,57.99,56.38,57.41,347255.32,1.2879322512350022,1.9982058371713165,,,,,,,,,,,,,,,,,,,,68.91258333333333,60.0734,0.5384615384615384,0.25,1.2696347573917206,,0,0,,0,0,0,0,0,,,,True,False,False,False,False
2026-03-26,57.6,59.56,57.56,57.77,365330.76,0.6270684549730232,2.102217057841571,,,,,,,,,,,,,,,,,,,,68.77558333333333,60.05384,0.6666666666666666,0.3,1.3080966152160378,,0,0,,0,0,0,0,0,,,,True,False,False,False,False
2026-03-27,56.73,57.91,56.52,57.4,206488.0,-0.6404708326120945,1.188190657254238,,,,,,,,,,,,,,,,,,,,68.62216666666667,60.04012,0.8181818181818182,0.3,1.2880623263565592,,0,0,,0,0,0,0,0,,,,True,False,False,False,False
2026-03-30,56.33,57.28,56.03,57.01,173234.88,-0.6794425087108036,0.9968427507969425,,,,,,,,,,,,,,,,,,,,68.46125,60.0292,0.8181818181818182,0.3,1.2553298310303902,,0,0,,0,0,0,0,0,,,,True,False,False,False,False
2026-03-31,57.1,58.57,56.42,56.42,185230.35,-1.0349061568145856,1.0658680955306485,,,,,,,,,,,,,,,,,,,,68.30083333333333,60.019200000000005,0.8181818181818182,0.3,1.2250696927266271,,0,0,,0,0,0,0,0,,,,False,False,False,False,False
2026-04-01,57.58,58.79,57.51,58.28,269166.4,3.296703296703285,1.548859990540647,,,,,,,,,,,,,,,,,,,,68.14208333333333,60.01128,0.8181818181818182,0.35,1.2467602919028737,,0,0,,0,0,0,0,0,,,,True,False,False,False,False
2026-04-02,58.81,59.99,57.96,58.26,305269.89,-0.03431708991078475,1.756609736348015,,,,,,,,,,,,,,,,,,,,68.00941666666667,60.0144,0.8181818181818182,0.3,1.2870456996858128,,0,0,,0,0,0,0,0,,,,False,False,False,False,False
2026-04-03,58.8,58.89,56.94,57.26,162578.03,-1.7164435290078939,0.935520206117543,,,,,,,,,,,,,,,,,,,,67.82008333333333,60.01096,0.6666666666666666,0.3,1.293445134205389,,0,0,,0,0,0,0,0,,,,False,False,False,False,False
2026-04-07,57.19,57.26,55.57,55.89,202629.23,-2.3925951798812406,1.1659861976125496,,,,,,,,,,,,,,,,,,,,67.61550000000001,60.00684,0.5384615384615384,0.3,1.288421370679958,,0,0,,0,0,0,0,0,,,,False,False,False,False,False
2026-04-08,57.24,59.19,57.24,59.19,345551.0,5.904455179817503,1.9883986953472317,,,,,,,,,,,,,,,,,,,,67.45075,60.013,0.5384615384615384,0.3,1.3150335459238325,,0,0,,0,0,0,0,0,,,,True,False,False,False,False
2026-04-09,58.34,58.45,57.37,57.94,215998.69,-2.11184321675959,1.242917871436376,,,,,,,,,,,,,,,,,,,,67.331,60.01056,0.5384615384615384,0.3,1.3189833125640114,,0,0,,0,0,0,0,0,,,,False,False,False,False,False
2026-04-10,58.69,61.08,58.4,59.99,351389.57,3.538142906454955,2.0219954870529238,,,,,,,,,,,,,,,,,,,,67.25833333333334,60.018519999999995,0.6666666666666666,0.35,1.372741151380961,,0,0,,0,0,0,0,0,,,,True,False,False,False,False
2026-04-13,59.13,59.87,58.76,59.09,215694.65,-1.500250041673612,1.24116833883675,,,,,,,,,,,,,,,,,,,,67.21325,60.027840000000005,0.6666666666666666,0.35,1.3922776773853371,,0,0,,0,0,0,0,0,,,,False,False,False,False,False
2026-04-14,59.81,60.31,58.82,59.63,275899.0,0.9138602132340523,1.5876012850421672,,,,,,,,,,,,,,,,,,,,67.146,60.040839999999996,0.6666666666666666,0.4,1.4224803562831876,,0,0,,0,0,0,0,0,,,,False,False,False,False,False
2026-04-15,60.26,60.35,58.34,58.72,267660.34,-1.5260774777796526,1.540193693122568,,,,,,,,,,,,,,,,,,,,67.0705,60.04604,0.6666666666666666,0.4,1.4515549048662013,,0,0,,0,0,0,0,0,,,,False,False,False,False,False
2026-04-16,60.59,61.26,59.96,60.75,433251.51,3.4570844686648616,2.493052363446259,,,,,,,,,,,,,,,,,,,,67.03308333333332,60.06656,0.6666666666666666,0.4,1.5225634032651123,,0,0,,0,0,0,0,0,,,,True,False,False,False,False
2026-04-17,59.68,60.66,59.2,60.56,277250.0,-0.31275720164608556,1.5953753231361507,,,,,,,,,,,,,,,,,,,,66.97433333333333,60.10856,0.8181818181818182,0.4,1.5450888886738066,,0,0,,0,0,0,0,0,,,,True,False,False,False,False
2026-04-20,61.0,61.02,59.6,60.16,277120.72,-0.6605019815059565,1.5946314092613985,,,,,,,,,,,,,,,,,,,,66.89608333333334,60.16896,0.8181818181818182,0.4,1.5598126693895864,,0,0,,0,0,0,0,0,,,,False,False,False,False,False
2026-04-21,59.79,60.77,58.6,59.37,315333.38,-1.3131648936170248,1.8145179188931093,,,,,,,,,,,,,,,,,,,,66.80233333333334,60.22744,0.8181818181818182,0.4,1.5699774112117098,,0,0,,0,0,0,0,0,,,,False,False,False,False,False
2026-04-22,58.77,59.59,58.61,59.27,254673.47,-0.1684352366514985,1.465463550930405,,,,,,,,,,,,,,,,,,,,66.7275,60.275119999999994,1.0,0.35,1.5671808232859405,,0,0,,0,0,0,0,0,,,,True,False,False,False,False
2026-04-23,59.1,59.1,56.9,57.58,384393.99,-2.851358191327835,2.211912303003947,,,,,,,,,,,,,,,,,,,,66.62258333333334,60.310759999999995,0.8181818181818182,0.3,1.577866146577572,,0,0,,0,0,0,0,0,,,,False,False,False,False,False
2026-04-24,57.21,57.42,55.62,56.38,258758.18,-2.0840569642236795,1.4889681335676186,,,,,,,,,,,,,,,,,,,,66.51258333333334,60.34344,0.6666666666666666,0.25,1.5472037003638746,,0,0,,0,0,0,0,0,,,,False,False,False,False,False
2026-04-27,56.32,59.1,56.18,58.41,341476.65,3.6005675771550116,1.964953727095402,,,,,,,,,,,,,,,,,,,,66.40791666666667,60.38624,0.6666666666666666,0.3,1.5860418538559327,,0,0,,0,0,0,0,0,,,,True,False,False,False,False
2026-04-28,57.94,58.11,56.13,56.29,255586.32,-3.629515493922264,1.4707163493568245,,,,,,,,,,,,,,,,,,,,66.26650000000001,60.4272,0.5384615384615384,0.3,1.6097355337839268,,0,0,,0,0,0,0,0,,,,False,False,False,False,False
2026-04-29,55.67,57.48,55.64,57.19,184844.62,1.5988630307336882,1.0636484954462722,,,,,,,,,,,,,,,,,,,,66.1615,60.47156,0.6666666666666666,0.35,1.6096245537797078,,0,0,,0,0,0,0,0,,,,True,False,False,False,False
2026-04-30,57.12,60.47,57.11,59.73,500977.73,4.4413358978842465,2.8827682881253933,,,,,,,,,,,,,,,,,,,,66.04858333333333,60.52596,0.6666666666666666,0.35,1.6763199686589452,,0,0,,0,0,0,0,0,,,,True,False,True,False,False
2026-05-06,60.27,62.45,60.09,61.62,436908.35,3.164239075841291,2.514094860458548,,,,,,,,,,,,,,,,,,,,65.94916666666667,60.57544,0.8181818181818182,0.4,1.7141942248644717,,0,0,,0,0,0,0,0,,,,True,False,True,True,False
2026-05-07,62.03,64.2,61.26,64.03,496047.08,3.9110678351184758,2.854395926224505,,,,,,,,,,,,,,,,,,,,65.91041666666666,60.639160000000004,1.0,0.45,1.8101380108698197,,0,0,,0,0,0,0,0,,,,True,False,True,True,False
2026-05-08,63.77,68.37,63.45,66.44,721030.5,3.7638606903014127,4.149014488470767,,,,,,,,,,,,,,,,,,,,65.894,60.70139999999999,1.2222222222222223,0.5,1.9592894254127309,,0,0,,0,0,0,0,0,,,,True,False,True,True,True
2026-05-11,67.14,67.47,65.54,66.51,486959.8,0.10535821794102063,2.802105133559298,,,,,,,,,,,,,,,,,,,,65.852,60.76716,1.0,0.5,1.9999747473233342,,0,0,,0,0,0,0,0,,,,False,False,False,False,True
2026-05-12,67.04,67.9,65.77,66.6,385131.75,0.13531799729362692,2.2161575837916727,,,,,,,,,,,,,,,,,,,,65.84333333333333,60.83192,1.0,0.55,2.048636732941099,,0,0,,0,0,0,0,0,,,,False,False,False,False,True
2026-05-13,65.88,66.84,64.9,66.64,369700.01,0.06006006006007425,2.127358964534493,,,,,,,,,,,,,,,,,,,,65.87241666666667,60.89956,1.0,0.55,2.0539049068151773,,0,0,,0,0,0,0,0,,,,True,False,False,False,True
2026-05-14,67.09,67.34,64.59,64.64,368949.41,-3.001200480192079,2.1230397987363108,,,,,,,,,,,,,,,,,,,,65.88608333333333,60.956160000000004,1.0,0.55,2.0979984798101556,,0,0,,0,0,0,0,0,,,,False,False,False,False,False
2026-05-15,64.64,71.11,64.26,69.46,945203.92,7.456683168316824,5.438972080431222,,,,,,,,,,,,,,,,,,,,65.95066666666666,61.02864,1.2222222222222223,0.55,2.290567019579608,,0,0,,0,0,0,0,0,,,,True,False,True,True,True
2026-05-18,69.53,72.39,69.02,70.94,774581.4,2.1307227181111443,4.457161591777284,,,,,,,,,,,,,,,,,,,,66.02633333333333,61.10248,1.5,0.6,2.436415414512344,,0,0,,0,0,0,0,0,,,,True,False,False,False,True
2026-05-19,71.13,71.63,69.54,70.73,458660.59,-0.29602480969832534,2.639263433655789,,,,,,,,,,,,,,,,,,,,66.10941666666666,61.17928,1.2222222222222223,0.55,2.4437259680228203,,0,0,,0,0,0,0,0,,,,False,False,False,False,False
2026-05-20,69.79,70.9,68.22,69.73,435492.81,-1.4138272303124588,2.505949440855619,,,,,,,,,,,,,,,,,,,,66.18383333333334,61.25236,1.0,0.55,2.489254673908794,,0,0,,0,0,0,0,0,,,,False,False,False,False,False
2026-05-21,70.32,74.18,69.44,72.12,812278.31,3.427506094937627,4.674080329279482,,,,,,,,,,,,,,,,,,,,66.28041666666667,61.34088,1.2222222222222223,0.6,2.6432271199096986,,0,0,,0,0,0,0,0,,,,True,False,False,False,True
2026-05-22,72.0,72.57,70.4,72.05,521466.24,-0.09706045479757064,3.0006649996198145,,,,,,,,,,,,,,,,,,,,66.38033333333333,61.41872,1.5,0.6,2.7025344739460335,,0,0,,0,0,0,0,0,,,,True,False,False,False,False
2026-05-25,73.0,73.1,71.2,71.89,433600.45,-0.22206800832754725,2.4950602634111108,,,,,,,,,,,,,,,,,,,,66.48425,61.496880000000004,1.2222222222222223,0.6,2.7540143095700684,,0,0,,0,0,0,0,0,,,,False,False,False,False,False
2026-05-26,71.88,74.85,69.83,71.09,590697.54,-1.1128112393935186,3.3990415825184104,,,,,,,,,,,,,,,,,,,,66.57741666666666,61.57152,1.2222222222222223,0.6,2.813370773545792,,0,0,,0,0,0,0,0,,,,False,False,False,False,False
2026-05-27,69.3,69.88,67.09,67.45,609495.44,-5.120270080180056,3.507210043426548,,,,,,,,,,,,,,,,,,,,66.63166666666667,61.63916,1.2222222222222223,0.6,2.9142828690387383,,0,0,,0,0,0,0,0,,,,False,False,False,False,False
2026-05-28,67.98,68.2,64.44,65.82,472125.24,-2.4166048925129857,2.7167428578024624,,,,,,,,,,,,,,,,,,,,66.67049999999999,61.69564,1.0,0.55,2.9518723255740915,,0,0,,0,0,0,0,0,,,,False,False,False,False,False
2026-05-29,65.81,66.48,62.0,62.4,447259.11,-5.1959890610756565,2.5736560762554994,,,,,,,,,,,,,,,,,,,,66.67058333333334,61.74435999999999,1.0,0.55,3.007019311919025,,0,0,,0,0,0,0,0,,,,False,False,False,False,False
2026-06-01,62.4,63.45,61.1,61.18,316736.33,-1.9551282051281982,1.822590892056658,,,,,,,,,,,,,,,,,,,,66.665,61.786559999999994,0.8181818181818182,0.5,3.044966431749544,,0,0,,0,0,0,0,0,,,,False,False,False,False,False
2026-06-02,62.5,64.19,61.6,62.96,407208.29,2.909447531873166,2.3431922713885283,,,,,,,,,,,,,,,,,,,,66.66816666666666,61.83768,0.8181818181818182,0.5,3.017987630912701,,0,0,,0,0,0,0,0,,,,True,False,False,False,False
2026-06-03,62.96,65.11,62.0,62.63,400749.97,-0.524142312579412,2.3060292619857625,,,,,,,,,,,,,,,,,,,,66.64458333333333,61.88836,0.6666666666666666,0.45,3.007584350989062,,0,0,,0,0,0,0,0,,,,False,False,False,False,False
2026-06-04,62.0,68.74,61.9,67.6,694778.4,7.935494172121982,3.9979524415077288,,,,,,,,,,,,,,,,,,,,66.67583333333333,61.95704,0.6666666666666666,0.45,3.0647621767532227,,0,0,,0,0,0,0,0,,,,True,False,False,False,False
2026-06-05,67.02,70.37,64.41,68.0,759516.83,0.591715976331364,4.370475773087809,,,,,,,,,,,,,,,,,,,,66.70841666666666,62.03156,0.6666666666666666,0.45,3.075835240984075,,0,0,,0,0,0,0,0,,,,True,False,False,False,False
2026-06-08,64.96,70.0,64.96,68.1,667117.02,0.14705882352941124,3.8387809967615003,,,,,,,,,,,,,,,,,,,,66.72383333333333,62.11108,0.8181818181818182,0.45,3.1276690341441853,,0,0,,0,0,0,0,0,,,,True,False,False,False,False
2026-06-09,68.7,68.7,65.8,67.75,488047.04,-0.513950073421432,2.808361421625399,,,,,,,,,,,,,,,,,,,,66.72558333333333,62.18976,0.8181818181818182,0.4,3.1572792260358713,,0,0,,0,0,0,0,0,,,,False,False,False,False,False
2026-06-10,66.48,67.38,62.85,63.21,459079.54,-6.701107011070107,2.641674191064727,,,,,,,,,,,,,,,,,,,,66.68366666666667,62.243759999999995,0.6666666666666666,0.35,3.1829949873623837,,0,0,,0,0,0,0,0,,,,False,False,False,False,False
2026-06-11,62.11,63.35,60.95,61.38,366751.49,-2.895111532985284,2.110392342180035,,,,,,,,,,,,,,,,,,,,66.63666666666667,62.29552,0.6666666666666666,0.35,3.1823626145345694,,0,0,,0,0,0,0,0,,,,False,False,False,False,False
2026-06-12,62.3,63.29,60.18,60.62,402931.69,-1.2381883349625422,2.3185834991363223,,,,,,,,,,,,,,,,,,,,66.57516666666668,62.347559999999994,0.5384615384615384,0.3,3.026343185469824,,0,0,,0,0,0,0,0,,,,False,False,False,False,False
2026-06-15,60.88,61.7,60.26,61.7,294869.67,1.7815902342461332,1.6967639136494146,,,,,,,,,,,,,,,,,,,,66.51333333333334,62.40168,0.5384615384615384,0.3,2.888323301563431,,0,0,,0,0,0,0,0,,,,True,False,False,False,False
2026-06-16,61.5,61.87,60.22,60.73,356421.97,-1.5721231766612775,2.0509533473816894,,,,,,,,,,,,,,,,,,,,66.4475,62.448080000000004,0.5384615384615384,0.3,2.858907797249726,,0,0,,0,0,0,0,0,,,,False,False,False,False,False
2026-06-17,60.77,61.7,59.9,60.11,334720.19,-1.0209122344804866,1.9260751353704013,,,,,,,,,,,,,,,,,,,,66.38325,62.49928,0.5384615384615384,0.3,2.829914081975465,,0,0,,0,0,0,0,0,,,,False,False,False,False,False
2026-06-18,59.84,62.86,59.84,62.3,438987.05,3.6433205789386136,2.5260562912401645,,,,,,,,,,,,,,,,,,,,66.34783333333333,62.561479999999996,0.5384615384615384,0.3,2.7225128800734995,,0,0,,0,0,0,0,0,,,,True,False,False,False,False
2026-06-22,61.78,61.88,58.11,60.19,510234.02,-3.3868378812199063,2.9360316123807295,,,,,,,,,,,,,,,,,,,,66.27708333333334,62.61692,0.42857142857142855,0.3,2.7192812107115447,,0,0,,0,0,0,0,0,,,,False,False,False,False,False
2026-06-23,59.5,60.28,58.0,58.02,334098.49,-3.605250041535135,1.922497696818936,,,,,,,,,,,,,,,,,,,,66.194,62.66036,0.42857142857142855,0.3,2.690653082381936,,0,0,,0,0,0,0,0,,,,False,False,False,False,False
2026-06-24,58.51,59.65,57.0,58.2,312755.8,0.31023784901758056,1.79968579075818,,,,,,,,,,,,,,,,,,,,66.10566666666666,62.70456,0.42857142857142855,0.35,2.610685292793925,,0,0,,0,0,0,0,0,,,,False,False,False,False,False
2026-06-25,57.8,59.28,56.0,56.31,488949.98,-3.2474226804123707,2.8135571950943716,,,,,,,,,,,,,,,,,,,,65.99258333333333,62.74544,0.42857142857142855,0.35,2.576002650377316,,0,0,,0,0,0,0,0,,,,False,False,False,False,False
2026-06-26,56.1,56.1,52.72,52.75,433079.83,-6.322145267270473,2.4920644679170394,,,,,,,,,,,,,,,,,,,,65.85741666666667,62.772040000000004,0.42857142857142855,0.35,2.5647687308830447,,0,0,,0,0,0,0,0,,,,False,False,False,False,False
2026-06-29,52.45,53.27,51.16,52.35,381231.76,-0.758293838862556,2.193715932550995,,,,,,,,,,,,,,,,,,,,65.72108333333333,62.80152,0.42857142857142855,0.35,2.5457717236978192,,0,0,,0,0,0,0,0,,,,False,False,False,False,False
2026-06-30,53.08,57.1,52.35,56.42,650114.32,7.774594078318997,3.7409426270349466,,,,,,,,,,,,,,,,,,,,65.59666666666666,62.843199999999996,0.5384615384615384,0.4,2.6416893104467336,,0,0,,0,0,0,0,0,,,,True,False,False,False,False
2026-07-01,56.42,57.88,55.88,56.98,486902.53,0.9925558312654958,2.8017755856972384,,,,,,,,,,,,,,,,,,,,65.48141666666666,62.88512,0.5384615384615384,0.4,2.6646184761621696,,0,0,,0,0,0,0,0,,,,True,False,False,False,False
2026-07-02,57.7,59.8,56.66,56.75,635094.85,-0.40365040365040183,3.654516326567557,,,,,,,,,,,,,,,,,,,,65.35883333333332,62.931960000000004,0.5384615384615384,0.4,2.732042829391259,,0,0,,0,0,0,0,0,,,,False,False,False,False,False
2026-07-03,56.3,62.43,56.3,62.43,864243.27,10.008810572687231,4.973101482937759,,,,,,,,,,,,,,,,,,,,65.2345,63.006359999999994,0.5384615384615384,0.4,2.780800281462761,,0,0,,0,0,0,0,0,,,,True,False,True,False,False
2026-07-06,62.92,63.97,60.1,60.57,814600.91,-2.979336857280157,4.687445230002714,,,,,,,,,,,,,,,,,,,,65.10041666666667,63.06152,0.42857142857142855,0.35,2.7966487543085057,,0,0,,0,0,0,0,0,,,,False,False,False,False,False
2026-07-07,60.76,63.98,59.66,60.52,616203.86,-0.08254911672445076,3.5458121993336102,,,,,,,,,,,,,,,,,,,,64.96733333333333,63.11344,0.3333333333333333,0.3,2.7820003144371115,,0,0,,0,0,0,0,0,,,,False,False,False,False,False
2026-07-08,60.0,60.23,54.72,54.73,598119.79,-9.56708526107073,3.441751319189817,,,,,,,,,,,,,,,,,,,,64.79108333333333,63.14560000000001,0.3333333333333333,0.3,2.8136698093153325,,0,0,,0,0,0,0,0,,,,False,False,False,False,False
2026-07-09,55.0,55.99,53.83,55.83,389454.07,2.009866617942624,2.2410294419222327,,,,,,,,,,,,,,,,,,,,64.63716666666667,63.18332,0.42857142857142855,0.35,2.7936375718582074,,0,0,,0,0,0,0,0,,,,True,False,False,False,False
2026-07-10,56.0,59.15,55.78,57.36,531054.0,2.740462117141318,3.0558356964932205,,,,,,,,,,,,,,,,,,,,64.49733333333333,63.22504,0.5384615384615384,0.4,2.840909739573867,,0,0,,0,0,0,0,0,,,,True,False,False,False,False
2026-07-13,56.02,56.27,53.71,53.95,365155.23,-5.9449093444909344,2.1012070083177834,,,,,,,,,,,,,,,,,,,,64.32325,63.256080000000004,0.5384615384615384,0.4,2.83004091503294,,0,0,,0,0,0,0,0,,,,False,False,False,False,False
2026-07-14,53.95,54.4,52.35,54.36,275108.99,0.7599629286376253,1.5830553428995853,,,,,,,,,,,,,,,,,,,,64.16308333333333,63.29348,0.5384615384615384,0.4,2.824355486495448,,0,0,,0,0,0,0,0,,,,True,False,False,False,False
2026-07-15,54.5,55.59,52.57,54.5,305816.36,0.2575423105224406,1.7597542800913306,,,,,,,,,,,,,,,,,,,,64.00825,63.33168,0.5833333333333334,0.45,2.809795533130931,,0,0,,0,0,0,0,0,,,,False,False,False,False,False
2026-07-16,53.55,55.72,53.22,54.47,282260.79,-0.055045871559633586,1.6242088333811189,,,,,,,,,,,,,,,,,,,,63.86541666666667,63.371199999999995,0.7272727272727273,0.45,2.7947022180314667,,0,0,,0,0,0,0,0,,,,True,False,False,False,False
2026-07-17,54.9,54.93,50.25,50.67,386702.69,-6.976317238847063,2.2251972191753606,,,,,,,,,,,,,,,,,,,,63.68841666666667,63.399840000000005,0.5833333333333334,0.4,2.7796592644282265,,0,0,,0,0,0,0,0,,,,False,False,False,False,False
2026-07-20,50.67,51.39,47.1,48.52,369561.85,-4.2431418985592995,2.126563952615126,,,,,,,,,,,,,,,,,,,,63.4745,63.417840000000005,0.5833333333333334,0.4,2.7391858814399463,,0,0,,0,0,0,0,0,,,,False,False,False,False,False
2026-07-21,48.83,50.36,47.98,50.36,316346.5,3.792250618301729,1.8203476994066377,,,,,,,,,,,,,,,,,,,,63.243833333333335,63.44484,0.7272727272727273,0.45,2.7340783815693315,,0,0,,0,0,0,0,0,,,,True,False,False,False,False
2026-07-22,49.66,50.15,48.65,49.49,256854.43,-1.7275615567911018,1.4780134148248938,,,,,,,,,,,,,,,,,,,,62.97675,63.470639999999996,0.7272727272727273,0.4,2.717994762772667,,0,0,,0,0,0,0,0,,,,False,False,False,False,False
2026-07-23,47.73,48.31,46.0,48.17,362094.78,-2.66720549605981,2.083596308921239,,,,,,,,,,,,,,,,,,,,62.68766666666667,63.48788,0.9,0.4,2.68149671846401,,0,0,,0,0,0,0,0,,,,True,False,False,False,False
2026-07-24,45.9,46.93,45.37,45.62,269629.6,-5.29375129748807,1.5515253750300129,,,,,,,,,,,,,,,,,,,,62.389583333333334,63.493120000000005,0.9,0.4,2.634469763819659,,0,0,,0,0,0,0,0,,,,False,False,False,False,False
2026-07-27,45.6,46.94,45.28,46.38,267827.3,1.6659359929855455,1.5411544284298748,,,,,,,,,,,,,,,,,,,,62.088,63.49307999999999,1.1111111111111112,0.45,2.601841688613603,,0,0,,0,0,0,0,0,,,,True,False,False,False,False
2026-07-28,45.58,47.2,45.45,45.6,227639.01,-1.681759379042691,1.309899582099706,,,,,,,,,,,,,,,,,,,,61.830749999999995,63.4834,1.1111111111111112,0.4,2.4802895363668407,,0,0,,0,0,0,0,0,,,,True,False,False,False,False
2026-07-29,45.55,46.18,44.42,45.58,267329.58,-0.043859649122812705,1.5382904060463534,,,,,,,,,,,,,,,,,,,,61.58691666666666,63.47056,1.1111111111111112,0.35,2.4171152773842968,,0,0,,0,0,0,0,0,,,,True,False,False,False,False
2026-07-30,45.08,45.68,44.0,44.1,251333.53,-3.247038174637995,1.4462445866138844,,,,,,,,,,,,,,,,,,,,61.33991666666667,63.452479999999994,1.1111111111111112,0.35,2.306701690386613,,0,0,,0,0,0,0,0,,,,False,False,False,False,False
2026-07-31,45.45,47.62,45.31,46.65,416292.67,5.782312925170063,2.395466376629255,,,,,,,,,,,,,,,,,,,,61.13216666666666,63.44376,1.1111111111111112,0.35,2.1778199350711875,,0,0,,0,0,0,0,0,,,,True,False,False,False,False
2026-08-03,46.65,48.48,46.3,48.22,320579.32,3.365487674169354,1.844704549092038,,,,,,,,,,,,,,,,,,,,60.93658333333333,63.44436,1.375,0.4,2.035682901025654,,0,0,,0,0,0,0,0,,,,True,False,True,False,False
2026-08-04,48.5,50.49,47.6,49.75,455523.88,3.1729572791372895,2.621213912538262,,,,,,,,,,,,,,,,,,,,60.770999999999994,63.452160000000006,1.7142857142857142,0.45,1.9894529866858868,,0,0,,0,0,0,0,0,,,,True,False,True,False,False
2026-08-05,49.5,50.51,49.25,50.22,349162.14,0.9447236180904595,2.0091782215668528,,,,,,,,,,,,,,,,,,,,60.58975,63.458760000000005,2.1666666666666665,0.5,1.9178243318047383,,0,0,,0,0,0,0,0,,,,True,False,False,False,False
2026-08-06,49.5,50.39,49.3,49.77,238238.26,-0.8960573476702427,1.3708906800032254,,,,,,,,,,,,,,,,,,,,60.41308333333333,63.47048,2.1666666666666665,0.45,1.8743173937087882,,0,0,,0,0,0,0,0,,,,True,False,False,False,False
2026-08-07,50.11,50.5,49.02,50.38,246785.51,1.2256379344987023,1.4200739865160317,,,,,,,,,,,,,,,,,,,,60.25816666666666,63.482639999999996,2.1666666666666665,0.45,1.7925293082099283,,0,0,,0,0,0,0,0,,,,True,False,False,False,False
2026-08-10,50.5,50.6,49.13,49.48,189577.98,-1.7864231838031097,1.0908855945969296,,,,,,,,,,,,,,,,,,,,60.069583333333334,63.491479999999996,2.1666666666666665,0.45,1.7420132375238861,,0,0,,0,0,0,0,0,,,,False,False,False,False,False
2026-08-11,49.2,51.73,48.9,50.93,359609.85,2.93047696038804,2.069297315227025,,,,,,,,,,,,,,,,,,,,59.89225,63.5102,2.1666666666666665,0.45,1.7663253361402582,,0,0,,0,0,0,0,0,,,,True,False,True,True,False
2026-08-12,50.78,51.08,50.03,50.3,229651.89,-1.2369919497349335,1.321482265888468,,,,,,,,,,,,,,,,,,,,59.711,63.52848,1.8571428571428572,0.4,1.7444117354301145,,0,0,,0,0,0,0,0,,,,False,False,False,False,False
2026-08-13,50.08,50.88,49.65,49.69,206451.81,-1.2127236580516843,1.1879824097052956,,,,,,,,,,,,,,,,,,,,59.53241666666667,63.54568,1.5,0.4,1.7226004142463236,,0,0,,0,0,0,0,0,,,,False,False,False,False,False
2026-08-14,49.88,50.1,49.04,49.51,164466.15,-0.36224592473335093,0.9463849853966046,,,,,,,,,,,,,,,,,,,,59.34475,63.55572,1.5,0.4,1.658659802557386,,0,0,,0,0,0,0,0,,,,False,False,False,False,False
2026-08-17,49.89,50.39,49.35,50.31,179728.89,1.6158351848111652,1.0342111306064985,,,,,,,,,,,,,,,,,,,,59.168,63.57,1.8571428571428572,0.45,1.6040421614569542,,0,0,,0,0,0,0,0,,,,True,False,False,False,False
2026-08-18,50.2,51.11,49.54,51.1,287485.66,1.570264360962037,1.654274220809773,,,,,,,,,,,,,,,,,,,,59.011250000000004,63.5836,1.8571428571428572,0.45,1.5957384875271112,,0,0,,0,0,0,0,0,,,,True,False,False,False,False
2026-08-19,50.08,50.08,46.39,46.5,363672.99,-9.001956947162427,2.092677777951813,,,,,,,,,,,,,,,,,,,,58.81941666666667,63.57968,1.8571428571428572,0.45,1.626471705683457,,0,0,,0,0,0,0,0,,,,False,False,False,False,False
2026-08-20,46.93,47.17,46.0,46.2,168917.36,-0.6451612903225712,0.9719985132310389,,,,,,,,,,,,,,,,,,,,58.631083333333336,63.57928,1.5,0.45,1.570891815898947,,0,0,,0,0,0,0,0,,,,False,False,False,False,False
2026-08-21,46.0,46.92,45.75,46.92,117439.46,1.558441558441559,0.6757800412856089,,,,,,,,,,,,,,,,,,,,58.46075,63.581520000000005,1.8571428571428572,0.5,1.5271045492117268,,0,0,,0,0,0,0,0,,,,True,False,False,False,False
2026-08-24,46.97,47.78,45.91,46.3,153611.88,-1.321398124467188,0.8839264299100149,47.404,48.775999999999996,48.3755,49.001666666666665,54.528,57.782,62.8037,39.12107782545635,-1.3771112992893961,-1.3668141929493853,218225.47000000003,223103.59399999998,32.976690406844014,21.584759032839376,35.738974579697214,-6.7236720608762965,52.68850347175308,48.3755,44.062496528246925,58.294583333333335,63.578759999999996,1.5,0.45,1.494243149285734,0.7039136174159688,0,0,-0.15089495305164324,0,0,1,0,0,0.25939040930607105,0.17831354597898016,32.976690406844014,False,False,False,False,False
2026-08-25,45.8,47.18,45.48,46.8,139840.06,1.0799136069114423,0.8046794622538456,46.544000000000004,48.363,48.435500000000005,48.74966666666667,54.288333333333334,57.6858,62.68874999999999,40.99720823726395,-1.3890536063084156,-1.3712620756211915,188696.35,201126.615,38.659055938175804,22.20511466606106,31.227687941818495,4.159968114546189,52.617322695023944,48.435500000000005,44.253677304976065,58.15491666666666,63.57544,1.5,0.5,1.468982143293441,0.7410851349270932,0,0,-0.13793632763331598,0,0,1,0,0,0.3044512980014514,0.17267593789777905,38.659055938175804,True,True,False,False,False
2026-08-26,46.8,47.4,46.51,46.6,109950.19,-0.42735042735041473,0.6326846524801846,46.56400000000001,47.993,48.4865,48.48633333333333,54.01566666666667,57.568999999999996,62.55535,40.4600928206726,-1.3985348598838954,-1.3767166324737323,137951.78999999998,189156.445,37.14733309586671,21.434552465355118,27.963309449664038,8.37703849673727,52.544745796813466,48.4865,44.42825420318653,58.01625,63.57588,1.2222222222222223,0.5,1.4237018556151324,0.797018944081842,0,0,-0.13728733021901052,0,0,1,0,0,0.267571988680272,0.16739693716038345,37.14733309586671,False,True,False,False,False
2026-08-27,46.5,47.5,46.35,47.43,176486.69,1.781115879828321,1.0155545900377987,46.81,47.767,48.653,48.25166666666667,53.76233333333333,57.460699999999996,62.424749999999996,43.75347270184151,-1.3238146470455021,-1.3661362353880864,139465.65600000002,186159.93300000002,47.39208338242426,25.834994716394245,27.253871205240774,22.997241738701184,52.19373498168278,48.653,45.11226501831722,57.87983333333333,63.57152,1.5,0.55,1.4021673557863283,1.2654491081302481,0,0,-0.11778382634682272,1,1,1,0,0,0.3272957441990262,0.14555053056061423,47.39208338242426,True,True,False,False,False
2026-08-28,47.0,47.7,46.6,47.09,251032.04,-0.7168458781361964,1.4445097274392322,46.843999999999994,47.525,48.675,48.132333333333335,53.4205,57.358999999999995,62.3168,42.711247807503156,-1.277309470069035,-1.3483708823242764,166184.17200000002,194816.522,43.8765426304052,26.755597424902298,27.08777994512795,26.09123238445099,52.16848566695915,48.675,45.181514333040845,57.74158333333333,63.562,1.5,0.5,1.3546195233268272,1.5105652781421324,0,0,-0.11850319633848416,0,1,1,0,0,0.2731492052492617,0.1435433247851732,43.8765426304052,True,True,False,False,False
2026-08-31,46.5,47.08,46.11,46.83,179008.41,-0.5521342110851646,1.0300652838515367,46.95,47.177,48.6055,48.076,53.06766666666667,57.2684,62.2089,41.88950992684115,-1.2470582975653173,-1.3281083653724848,171263.47799999997,194744.474,41.08017481076411,27.619673645587042,27.26507784528098,28.328865246199165,52.19118777811051,48.6055,45.01981222188949,57.608666666666664,63.531639999999996,1.5,0.45,1.313887560064802,1.0452223211302532,0,0,-0.11754175486642848,0,1,1,1,1,0.2524184884642123,0.14754247063029952,41.08017481076411,True,False,False,False,False
2026-09-01,47.09,47.57,46.35,46.48,153540.22,-0.7473841554559102,0.8835140778968285,46.885999999999996,46.714999999999996,48.442,47.946666666666665,52.70733333333333,57.1413,62.083549999999995,40.75285543687601,-1.2370659738366,-1.309899887065308,174003.51,181349.93,37.24563523098452,32.905869386913075,29.145341692491677,40.426924775755865,52.10532377119704,48.442,44.77867622880296,57.45666666666667,63.49944,1.2222222222222223,0.4,1.2270025683327304,0.8823972573886584,0,0,-0.11814927714043588,0,0,1,0,1,0.23221040200892584,0.15124576901024078,37.24563523098452,False,False,False,False,False
2026-09-02,46.0,46.7,45.43,46.52,171449.12,0.0860585197934638,0.9865669800591839,46.87,46.717,48.257,47.84766666666666,52.353500000000004,57.0271,61.97795,40.950061051522546,-1.211948729048153,-1.2903096554618771,186303.29600000003,162127.543,38.03881900583271,37.398239165743504,31.896307516908955,48.402102463412604,51.91596217669873,48.257,44.59803782330127,57.30758333333334,63.46324,1.2222222222222223,0.4,1.175872006257347,0.9202688502086402,0,0,-0.11142521512410819,0,0,1,0,1,0.2626376119625279,0.15164482569155685,38.03881900583271,True,False,False,False,False
2026-09-03,46.75,48.69,46.75,47.83,288304.49,2.8159931212381695,1.6589860014259807,46.95,46.88,48.16,47.836333333333336,52.097166666666666,56.9055,61.90135,47.15390340447861,-1.073957169979721,-1.247039158365446,208666.856,174066.256,58.60236369069435,49.47203674444249,37.754883926086805,72.90634238115385,51.75233101276159,48.16,44.567668987238406,57.173,63.42096,1.2222222222222223,0.45,1.1902767723284846,1.3816496569057426,0,0,-0.08190784527629469,0,0,1,0,0,0.4540688206588301,0.14918318159308933,58.60236369069435,True,True,True,True,False
2026-09-04,48.45,48.82,45.7,45.82,292662.28,-4.202383441354796,1.684061964020785,46.696,46.769999999999996,47.932,47.842999999999996,51.837833333333336,56.7728,61.81545,40.178840275303045,-1.1139471773195098,-1.2204207621562588,216992.904,191588.538,36.37502076085573,36.81616608921536,37.44197798046299,35.5645423067201,51.50987116945937,47.932,44.35412883054063,57.03241666666667,63.37152,1.0,0.4,1.2034761712037223,1.348718205089324,0,0,-0.11608959993826906,0,0,1,0,0,0.20485242481227564,0.14928945879409874,36.37502076085573,False,False,False,False,False
