date,open,high,low,close,volume,change_rate,turnover,MA5,MA10,MA20,MA30,MA60,MA100,MA200,RSI14,DIF,DEA,VOL_MA5,VOL_MA10,RSI6,K,D,J,BOLL_UPPER,BOLL_MIDDLE,BOLL_LOWER,MA120,MA250,updown_ratio_20,up_days_ratio_20,turnover_ma20,vol_ratio,ma_bull,dif_above_zero,bias60,macd_gold,macd_gold3,dif_below0,kdj_gold,kdj_gold3,boll_pos,boll_width,rsi6,is_yang,above_ma5,break_high5,break_high10,break_close40
2024-08-14,13.82,13.87,13.64,13.69,11891.8,-0.940665701881338,0.14185021450189883,,,,,,,,,,,,,,,,,,,,,,,,,,0,0,,0,0,0,0,0,,,,False,False,False,False,False
2024-08-15,13.7,13.97,13.67,13.87,14533.4,1.3148283418553675,0.17336029090986196,,,,,,,,,,,,,,,,,,,,,,,,,,0,0,,0,0,0,0,0,,,,True,False,False,False,False
2024-08-16,13.87,13.92,13.74,13.76,9944.85,-0.7930785868781487,0.11862620508999551,,,,,,,,,,,,,,,,,,,,,,,,,,0,0,,0,0,0,0,0,,,,False,False,False,False,False
2024-08-19,13.77,14.02,13.77,13.96,17500.6,1.4534883720930258,0.20875425620275573,,,,,,,,,,,,,,,,,,,,,,,,,,0,0,,0,0,0,0,0,,,,True,False,False,False,False
2024-08-20,13.93,14.0,13.8,13.93,15943.4,-0.21489971346705383,0.19017934289927294,,,,,,,,,,,,,,,,,,,,,,,,,,0,0,,0,0,0,0,0,,,,False,False,False,False,False
2024-08-21,13.83,14.06,13.6,13.76,27852.74,-1.2203876525484603,0.33223878163655773,,,,,,,,,,,,,,,,,,,,,,,,,,0,0,,0,0,0,0,0,,,,False,False,False,False,False
2024-08-22,13.69,13.89,13.59,13.77,16910.92,0.07267441860465684,0.20172031394948206,,,,,,,,,,,,,,,,,,,,,,,,,,0,0,,0,0,0,0,0,,,,True,False,False,False,False
2024-08-23,13.77,14.06,13.69,14.06,28192.2,2.106027596223692,0.3362879982240226,,,,,,,,,,,,,,,,,,,,,,,,,,0,0,,0,0,0,0,0,,,,True,False,False,False,False
2024-08-26,14.03,14.39,13.95,14.25,30846.55,1.3513513513513375,0.36795016180423046,,,,,,,,,,,,,,,,,,,,,,,,,,0,0,,0,0,0,0,0,,,,True,False,True,False,False
2024-08-27,14.28,14.4,14.11,14.32,25317.25,0.49122807017543124,0.30199442835384027,,,,,,,,,,,,,,,,,,,,,,,,,,0,0,,0,0,0,0,0,,,,True,False,False,False,False
2024-08-28,14.32,14.65,14.26,14.43,23715.94,0.7681564245810124,0.2828933530764193,,,,,,,,,,,,,,,,,,,,,,,,,,0,0,,0,0,0,0,0,,,,True,False,True,True,False
2024-08-29,14.32,14.54,14.28,14.38,23189.01,-0.34650034650034467,0.27660791827870274,,,,,,,,,,,,,,,,,,,,,,,,,,0,0,,0,0,0,0,0,,,,True,False,False,False,False
2024-08-30,14.75,15.32,14.5,15.12,62822.77,5.146036161335177,0.7493754856374523,,,,,,,,,,,,,,,,,,,,,,,,,,0,0,,0,0,0,0,0,,,,True,False,True,True,False
2024-09-02,15.12,15.12,14.87,14.88,25663.74,-1.5873015873015817,0.3061275016331389,,,,,,,,,,,,,,,,,,,,,,,,,,0,0,,0,0,0,0,0,,,,False,False,False,False,False
2024-09-03,14.87,15.16,14.86,15.06,23130.04,1.2096774193548265,0.27590450019656404,,,,,,,,,,,,,,,,,,,,,,,,,,0,0,,0,0,0,0,0,,,,True,False,False,False,False
2024-09-04,14.96,15.25,14.93,15.07,17490.05,0.06640106241699861,0.20862841152297684,,,,,,,,,,,,,,,,,,,,,,,,,,0,0,,0,0,0,0,0,,,,True,False,False,False,False
2024-09-05,15.03,15.21,14.99,15.1,11519.0,0.1990710019907027,0.13740330486952124,,,,,,,,,,,,,,,,,,,,,,,,,,0,0,,0,0,0,0,0,,,,True,False,False,False,False
2024-09-06,15.08,15.15,14.81,14.82,16553.36,-1.8543046357615833,0.19745519321945812,,,,,,,,,,,,,,,,,,,,,,,,,,0,0,,0,0,0,0,0,,,,False,False,False,False,False
2024-09-09,14.81,14.89,14.54,14.64,23559.83,-1.2145748987854255,0.28103120966786116,,,,,,,,,,,,,,,,,,,,,,,,,,0,0,,0,0,0,0,0,,,,False,False,False,False,False
2024-09-10,14.67,14.69,14.46,14.62,13692.14,-0.1366120218579292,0.1633254003590734,,,,,,,,,,,,,,,,,,,,,,1.7142857142857142,0.55,0.2625857136016543,,0,0,,0,0,0,0,0,,,,False,False,False,False,False
2024-09-11,14.51,14.66,14.51,14.64,10472.55,0.1367989056087593,0.12492082476007506,,,,,,,,,,,,,,,,,,,,,,2.1666666666666665,0.6,0.2617392441145631,,0,0,,0,0,0,0,0,,,,True,False,False,False,False
2024-09-12,14.66,14.77,14.56,14.56,9959.67,-0.5464480874316946,0.11880298406196932,,,,,,,,,,,,,,,,,,,,,,1.7142857142857142,0.55,0.2590113787721685,,0,0,,0,0,0,0,0,,,,False,False,False,False,False
2024-09-13,14.63,14.72,14.46,14.58,18208.0,0.13736263736263687,0.2171924103710602,,,,,,,,,,,,,,,,,,,,,,1.7142857142857142,0.6,0.26393968903622167,,0,0,,0,0,0,0,0,,,,False,False,False,False,False
2024-09-18,14.58,14.8,14.51,14.58,14768.2,0.0,0.1761610805602972,,,,,,,,,,,,,,,,,,,,,,1.5714285714285714,0.55,0.26231003025409877,,0,0,,0,0,0,0,0,,,,False,False,False,False,False
2024-09-19,14.62,14.85,14.5,14.71,16996.9,0.8916323731138709,0.20274591826866614,,,,,,,,,,,,,,,,,,,,,,1.7142857142857142,0.6,0.2629383590225684,,0,0,,0,0,0,0,0,,,,True,False,False,False,False
2024-09-20,14.72,14.72,14.46,14.59,13456.0,-0.8157715839565038,0.1605086266450454,,,,,,,,,,,,,,,,,,,,,,1.7142857142857142,0.6,0.25435185127299287,,0,0,,0,0,0,0,0,,,,False,False,False,False,False
2024-09-23,14.54,14.65,14.46,14.5,8313.77,-0.6168608636052064,0.09917002117589024,,,,,,,,,,,,,,,,,,,,,,1.375,0.55,0.2492243366343132,,0,0,,0,0,0,0,0,,,,False,False,False,False,False
2024-09-24,14.6,14.95,14.52,14.95,26077.8,3.103448275862064,0.3110665772833059,,,,,,,,,,,,,,,,,,,,,,1.375,0.55,0.24796326558727738,,0,0,,0,0,0,0,0,,,,True,False,True,False,False
2024-09-25,15.05,15.23,14.59,14.67,33523.31,-1.8729096989966498,0.3998796409554189,,,,,,,,,,,,,,,,,,,,,,1.1111111111111112,0.5,0.2495597395448368,,0,0,,0,0,0,0,0,,,,False,False,False,False,False
2024-09-26,14.66,14.97,14.51,14.96,29339.6,1.976823449216103,0.34997465088547663,,,,,,,,,,,,,,,,,,,,,,1.1111111111111112,0.5,0.2519587506714186,,0,0,,0,0,0,0,0,,,,True,False,False,False,False
2024-09-27,15.05,15.56,15.03,15.56,33359.74,4.010695187165769,0.39792851164059057,,,,,,,,,,,,,,,,,,,,,,1.1111111111111112,0.5,0.2577105085996272,,0,0,,0,0,0,0,0,,,,True,False,True,True,False
2024-09-30,16.13,17.02,15.89,16.88,86810.71,8.48329048843186,1.0355132612981042,,,,,,,,,,,,,,,,,,,,,,1.1111111111111112,0.55,0.29565577575059726,,0,0,,0,0,0,0,0,,,,True,False,True,True,False
2024-10-08,18.56,18.57,17.02,17.66,83028.94,4.620853080568721,0.9904027791216616,,,,,,,,,,,,,,,,,,,,,,0.9,0.55,0.30770714042480773,,0,0,,0,0,0,0,0,,,,False,False,True,True,False
2024-10-09,17.51,17.51,16.1,16.12,67247.51,-8.720271800679502,0.8021554989502664,,,,,,,,,,,,,,,,,,,,,,0.9,0.55,0.3325085402906641,,0,0,,0,0,0,0,0,,,,False,False,False,False,False
2024-10-10,16.43,16.71,16.03,16.13,41445.35,0.06203473945407545,0.49437689824379255,,,,,,,,,,,,,,,,,,,,,,0.7272727272727273,0.55,0.3434321601930255,,0,0,,0,0,0,0,0,,,,False,False,False,False,False
2024-10-11,16.13,16.33,15.3,15.49,43966.8,-3.967761934283931,0.5244537736972948,,,,,,,,,,,,,,,,,,,,,,0.5833333333333334,0.5,0.3592234283017414,,0,0,,0,0,0,0,0,,,,False,False,False,False,False
2024-10-14,15.64,15.7,15.25,15.69,33560.55,1.291155584247905,0.4003238146705412,,,,,,,,,,,,,,,,,,,,,,0.5833333333333334,0.5,0.3723694537917924,,0,0,,0,0,0,0,0,,,,True,False,False,False,False
2024-10-15,15.61,15.69,15.15,15.15,33556.92,-3.441682600382401,0.40028051456231134,,,,,,,,,,,,,,,,,,,,,,0.5833333333333334,0.5,0.3825107198589351,,0,0,,0,0,0,0,0,,,,False,False,False,False,False
2024-10-16,15.09,15.38,14.86,15.22,25407.0,0.46204620462046986,0.3030649723956979,,,,,,,,,,,,,,,,,,,,,,0.7272727272727273,0.55,0.383612407995327,,0,0,,0,0,0,0,0,,,,True,False,False,False,False
2024-10-17,15.36,15.46,15.0,15.01,26688.63,-1.3797634691195881,0.3183527734179161,,,,,,,,,,,,,,,,,,,,,,0.7272727272727273,0.55,0.3913637766482691,,0,0,,0,0,0,0,0,,,,False,False,False,False,False
2024-10-18,15.03,16.11,14.99,15.71,56941.4,4.663557628247839,0.6792200503472426,,,,,,,,,,,,,,,,,,,,,,0.7272727272727273,0.55,0.41907873792762745,,0,0,,0,0,0,0,0,,,,True,False,False,False,False
2024-10-21,15.84,15.98,15.55,15.64,45733.8,-0.4455760661998709,0.5455312643976215,,,,,,,,,,,,,,,,,,,,,,0.7272727272727273,0.55,0.44041515194441005,,0,0,,0,0,0,0,0,,,,False,False,False,False,False
2024-10-22,15.65,15.88,15.47,15.87,33095.0,1.4705882352941124,0.3947705459690488,,,,,,,,,,,,,,,,,,,,,,0.9,0.55,0.4492940587243095,,0,0,,0,0,0,0,0,,,,True,False,False,False,False
2024-10-23,15.87,16.04,15.81,15.91,28960.0,0.2520478890989386,0.34544659348130086,,,,,,,,,,,,,,,,,,,,,,1.0,0.6,0.4577583343703597,,0,0,,0,0,0,0,0,,,,True,False,False,False,False
2024-10-24,15.92,16.11,15.86,16.08,27622.81,1.0685103708359511,0.32949605030667173,,,,,,,,,,,,,,,,,,,,,,1.0,0.6,0.4640958409722599,,0,0,,0,0,0,0,0,,,,True,False,False,False,False
2024-10-25,16.08,16.15,15.9,16.03,42133.0,-0.3109452736318241,0.5025794655783028,,,,,,,,,,,,,,,,,,,,,,1.0,0.6,0.48119938291892284,,0,0,,0,0,0,0,0,,,,False,False,False,False,False
2024-10-28,16.03,16.12,15.78,15.93,37146.41,-0.6238303181534732,0.4430974031270625,,,,,,,,,,,,,,,,,,,,,,1.0,0.6,0.49839575201648145,,0,0,,0,0,0,0,0,,,,False,False,False,False,False
2024-10-29,15.94,15.98,15.6,15.62,38595.4,-1.9460138104205882,0.4603815419215539,,,,,,,,,,,,,,,,,,,,,,0.8181818181818182,0.55,0.5058615002483939,,0,0,,0,0,0,0,0,,,,False,False,False,False,False
2024-10-30,15.58,15.79,15.45,15.69,29460.46,0.4481434058898781,0.3514162651771688,,,,,,,,,,,,,,,,,,,,,,1.0,0.6,0.5034383314594814,,0,0,,0,0,0,0,0,,,,True,False,False,False,False
2024-10-31,16.03,16.39,15.89,16.32,71661.4,4.0152963671128195,0.8548061213357553,,,,,,,,,,,,,,,,,,,,,,1.0,0.6,0.5286799049819952,,0,0,,0,0,0,0,0,,,,True,False,True,True,False
2024-11-01,16.38,16.54,16.11,16.23,51845.0,-0.5514705882352922,0.6184280988182234,,,,,,,,,,,,,,,,,,,,,,0.8181818181818182,0.55,0.5397048843408768,,0,0,,0,0,0,0,0,,,,False,False,False,False,False
2024-11-04,16.22,17.01,16.22,16.98,77516.38,4.621072088724576,0.9246466874466381,,,,,,,,,,,,,,,,,,,,,,0.8181818181818182,0.55,0.5341615556483037,,0,0,,0,0,0,0,0,,,,True,False,True,True,False
2024-11-05,17.08,17.14,16.67,17.11,73929.77,0.7656065959952718,0.8818641548301384,,,,,,,,,,,,,,,,,,,,,,1.0,0.55,0.5287346244337274,,0,0,,0,0,0,0,0,,,,True,False,True,True,False
2024-11-06,17.1,17.22,16.72,16.82,66592.32,-1.6949152542372836,0.7943400878290047,,,,,,,,,,,,,,,,,,,,,,1.0,0.55,0.5283438538776644,,0,0,,0,0,0,0,0,,,,False,False,False,False,False
2024-11-07,16.72,16.9,16.49,16.75,52200.12,-0.4161712247324645,0.6226641136017574,,,,,,,,,,,,,,,,,,,,,,1.2222222222222223,0.5,0.5347582146455626,,0,0,,0,0,0,0,0,,,,True,False,False,False,False
2024-11-08,16.98,17.1,16.72,16.78,55304.66,0.1791044776119577,0.6596963205629905,,,,,,,,,,,,,,,,,,,,,,1.2222222222222223,0.55,0.5415203419888475,,0,0,,0,0,0,0,0,,,,False,False,False,False,False
2024-11-11,16.78,17.08,16.67,17.06,53874.83,1.6686531585220266,0.6426407308526373,,,,,,,,,,,,,,,,,,,,,,1.2222222222222223,0.55,0.5536361877979521,,0,0,,0,0,0,0,0,,,,True,False,False,False,False
2024-11-12,17.01,17.12,16.67,16.82,46499.44,-1.4067995310668158,0.5546641002085456,,,,,,,,,,,,,,,,,,,,,,1.2222222222222223,0.55,0.5613553670802639,,0,0,,0,0,0,0,0,,,,False,False,False,False,False
2024-11-13,16.72,16.8,16.39,16.64,45545.37,-1.0701545778834753,0.5432835679250178,,,,,,,,,,,,,,,,,,,,,,1.0,0.5,0.5733662968567299,,0,0,,0,0,0,0,0,,,,False,False,False,False,False
2024-11-14,16.64,16.72,16.33,16.33,29378.0,-1.862980769230782,0.35043264899376536,,,,,,,,,,,,,,,,,,,,,,1.0,0.5,0.5749702906355224,,0,0,,0,0,0,0,0,,,,False,False,False,False,False
2024-11-15,16.35,16.45,16.13,16.14,33854.3,-1.1635027556644029,0.40382776325242126,,,,,,,,,,,,,,,,,,,,,,0.8181818181818182,0.45,0.5612006762807813,,0,0,,0,0,0,0,0,,,,False,False,False,False,False
2024-11-18,16.15,16.24,15.81,15.96,33411.89,-1.115241635687736,0.39855051809477493,,,,,,,,,,,,,,,,,,,,,,0.8181818181818182,0.45,0.553851638965639,,0,0,,0,0,0,0,0,,,,False,False,False,False,False
2024-11-19,15.97,16.34,15.97,16.33,32095.0,2.318295739348364,0.3828421223178875,,,,,,,,,,,,,,,,,,,,,,0.8181818181818182,0.45,0.553255217783081,,0,0,,0,0,0,0,0,,,,True,False,False,False,False
2024-11-20,16.3,16.54,16.19,16.49,33369.79,0.9797917942437229,0.39804833229170333,,,,,,,,,,,,,,,,,,,,,,0.8181818181818182,0.45,0.5558853047236011,,0,0,,0,0,0,0,0,,,,True,False,False,False,False
2024-11-21,16.41,16.65,16.39,16.53,37350.38,0.24257125530626755,0.44553041746625893,,,,,,,,,,,,,,,,,,,,,,0.8181818181818182,0.45,0.5616870230815805,,0,0,,0,0,0,0,0,,,,True,False,False,False,False
2024-11-22,16.46,16.52,15.84,15.89,35208.5,-3.8717483363581384,0.41998120777782655,,,,,,,,,,,,,,,,,,,,,,0.8181818181818182,0.45,0.5575571101915566,,0,0,,0,0,0,0,0,,,,False,False,False,False,False
2024-11-25,15.93,16.16,15.9,16.12,25511.02,1.4474512271869022,0.30430574978327074,,,,,,,,,,,,,,,,,,,,,,1.0,0.5,0.550617527524367,,0,0,,0,0,0,0,0,,,,True,False,False,False,False
2024-11-26,16.08,16.22,15.82,15.86,20212.57,-1.6129032258064613,0.2411036982800705,,,,,,,,,,,,,,,,,,,,,,1.0,0.5,0.5396536353422927,,0,0,,0,0,0,0,0,,,,False,False,False,False,False
2024-11-27,15.85,16.19,15.49,16.17,33406.57,1.9546027742749272,0.39848705898616826,,,,,,,,,,,,,,,,,,,,,,1.0,0.5,0.5420071750327428,,0,0,,0,0,0,0,0,,,,True,False,False,False,False
2024-11-28,16.13,16.2,15.83,15.86,24473.74,-1.9171304885590712,0.29193265501343435,,,,,,,,,,,,,,,,,,,,,,0.8181818181818182,0.45,0.5138635017166268,,0,0,,0,0,0,0,0,,,,False,False,False,False,False
2024-11-29,15.86,16.23,15.84,16.15,37130.38,1.828499369482972,0.44290616861410326,,,,,,,,,,,,,,,,,,,,,,1.0,0.5,0.5050874052064207,,0,0,,0,0,0,0,0,,,,True,False,False,False,False
2024-12-02,16.06,16.75,16.06,16.72,48489.39,3.529411764705892,0.578401027496487,,,,,,,,,,,,,,,,,,,,,,1.0,0.5,0.48777512220891317,,0,0,,0,0,0,0,0,,,,True,False,True,True,False
2024-12-03,16.73,16.95,16.63,16.76,36241.28,0.23923444976077235,0.4323004720932555,,,,,,,,,,,,,,,,,,,,,,1.0,0.5,0.465296938072069,,0,0,,0,0,0,0,0,,,,True,False,True,True,False
2024-12-04,16.76,17.07,16.63,16.92,39347.64,0.9546539379474916,0.469354375666518,,,,,,,,,,,,,,,,,,,,,,1.2222222222222223,0.55,0.4490476524639447,,0,0,,0,0,0,0,0,,,,True,False,False,False,False
2024-12-05,16.76,17.31,16.76,16.97,44829.64,0.2955082742316595,0.5347458626122116,,,,,,,,,,,,,,,,,,,,,,1.2222222222222223,0.6,0.4446517399144674,,0,0,,0,0,0,0,0,,,,True,False,False,False,False
2024-12-06,17.04,17.13,16.84,16.92,39921.4,-0.2946375957571967,0.47619841425644155,,,,,,,,,,,,,,,,,,,,,,1.2222222222222223,0.55,0.43547684459914004,,0,0,,0,0,0,0,0,,,,False,False,False,False,False
2024-12-09,16.91,17.09,16.83,16.99,37276.0,0.4137115839243366,0.4446430257912577,,,,,,,,,,,,,,,,,,,,,,1.2222222222222223,0.55,0.425576959346071,,0,0,,0,0,0,0,0,,,,True,False,False,False,False
2024-12-10,17.31,17.42,17.01,17.04,44748.86,0.294290759270166,0.5337822864875357,,,,,,,,,,,,,,,,,,,,,,1.2222222222222223,0.6,0.4245328686600205,,0,0,,0,0,0,0,0,,,,False,False,False,False,False
2024-12-11,17.04,17.26,16.99,17.13,31015.42,0.5281690140845008,0.3699643254369216,,,,,,,,,,,,,,,,,,,,,,1.5,0.65,0.41586690653561564,,0,0,,0,0,0,0,0,,,,True,False,False,False,True
2024-12-12,17.23,17.23,16.97,17.01,31461.59,-0.7005253940455147,0.375286419514003,,,,,,,,,,,,,,,,,,,,,,1.5,0.65,0.4171095950616276,,0,0,,0,0,0,0,0,,,,False,False,False,False,False
2024-12-13,16.97,17.0,16.62,16.69,33971.16,-1.8812463256907663,0.4052215734531318,,,,,,,,,,,,,,,,,,,,,,1.5,0.65,0.41717928557166306,,0,0,,0,0,0,0,0,,,,False,False,False,False,False
2024-12-16,16.65,16.7,16.25,16.36,32370.21,-1.9772318753744855,0.386124802014659,,,,,,,,,,,,,,,,,,,,,,1.5,0.65,0.4165579997676573,,0,0,,0,0,0,0,0,,,,False,False,False,False,False
2024-12-17,16.28,16.56,16.28,16.42,29957.56,0.3667481662591898,0.3573457485707466,,,,,,,,,,,,,,,,,,,,,,1.5,0.65,0.41528318108030027,,0,0,,0,0,0,0,0,,,,True,False,False,False,False
2024-12-18,16.39,16.61,16.38,16.45,24302.2,0.18270401948841108,0.2898863542596926,,,,,,,,,,,,,,,,,,,,,,1.5,0.65,0.40987508217869967,,0,0,,0,0,0,0,0,,,,True,False,False,False,False
2024-12-19,16.45,16.55,16.21,16.52,18167.2,0.42553191489362874,0.21670562233487867,,,,,,,,,,,,,,,,,,,,,,1.5,0.65,0.3984338424221307,,0,0,,0,0,0,0,0,,,,True,False,False,False,False
2024-12-20,16.57,16.63,16.31,16.49,21575.01,-0.1815980629540026,0.2573553419861746,,,,,,,,,,,,,,,,,,,,,,1.5,0.65,0.3903025491325481,,0,0,,0,0,0,0,0,,,,False,False,False,False,False
2024-12-23,16.49,16.59,16.22,16.3,22422.94,-1.1522134627046543,0.26746978991135917,,,,,,,,,,,,,,,,,,,,,,1.2222222222222223,0.6,0.3884607511389525,,0,0,,0,0,0,0,0,,,,False,False,False,False,False
2024-12-24,16.26,16.61,16.26,16.46,21895.26,0.9815950920245342,0.2611754119778488,,,,,,,,,,,,,,,,,,,,,,1.5,0.65,0.3894643368238414,,0,0,,0,0,0,0,0,,,,True,False,False,False,False
2024-12-25,16.53,16.53,16.31,16.53,19295.8,0.4252733900364625,0.23016801419312563,,,,,,,,,,,,,,,,,,,,,,1.375,0.65,0.3810483845841893,,0,0,,0,0,0,0,0,,,,False,False,False,False,False
2024-12-26,16.56,16.88,16.48,16.86,28693.6,1.9963702359346636,0.3422687285342857,,,,,,,,,,,,,,,,,,,,,,1.7142857142857142,0.7,0.3835651882602319,,0,0,,0,0,0,0,0,,,,True,False,True,False,False
2024-12-27,16.86,17.06,16.8,16.88,26543.6,0.11862396204032066,0.31662266926153093,,,,,,,,,,,,,,,,,,,,,,1.7142857142857142,0.7,0.37725101329260324,,0,0,,0,0,0,0,0,,,,True,False,False,False,False
2024-12-30,16.88,17.28,16.88,16.98,42222.01,0.5924170616113722,0.5036410098022519,,,,,,,,,,,,,,,,,,,,,,1.7142857142857142,0.7,0.3735130124078915,,0,0,,0,0,0,0,0,,,,True,False,False,False,False
2024-12-31,17.01,17.26,16.68,16.69,41719.0,-1.707891637220249,0.49764090548839685,,,,,,,,,,,,,,,,,,,,,,1.375,0.65,0.37678003407764854,,0,0,,0,0,0,0,0,,,,False,False,False,False,False
2025-01-02,16.7,16.8,16.01,16.12,36725.18,-3.4152186938286366,0.4380726246895746,,,,,,,,,,,,,,,,,,,,,,1.1111111111111112,0.6,0.37521594652880136,,0,0,,0,0,0,0,0,,,,False,False,False,False,False
2025-01-03,16.26,16.45,15.97,16.06,31795.62,-0.3722084367245748,0.38257816311117726,,,,,,,,,,,,,,,,,,,,,,0.9,0.55,0.3676075615537497,,0,0,,0,0,0,0,0,,,,False,False,False,False,False
2025-01-06,15.87,16.16,15.73,15.94,32840.6,-0.747198007471972,0.3951517983756545,,,,,,,,,,,,,,,,,,,,,,1.1111111111111112,0.55,0.36355523075971036,,0,0,,0,0,0,0,0,,,,True,False,False,False,False
2025-01-07,15.95,16.12,15.81,15.9,18951.0,-0.25094102885820924,0.22802633724770646,,,,,,,,,,,,,,,,,,,,,,0.9,0.5,0.3527243963325327,,0,0,,0,0,0,0,0,,,,False,False,False,False,False
2025-01-08,15.89,15.91,15.38,15.77,27468.0,-0.8176100628930816,0.3305064340414754,,,,,,,,,,,,,,,,,,,,,,0.9,0.45,0.3425606037102297,,0,0,,0,0,0,0,0,,,,False,False,False,False,False
2025-01-09,15.7,15.85,15.46,15.57,23400.0,-1.2682308180088753,0.281558561110038,,,,,,,,,,,,,,,,,,,,,,0.7272727272727273,0.4,0.33814031549388557,,0,0,,0,0,0,0,0,,,,False,False,False,False,False
2025-01-10,15.57,15.99,15.48,15.7,26449.96,0.8349389852279954,0.31825695209478894,,,,,,,,,,,,,,,,,,,,,,0.9,0.45,0.33528884212292487,,0,0,,0,0,0,0,0,,,,True,False,False,False,False
2025-01-13,15.51,15.9,15.48,15.76,26712.57,0.3821656050955413,0.32141678516030636,,,,,,,,,,,,,,,,,,,,,,1.1111111111111112,0.5,0.33109860270828356,,0,0,,0,0,0,0,0,,,,True,False,False,False,False
2025-01-14,15.79,16.89,15.67,16.68,60922.27,5.8375634517766395,0.7330421658443264,,,,,,,,,,,,,,,,,,,,,,1.375,0.55,0.34844447089976693,,0,0,,0,0,0,0,0,,,,True,False,True,False,False
2025-01-15,16.68,16.76,16.44,16.65,30432.0,-0.17985611510792365,0.36617051844874693,,,,,,,,,,,,,,,,,,,,,,1.1111111111111112,0.5,0.348885709393667,,0,0,,0,0,0,0,0,,,,False,False,False,False,False
2025-01-16,16.8,17.09,16.6,16.63,43541.55,-0.12012012012011519,0.5239100925855033,,,,,,,,,,,,,,,,,,,,,,0.9,0.45,0.36058689630995755,,0,0,,0,0,0,0,0,,,,False,False,False,False,False
2025-01-17,16.52,17.08,16.43,17.06,43098.11,2.5856885147324205,0.5185744375282966,,,,,,,,,,,,,,,,,,,,,,0.9,0.45,0.3756803370696284,,0,0,,0,0,0,0,0,,,,True,False,False,False,False
2025-01-20,17.14,17.37,16.97,17.14,40143.59,0.4689331770222793,0.4830244204355261,,,,,,,,,,,,,,,,,,,,,,1.0,0.5,0.386963790992096,,0,0,,0,0,0,0,0,,,,False,False,True,True,True
2025-01-21,17.19,17.65,17.11,17.52,77069.53,2.2170361726954413,0.9273327338558509,,,,,,,,,,,,,,,,,,,,,,1.25,0.55,0.41995693818932056,,0,0,,0,0,0,0,0,,,,True,False,True,True,True
2025-01-22,17.53,17.55,17.1,17.39,38333.78,-0.742009132420085,0.46124803156875016,,,,,,,,,,,,,,,,,,,,,,1.0,0.5,0.4299605691688656,,0,0,,0,0,0,0,0,,,,False,False,False,False,False
2025-01-23,17.39,17.54,17.02,17.07,46676.53,-1.840138010350778,0.5616314796756207,,,,,,,,,,,,,,,,,,,,,,0.9,0.45,0.4465337424429904,,0,0,,0,0,0,0,0,,,,False,False,False,False,False
2025-01-24,17.02,17.16,16.94,17.11,32066.99,0.23432923257176164,0.3858434001508538,,,,,,,,,,,,,,,,,,,,,,0.9,0.45,0.44871247602381875,,0,0,,0,0,0,0,0,,,,True,False,False,False,False
2025-01-27,17.14,17.22,16.9,16.97,25142.18,-0.8182349503214503,0.3025211976055374,,,,,,,,,,,,,,,,,,,,,,0.7272727272727273,0.4,0.4480074024410191,,0,0,,0,0,0,0,0,,,,False,False,False,False,False
2025-02-05,17.11,17.11,16.76,16.76,28502.2,-1.2374779021803062,0.3429503598491678,,,,,,,,,,,,,,,,,,,,,,0.5833333333333334,0.35,0.43997286994336493,,0,0,,0,0,0,0,0,,,,False,False,False,False,False
2025-02-06,16.76,17.56,16.7,17.43,51476.3,3.997613365155117,0.6193843144986603,,,,,,,,,,,,,,,,,,,,,,0.7272727272727273,0.4,0.44606004039387803,,0,0,,0,0,0,0,0,,,,True,False,False,False,False
2025-02-07,17.43,17.85,17.27,17.83,64712.7,2.2948938611589087,0.7786502007498102,,,,,,,,,,,,,,,,,,,,,,0.9,0.45,0.4630889191968898,,0,0,,0,0,0,0,0,,,,True,False,True,True,True
2025-02-10,17.81,17.87,17.49,17.8,53471.4,-0.16825574873806648,0.6433901899375764,,,,,,,,,,,,,,,,,,,,,,0.9,0.45,0.47612952053820984,,0,0,,0,0,0,0,0,,,,False,False,False,False,False
2025-02-11,17.78,17.93,17.69,17.8,40698.84,0.0,0.4897054200533188,,,,,,,,,,,,,,,,,,,,,,0.9,0.45,0.480857201622093,,0,0,,0,0,0,0,0,,,,True,False,False,False,False
2025-02-12,17.8,18.08,17.7,17.81,47703.11,0.05617977528089568,0.5739837184646952,,,,,,,,,,,,,,,,,,,,,,1.1111111111111112,0.5,0.49815507068294246,,0,0,,0,0,0,0,0,,,,True,False,False,False,False
2025-02-13,17.83,17.94,17.39,17.41,38883.48,-2.245929253228518,0.46786225127140774,,,,,,,,,,,,,,,,,,,,,,1.1111111111111112,0.5,0.505022861544439,,0,0,,0,0,0,0,0,,,,False,False,False,False,False
2025-02-14,17.39,17.61,17.32,17.54,26275.2,0.746697300402066,0.31615416687514836,,,,,,,,,,,,,,,,,,,,,,1.375,0.55,0.5067526418326946,,0,0,,0,0,0,0,0,,,,True,False,False,False,False
2025-02-17,17.66,17.66,17.18,17.33,40788.5,-1.1972633979475567,0.49078424657422165,,,,,,,,,,,,,,,,,,,,15.998333333333333,,1.1111111111111112,0.5,0.5153790065566662,,0,0,,0,0,0,0,0,,,,False,False,False,False,False
2025-02-18,17.29,17.62,17.27,17.4,32738.04,0.40392383150607003,0.39391775367362697,,,,,,,,,,,,,,,,,,,,16.02925,,1.1111111111111112,0.5,0.5190040549823324,,0,0,,0,0,0,0,0,,,,True,False,False,False,False
2025-02-19,17.33,18.33,17.29,18.3,109174.09,5.17241379310347,1.3136281919187092,,,,,,,,,,,,,,,,,,,,16.066166666666668,,1.1111111111111112,0.5,0.5480333562860513,,0,0,,0,0,0,0,0,,,,True,False,True,True,True
2025-02-20,18.3,19.61,18.01,19.06,168192.04,4.153005464480852,2.0237567851522207,,,,,,,,,,,,,,,,,,,,16.110333333333333,,1.375,0.55,0.6309126696212252,,0,0,,0,0,0,0,0,,,,True,False,True,True,True
2025-02-21,18.85,19.46,18.84,19.39,100204.07,1.7313746065057867,1.2056971695115184,,,,,,,,,,,,,,,,,,,,16.155583333333333,,1.7142857142857142,0.6,0.6650020234675258,,0,0,,0,0,0,0,0,,,,True,False,False,False,True
2025-02-24,19.43,19.49,18.78,18.95,76550.33,-2.2692109334708666,0.9210855028760077,,,,,,,,,,,,,,,,,,,,16.197416666666665,,1.375,0.55,0.6851275767349114,,0,0,,0,0,0,0,0,,,,False,False,False,False,False
2025-02-25,18.75,19.26,18.44,19.1,68048.34,0.7915567282322122,0.8187860126635318,,,,,,,,,,,,,,,,,,,,16.241916666666665,,1.5,0.55,0.7019156563463117,,0,0,,0,0,0,0,0,,,,True,False,False,False,False
2025-02-26,19.07,21.01,18.98,21.01,159104.57,10.000000000000009,1.914412555351766,,,,,,,,,,,,,,,,,,,,16.30225,,1.5,0.55,0.7512696474211075,,0,0,,0,0,0,0,0,,,,True,False,True,True,True
2025-02-27,21.65,21.89,20.81,21.2,214294.52,0.9043312708234108,2.578481055767789,,,,,,,,,,,,,,,,,,,,16.36175,,1.5,0.6,0.8571312986310595,,0,0,,0,0,0,0,0,,,,False,False,True,True,True
2025-02-28,21.11,21.51,19.57,19.76,158298.77,-6.792452830188667,1.9047168336191818,,,,,,,,,,,,,,,,,,,,16.407666666666668,,1.5,0.6,0.9242855663282373,,0,0,,0,0,0,0,0,,,,False,False,False,False,False
2025-03-03,19.74,20.01,19.27,19.37,90826.73,-1.9736842105263164,1.0928651029542702,,,,,,,,,,,,,,,,,,,,16.44975,,1.2222222222222223,0.55,0.9596366514684084,,0,0,,0,0,0,0,0,,,,False,False,False,False,False
2025-03-04,19.16,19.86,19.09,19.46,75888.64,0.4646360351058254,0.9131237727776785,,,,,,,,,,,,,,,,,,,,16.491666666666667,,1.5,0.6,0.9901667802270152,,0,0,,0,0,0,0,0,,,,True,False,False,False,False
2025-03-05,19.37,20.44,19.32,19.92,98828.2,2.3638232271325776,1.1891421277391052,,,,,,,,,,,,,,,,,,,,16.53783333333333,,1.8571428571428572,0.65,1.0324763686215124,,0,0,,0,0,0,0,0,,,,True,False,False,False,False
2025-03-06,19.88,20.66,19.86,20.39,113036.33,2.359437751004001,1.3601002746991209,,,,,,,,,,,,,,,,,,,,16.58175,,1.8571428571428572,0.65,1.0695121666315353,,0,0,,0,0,0,0,0,,,,True,False,False,False,False
2025-03-07,20.17,20.78,20.11,20.59,87315.69,0.9808729769494873,1.0506188050739373,,,,,,,,,,,,,,,,,,,,16.62933333333333,,1.8571428571428572,0.65,1.0831105968477417,,0,0,,0,0,0,0,0,,,,True,False,False,False,False
2025-03-10,20.68,21.16,20.34,20.55,73100.96,-0.19426906265176402,0.8795812441607882,,,,,,,,,,,,,,,,,,,,16.675083333333333,,1.8571428571428572,0.65,1.094920149558902,,0,0,,0,0,0,0,0,,,,False,False,False,False,False
2025-03-11,20.16,20.73,20.08,20.48,63869.8,-0.3406326034063323,0.768508076341278,,,,,,,,,,,,,,,,,,,,16.720166666666668,,1.8571428571428572,0.65,1.1088602823733003,,0,0,,0,0,0,0,0,,,,True,False,False,False,False
2025-03-12,20.48,20.72,19.92,20.06,67039.54,-2.050781250000011,0.8066477102512324,,,,,,,,,,,,,,,,,,,,16.761499999999998,,1.5,0.6,1.1204934819626269,,0,0,,0,0,0,0,0,,,,False,False,False,False,False
2025-03-13,20.06,20.14,19.47,19.7,51996.98,-1.7946161515453585,0.6256493534558729,,,,,,,,,,,,,,,,,,,,16.80216666666667,,1.5,0.6,1.1283828370718503,,0,0,,0,0,0,0,0,,,,False,False,False,False,False
2025-03-14,19.56,20.05,19.29,19.95,61972.12,1.2690355329949332,0.7456743989802825,,,,,,,,,,,,,,,,,,,,16.846416666666666,,1.5,0.6,1.1498588486771069,,0,0,,0,0,0,0,0,,,,True,False,False,False,False
2025-03-17,19.81,19.98,19.66,19.94,47445.2,-0.050125313283200246,0.5708804377597426,,,,,,,,,,,,,,,,,,,,16.89075,,1.8571428571428572,0.6,1.153863658236383,,0,0,,0,0,0,0,0,,,,True,False,False,False,False
2025-03-18,19.98,21.48,19.92,21.1,146979.05,5.817452357071207,1.7685132406547153,,,,,,,,,,,,,,,,,,,,16.944583333333334,,1.8571428571428572,0.6,1.2225934325854375,,0,0,,0,0,0,0,0,,,,True,False,True,False,False
2025-03-19,21.05,21.19,20.75,21.11,69768.63,0.04739336492889379,0.8394852595478048,,,,,,,,,,,,,,,,,,,,16.999166666666664,,1.8571428571428572,0.6,1.1988862859668923,,0,0,,0,0,0,0,0,,,,True,False,False,False,False
2025-03-20,21.18,22.97,20.95,22.33,153669.88,5.779251539554697,1.849020098237274,,,,,,,,,,,,,,,,,,,,17.063750000000002,,1.8571428571428572,0.6,1.190149451621145,,0,0,,0,0,0,0,0,,,,True,False,True,True,True
2025-03-21,21.79,24.29,21.79,22.29,194102.06,-0.17913121361397,2.335516953935653,,,,,,,,,,,,,,,,,,,,17.128,,1.8571428571428572,0.55,1.2466404408423517,,0,0,,0,0,0,0,0,,,,True,False,False,False,False
2025-03-24,22.3,22.38,20.61,21.14,142159.77,-5.159264244055628,1.7105256533732456,,,,,,,,,,,,,,,,,,,,17.181583333333332,,1.8571428571428572,0.55,1.2861124483672135,,0,0,,0,0,0,0,0,,,,False,False,False,False,False
2025-03-25,21.11,21.62,20.46,20.7,90069.07,-2.081362346263016,1.0837486217828758,,,,,,,,,,,,,,,,,,,,17.2325,,1.5,0.5,1.2993605788231806,,0,0,,0,0,0,0,0,,,,False,False,False,False,False
2025-03-26,20.85,21.49,20.68,21.03,82409.43,1.5942028985507228,0.9915846381495043,,,,,,,,,,,,,,,,,,,,17.286916666666666,,1.5,0.5,1.2532191829630677,,0,0,,0,0,0,0,0,,,,True,False,False,False,False
2025-03-27,20.74,21.29,20.01,20.89,84779.95,-0.6657156443176437,1.0201077236316654,,,,,,,,,,,,,,,,,,,,17.336416666666665,,1.8571428571428572,0.45,1.1753005163562615,,0,0,,0,0,0,0,0,,,,True,False,False,False,False
2025-03-28,20.65,21.84,20.65,21.32,101590.19,2.0584011488750553,1.2223755435596313,,,,,,,,,,,,,,,,,,,,17.391833333333334,,2.3333333333333335,0.5,1.141183451853284,,0,0,,0,0,0,0,0,,,,True,False,False,False,False
2025-03-31,21.06,22.31,20.75,22.31,144444.38,4.643527204502806,1.7380148582336183,,,,,,,,,,,,,,,,,,,,17.453083333333332,,3.0,0.55,1.1734409396172514,,0,0,,0,0,0,0,0,,,,True,False,False,False,False
2025-04-01,22.13,22.82,21.59,22.57,140132.51,1.1653966831017604,1.6861326449777496,,,,,,,,,,,,,,,,,,,,17.5115,,3.0,0.55,1.2120913832272548,,0,0,,0,0,0,0,0,,,,True,False,True,False,True
2025-04-02,22.22,22.57,21.6,21.85,99668.68,-3.1900753212228516,1.199255012486688,,,,,,,,,,,,,,,,,,,,17.552916666666665,,2.3333333333333335,0.5,1.212597027464634,,0,0,,0,0,0,0,0,,,,False,False,False,False,False
2025-04-03,21.4,21.84,19.66,19.99,134687.64,-8.512585812356988,1.6206177044785035,,,,,,,,,,,,,,,,,,,,17.572333333333336,,1.8571428571428572,0.45,1.225622898953603,,0,0,,0,0,0,0,0,,,,False,False,False,False,False
2025-04-07,18.13,19.27,17.99,17.99,83431.0,-10.005002501250626,1.0038764930645903,,,,,,,,,,,,,,,,,,,,17.58791666666667,,1.5,0.4,1.2232857833531356,,0,0,,0,0,0,0,0,,,,False,False,False,False,False
2025-04-08,17.98,18.27,16.87,17.39,124902.6,-3.3351862145636346,1.5028800333527021,,,,,,,,,,,,,,,,,,,,17.598416666666665,,1.5,0.4,1.2544507228127315,,0,0,,0,0,0,0,0,,,,False,False,False,False,False
2025-04-09,16.74,17.67,16.15,17.31,110879.9,-0.46003450258770284,1.3341530745568488,,,,,,,,,,,,,,,,,,,,17.61358333333333,,1.5,0.4,1.28273297272351,,0,0,,0,0,0,0,0,,,,True,False,False,False,False
2025-04-10,17.76,18.34,17.72,17.82,84519.48,2.9462738301559988,1.0169735371509723,,,,,,,,,,,,,,,,,,,,17.63133333333333,,1.8571428571428572,0.45,1.293249264068497,,0,0,,0,0,0,0,0,,,,True,False,False,False,False
2025-04-11,17.49,18.57,17.49,18.31,75707.0,2.749719416386065,0.9109381124574909,,,,,,,,,,,,,,,,,,,,17.657666666666668,,2.3333333333333335,0.5,1.307513702018578,,0,0,,0,0,0,0,0,,,,True,False,False,False,False
2025-04-14,18.48,18.82,18.28,18.33,54387.2,0.10922992900055384,0.6544094114130536,,,,,,,,,,,,,,,,,,,,17.68358333333333,,1.8571428571428572,0.5,1.3029504526402165,,0,0,,0,0,0,0,0,,,,False,False,False,False,False
2025-04-15,18.33,18.52,17.88,17.99,46926.68,-1.8548827059465367,0.5646413317539554,,,,,,,,,,,,,,,,,,,,17.70841666666667,,1.5,0.5,1.302638497339927,,0,0,,0,0,0,0,0,,,,False,False,False,False,False
2025-04-16,17.98,18.02,17.52,17.93,45594.77,-0.33351862145635236,0.5486152366588748,,,,,,,,,,,,,,,,,,,,17.726916666666668,,1.2222222222222223,0.45,1.241643597140135,,0,0,,0,0,0,0,0,,,,False,False,False,False,False
2025-04-17,17.79,18.16,17.79,17.83,30784.8,-0.5577244841048601,0.3704155177775023,,,,,,,,,,,,,,,,,,,,17.745166666666666,,1.2222222222222223,0.4,1.21819011005162,,0,0,,0,0,0,0,0,,,,True,False,False,False,False
2025-04-18,17.84,17.92,17.61,17.77,26891.0,-0.33651149747615516,0.3235636966475278,,,,,,,,,,,,,,,,,,,,17.761,,1.0,0.35,1.1419172899721326,,0,0,,0,0,0,0,0,,,,False,False,False,False,False
2025-04-21,17.79,18.45,17.59,18.35,53979.71,3.2639279684862244,0.6495063222476488,,,,,,,,,,,,,,,,,,,,17.781333333333336,,1.0,0.4,1.0576167583877325,,0,0,,0,0,0,0,0,,,,True,False,False,False,False
2025-04-22,18.32,18.43,18.03,18.15,35220.61,-1.0899182561308063,0.42378902866315443,,,,,,,,,,,,,,,,,,,,17.798583333333333,,1.0,0.4,0.9932799271522279,,0,0,,0,0,0,0,0,,,,False,False,False,False,False
2025-04-23,18.27,18.89,18.27,18.72,56774.0,3.140495867768589,0.683128381743585,,,,,,,,,,,,,,,,,,,,17.821,,1.2222222222222223,0.45,0.9732489151502633,,0,0,,0,0,0,0,0,,,,True,False,True,False,False
2025-04-24,18.61,18.82,18.44,18.56,39885.0,-0.8547008547008517,0.47991290918101404,,,,,,,,,,,,,,,,,,,,17.842916666666667,,1.0,0.4,0.9476653287018388,,0,0,,0,0,0,0,0,,,,False,False,False,False,False
2025-04-25,18.67,18.86,18.56,18.66,28814.0,0.5387931034482873,0.3467020324719002,,,,,,,,,,,,,,,,,,,,17.86825,,0.8181818181818182,0.45,0.9139950441438506,,0,0,,0,0,0,0,0,,,,False,False,False,False,False
2025-04-28,18.67,18.75,18.2,18.32,27330.32,-1.8220793140407254,0.3288497776118353,,,,,,,,,,,,,,,,,,,,17.89016666666667,,0.6666666666666666,0.4,0.8693187558464608,,0,0,,0,0,0,0,0,,,,False,False,False,False,False
2025-04-29,18.38,18.85,18.29,18.74,39175.8,2.2925764192139653,0.4713795198067837,,,,,,,,,,,,,,,,,,,,17.91033333333333,,0.6666666666666666,0.4,0.8059869889251191,,0,0,,0,0,0,0,0,,,,True,False,False,False,False
2025-04-30,18.77,18.79,18.15,18.57,80643.32,-0.9071504802561248,0.9703339678379204,,,,,,,,,,,,,,,,,,,,17.92983333333333,,0.5384615384615384,0.35,0.7701970550681276,,0,0,,0,0,0,0,0,,,,False,False,False,False,False
2025-05-06,18.77,19.14,18.67,19.01,71713.11,2.369413031771672,0.8628819668175521,,,,,,,,,,,,,,,,,,,,17.946749999999998,,0.6666666666666666,0.4,0.7533784027846708,,0,0,,0,0,0,0,0,,,,True,False,True,True,False
2025-05-07,19.31,19.44,18.69,18.83,54332.4,-0.946870068385075,0.6537500350203467,,,,,,,,,,,,,,,,,,,,17.96108333333333,,0.6666666666666666,0.4,0.705035019311763,,0,0,,0,0,0,0,0,,,,False,False,False,False,False
2025-05-08,18.79,19.16,18.7,19.04,50189.48,1.115241635687747,0.6039006984350588,,,,,,,,,,,,,,,,,,,,17.979583333333334,,0.8181818181818182,0.45,0.6850362295802863,,0,0,,0,0,0,0,0,,,,True,False,False,False,False
2025-05-09,19.12,19.12,18.56,18.81,40569.14,-1.2079831932773177,0.488144766212156,,,,,,,,,,,,,,,,,,,,17.996750000000002,,0.8181818181818182,0.45,0.6342994662232591,,0,0,,0,0,0,0,0,,,,False,False,False,False,False
2025-05-12,18.98,19.29,18.97,19.09,42336.5,1.488569909622539,0.5094103768219129,,,,,,,,,,,,,,,,,,,,18.016000000000002,,0.8181818181818182,0.5,0.5930623313365123,,0,0,,0,0,0,0,0,,,,True,False,False,False,False
2025-05-13,19.29,19.35,18.88,18.88,41010.42,-1.1000523834468368,0.4934544307116771,,,,,,,,,,,,,,,,,,,,18.031166666666664,,0.6666666666666666,0.45,0.5668863760145475,,0,0,,0,0,0,0,0,,,,False,False,False,False,False
2025-05-14,18.97,18.97,18.49,18.56,49289.48,-1.6949152542372947,0.5930715241022793,,,,,,,,,,,,,,,,,,,,18.045666666666666,,0.5384615384615384,0.4,0.5509930465967869,,0,0,,0,0,0,0,0,,,,False,False,False,False,False
2025-05-15,18.58,18.59,17.95,18.08,45156.61,-2.5862068965517238,0.5433431132970407,,,,,,,,,,,,,,,,,,,,18.057666666666666,,0.5384615384615384,0.35,0.5454397316909863,,0,0,,0,0,0,0,0,,,,False,False,False,False,False
2025-05-16,18.06,18.47,17.99,18.16,35476.4,0.4424778761062065,0.4268668003326896,,,,,,,,,,,,,,,,,,,,18.072916666666668,,0.6666666666666666,0.4,0.5385510051199229,,0,0,,0,0,0,0,0,,,,True,False,False,False,False
2025-05-19,18.16,18.35,17.85,18.03,35708.38,-0.7158590308369961,0.4296580801790432,,,,,,,,,,,,,,,,,,,,18.088666666666665,,0.6666666666666666,0.4,0.5326031472959314,,0,0,,0,0,0,0,0,,,,False,False,False,False,False
2025-05-20,18.05,18.16,17.79,18.0,25828.84,-0.16638935108154174,0.3107833457482999,,,,,,,,,,,,,,,,,,,,18.105666666666664,,0.5384615384615384,0.4,0.5296215386944713,,0,0,,0,0,0,0,0,,,,False,False,False,False,False
2025-05-21,17.97,18.03,17.8,17.88,25614.39,-0.666666666666671,0.308202994153117,,,,,,,,,,,,,,,,,,,,18.118583333333333,,0.5384615384615384,0.4,0.5288535035697508,,0,0,,0,0,0,0,0,,,,False,False,False,False,False
2025-05-22,17.89,18.05,17.67,17.71,30151.18,-0.9507829977628557,0.362791538398907,,,,,,,,,,,,,,,,,,,,18.12875,,0.42857142857142855,0.35,0.5145177643773138,,0,0,,0,0,0,0,0,,,,False,False,False,False,False
2025-05-23,17.71,17.96,17.57,17.64,33545.2,-0.39525691699604515,0.4036297986977298,,,,,,,,,,,,,,,,,,,,18.137999999999998,,0.42857142857142855,0.35,0.5135098028790425,,0,0,,0,0,0,0,0,,,,False,False,False,False,False
2025-05-26,17.69,17.75,17.47,17.58,23117.34,-0.3401360544217802,0.2781574499668202,,,,,,,,,,,,,,,,,,,,18.152083333333334,,0.3333333333333333,0.3,0.49326125629020423,,0,0,,0,0,0,0,0,,,,False,False,False,False,False
2025-05-27,17.59,17.64,17.42,17.58,17538.88,0.0,0.2110350990241119,,,,,,,,,,,,,,,,,,,,18.16425,,0.3333333333333333,0.3,0.47981736578235906,,0,0,,0,0,0,0,0,,,,False,False,False,False,False
2025-05-28,17.58,17.8,17.56,17.59,26080.64,0.05688282138796019,0.3138131080782931,,,,,,,,,,,,,,,,,,,,18.178666666666665,,0.42857142857142855,0.3,0.4781729195626788,,0,0,,0,0,0,0,0,,,,True,False,False,False,False
2025-05-29,17.54,17.9,17.49,17.8,29887.3,1.1938601478112654,0.359616424484536,,,,,,,,,,,,,,,,,,,,18.19225,,0.5384615384615384,0.35,0.47971125190631375,,0,0,,0,0,0,0,0,,,,True,False,False,False,False
2025-05-30,17.63,17.78,17.44,17.47,31155.03,-1.8539325842696686,0.3748702412365349,,,,,,,,,,,,,,,,,,,,18.205666666666666,,0.42857142857142855,0.3,0.47488578797780134,,0,0,,0,0,0,0,0,,,,False,False,False,False,False
2025-06-03,17.43,17.48,17.31,17.34,23683.52,-0.7441327990841407,0.28496993441284757,,,,,,,,,,,,,,,,,,,,18.21558333333333,,0.42857142857142855,0.3,0.4406175863065477,,0,0,,0,0,0,0,0,,,,False,False,False,False,False
2025-06-04,17.44,17.5,17.31,17.38,19859.28,0.23068050749710522,0.23895509278546329,,,,,,,,,,,,,,,,,,,,18.221083333333336,,0.3333333333333333,0.3,0.40942124260494317,,0,0,,0,0,0,0,0,,,,False,False,False,False,False
2025-06-05,17.38,17.58,17.31,17.55,24966.33,0.9781357882623798,0.3004052363259139,,,,,,,,,,,,,,,,,,,,18.227666666666664,,0.42857142857142855,0.35,0.39175400267022165,,0,0,,0,0,0,0,0,,,,True,False,False,False,False
2025-06-06,17.61,17.64,17.37,17.41,21542.14,-0.7977207977208023,0.25920396220293185,,,,,,,,,,,,,,,,,,,,18.231749999999998,,0.3333333333333333,0.3,0.3745191658586153,,0,0,,0,0,0,0,0,,,,False,False,False,False,False
2025-06-09,17.59,17.71,17.42,17.67,29396.11,1.4933946008041543,0.3537061863562871,,,,,,,,,,,,,,,,,,,,18.237583333333337,,0.42857142857142855,0.35,0.36779723686582183,,0,0,,0,0,0,0,0,,,,True,False,False,False,False
2025-06-10,17.67,17.7,17.2,17.34,34077.05,-1.8675721561969505,0.4100291976650146,,,,,,,,,,,,,,,,,,,,18.241083333333332,,0.3333333333333333,0.3,0.3628281779079769,,0,0,,0,0,0,0,0,,,,False,False,False,False,False
2025-06-11,17.45,17.55,17.34,17.38,18467.46,0.23068050749710522,0.22220813734495065,,,,,,,,,,,,,,,,,,,,18.244333333333334,,0.3333333333333333,0.35,0.3492658632396406,,0,0,,0,0,0,0,0,,,,False,False,False,False,False
2025-06-12,17.34,17.4,17.17,17.25,22544.93,-0.7479861910241636,0.2712699473491373,,,,,,,,,,,,,,,,,,,,18.24608333333333,,0.3333333333333333,0.35,0.3331757844019835,,0,0,,0,0,0,0,0,,,,False,False,False,False,False
2025-06-13,17.24,17.24,16.96,17.07,25958.76,-1.043478260869568,0.3123465656557324,,,,,,,,,,,,,,,,,,,,18.245583333333336,,0.3333333333333333,0.35,0.3216259570199181,,0,0,,0,0,0,0,0,,,,False,False,False,False,False
2025-06-16,16.92,17.13,16.9,17.02,16209.57,-0.29291154071471315,0.1950402684972699,,,,,,,,,,,,,,,,,,,,18.24566666666667,,0.3333333333333333,0.3,0.31003463042814705,,0,0,,0,0,0,0,0,,,,True,False,False,False,False
2025-06-17,16.99,17.08,16.95,17.03,16827.6,0.0587544065804968,0.20247666175997628,,,,,,,,,,,,,,,,,,,,18.248499999999996,,0.42857142857142855,0.35,0.29867555950719377,,0,0,,0,0,0,0,0,,,,True,False,False,False,False
2025-06-18,17.03,17.22,16.9,16.96,19241.18,-0.41103934233704953,0.23151785725372725,,,,,,,,,,,,,,,,,,,,18.2535,,0.42857142857142855,0.35,0.2947122850824651,,0,0,,0,0,0,0,0,,,,False,False,False,False,False
2025-06-19,16.96,17.12,16.82,16.88,30375.21,-0.4716981132075526,0.36548712359803237,,,,,,,,,,,,,,,,,,,,18.257333333333335,,0.42857142857142855,0.35,0.2975764915547109,,0,0,,0,0,0,0,0,,,,False,False,False,False,False
2025-06-20,16.91,16.99,16.7,16.7,27167.0,-1.0663507109004766,0.3268846104039361,,,,,,,,,,,,,,,,,,,,18.259416666666663,,0.42857142857142855,0.35,0.29578114515496234,,0,0,,0,0,0,0,0,,,,False,False,False,False,False
2025-06-23,16.65,16.88,16.56,16.81,18170.7,0.6586826347305452,0.21863739795585832,,,,,,,,,,,,,,,,,,,,18.261833333333335,,0.5384615384615384,0.4,0.2865315251178687,,0,0,,0,0,0,0,0,,,,True,False,False,False,False
2025-06-24,16.88,17.22,16.84,17.16,38040.42,2.0820939916716297,0.4577181091508853,,,,,,,,,,,,,,,,,,,,18.26741666666667,,0.6666666666666666,0.45,0.295509558077072,,0,0,,0,0,0,0,0,,,,True,False,False,False,False
2025-06-25,17.21,17.3,17.05,17.25,40452.6,0.5244755244755206,0.48674245926404347,,,,,,,,,,,,,,,,,,,,18.275333333333332,,0.8181818181818182,0.5,0.30929492608906856,,0,0,,0,0,0,0,0,,,,True,False,True,False,False
2025-06-26,17.22,17.28,17.06,17.09,28914.0,-0.927536231884063,0.3479052389008507,,,,,,,,,,,,,,,,,,,,18.280583333333333,,0.6666666666666666,0.45,0.3109995326301965,,0,0,,0,0,0,0,0,,,,False,False,False,False,False
2025-06-27,17.14,17.28,17.08,17.19,24108.8,0.5851375073142373,0.290087079740362,,,,,,,,,,,,,,,,,,,,18.286083333333334,,0.6666666666666666,0.45,0.30752306539298774,,0,0,,0,0,0,0,0,,,,True,False,False,False,False
2025-06-30,17.24,17.39,17.2,17.33,29387.48,0.8144269924374559,0.3536023287476496,,,,,,,,,,,,,,,,,,,,18.290000000000003,,0.8181818181818182,0.5,0.3064596697685435,,0,0,,0,0,0,0,0,,,,True,False,True,True,False
2025-07-01,17.33,17.39,17.22,17.38,26160.33,0.2885170225043421,0.31477192358130063,,,,,,,,,,,,,,,,,,,,18.294166666666666,,1.0,0.55,0.30794976922696615,,0,0,,0,0,0,0,0,,,,True,False,False,False,False
2025-07-02,17.38,17.48,17.27,17.34,26662.36,-0.23014959723820505,0.32081255643247336,,,,,,,,,,,,,,,,,,,,18.297166666666666,,1.0,0.5,0.3120426424093167,,0,0,,0,0,0,0,0,,,,False,False,False,False,False
2025-07-03,17.34,17.38,17.15,17.21,24251.81,-0.7497116493656253,0.29180782062107863,,,,,,,,,,,,,,,,,,,,18.301499999999997,,0.8181818181818182,0.45,0.31161277162407486,,0,0,,0,0,0,0,0,,,,False,False,False,False,False
2025-07-04,17.15,17.3,16.94,17.06,35851.0,-0.8715862870424251,0.4313740779383596,,,,,,,,,,,,,,,,,,,,18.30933333333333,,0.8181818181818182,0.45,0.3202212774108463,,0,0,,0,0,0,0,0,,,,False,False,False,False,False
2025-07-07,17.07,17.12,16.94,17.03,17408.66,-0.17584994138334364,0.2094682060651698,,,,,,,,,,,,,,,,,,,,18.317416666666666,,0.6666666666666666,0.4,0.3130093783962904,,0,0,,0,0,0,0,0,,,,False,False,False,False,False
2025-07-08,17.04,17.32,16.99,17.31,32079.24,1.6441573693481981,0.38599069972841327,,,,,,,,,,,,,,,,,,,,18.328833333333332,,0.8181818181818182,0.45,0.3118074534994603,,0,0,,0,0,0,0,0,,,,True,False,False,False,False
2025-07-09,17.4,17.49,17.17,17.22,30474.33,-0.5199306759098743,0.36667975801342473,,,,,,,,,,,,,,,,,,,,18.33983333333333,,0.8181818181818182,0.4,0.31903103453288406,,0,0,,0,0,0,0,0,,,,False,False,False,False,False
2025-07-10,17.19,17.32,17.11,17.26,22127.39,0.23228803716610624,0.2662459194564302,,,,,,,,,,,,,,,,,,,,18.35225,,1.0,0.45,0.3187798331382487,,0,0,,0,0,0,0,0,,,,True,False,False,False,False
2025-07-11,17.27,17.5,17.22,17.42,41536.01,0.9269988412514474,0.4997784724272262,,,,,,,,,,,,,,,,,,,,18.36766666666667,,1.2222222222222223,0.5,0.3281514284768233,,0,0,,0,0,0,0,0,,,,True,False,False,False,False
2025-07-14,17.53,17.72,17.43,17.48,49828.8,0.344431687715252,0.5995607557606464,,,,,,,,,,,,,,,,,,,,18.382499999999997,,1.0,0.55,0.3483774528399922,,0,0,,0,0,0,0,0,,,,False,False,False,False,False
2025-07-15,17.47,17.67,17.26,17.41,46360.5,-0.4004576659038972,0.5578287339338184,,,,,,,,,,,,,,,,,,,,18.396250000000002,,0.8181818181818182,0.5,0.36614505644868434,,0,0,,0,0,0,0,0,,,,False,False,False,False,False
2025-07-16,17.42,17.64,17.41,17.56,42213.7,0.861573808156213,0.5079327191393973,,,,,,,,,,,,,,,,,,,,18.403583333333334,,1.0,0.55,0.37996579954296783,,0,0,,0,0,0,0,0,,,,True,False,False,False,False
2025-07-17,17.56,17.76,17.47,17.75,40491.93,1.0820045558086688,0.4872156695125548,,,,,,,,,,,,,,,,,,,,18.412750000000003,,1.2222222222222223,0.6,0.38605222683869395,,0,0,,0,0,0,0,0,,,,True,False,True,True,False
2025-07-18,17.82,17.86,17.58,17.68,28931.93,-0.3943661971831047,0.3481209625038957,,,,,,,,,,,,,,,,,,,,18.421499999999998,,1.2222222222222223,0.6,0.3871140444436919,,0,0,,0,0,0,0,0,,,,False,False,False,False,False
2025-07-21,18.13,19.2,17.9,18.84,166453.0,6.561085972850678,2.0028314243695786,,,,,,,,,,,,,,,,,,,,18.436333333333334,,1.2222222222222223,0.6,0.4763237457643779,,0,0,,0,0,0,0,0,,,,True,False,True,True,True
2025-07-22,19.42,19.46,18.65,18.78,159930.53,-0.31847133757960666,1.9243503643676094,,,,,,,,,,,,,,,,,,,,18.45,,1.0,0.55,0.5496553585252142,,0,0,,0,0,0,0,0,,,,False,False,False,False,False
2025-07-23,19.32,19.6,18.72,18.76,148373.63,-0.10649627263045192,1.7852929578426637,,,,,,,,,,,,,,,,,,,,18.46033333333333,,0.8181818181818182,0.5,0.6145828834541451,,0,0,,0,0,0,0,0,,,,False,False,False,False,False
2025-07-24,18.58,19.25,18.58,19.0,96222.22,1.2793176972281328,1.1577855967666728,,,,,,,,,,,,,,,,,,,,18.47375,,1.0,0.55,0.6550769013474362,,0,0,,0,0,0,0,0,,,,True,False,False,False,True
2025-07-25,18.99,18.99,18.55,18.58,67069.0,-2.210526315789485,0.8070019813463457,,,,,,,,,,,,,,,,,,,,18.48633333333333,,0.8181818181818182,0.5,0.6809226464277354,,0,0,,0,0,0,0,0,,,,False,False,False,False,False
2025-07-28,18.59,18.77,18.44,18.53,51374.7,-0.2691065662001946,0.6181616647195293,,,,,,,,,,,,,,,,,,,,18.49816666666667,,0.6666666666666666,0.45,0.6941506132263294,,0,0,,0,0,0,0,0,,,,False,False,False,False,False
2025-07-29,18.44,18.47,18.18,18.31,51046.71,-1.1872638963842497,0.6142151532185112,,,,,,,,,,,,,,,,,,,,18.509333333333334,,0.5384615384615384,0.4,0.7091227747081901,,0,0,,0,0,0,0,0,,,,False,False,False,False,False
2025-07-30,18.28,18.37,18.02,18.11,49502.6,-1.0922992900054607,0.5956357822808691,,,,,,,,,,,,,,,,,,,,18.520583333333335,,0.5384615384615384,0.4,0.7228639360006098,,0,0,,0,0,0,0,0,,,,False,False,False,False,False
2025-07-31,18.11,18.24,17.94,17.99,43457.96,-0.662617338487026,0.5229041707088258,,,,,,,,,,,,,,,,,,,,18.525249999999996,,0.5384615384615384,0.4,0.7344187535049971,,0,0,,0,0,0,0,0,,,,False,False,False,False,False
2025-08-01,17.99,18.16,17.95,18.15,35414.32,0.8893829905503026,0.42611976334869345,,,,,,,,,,,,,,,,,,,,18.527916666666666,,0.6666666666666666,0.45,0.7341560377755137,,0,0,,0,0,0,0,0,,,,True,False,False,False,False
2025-08-04,18.08,18.31,18.03,18.31,40261.4,0.8815426997245135,0.48444183708982935,,,,,,,,,,,,,,,,,,,,18.53216666666667,,0.8181818181818182,0.5,0.7479047193267468,,0,0,,0,0,0,0,0,,,,True,False,False,False,False
2025-08-05,18.33,18.56,18.31,18.5,47093.29,1.0376843255051948,0.5666459666629599,,,,,,,,,,,,,,,,,,,,18.538,,0.8181818181818182,0.5,0.756937482673474,,0,0,,0,0,0,0,0,,,,True,False,True,False,False
2025-08-06,18.47,18.72,18.43,18.65,43497.14,0.8108108108108025,0.5233756006933067,,,,,,,,,,,,,,,,,,,,18.545,,1.0,0.55,0.7647722748074681,,0,0,,0,0,0,0,0,,,,True,False,True,False,False
2025-08-07,18.65,18.68,18.28,18.35,51040.55,-1.6085790884718398,0.6141410335476484,,,,,,,,,,,,,,,,,,,,18.552833333333336,,0.8181818181818182,0.5,0.7821670305120291,,0,0,,0,0,0,0,0,,,,False,False,False,False,False
2025-08-08,18.32,18.63,18.27,18.31,43263.3,-0.21798365122617236,0.5205619409799067,,,,,,,,,,,,,,,,,,,,18.559250000000002,,0.6666666666666666,0.45,0.7832062039396631,,0,0,,0,0,0,0,0,,,,False,False,False,False,False
2025-08-11,18.31,18.53,18.26,18.41,40145.65,0.546149645002747,0.4830490851576276,,,,,,,,,,,,,,,,,,,,18.568249999999995,,0.8181818181818182,0.45,0.7773806204095122,,0,0,,0,0,0,0,0,,,,True,False,False,False,False
2025-08-12,18.41,18.41,18.13,18.14,47364.0,-1.4665942422596445,0.5699032614842672,,,,,,,,,,,,,,,,,,,,18.574416666666668,,0.8181818181818182,0.45,0.7779843467870347,,0,0,,0,0,0,0,0,,,,False,False,False,False,False
2025-08-13,18.17,18.32,18.15,18.23,36325.5,0.4961411245865577,0.4370834584293292,,,,,,,,,,,,,,,,,,,,18.573833333333333,,0.8181818181818182,0.45,0.7744418837515312,,0,0,,0,0,0,0,0,,,,True,False,False,False,False
2025-08-14,18.22,18.27,17.88,18.03,49190.64,-1.0970927043335132,0.5918821503778916,,,,,,,,,,,,,,,,,,,,18.56525,,0.6666666666666666,0.4,0.779675207794798,,0,0,,0,0,0,0,0,,,,False,False,False,False,False
2025-08-15,18.02,18.37,17.97,18.37,46571.71,1.8857459789240139,0.5603701001161105,,,,,,,,,,,,,,,,,,,,18.55675,,0.8181818181818182,0.45,0.7902876646754089,,0,0,,0,0,0,0,0,,,,True,False,False,False,False
2025-08-18,18.48,18.69,18.34,18.6,66434.4,1.2520413718018597,0.7993662113577907,,,,,,,,,,,,,,,,,,,,18.553833333333333,,0.8181818181818182,0.45,0.7301144040248194,,0,0,,0,0,0,0,0,,,,True,False,True,False,False
2025-08-19,18.59,18.79,18.34,18.73,63215.08,0.6989247311827818,0.7606300199938534,,,,,,,,,,,,,,,,,,,,18.55075,,1.0,0.5,0.6719283868061317,,0,0,,0,0,0,0,0,,,,True,False,True,True,False
2025-08-20,18.67,18.91,18.53,18.86,55693.4,0.69407367859049,0.6701260514979286,,,,,,,,,,,,,,,,,,,,18.53283333333333,,1.2222222222222223,0.55,0.6161700414888949,,0,0,,0,0,0,0,0,,,,True,False,True,True,False
2025-08-21,18.95,19.29,18.64,18.8,60399.99,-0.31813361611876534,0.7267576913820016,,,,,,,,,,,,,,,,,,,,18.512833333333333,,1.0,0.5,0.5946186462196613,,0,0,,0,0,0,0,0,,,,False,False,False,False,False
2025-08-22,18.81,18.89,18.61,18.75,48941.34,-0.26595744680851796,0.5888824695424886,,,,,,,,,,,,,,,,,,,,18.504416666666668,,1.0,0.5,0.5837126706294684,,0,0,,0,0,0,0,0,,,,False,False,False,False,False
2025-08-25,18.83,19.05,18.72,18.9,66901.11,0.8000000000000007,0.8049818593429129,,,,,,,,,,,,,,,,,,,,18.5005,17.333599999999997,1.2222222222222223,0.55,0.5930536803606377,,0,0,,0,0,0,0,0,,,,True,False,False,False,False
2025-08-26,18.87,18.94,18.64,18.76,42940.4,-0.7407407407407196,0.5166766744666631,,,,,,,,,,,,,,,,,,,,18.494666666666664,17.35388,1.2222222222222223,0.55,0.5881767564230451,,0,0,,0,0,0,0,0,,,,False,False,False,False,False
2025-08-27,18.78,19.19,18.41,18.42,73189.0,-1.8123667377398678,0.8806403556450477,,,,,,,,,,,,,,,,,,,,18.482166666666668,17.372079999999997,1.2222222222222223,0.55,0.602426985091254,,0,0,,0,0,0,0,0,,,,False,False,False,False,False
2025-08-28,18.41,18.51,17.87,18.42,61972.29,0.0,0.7456762560731535,,,,,,,,,,,,,,,,,,,,18.46575,17.39072,1.5,0.55,0.6135655893594706,,0,0,,0,0,0,0,0,,,,True,False,False,False,False
2025-08-29,18.45,18.89,18.28,18.78,73658.06,1.9543973941368087,0.8862842798033073,,,,,,,,,,,,,,,,,,,,18.45066666666667,17.41,1.5,0.55,0.6365738151822012,,0,0,,0,0,0,0,0,,,,True,False,False,False,False
2025-09-01,18.78,18.86,18.33,18.47,63751.54,-1.6506922257721102,0.7670849288625269,,,,,,,,,,,,,,,,,,,,18.433333333333334,17.42816,1.2222222222222223,0.5,0.6507059697708361,,0,0,,0,0,0,0,0,,,,False,False,False,False,False
2025-09-02,18.48,18.52,17.87,18.37,76002.96,-0.5414185165132479,0.914499087628965,,,,,,,,,,,,,,,,,,,,18.41575,17.4466,1.0,0.45,0.6680986258191364,,0,0,,0,0,0,0,0,,,,False,False,False,False,False
2025-09-03,18.37,18.58,17.93,17.97,48263.63,-2.177463255307577,0.5807279821820355,,,,,,,,,,,,,,,,,,,,18.398333333333333,17.4634,0.8181818181818182,0.4,0.6709662448935728,,0,0,,0,0,0,0,0,,,,False,False,False,False,False
2025-09-04,17.95,18.21,17.56,17.76,53546.8,-1.1686143572620877,0.6442972713885179,,,,,,,,,,,,,,,,,,,,18.382166666666667,17.4782,0.8181818181818182,0.4,0.6724740567856162,,0,0,,0,0,0,0,0,,,,False,False,False,False,False
2025-09-05,17.79,18.15,17.76,18.14,37622.68,2.1396396396396344,0.45269166535298777,,,,,,,,,,,,,,,,,,,,18.36708333333333,17.493759999999998,1.0,0.45,0.6690805430042703,,0,0,,0,0,0,0,0,,,,True,False,False,False,False
2025-09-08,18.26,18.43,18.04,18.22,51699.52,0.4410143329658167,0.622070033467847,,,,,,,,,,,,,,,,,,,,18.35275,17.50936,0.8181818181818182,0.45,0.6760315904197813,,0,0,,0,0,0,0,0,,,,False,False,False,False,False
2025-09-09,18.21,18.25,18.03,18.11,36280.8,-0.6037321624588365,0.4365456095190102,,,,,,,,,,,,,,,,,,,,18.327833333333334,17.524079999999998,0.8181818181818182,0.45,0.6693637078215185,,0,0,,0,0,0,0,0,,,,False,False,False,False,False
2025-09-10,18.04,18.2,17.8,17.87,40374.39,-1.3252346769740408,0.4858013795591121,,,,,,,,,,,,,,,,,,,,18.300833333333333,17.53804,0.6666666666666666,0.4,0.6717996038780076,,0,0,,0,0,0,0,0,,,,False,False,False,False,False
2025-09-11,17.86,18.19,17.65,18.17,44205.23,1.6787912702854069,0.5318956327941511,,,,,,,,,,,,,,,,,,,,18.266166666666667,17.55024,0.8181818181818182,0.45,0.6688002779988207,,0,0,,0,0,0,0,0,,,,True,False,False,False,False
2025-09-12,18.16,18.2,18.0,18.03,34088.05,-0.7705008255366019,0.41016153349883405,,,,,,,,,,,,,,,,,,,,18.230666666666664,17.56284,0.6666666666666666,0.4,0.6612898496679567,,0,0,,0,0,0,0,0,,,,False,False,False,False,False
2025-09-15,18.09,18.15,17.85,17.87,31648.0,-0.88740987243483,0.380801841471457,,,,,,,,,,,,,,,,,,,,18.203416666666666,17.574080000000002,0.5384615384615384,0.35,0.6403616311736401,,0,0,,0,0,0,0,0,,,,False,False,False,False,False
2025-09-16,17.88,18.36,17.88,18.33,51016.83,2.5741466144376,0.6138556246851704,,,,,,,,,,,,,,,,,,,,18.183666666666667,17.58712,0.5384615384615384,0.35,0.633022911408206,,0,0,,0,0,0,0,0,,,,True,False,True,False,False
2025-09-17,18.24,18.95,18.14,18.74,79220.77,2.236770321876702,0.9532171100476099,,,,,,,,,,,,,,,,,,,,18.164583333333333,17.60168,0.5384615384615384,0.35,0.6471774643356899,,0,0,,0,0,0,0,0,,,,True,False,True,True,False
2025-09-18,18.75,18.93,18.18,18.32,76499.08,-2.2411953041622135,0.9204686089128004,,,,,,,,,,,,,,,,,,,,18.14316666666667,17.61568,0.5384615384615384,0.35,0.6568630102122299,,0,0,,0,0,0,0,0,,,,False,False,False,False,False
2025-09-19,18.29,18.7,18.19,18.56,53946.82,1.3100436681222627,0.649110477677238,,,,,,,,,,,,,,,,,,,,18.120166666666666,17.63136,0.6666666666666666,0.4,0.6598744106189673,,0,0,,0,0,0,0,0,,,,True,False,False,False,False
2025-09-22,18.53,18.81,18.41,18.55,44602.4,-0.05387931034481763,0.536674546702683,,,,,,,,,,,,,,,,,,,,18.088833333333334,17.647080000000003,0.6666666666666666,0.35,0.6464590449869558,,0,0,,0,0,0,0,0,,,,True,False,False,False,False
2025-09-23,18.59,18.69,17.88,18.34,54143.39,-1.132075471698113,0.6514756893170902,,,,,,,,,,,,,,,,,,,,18.053583333333332,17.66188,0.6666666666666666,0.35,0.6531989957294773,,0,0,,0,0,0,0,0,,,,False,False,False,False,False
2025-09-24,18.18,18.77,18.04,18.75,57275.1,2.235550708833145,0.6891577208816306,,,,,,,,,,,,,,,,,,,,18.02775,17.67864,0.8181818181818182,0.4,0.6436248639913064,,0,0,,0,0,0,0,0,,,,True,False,False,False,False
2025-09-25,18.82,19.32,18.75,18.78,82390.25,0.16000000000000458,0.9913536058927487,,,,,,,,,,,,,,,,,,,,18.017666666666667,17.695439999999998,0.6666666666666666,0.45,0.6559087314822862,,0,0,,0,0,0,0,0,,,,False,False,False,False,False
2025-09-26,18.73,18.73,18.3,18.3,55307.65,-2.5559105431309903,0.6654845477584312,,,,,,,,,,,,,,,,,,,,18.020249999999997,17.71032,0.5384615384615384,0.4,0.6448687448800424,,0,0,,0,0,0,0,0,,,,False,False,False,False,False
2025-09-29,18.2,18.52,17.95,18.44,44947.38,0.7650273224043769,0.5408254889192788,,,,,,,,,,,,,,,,,,,,18.029,17.72524,0.6666666666666666,0.45,0.63355577288288,,0,0,,0,0,0,0,0,,,,True,False,False,False,False
2025-09-30,18.42,18.44,18.2,18.28,33292.6,-0.8676789587852451,0.40059028896925813,,,,,,,,,,,,,,,,,,,,18.037083333333335,17.74,0.6666666666666666,0.45,0.6078603329498946,,0,0,,0,0,0,0,0,,,,False,False,False,False,False
2025-10-09,18.33,18.75,18.21,18.64,47448.2,1.969365426695835,0.5709163041958619,,,,,,,,,,,,,,,,,,,,18.043916666666668,17.75656,0.8181818181818182,0.5,0.6073697490505859,,0,0,,0,0,0,0,0,,,,True,False,False,False,False
2025-10-10,18.64,18.98,18.59,18.69,52033.65,0.2682403433476477,0.6260903290708818,,,,,,,,,,,,,,,,,,,,18.047083333333333,17.771519999999995,1.0,0.55,0.6064594019347042,,0,0,,0,0,0,0,0,,,,True,False,False,False,False
2025-10-13,18.14,18.25,17.76,18.06,80486.76,-3.370786516853941,0.9684498791503013,,,,,,,,,,,,,,,,,,,,18.044833333333333,17.785079999999997,0.8181818181818182,0.5,0.6322473126245698,,0,0,,0,0,0,0,0,,,,False,False,False,False,False
2025-10-14,18.12,18.42,17.8,17.88,63187.22,-0.9966777408637828,0.7602946816699233,,,,,,,,,,,,,,,,,,,,18.043916666666668,17.796760000000003,0.8181818181818182,0.45,0.6391585450346736,,0,0,,0,0,0,0,0,,,,False,False,False,False,False
2025-10-15,17.89,18.09,17.68,18.08,44293.1,1.118568232662187,0.5329528402210776,,,,,,,,,,,,,,,,,,,,18.045166666666667,17.80684,1.0,0.5,0.643978906569777,,0,0,,0,0,0,0,0,,,,True,False,False,False,False
2025-10-16,17.99,18.04,17.75,17.76,36306.0,-1.7699115044247593,0.43684876012440854,,,,,,,,,,,,,,,,,,,,18.044583333333332,17.81036,1.0,0.5,0.6415312755980418,,0,0,,0,0,0,0,0,,,,False,False,False,False,False
2025-10-17,17.76,17.8,17.07,17.11,57375.75,-3.6599099099099197,0.6903686786952029,,,,,,,,,,,,,,,,,,,,18.039083333333334,17.80816,0.8181818181818182,0.45,0.6494549278930944,,0,0,,0,0,0,0,0,,,,False,False,False,False,False
2025-10-20,17.22,17.31,17.11,17.25,26061.7,0.8182349503214503,0.3135851190363659,,,,,,,,,,,,,,,,,,,,18.029916666666665,17.81268,1.0,0.5,0.644626107169971,,0,0,,0,0,0,0,0,,,,True,False,False,False,False
2025-10-21,17.32,17.53,17.26,17.29,33305.31,0.2318840579710102,0.40074322092929726,,,,,,,,,,,,,,,,,,,,18.02275,17.81732,1.0,0.55,0.6456231761428629,,0,0,,0,0,0,0,0,,,,False,False,False,False,False
2025-10-22,17.27,17.5,17.11,17.34,25083.0,0.28918449971082616,0.30180899714098336,,,,,,,,,,,,,,,,,,,,18.01125,17.824720000000003,1.0,0.55,0.6300208447656537,,0,0,,0,0,0,0,0,,,,True,False,False,False,False
2025-10-23,17.3,17.3,16.97,17.18,31155.0,-0.9227220299884653,0.3748698044861993,,,,,,,,,,,,,,,,,,,,17.99975,17.83068,0.8181818181818182,0.5,0.6011034794875831,,0,0,,0,0,0,0,0,,,,False,False,False,False,False
2025-10-24,17.19,17.38,17.17,17.34,25751.41,0.93131548311991,0.3098515818309728,,,,,,,,,,,,,,,,,,,,17.98875,17.839440000000003,1.0,0.55,0.5705726281334917,,0,0,,0,0,0,0,0,,,,True,False,False,False,False
2025-10-27,17.37,17.72,17.37,17.53,34301.6,1.0957324106113164,0.4127309929566302,,,,,,,,,,,,,,,,,,,,17.982166666666668,17.84868,1.0,0.55,0.5587536538974613,,0,0,,0,0,0,0,0,,,,True,False,False,False,False
2025-10-28,17.5,17.6,17.34,17.51,24779.82,-0.11409013120364797,0.2981610103868788,,,,,,,,,,,,,,,,,,,,17.97191666666667,17.85868,1.0,0.55,0.5468279770816711,,0,0,,0,0,0,0,0,,,,True,False,False,False,False
2025-10-29,17.49,17.57,17.35,17.53,20494.6,0.11422044545974508,0.2465994766497467,,,,,,,,,,,,,,,,,,,,17.963250000000002,17.865959999999998,1.2222222222222223,0.6,0.526584166448304,,0,0,,0,0,0,0,0,,,,True,False,False,False,False
2025-10-30,17.49,17.67,17.4,17.51,27620.92,-0.11409013120364797,0.33234629690672285,,,,,,,,,,,,,,,,,,,,17.950749999999996,17.873440000000002,1.2222222222222223,0.55,0.5087435952495586,,0,0,,0,0,0,0,0,,,,True,False,False,False,False
2025-10-31,17.83,18.9,17.56,18.54,126855.28,5.88235294117645,1.5263750284590614,,,,,,,,,,,,,,,,,,,,17.94833333333333,17.884120000000003,1.5,0.55,0.5354946663778742,,0,0,,0,0,0,0,0,,,,True,False,True,True,False
2025-11-03,18.67,18.8,18.3,18.68,79689.41,0.7551240560949246,0.9588558352213311,,,,,,,,,,,,,,,,,,,,17.945333333333334,17.895199999999996,1.8571428571428572,0.6,0.5501632307510191,,0,0,,0,0,0,0,0,,,,True,False,False,False,False
2025-11-04,18.74,19.07,18.58,18.72,73236.31,0.21413276231263545,0.8812094755573963,,,,,,,,,,,,,,,,,,,,17.944583333333334,17.905759999999997,1.5,0.6,0.567182430082925,,0,0,,0,0,0,0,0,,,,False,False,False,False,False
2025-11-05,18.52,19.0,18.47,18.93,56949.53,1.1217948717948678,0.6852402239345511,,,,,,,,,,,,,,,,,,,,17.943249999999995,17.917360000000002,1.8571428571428572,0.65,0.5814149268311897,,0,0,,0,0,0,0,0,,,,True,False,False,False,True
2025-11-06,18.93,19.17,18.85,18.95,54758.45,0.10565240359217132,0.6588762460429246,,,,,,,,,,,,,,,,,,,,17.943833333333334,17.92944,1.8571428571428572,0.65,0.5858129239235429,,0,0,,0,0,0,0,0,,,,True,False,False,False,True
2025-11-07,18.91,19.21,18.84,19.1,66258.08,0.7915567282322122,0.7972445352345033,,,,,,,,,,,,,,,,,,,,17.948333333333334,17.943360000000002,1.8571428571428572,0.65,0.5943706342317239,,0,0,,0,0,0,0,0,,,,True,False,False,False,True
2025-11-10,19.17,19.17,18.56,18.58,59150.3,-2.722513089005252,0.7117207959011405,,,,,,,,,,,,,,,,,,,,17.952499999999997,17.95492,1.8571428571428572,0.65,0.5815341800692659,,0,0,,0,0,0,0,0,,,,False,False,False,False,False
2025-11-11,18.64,18.83,18.6,18.71,36009.85,0.6996770721205747,0.43328536122861055,,,,,,,,,,,,,,,,,,,,17.957083333333333,17.964480000000002,2.3333333333333335,0.7,0.5651837140472002,,0,0,,0,0,0,0,0,,,,True,False,False,False,False
2025-11-12,18.69,18.74,18.41,18.44,31789.8,-1.4430785676109004,0.38250797979956275,,,,,,,,,,,,,,,,,,,,17.960500000000003,17.97332,1.8571428571428572,0.65,0.5576614710261245,,0,0,,0,0,0,0,0,,,,False,False,False,False,False
2025-11-13,18.41,18.51,18.29,18.4,27878.0,-0.21691973969633072,0.3354395894548632,,,,,,,,,,,,,,,,,,,,17.963833333333337,17.979,1.8571428571428572,0.65,0.5525910124926472,,0,0,,0,0,0,0,0,,,,False,False,False,False,False
2025-11-14,18.34,18.56,18.28,18.29,31952.2,-0.5978260869565211,0.384462043553328,,,,,,,,,,,,,,,,,,,,17.96725,17.983719999999998,1.8571428571428572,0.65,0.5372956807355534,,0,0,,0,0,0,0,0,,,,False,False,False,False,False
2025-11-17,18.27,18.58,18.16,18.53,47982.4,1.3121924548934016,0.5773440188341713,,,,,,,,,,,,,,,,,,,,17.974083333333333,17.990560000000002,1.8571428571428572,0.65,0.5504836257254437,,0,0,,0,0,0,0,0,,,,True,False,False,False,False
2025-11-18,18.55,18.67,18.4,18.58,38707.4,0.2698327037236714,0.4657433949661085,,,,,,,,,,,,,,,,,,,,17.98191666666667,17.997880000000002,2.3333333333333335,0.65,0.5537336344272843,,0,0,,0,0,0,0,0,,,,True,False,False,False,False
2025-11-19,18.62,18.71,18.46,18.51,42606.13,-0.3767491926802813,0.5126545216823492,,,,,,,,,,,,,,,,,,,,17.989666666666665,18.004800000000003,1.8571428571428572,0.6,0.5642759106543526,,0,0,,0,0,0,0,0,,,,False,False,False,False,False
2025-11-20,18.59,18.74,18.44,18.56,41297.37,0.27012425715828847,0.49690698179085957,,,,,,,,,,,,,,,,,,,,17.997833333333332,18.0108,1.8571428571428572,0.65,0.5703777695195856,,0,0,,0,0,0,0,0,,,,False,False,False,False,False
2025-11-21,18.85,19.19,18.45,18.71,132437.58,0.8081896551724199,1.5935435635122892,,,,,,,,,,,,,,,,,,,,18.007166666666667,18.01836,1.5,0.65,0.6345623686036514,,0,0,,0,0,0,0,0,,,,False,False,False,False,False
2025-11-24,19.05,19.7,19.05,19.12,135597.43,2.191341528594326,1.631564181445389,,,,,,,,,,,,,,,,,,,,18.018166666666666,18.02828,1.5,0.65,0.6955040280280894,,0,0,,0,0,0,0,0,,,,True,False,False,False,True
2025-11-25,19.22,20.29,19.05,19.72,137308.3,3.13807531380752,1.6521500746375346,,,,,,,,,,,,,,,,,,,,18.03691666666667,18.04184,1.5,0.7,0.7632034812406222,,0,0,,0,0,0,0,0,,,,True,False,True,True,True
2025-11-26,19.82,20.24,19.6,19.79,132797.1,0.3549695740365122,1.5978694563740732,,,,,,,,,,,,,,,,,,,,18.057333333333336,18.05644,1.2222222222222223,0.7,0.8307669802268386,,0,0,,0,0,0,0,0,,,,False,False,False,False,True
2025-11-27,19.72,19.93,19.39,19.72,79997.75,-0.3537139969681635,0.9625659092227843,,,,,,,,,,,,,,,,,,,,18.076833333333333,18.07148,1.1111111111111112,0.7,0.8622779608426414,,0,0,,0,0,0,0,0,,,,False,False,False,False,False
2025-11-28,19.71,20.02,19.42,19.96,78954.2,1.217038539553772,0.9500094853912461,,,,,,,,,,,,,,,,,,,,18.09691666666667,18.086,1.1111111111111112,0.7,0.8334596836892508,,0,0,,0,0,0,0,0,,,,True,False,False,False,True
2025-12-01,19.93,19.99,19.48,19.84,67350.2,-0.6012024048096198,0.8103853733303296,,,,,,,,,,,,,,,,,,,,18.117166666666666,18.0994,0.9,0.65,0.8260361605947008,,0,0,,0,0,0,0,0,,,,False,False,False,False,False
2025-12-02,19.84,20.08,19.67,19.86,55825.0,0.10080645161290036,0.671709415356831,,,,,,,,,,,,,,,,,,,,18.135416666666668,18.11272,1.1111111111111112,0.65,0.8155611575846725,,0,0,,0,0,0,0,0,,,,True,False,False,False,False
2025-12-03,19.86,20.15,19.56,20.0,67855.7,0.7049345417925457,0.8164677577362923,,,,,,,,,,,,,,,,,,,,18.157583333333335,18.12916,1.1111111111111112,0.65,0.8221225342747596,,0,0,,0,0,0,0,0,,,,True,False,False,False,True
2025-12-04,19.95,20.26,19.63,19.63,75842.61,-1.8500000000000072,0.9125695516746288,,,,,,,,,,,,,,,,,,,,18.176333333333332,18.1432,0.9,0.6,0.8348071995563447,,0,0,,0,0,0,0,0,,,,False,False,False,False,False
2025-12-05,19.94,20.53,19.8,20.36,157924.03,3.7187977585328547,1.9002070373863797,,,,,,,,,,,,,,,,,,,,18.20225,18.1612,0.9,0.6,0.8899553246639386,,0,0,,0,0,0,0,0,,,,True,False,True,True,True
2025-12-08,20.46,20.46,19.62,19.68,124106.44,-3.3398821218074692,1.4932998522958825,,,,,,,,,,,,,,,,,,,,18.223999999999997,18.175240000000002,0.9,0.6,0.9290342774836757,,0,0,,0,0,0,0,0,,,,False,False,False,False,False
2025-12-09,19.68,19.74,19.28,19.3,84861.97,-1.9308943089430874,1.02109420966823,,,,,,,,,,,,,,,,,,,,18.243,18.189,0.7272727272727273,0.55,0.9584247199056566,,0,0,,0,0,0,0,0,,,,False,False,False,False,False
2025-12-10,19.23,20.06,19.09,19.98,81232.9,3.523316062176174,0.9774277432465728,,,,,,,,,,,,,,,,,,,,18.267583333333334,18.20432,0.9,0.6,0.9881707080780071,,0,0,,0,0,0,0,0,,,,True,False,False,False,False
2025-12-11,20.01,20.04,19.52,19.59,58777.0,-1.951951951951958,0.7072290963981811,,,,,,,,,,,,,,,,,,,,18.2895,18.215799999999998,0.9,0.6,1.0067601834251731,,0,0,,0,0,0,0,0,,,,False,False,False,False,False
2025-12-12,19.52,19.99,19.45,19.87,60479.52,1.429300663603894,0.727714518947815,,,,,,,,,,,,,,,,,,,,18.314416666666666,18.228240000000003,1.1111111111111112,0.65,1.0239228071948974,,0,0,,0,0,0,0,0,,,,True,False,False,False,False
2025-12-15,19.79,19.96,19.45,19.45,45835.66,-2.1137393054856624,0.5515135581029017,,,,,,,,,,,,,,,,,,,,18.337333333333333,18.23836,0.9,0.6,1.022631284158334,,0,0,,0,0,0,0,0,,,,False,False,False,False,False
2025-12-16,19.44,19.44,18.81,18.84,55363.29,-3.1362467866323906,0.6661539302844728,,,,,,,,,,,,,,,,,,,,18.354249999999997,18.24584,0.7272727272727273,0.55,1.0326518109242522,,0,0,,0,0,0,0,0,,,,False,False,False,False,False
2025-12-17,18.81,19.01,18.53,18.95,43774.52,0.5838641188959715,0.5267130718625331,,,,,,,,,,,,,,,,,,,,18.369166666666665,18.25396,0.9,0.6,1.0333547384332613,,0,0,,0,0,0,0,0,,,,True,False,False,False,False
2025-12-18,18.83,18.92,18.6,18.6,33491.0,-1.846965699208436,0.4029775195649911,,,,,,,,,,,,,,,,,,,,18.38041666666667,18.2604,0.9,0.55,1.0286582653219678,,0,0,,0,0,0,0,0,,,,False,False,False,False,False
2025-12-19,18.69,18.83,18.56,18.56,31897.76,-0.21505376344087557,0.3838069990289747,,,,,,,,,,,,,,,,,,,,18.392666666666667,18.266479999999998,0.9,0.5,0.9681714370978021,,0,0,,0,0,0,0,0,,,,False,False,False,False,False
2025-12-22,18.65,18.87,18.59,18.75,29977.65,1.0237068965517349,0.3607034438920145,,,,,,,,,,,,,,,,,,,,18.40566666666667,18.272959999999998,0.9,0.5,0.9046284002201335,,0,0,,0,0,0,0,0,,,,True,False,False,False,False
2025-12-23,18.76,18.82,18.39,18.45,38707.13,-1.6000000000000014,0.46574014621479365,,,,,,,,,,,,,,,,,,,,18.415,18.27872,0.7272727272727273,0.45,0.8453079037989963,,0,0,,0,0,0,0,0,,,,False,False,False,False,False
2025-12-24,18.39,18.68,18.25,18.62,33322.75,0.9214092140921393,0.40095306619940607,,,,,,,,,,,,,,,,,,,,18.425333333333334,18.286440000000002,0.9,0.45,0.7854620842902631,,0,0,,0,0,0,0,0,,,,True,False,False,False,False
2025-12-25,18.7,19.08,18.57,19.0,38760.27,2.0408163265306145,0.4663795486031871,,,,,,,,,,,,,,,,,,,,18.439166666666665,18.297,1.0,0.5,0.7606527662592832,,0,0,,0,0,0,0,0,,,,True,False,True,False,False
2025-12-26,18.99,19.16,18.78,18.92,37851.4,-0.42105263157893313,0.45544365005709914,,,,,,,,,,,,,,,,,,,,18.453416666666666,18.307,0.8181818181818182,0.45,0.7359244744925759,,0,0,,0,0,0,0,0,,,,False,False,False,False,False
2025-12-29,18.92,18.92,18.63,18.85,33648.2,-0.36997885835095,0.40486901477491666,,,,,,,,,,,,,,,,,,,,18.46833333333333,18.316599999999998,0.8181818181818182,0.45,0.7156486565648053,,0,0,,0,0,0,0,0,,,,False,False,False,False,False
2025-12-30,18.75,19.09,18.69,19.02,37155.29,0.9018567639257125,0.44706776754704014,,,,,,,,,,,,,,,,,,,,18.484916666666663,18.326600000000003,0.8181818181818182,0.45,0.7044165741743157,,0,0,,0,0,0,0,0,,,,True,False,False,False,False
2025-12-31,19.02,19.07,18.77,18.85,30033.96,-0.8937960042060933,0.36138087336298036,,,,,,,,,,,,,,,,,,,,18.49775,18.336039999999997,0.6666666666666666,0.4,0.6816622299556501,,0,0,,0,0,0,0,0,,,,False,False,False,False,False
2026-01-05,18.85,19.11,18.7,19.07,39451.98,1.1671087533156488,0.4747023365649696,,,,,,,,,,,,,,,,,,,,18.513166666666667,18.347120000000004,0.8181818181818182,0.45,0.6597688692001671,,0,0,,0,0,0,0,0,,,,True,False,False,False,False
2026-01-06,19.02,19.18,18.96,19.1,52753.0,0.1573151546932383,0.6347456416841902,,,,,,,,,,,,,,,,,,,,18.5285,18.357680000000002,0.8181818181818182,0.45,0.5964957994150576,,0,0,,0,0,0,0,0,,,,True,False,False,False,False
2026-01-07,19.04,19.28,18.95,19.01,43017.27,-0.47120418848167755,0.5176013620012524,,,,,,,,,,,,,,,,,,,,18.541749999999997,18.3676,0.8181818181818182,0.45,0.5477108749003261,,0,0,,0,0,0,0,0,,,,False,False,False,False,False
2026-01-08,19.01,19.42,19.01,19.21,51744.96,1.0520778537611797,0.6226164926946857,,,,,,,,,,,,,,,,,,,,18.55616666666667,18.377,1.0,0.5,0.5277869890516489,,0,0,,0,0,0,0,0,,,,True,False,False,False,False
2026-01-09,19.3,19.69,19.23,19.54,66364.15,1.7178552837064043,0.7985205576284923,,,,,,,,,,,,,,,,,,,,18.573916666666666,18.38764,1.0,0.5,0.5188416297707448,,0,0,,0,0,0,0,0,,,,True,False,True,True,False
2026-01-12,19.54,19.71,19.37,19.62,62087.96,0.4094165813715467,0.7470676930423357,,,,,,,,,,,,,,,,,,,,18.591083333333334,18.3982,1.2222222222222223,0.55,0.5208335596029526,,0,0,,0,0,0,0,0,,,,True,False,False,False,False
2026-01-13,19.6,19.78,19.44,19.54,68888.12,-0.4077471967380286,0.8288899955228612,,,,,,,,,,,,,,,,,,,,18.605999999999998,18.409599999999998,1.0,0.5,0.5258923334317049,,0,0,,0,0,0,0,0,,,,False,False,False,False,False
2026-01-14,19.52,19.68,19.01,19.16,77921.25,-1.9447287615148356,0.9375803050458592,,,,,,,,,,,,,,,,,,,,18.618333333333336,18.42176,1.0,0.5,0.5451956707788528,,0,0,,0,0,0,0,0,,,,False,False,False,False,False
2026-01-15,19.17,19.34,19.11,19.26,40042.25,0.5219206680584731,0.48180470628644373,,,,,,,,,,,,,,,,,,,,18.62183333333333,18.43456,1.2222222222222223,0.55,0.5359782095789514,,0,0,,0,0,0,0,0,,,,True,False,False,False,False
2026-01-16,19.42,21.18,19.39,21.18,161684.41,9.968847352024902,1.9454528571982581,,,,,,,,,,,,,,,,,,,,18.641833333333334,18.45552,1.2222222222222223,0.55,0.6069151988457376,,0,0,,0,0,0,0,0,,,,True,False,True,True,True
2026-01-19,22.59,22.59,21.66,21.71,289946.97,2.5023607176581697,3.488760364851983,,,,,,,,,,,,,,,,,,,,18.66641666666667,18.47876,1.2222222222222223,0.6,0.7612043411100872,,0,0,,0,0,0,0,0,,,,False,False,True,True,True
2026-01-20,22.14,22.35,21.56,21.75,156969.52,0.18424689083371693,1.88872137503572,,,,,,,,,,,,,,,,,,,,18.689333333333334,18.50268,1.2222222222222223,0.65,0.8364500599104243,,0,0,,0,0,0,0,0,,,,False,False,False,False,True
2026-01-21,21.72,22.86,21.42,22.38,206399.53,2.896551724137919,2.483483443845189,,,,,,,,,,,,,,,,,,,,18.721,18.52992,1.2222222222222223,0.65,0.9425890599080832,,0,0,,0,0,0,0,0,,,,True,False,False,False,True
2026-01-22,22.2,22.77,21.89,22.02,138911.65,-1.608579088471851,1.6714417078964163,,,,,,,,,,,,,,,,,,,,18.750083333333333,18.5552,1.2222222222222223,0.65,1.0028741379921642,,0,0,,0,0,0,0,0,,,,False,False,False,False,False
2026-01-23,22.08,23.1,21.82,22.75,182178.89,3.315168029064486,2.192050811031856,,,,,,,,,,,,,,,,,,,,18.78708333333333,18.58316,1.2222222222222223,0.65,1.092429025233787,,0,0,,0,0,0,0,0,,,,True,False,False,False,True
2026-01-26,23.08,23.63,22.12,22.4,136015.6,-1.538461538461544,1.63659525147499,,,,,,,,,,,,,,,,,,,,18.82283333333333,18.60604,1.0,0.6,1.150939810377377,,0,0,,0,0,0,0,0,,,,False,False,False,False,False
2026-01-27,22.21,22.73,21.65,22.59,123204.45,0.8482142857142883,1.482446262271297,,,,,,,,,,,,,,,,,,,,18.86116666666667,18.6298,1.2222222222222223,0.65,1.2022899409880867,,0,0,,0,0,0,0,0,,,,True,False,False,False,False
2026-01-28,22.67,22.99,22.28,22.58,91094.85,-0.044267374944673143,1.0960904406834693,,,,,,,,,,,,,,,,,,,,18.898083333333332,18.653599999999997,1.2222222222222223,0.65,1.2368510122835144,,0,0,,0,0,0,0,0,,,,False,False,False,False,False
2026-01-29,22.31,22.74,22.01,22.19,92296.14,-1.7271922054915678,1.1105448526012522,,,,,,,,,,,,,,,,,,,,18.930416666666666,18.67412,1.0,0.6,1.270024866536225,,0,0,,0,0,0,0,0,,,,False,False,False,False,False
2026-01-30,21.94,22.27,21.24,22.06,96815.51,-0.585849481748546,1.1649237582683853,,,,,,,,,,,,,,,,,,,,18.960083333333333,18.6938,1.2222222222222223,0.6,1.3102020107814953,,0,0,,0,0,0,0,0,,,,True,False,False,False,False
2026-02-02,21.91,22.35,21.61,21.85,82741.82,-0.9519492293744158,0.9955833721308318,,,,,,,,,,,,,,,,,,,,18.986749999999997,18.711119999999998,1.0,0.55,1.3362460625597885,,0,0,,0,0,0,0,0,,,,False,False,False,False,False
2026-02-03,22.28,23.23,22.06,22.85,149002.71,4.576659038901609,1.7928614632652802,,,,,,,,,,,,,,,,,,,,19.02425,18.732960000000002,1.0,0.55,1.3941518536388429,,0,0,,0,0,0,0,0,,,,True,False,False,False,True
2026-02-04,22.83,22.99,22.56,22.9,85569.45,0.2188183807439792,1.0296065711677673,,,,,,,,,,,,,,,,,,,,19.0625,18.75628,1.2222222222222223,0.6,1.4197521140971687,,0,0,,0,0,0,0,0,,,,True,False,False,False,True
2026-02-05,22.81,22.81,22.16,22.35,71212.4,-2.4017467248908186,0.8568566817786899,,,,,,,,,,,,,,,,,,,,19.095333333333333,18.777240000000003,1.0,0.55,1.4314641235513688,,0,0,,0,0,0,0,0,,,,False,False,False,False,False
2026-02-06,22.11,23.63,22.11,22.84,145434.61,2.1923937360178947,1.7499286267613208,,,,,,,,,,,,,,,,,,,,19.1345,18.800720000000002,1.0,0.55,1.4790345270080103,,0,0,,0,0,0,0,0,,,,True,False,False,False,False
2026-02-09,23.13,23.55,22.95,23.15,104028.58,1.3572679509632257,1.251714362511992,,,,,,,,,,,,,,,,,,,,19.1755,18.82628,1.0,0.55,1.504266860481493,,0,0,,0,0,0,0,0,,,,True,False,False,False,True
2026-02-10,23.29,24.56,23.29,24.32,198461.59,5.053995680345591,2.387970907706001,,,,,,,,,,,,,,,,,,,,19.227916666666665,18.85384,1.2222222222222223,0.6,1.5822209060906502,,0,0,,0,0,0,0,0,,,,True,False,True,True,True
2026-02-11,24.2,25.52,24.17,24.54,181976.5,0.9046052631578982,2.1896155718905663,,,,,,,,,,,,,,,,,,,,19.279333333333337,18.88068,1.5,0.65,1.6448226694328856,,0,0,,0,0,0,0,0,,,,True,False,False,False,True
2026-02-12,24.3,25.33,24.23,24.81,124411.88,1.1002444987775029,1.4969745531768142,,,,,,,,,,,,,,,,,,,,19.331083333333332,18.908720000000002,1.5,0.65,1.695581161777404,,0,0,,0,0,0,0,0,,,,True,False,False,False,True
2026-02-13,24.87,25.68,24.59,25.35,161520.54,2.176541717049596,1.9434811064295283,,,,,,,,,,,,,,,,,,,,19.38625,18.93892,1.5,0.65,1.6954825742389676,,0,0,,0,0,0,0,0,,,,True,False,False,False,True
2026-02-24,25.74,25.74,24.08,24.25,161840.56,-4.339250493096647,1.9473317177739407,,,,,,,,,,,,,,,,,,,,19.43116666666667,18.964679999999998,1.5,0.6,1.6184111418850655,,0,0,,0,0,0,0,0,,,,False,False,False,False,False
2026-02-25,24.26,25.08,23.88,24.69,138525.93,1.8144329896907285,1.6668005673184316,,,,,,,,,,,,,,,,,,,,19.48025,18.9938,1.8571428571428572,0.6,1.607315101499201,,0,0,,0,0,0,0,0,,,,True,False,False,False,False
2026-02-26,24.54,25.0,24.1,24.4,89376.27,-1.1745646010530741,1.0754117842111244,,,,,,,,,,,,,,,,,,,,19.527333333333335,19.02124,1.5,0.55,1.5369115185174977,,0,0,,0,0,0,0,0,,,,False,False,False,False,False
2026-02-27,24.28,24.28,23.81,24.19,96487.62,-0.8606557377049073,1.1609784518696626,,,,,,,,,,,,,,,,,,,,19.571416666666664,19.04868,1.5,0.55,1.51138835571616,,0,0,,0,0,0,0,0,,,,False,False,False,False,False
2026-03-02,23.68,24.12,23.5,23.72,75657.46,-1.9429516329061647,0.9103414591757049,,,,,,,,,,,,,,,,,,,,19.612750000000002,19.07396,1.5,0.5,1.4473028881233525,,0,0,,0,0,0,0,0,,,,True,False,False,False,False
2026-03-03,23.7,23.79,22.1,22.24,134690.98,-6.2394603709949426,1.620656882626058,,,,,,,,,,,,,,,,,,,,19.644583333333333,19.08972,1.5,0.5,1.446505969680906,,0,0,,0,0,0,0,0,,,,False,False,False,False,False
2026-03-04,22.09,22.5,21.79,21.92,68425.2,-1.4388489208632893,0.8233199530144077,,,,,,,,,,,,,,,,,,,,19.67375,19.10116,1.2222222222222223,0.45,1.4135496542180614,,0,0,,0,0,0,0,0,,,,False,False,False,False,False
2026-03-05,22.3,22.54,21.9,22.07,68646.0,0.6843065693430628,0.8259767087948159,,,,,,,,,,,,,,,,,,,,19.701166666666666,19.11188,1.2222222222222223,0.5,1.400043967623629,,0,0,,0,0,0,0,0,,,,False,False,False,False,False
2026-03-06,21.92,22.35,21.91,22.17,42428.92,0.45310376076121983,0.5105220945039557,,,,,,,,,,,,,,,,,,,,19.732000000000003,19.124760000000002,1.5,0.55,1.370042829718764,,0,0,,0,0,0,0,0,,,,True,False,False,False,False
2026-03-09,21.61,21.85,21.06,21.78,77514.11,-1.7591339648173276,0.9326814302793948,,,,,,,,,,,,,,,,,,,,19.760416666666668,19.13548,1.5,0.55,1.3584307133193145,,0,0,,0,0,0,0,0,,,,True,False,False,False,False
2026-03-10,22.07,22.42,21.91,22.4,57109.54,2.846648301193744,0.6871653102873567,,,,,,,,,,,,,,,,,,,,19.79733333333333,19.14104,1.8571428571428572,0.6,1.3430098102271406,,0,0,,0,0,0,0,0,,,,True,False,False,False,False
2026-03-11,22.45,23.05,22.36,22.48,78897.0,0.3571428571428559,0.9493209275672959,,,,,,,,,,,,,,,,,,,,19.836666666666666,19.14616,1.8571428571428572,0.6,1.3008327834422415,,0,0,,0,0,0,0,0,,,,True,False,False,False,False
2026-03-12,22.48,22.64,22.0,22.15,49837.0,-1.4679715302491236,0.5996591387146701,,,,,,,,,,,,,,,,,,,,19.870083333333337,19.15572,1.5,0.55,1.2793354118195865,,0,0,,0,0,0,0,0,,,,False,False,False,False,False
2026-03-13,22.0,22.35,21.91,22.01,40976.6,-0.6320541760722165,0.4930471870990539,,,,,,,,,,,,,,,,,,,,19.901666666666664,19.16628,1.8571428571428572,0.55,1.261144937085605,,0,0,,0,0,0,0,0,,,,True,False,False,False,False
2026-03-16,22.0,22.1,21.49,21.64,43580.14,-1.6810540663334872,0.5243740437318607,,,,,,,,,,,,,,,,,,,,19.931083333333333,19.175,1.5,0.5,1.199867207934132,,0,0,,0,0,0,0,0,,,,False,False,False,False,False
2026-03-17,21.69,21.81,20.95,21.0,49320.0,-2.957486136783738,0.5934383835585515,,,,,,,,,,,,,,,,,,,,19.95716666666667,19.17932,1.2222222222222223,0.45,1.1669534089864597,,0,0,,0,0,0,0,0,,,,False,False,False,False,False
2026-03-18,21.08,21.31,20.91,21.25,39549.2,1.1904761904761862,0.47587212731212214,,,,,,,,,,,,,,,,,,,,19.982833333333335,19.182760000000002,1.2222222222222223,0.45,1.071348469966766,,0,0,,0,0,0,0,0,,,,True,False,False,False,False
2026-03-19,21.11,21.11,20.38,20.54,51790.2,-3.3411764705882363,0.6231608388518671,,,,,,,,,,,,,,,,,,,,20.003750000000004,19.182560000000002,1.0,0.4,0.9930257333148308,,0,0,,0,0,0,0,0,,,,False,False,False,False,False
2026-03-20,20.66,20.76,20.04,20.04,47586.0,-2.434274586173324,0.5725741873482811,,,,,,,,,,,,,,,,,,,,20.021833333333337,19.18052,0.8181818181818182,0.35,0.9468057150234042,,0,0,,0,0,0,0,0,,,,False,False,False,False,False
2026-03-23,19.9,20.01,18.88,19.11,66765.61,-4.6407185628742464,0.8033510883150985,,,,,,,,,,,,,,,,,,,,20.02833333333333,19.17504,0.6666666666666666,0.3,0.8897992141176825,,0,0,,0,0,0,0,0,,,,False,False,False,False,False
2026-03-24,19.63,19.69,19.19,19.57,52872.59,2.4071166928309795,0.6361845974078271,,,,,,,,,,,,,,,,,,,,20.03525,19.173080000000002,0.6666666666666666,0.35,0.8242418580993771,,0,0,,0,0,0,0,0,,,,False,False,False,False,False
2026-03-25,19.77,20.11,19.62,19.78,55488.72,1.073071027082273,0.6676629420627141,,,,,,,,,,,,,,,,,,,,20.047416666666667,19.1734,0.6666666666666666,0.35,0.7742849768365911,,0,0,,0,0,0,0,0,,,,True,False,False,False,False
2026-03-26,19.78,19.99,19.37,19.45,43382.16,-1.6683518705763456,0.5219918675117284,,,,,,,,,,,,,,,,,,,,20.05483333333333,19.171400000000002,0.6666666666666666,0.35,0.7466139810016215,,0,0,,0,0,0,0,0,,,,False,False,False,False,False
2026-03-27,19.38,19.72,19.15,19.56,51543.01,0.5655526992287996,0.6201865478131032,,,,,,,,,,,,,,,,,,,,20.06325,19.169880000000003,0.8181818181818182,0.4,0.7195743857987933,,0,0,,0,0,0,0,0,,,,True,False,False,False,False
2026-03-30,19.2,19.97,19.15,19.97,69336.46,2.0961145194273945,0.8342846055164671,,,,,,,,,,,,,,,,,,,,20.076833333333337,19.16536,0.8181818181818182,0.45,0.7157715431158315,,0,0,,0,0,0,0,0,,,,True,False,False,False,False
2026-03-31,20.11,20.22,19.5,19.55,51975.68,-2.1031547320981336,0.6253926099666773,,,,,,,,,,,,,,,,,,,,20.0835,19.159119999999998,0.8181818181818182,0.45,0.6660083294828625,,0,0,,0,0,0,0,0,,,,False,False,False,False,False
2026-04-01,19.84,20.01,19.61,19.87,55344.24,1.6368286445012759,0.6659244996933602,,,,,,,,,,,,,,,,,,,,20.09258333333333,19.149279999999997,1.0,0.5,0.65813855681681,,0,0,,0,0,0,0,0,,,,True,False,False,False,False
2026-04-02,19.81,19.83,19.33,19.48,35887.03,-1.962757926522396,0.4318074021475516,,,,,,,,,,,,,,,,,,,,20.102416666666667,19.13804,1.0,0.45,0.6384300914844468,,0,0,,0,0,0,0,0,,,,False,False,False,False,False
2026-04-03,19.48,19.61,19.11,19.13,27752.25,-1.7967145790554473,0.33392640673383633,,,,,,,,,,,,,,,,,,,,20.108166666666666,19.13,0.8181818181818182,0.4,0.629600307095941,,0,0,,0,0,0,0,0,,,,False,False,False,False,False
2026-04-07,19.17,19.47,19.07,19.26,26458.8,0.6795608991113644,0.31836308805553526,,,,,,,,,,,,,,,,,,,,20.116333333333333,19.124239999999997,0.8181818181818182,0.45,0.5988843899847479,,0,0,,0,0,0,0,0,,,,True,False,False,False,False
2026-04-08,19.91,20.35,19.67,20.34,70091.14,5.607476635514019,0.8433652235072208,,,,,,,,,,,,,,,,,,,,20.130499999999998,19.12148,0.8181818181818182,0.45,0.6066943856457412,,0,0,,0,0,0,0,0,,,,True,False,True,True,False
2026-04-09,20.24,20.27,19.96,20.02,34267.4,-1.5732546705997996,0.41231935248893564,,,,,,,,,,,,,,,,,,,,20.141583333333333,19.118,0.6666666666666666,0.4,0.5798443068918231,,0,0,,0,0,0,0,0,,,,False,False,False,False,False
2026-04-10,20.01,20.65,20.01,20.43,43801.09,2.0479520479520508,0.5270326043735327,,,,,,,,,,,,,,,,,,,,20.161333333333335,19.11444,0.8181818181818182,0.45,0.5762129801747662,,0,0,,0,0,0,0,0,,,,True,False,True,True,False
2026-04-13,20.26,20.4,19.97,20.04,42556.0,-1.9089574155653488,0.5120511729667014,,,,,,,,,,,,,,,,,,,,20.179333333333332,19.105359999999997,0.6666666666666666,0.45,0.5771631794681487,,0,0,,0,0,0,0,0,,,,False,False,False,False,False
2026-04-14,20.21,20.28,20.05,20.25,35896.91,1.0479041916167775,0.431926282342798,,,,,,,,,,,,,,,,,,,,20.197416666666665,19.096079999999997,0.8181818181818182,0.5,0.5725407913986955,,0,0,,0,0,0,0,0,,,,True,False,False,False,False
2026-04-15,20.48,20.51,20.12,20.14,32715.8,-0.5432098765432047,0.3936498675755243,,,,,,,,,,,,,,,,,,,,20.21725,19.089239999999997,0.8181818181818182,0.5,0.5625513655995442,,0,0,,0,0,0,0,0,,,,False,False,False,False,False
2026-04-16,20.24,20.49,20.14,20.4,51131.14,1.2909632571995955,0.6152307597547849,,,,,,,,,,,,,,,,,,,,20.244666666666667,19.09088,0.8181818181818182,0.5,0.5695192972216773,,0,0,,0,0,0,0,0,,,,True,False,False,False,False
2026-04-17,20.32,20.75,20.07,20.71,72333.81,1.5196078431372717,0.870349944911423,,,,,,,,,,,,,,,,,,,,20.273500000000002,19.10176,1.0,0.55,0.581878752524655,,0,0,,0,0,0,0,0,,,,True,False,True,True,False
2026-04-20,20.92,22.17,20.59,21.76,137888.37,5.070014485755681,1.6591291850025032,,,,,,,,,,,,,,,,,,,,20.31075,19.119239999999998,1.2222222222222223,0.6,0.6362065024073662,,0,0,,0,0,0,0,0,,,,True,False,True,True,False
2026-04-21,21.73,22.76,21.23,22.1,135491.45,1.5625,1.630288464598627,,,,,,,,,,,,,,,,,,,,20.350416666666668,19.1384,1.5,0.65,0.6775533712215426,,0,0,,0,0,0,0,0,,,,True,False,False,False,False
2026-04-22,22.95,23.59,22.35,22.59,165885.5,2.2171945701357387,1.99600208791164,,,,,,,,,,,,,,,,,,,,20.395500000000002,19.15748,1.5,0.65,0.7455442457467333,,0,0,,0,0,0,0,0,,,,False,False,False,False,False
2026-04-23,22.59,22.86,22.11,22.18,87529.36,-1.8149623727312991,1.0531890087655014,,,,,,,,,,,,,,,,,,,,20.435833333333335,19.17296,1.2222222222222223,0.6,0.7648205490818726,,0,0,,0,0,0,0,0,,,,False,False,False,False,False
2026-04-24,21.94,22.52,21.94,22.26,69643.15,0.36068530207395977,0.8379748248565639,,,,,,,,,,,,,,,,,,,,20.47525,19.18868,1.5,0.65,0.7806196969491144,,0,0,,0,0,0,0,0,,,,True,False,False,False,False
2026-04-27,22.29,22.86,22.26,22.55,78326.0,1.302785265049411,0.9424504223561861,,,,,,,,,,,,,,,,,,,,20.51725,19.20692,1.5,0.65,0.7967328906762685,,0,0,,0,0,0,0,0,,,,True,False,False,False,False
2026-04-28,22.5,23.05,22.4,22.6,83357.6,0.22172949002217113,1.0029926885912472,,,,,,,,,,,,,,,,,,,,20.5595,19.2256,1.5,0.65,0.8051682948300076,,0,0,,0,0,0,0,0,,,,True,False,False,False,False
2026-04-29,22.45,22.78,22.27,22.61,73562.93,0.044247787610607325,0.8851392187556949,,,,,,,,,,,,,,,,,,,,20.602,19.24472,1.8571428571428572,0.7,0.8181556252694584,,0,0,,0,0,0,0,0,,,,True,False,False,False,True
2026-04-30,22.62,23.16,22.57,23.14,102579.8,2.34409553295003,1.2342820498329177,,,,,,,,,,,,,,,,,,,,20.640333333333334,19.266199999999998,1.8571428571428572,0.7,0.8465735027764362,,0,0,,0,0,0,0,0,,,,True,False,True,False,True
2026-05-06,23.23,23.88,23.23,23.55,114960.66,1.7718236819360467,1.3832536140150895,,,,,,,,,,,,,,,,,,,,20.68091666666667,19.287,2.3333333333333335,0.75,0.894145813369813,,0,0,,0,0,0,0,0,,,,True,False,True,False,True
2026-05-07,23.58,25.25,23.41,24.72,143416.38,4.968152866242037,1.7256444591041964,,,,,,,,,,,,,,,,,,,,20.730916666666666,19.31328,3.0,0.8,0.9637317159883313,,0,0,,0,0,0,0,0,,,,True,False,True,True,True
2026-05-08,24.69,24.85,24.3,24.68,94398.64,-0.16181229773462036,1.1358429913164154,,,,,,,,,,,,,,,,,,,,20.778833333333335,19.337120000000002,2.3333333333333335,0.75,1.004605711151375,,0,0,,0,0,0,0,0,,,,False,False,False,False,False
2026-05-11,24.83,25.85,24.71,25.44,126727.69,3.0794165316045508,1.5248393249332766,,,,,,,,,,,,,,,,,,,,20.832916666666666,19.364639999999998,2.3333333333333335,0.75,1.038679416222678,,0,0,,0,0,0,0,0,,,,True,False,True,True,True
2026-05-12,25.43,25.81,25.1,25.44,83789.42,0.0,1.0081885231976593,,,,,,,,,,,,,,,,,,,,20.885749999999998,19.39176,3.0,0.75,1.0684728747581143,,0,0,,0,0,0,0,0,,,,True,False,False,False,False
2026-05-13,25.41,25.44,24.94,25.36,68692.61,-0.3144654088050425,0.8265375393515406,,,,,,,,,,,,,,,,,,,,20.94225,19.41992,2.3333333333333335,0.7,1.0834481215070144,,0,0,,0,0,0,0,0,,,,False,False,False,False,False
2026-05-14,25.36,26.09,24.68,24.71,105619.85,-2.5630914826498374,1.2708611730676536,,,,,,,,,,,,,,,,,,,,20.992250000000002,19.4438,2.3333333333333335,0.7,1.121388621512062,,0,0,,0,0,0,0,0,,,,False,False,False,False,False
2026-05-15,24.81,26.74,24.38,26.02,161650.42,5.301497369486041,1.9450438756358663,,,,,,,,,,,,,,,,,,,,21.055416666666666,19.473599999999998,2.3333333333333335,0.7,1.1970445011767157,,0,0,,0,0,0,0,0,,,,True,False,False,False,True
2026-05-18,25.79,26.28,25.51,25.95,98270.55,-0.26902382782475476,1.1824313938242053,,,,,,,,,,,,,,,,,,,,21.118333333333332,19.501360000000002,3.0,0.7,1.2364835774891496,,0,0,,0,0,0,0,0,,,,True,False,False,False,False
2026-05-19,25.97,26.57,25.51,26.16,80026.37,0.8092485549132888,0.962909968671098,,,,,,,,,,,,,,,,,,,,21.18391666666667,19.53068,3.0,0.7,1.253867537934965,,0,0,,0,0,0,0,0,,,,True,False,False,False,True
2026-05-20,26.15,26.16,25.69,25.77,59677.43,-1.4908256880733939,0.7180632115597851,,,,,,,,,,,,,,,,,,,,21.244250000000005,19.557599999999997,2.3333333333333335,0.65,1.2462532012673835,,0,0,,0,0,0,0,0,,,,False,False,False,False,False
2026-05-21,25.87,26.55,25.19,25.25,105187.64,-2.017850213426464,1.2656606458219553,,,,,,,,,,,,,,,,,,,,21.299833333333332,19.58336,1.8571428571428572,0.6,1.226579774308356,,0,0,,0,0,0,0,0,,,,False,False,False,False,False
2026-05-22,25.25,25.83,24.78,25.34,87828.17,0.35643564356435675,1.056784412727203,,,,,,,,,,,,,,,,,,,,21.356749999999998,19.60836,1.8571428571428572,0.6,1.1979045717147847,,0,0,,0,0,0,0,0,,,,True,False,False,False,False
2026-05-25,25.6,25.89,24.67,25.42,81047.9,0.31570639305447123,0.975201434850266,,,,,,,,,,,,,,,,,,,,21.41391666666667,19.634520000000002,1.8571428571428572,0.6,1.146864539061716,,0,0,,0,0,0,0,0,,,,False,False,False,False,False
2026-05-26,25.14,25.44,24.6,24.96,97315.75,-1.8095987411487102,1.1709428502592882,,,,,,,,,,,,,,,,,,,,21.466,19.66012,1.8571428571428572,0.6,1.1527522311364053,,0,0,,0,0,0,0,0,,,,False,False,False,False,False
2026-05-27,24.88,24.89,23.95,24.34,144207.39,-2.4839743589743613,1.7351622144930579,,,,,,,,,,,,,,,,,,,,21.509500000000003,19.68516,1.5,0.55,1.19761160061823,,0,0,,0,0,0,0,0,,,,False,False,False,False,False
2026-05-28,24.3,24.38,22.21,22.82,167995.87,-6.244864420706653,2.021394921681114,,,,,,,,,,,,,,,,,,,,21.53533333333333,19.703799999999998,1.2222222222222223,0.5,1.2515588255844765,,0,0,,0,0,0,0,0,,,,False,False,False,False,False
2026-05-29,23.04,23.08,21.65,21.8,111769.41,-4.469763365468882,1.3448551906263786,,,,,,,,,,,,,,,,,,,,21.552083333333332,19.718880000000002,1.0,0.45,1.268651950686233,,0,0,,0,0,0,0,0,,,,False,False,False,False,False
2026-06-01,21.62,22.0,21.49,21.66,82583.71,-0.6422018348623881,0.9936809280346346,,,,,,,,,,,,,,,,,,,,21.56825,19.733520000000002,1.0,0.4,1.2740790361501801,,0,0,,0,0,0,0,0,,,,True,False,False,False,False
2026-06-02,21.57,22.12,21.27,21.83,89121.71,0.7848568790396859,1.0554693850185446,,,,,,,,,,,,,,,,,,,,21.583833333333335,19.74932,1.0,0.4,1.2651384029094614,,0,0,,0,0,0,0,0,,,,True,False,False,False,False
2026-06-03,21.76,22.6,21.67,21.84,90137.31,0.04580852038480465,1.0674971469120815,,,,,,,,,,,,,,,,,,,,21.6005,19.76584,1.0,0.4,1.2493505795543112,,0,0,,0,0,0,0,0,,,,True,False,False,False,False
2026-06-04,21.71,22.7,21.62,21.79,80952.08,-0.22893772893772812,0.9587163676905665,,,,,,,,,,,,,,,,,,,,21.61658333333333,19.782439999999998,1.0,0.35,1.2110041749836296,,0,0,,0,0,0,0,0,,,,True,False,False,False,False
2026-06-05,21.79,23.89,21.21,23.06,191045.53,5.828361633776957,2.2625542986062763,,,,,,,,,,,,,,,,,,,,21.642083333333332,19.80436,1.2222222222222223,0.4,1.2673397403481226,,0,0,,0,0,0,0,0,,,,True,False,False,False,False
2026-06-08,22.53,23.98,22.4,23.47,236216.34,1.777970511708582,2.79751269484317,,,,,,,,,,,,,,,,,,,,21.674083333333336,19.82792,1.2222222222222223,0.4,1.3309734088436174,,0,0,,0,0,0,0,0,,,,True,False,False,False,False
2026-06-09,23.35,23.88,22.94,23.52,164777.05,0.21303792074989225,1.9347154590931024,,,,,,,,,,,,,,,,,,,,21.70041666666667,19.85164,1.2222222222222223,0.45,1.3772997556383895,,0,0,,0,0,0,0,0,,,,True,False,False,False,False
2026-06-10,23.39,24.23,22.78,23.81,174721.96,1.2329931972788977,2.051482758400194,,,,,,,,,,,,,,,,,,,,21.734833333333334,19.87568,1.5,0.5,1.4385470165908223,,0,0,,0,0,0,0,0,,,,True,False,False,False,False
2026-06-11,23.58,23.73,23.07,23.43,114387.55,-1.595968080638388,1.3430715097326067,,,,,,,,,,,,,,,,,,,,21.76925,19.89952,1.5,0.5,1.4421575334240697,,0,0,,0,0,0,0,0,,,,False,False,False,False,False
2026-06-12,23.45,23.98,23.0,23.16,141148.19,-1.1523687580025643,1.65727924620577,,,,,,,,,,,,,,,,,,,,21.79575,19.9228,1.2222222222222223,0.45,1.4277693019525648,,0,0,,0,0,0,0,0,,,,False,False,False,False,False
2026-06-15,23.16,25.03,23.03,24.79,165990.91,7.0379965457685545,1.9489678911349113,,,,,,,,,,,,,,,,,,,,21.839083333333335,19.95244,1.2222222222222223,0.5,1.4660961268181,,0,0,,0,0,0,0,0,,,,True,False,True,True,False
2026-06-16,24.99,25.0,24.0,24.53,143423.59,-1.0488100040338733,1.6839956582038025,,,,,,,,,,,,,,,,,,,,21.877916666666668,19.98036,1.0,0.45,1.5021504112947355,,0,0,,0,0,0,0,0,,,,False,False,False,False,False
2026-06-17,24.4,24.66,23.92,24.13,102012.95,-1.6306563391765283,1.1904993277998681,,,,,,,,,,,,,,,,,,,,21.91691666666667,20.00724,1.0,0.45,1.5257722171067394,,0,0,,0,0,0,0,0,,,,False,False,False,False,False
2026-06-18,24.1,25.4,24.05,24.98,159021.41,3.5225859925404057,1.8557926391775479,,,,,,,,,,,,,,,,,,,,21.968083333333333,20.03648,1.2222222222222223,0.5,1.5552788167745193,,0,0,,0,0,0,0,0,,,,True,False,False,False,False
2026-06-22,24.99,25.26,23.39,23.67,241167.99,-5.24419535628502,2.8144498319266855,,,,,,,,,,,,,,,,,,,,22.007416666666668,20.061799999999998,1.0,0.45,1.6431620877344932,,0,0,,0,0,0,0,0,,,,False,False,False,False,False
2026-06-23,23.4,25.21,22.9,23.97,211558.46,1.2674271229404122,2.46890423637759,,,,,,,,,,,,,,,,,,,,22.052166666666665,20.08816,1.2222222222222223,0.45,1.7178472278108596,,0,0,,0,0,0,0,0,,,,True,False,False,False,False
2026-06-24,23.9,24.1,23.15,23.54,115777.94,-1.7939090529828894,1.351137867732023,,,,,,,,,,,,,,,,,,,,22.093666666666664,20.113319999999998,1.2222222222222223,0.45,1.7268569786844963,,0,0,,0,0,0,0,0,,,,False,False,False,False,False
2026-06-25,23.49,24.1,22.73,22.75,140032.87,-3.3559898045879333,1.6169101078376114,,,,,,,,,,,,,,,,,,,,22.127,20.13604,1.2222222222222223,0.45,1.720944373351724,,0,0,,0,0,0,0,0,,,,False,False,False,False,False
2026-06-26,22.72,23.2,22.01,22.58,127123.55,-0.7472527472527579,1.467850747750867,,,,,,,,,,,,,,,,,,,,22.161416666666664,20.15828,1.2222222222222223,0.45,1.6932671646552115,,0,0,,0,0,0,0,0,,,,False,False,False,False,False
2026-06-29,22.6,22.79,21.6,22.5,158734.3,-0.3542958370239102,1.832848917047317,,,,,,,,,,,,,,,,,,,,22.19375,20.18016,1.2222222222222223,0.45,1.7176668509762585,,0,0,,0,0,0,0,0,,,,False,False,False,False,False
2026-06-30,22.46,23.75,22.3,23.45,117619.82,4.222222222222216,1.349829587483551,,,,,,,,,,,,,,,,,,,,22.230833333333337,20.20612,1.2222222222222223,0.5,1.7354742839487045,,0,0,,0,0,0,0,0,,,,True,False,False,False,False
2026-07-01,23.49,24.05,23.31,23.52,125509.33,0.29850746268655914,1.4403712498389887,,,,,,,,,,,,,,,,,,,,22.269166666666667,20.232679999999995,1.2222222222222223,0.5,1.7547193771897267,,0,0,,0,0,0,0,0,,,,True,False,False,False,False
2026-07-02,23.52,25.87,23.52,25.87,197463.22,9.991496598639472,2.266129099634515,,,,,,,,,,,,,,,,,,,,22.32766666666667,20.26936,1.2222222222222223,0.5,1.8146509748258481,,0,0,,0,0,0,0,0,,,,True,False,True,True,False
2026-07-03,26.14,28.12,25.4,27.9,598121.54,7.84692694240432,6.803172852792315,,,,,,,,,,,,,,,,,,,,22.401666666666667,20.31372,1.2222222222222223,0.55,2.106873799080936,,0,0,,0,0,0,0,0,,,,True,False,True,True,True
2026-07-06,26.7,26.7,25.11,25.11,394139.46,-9.999999999999998,4.48303345585284,,,,,,,,,,,,,,,,,,,,22.453833333333332,20.34552,1.0,0.5,2.217897756943264,,0,0,,0,0,0,0,0,,,,False,False,False,False,False
2026-07-07,24.79,27.0,24.24,26.5,418869.94,5.535643170051774,4.764323660135607,,,,,,,,,,,,,,,,,,,,22.515750000000004,20.38252,1.0,0.5,2.316238305207886,,0,0,,0,0,0,0,0,,,,True,False,False,False,False
2026-07-08,25.8,25.84,23.85,23.85,254924.45,-9.999999999999998,2.894585813194248,,,,,,,,,,,,,,,,,,,,22.555333333333333,20.409560000000003,0.8181818181818182,0.45,2.364231822912943,,0,0,,0,0,0,0,0,,,,False,False,False,False,False
2026-07-09,22.74,23.52,21.47,22.55,351300.61,-5.450733752620551,3.988906367641415,,,,,,,,,,,,,,,,,,,,22.584833333333332,20.431,0.6666666666666666,0.4,2.461103003375004,,0,0,,0,0,0,0,0,,,,False,False,False,False,False
2026-07-10,22.69,23.82,22.34,22.73,271721.53,0.7982261640798294,3.0853112986119426,,,,,,,,,,,,,,,,,,,,22.614166666666666,20.452599999999997,0.8181818181818182,0.45,2.548214992818971,,0,0,,0,0,0,0,0,,,,True,False,False,False,False
2026-07-13,22.6,22.83,21.01,21.13,215009.96,-7.0391553013638415,2.441369511286433,,,,,,,,,,,,,,,,,,,,22.627416666666665,20.467599999999997,0.8181818181818182,0.45,2.5874195060730036,,0,0,,0,0,0,0,0,,,,False,False,False,False,False
2026-07-14,21.0,21.37,20.6,20.72,154968.35,-1.940369143398013,1.7596161819869411,,,,,,,,,,,,,,,,,,,,22.636583333333338,20.481120000000004,0.6666666666666666,0.4,2.577951920615605,,0,0,,0,0,0,0,0,,,,False,False,False,False,False
2026-07-15,20.8,21.65,20.77,21.02,147122.94,1.4478764478764505,1.670534053989049,,,,,,,,,,,,,,,,,,,,22.64891666666667,20.49636,0.8181818181818182,0.45,2.577278840404868,,0,0,,0,0,0,0,0,,,,True,False,False,False,False
2026-07-16,20.98,21.4,20.34,20.54,139387.25,-2.283539486203623,1.582697761592346,,,,,,,,,,,,,,,,,,,,22.660416666666666,20.510279999999998,0.8181818181818182,0.45,2.596888762094492,,0,0,,0,0,0,0,0,,,,False,False,False,False,False
2026-07-17,20.61,20.65,19.15,19.24,158267.44,-6.329113924050633,1.7970762965834461,,,,,,,,,,,,,,,,,,,,22.66025,20.51912,0.6666666666666666,0.4,2.5939529449647862,,0,0,,0,0,0,0,0,,,,False,False,False,False,False
2026-07-20,19.55,19.65,18.6,19.28,172841.54,0.20790020790022457,1.9625605531938823,,,,,,,,,,,,,,,,,,,,22.644416666666665,20.527,0.6666666666666666,0.45,2.5513584810281467,,0,0,,0,0,0,0,0,,,,False,False,False,False,False
2026-07-21,19.19,19.75,18.5,19.65,154708.69,1.9190871369294538,1.7566678255140566,,,,,,,,,,,,,,,,,,,,22.62725,20.53672,0.6666666666666666,0.45,2.5157466604849694,,0,0,,0,0,0,0,0,,,,True,False,False,False,False
2026-07-22,19.5,19.55,18.83,18.94,131800.54,-3.613231552162832,1.4965530895735621,,,,,,,,,,,,,,,,,,,,22.60383333333333,20.543440000000004,0.6666666666666666,0.45,2.523017421577047,,0,0,,0,0,0,0,0,,,,False,False,False,False,False
2026-07-23,18.8,19.06,18.55,19.04,84940.41,0.5279831045406524,0.9644712610065563,,,,,,,,,,,,,,,,,,,,22.576,20.54992,0.8181818181818182,0.5,2.490395479235494,,0,0,,0,0,0,0,0,,,,True,False,False,False,False
2026-07-24,18.8,19.0,18.39,18.72,85717.44,-1.6806722689075682,0.9732941887972267,,,,,,,,,,,,,,,,,,,,22.5485,20.554879999999997,0.8181818181818182,0.5,2.465667651287812,,0,0,,0,0,0,0,0,,,,False,False,False,False,False
2026-07-27,18.75,19.27,18.69,19.11,69962.12,2.083333333333326,0.794397555875843,,,,,,,,,,,,,,,,,,,,22.51816666666667,20.56168,1.0,0.55,2.413745083229238,,0,0,,0,0,0,0,0,,,,True,False,False,False,False
2026-07-28,18.9,19.59,18.8,19.22,79767.13,0.5756148613291545,0.9057303167947262,,,,,,,,,,,,,,,,,,,,22.491666666666667,20.568320000000003,1.0,0.55,2.3915401196947967,,0,0,,0,0,0,0,0,,,,True,False,False,False,False
2026-07-29,19.28,19.93,18.86,19.88,122028.85,3.433922996878258,1.3855986666261668,,,,,,,,,,,,,,,,,,,,22.469083333333334,20.57684,1.0,0.55,2.3888014905341555,,0,0,,0,0,0,0,0,,,,True,False,True,False,False
2026-07-30,19.71,19.98,19.21,19.35,99573.51,-2.6659959758551177,1.130625443796998,,,,,,,,,,,,,,,,,,,,22.442166666666665,20.58352,0.8181818181818182,0.5,2.33202630774228,,0,0,,0,0,0,0,0,,,,False,False,False,False,False
2026-07-31,19.8,20.2,19.53,19.59,127953.17,1.2403100775193687,1.4528674304690345,,,,,,,,,,,,,,,,,,,,22.4205,20.58652,0.6666666666666666,0.5,2.064511036626116,,0,0,,0,0,0,0,0,,,,False,False,False,False,False
2026-08-03,19.44,19.95,19.44,19.73,104540.04,0.7146503318019359,1.1870188077085553,,,,,,,,,,,,,,,,,,,,22.401083333333336,20.59032,0.8181818181818182,0.55,1.8997103042189019,,0,0,,0,0,0,0,0,,,,True,False,False,False,False
2026-08-04,19.78,20.0,19.43,19.86,96046.61,0.6588950836289964,1.0905786193180012,,,,,,,,,,,,,,,,,,,,22.3845,20.594720000000002,0.8181818181818182,0.55,1.7160230521780213,,0,0,,0,0,0,0,0,,,,True,False,False,False,False
2026-08-05,19.66,20.44,19.66,20.23,111339.19,1.8630412890231707,1.2642209871455599,,,,,,,,,,,,,,,,,,,,22.362666666666666,20.59964,1.0,0.6,1.6345048108755869,,0,0,,0,0,0,0,0,,,,True,False,True,True,False
2026-08-06,20.1,20.38,19.85,19.99,93063.27,-1.1863568956994697,1.0567037452526262,,,,,,,,,,,,,,,,,,,,22.338416666666667,20.60528,1.0,0.6,1.4878946797561476,,0,0,,0,0,0,0,0,,,,False,False,False,False,False
2026-08-07,19.9,20.1,19.68,20.0,77919.52,0.05002501250626068,0.8847512946008336,,,,,,,,,,,,,,,,,,,,22.318833333333334,20.611159999999998,1.0,0.6,1.377866679555592,,0,0,,0,0,0,0,0,,,,True,False,False,False,False
2026-08-10,20.1,20.5,19.79,20.39,107548.68,1.9500000000000073,1.2211809552036612,,,,,,,,,,,,,,,,,,,,22.298416666666665,20.61948,1.2222222222222223,0.65,1.3168572517514536,,0,0,,0,0,0,0,0,,,,True,False,False,False,False
2026-08-11,20.23,20.45,20.12,20.16,83749.19,-1.1280039234919048,0.9509453378854387,,,,,,,,,,,,,,,,,,,,22.2735,20.62768,1.2222222222222223,0.65,1.2764237095463784,,0,0,,0,0,0,0,0,,,,False,False,False,False,False
2026-08-12,20.19,20.25,20.05,20.09,56862.08,-0.347222222222221,0.6456507803653844,,,,,,,,,,,,,,,,,,,,22.23825,20.63608,1.0,0.6,1.2251795458651953,,0,0,,0,0,0,0,0,,,,False,False,False,False,False
2026-08-13,20.09,20.15,19.6,19.62,84190.29,-2.3394723743155765,0.9559538876820548,,,,,,,,,,,,,,,,,,,,22.197249999999997,20.641959999999997,1.0,0.6,1.1938423521696806,,0,0,,0,0,0,0,0,,,,False,False,False,False,False
2026-08-14,19.62,19.74,19.3,19.56,70279.76,-0.3058103975535298,0.7980042567540955,,,,,,,,,,,,,,,,,,,,22.153499999999998,20.646960000000004,1.0,0.6,1.1438887501782133,,0,0,,0,0,0,0,0,,,,False,False,False,False,False
2026-08-17,19.6,20.07,19.5,20.04,71695.11,2.4539877300613577,0.8140751045315624,,,,,,,,,,,,,,,,,,,,22.10925,20.65312,1.2222222222222223,0.6,1.0864644777450971,,0,0,,0,0,0,0,0,,,,True,False,False,False,False
2026-08-18,20.04,20.28,19.83,20.21,83172.86,0.8483033932135786,0.9444012945748882,,,,,,,,,,,,,,,,,,,,22.07558333333333,20.65936,1.2222222222222223,0.6,1.0458511511981388,,0,0,,0,0,0,0,0,,,,True,False,False,False,False
2026-08-19,20.1,20.15,18.7,18.8,126666.96,-6.976744186046513,1.4382629261981081,,,,,,,,,,,,,,,,,,,,22.0265,20.661160000000002,1.2222222222222223,0.6,1.042936643029366,,0,0,,0,0,0,0,0,,,,False,False,False,False,False
2026-08-20,18.95,19.07,18.8,18.9,55447.56,0.5319148936170137,0.6295893569731615,,,,,,,,,,,,,,,,,,,,21.980666666666664,20.663520000000002,1.0,0.6,1.0261925478276963,,0,0,,0,0,0,0,0,,,,False,False,False,False,False
2026-08-21,18.81,19.03,18.69,19.0,45956.0,0.5291005291005346,0.5218157208190696,,,,,,,,,,,,,,,,,,,,21.937416666666667,20.66588,1.2222222222222223,0.65,1.0036186244287886,,0,0,,0,0,0,0,0,,,,True,False,False,False,False
2026-08-24,19.03,19.1,18.5,18.62,79447.1,-1.9999999999999907,0.902096478228843,19.106,19.5,19.662,19.649999999999995,21.618666666666666,22.062599999999996,21.2887,37.2642816997586,-0.5532176298344922,-0.5418207942576195,78138.09599999999,75746.691,28.90044623119674,19.86986844476923,32.29261565911004,-4.975625983912387,20.70808744728537,19.662,18.61591255271463,21.894916666666667,20.6678,1.0,0.6,1.0090035705464384,1.0167524430080817,0,0,-0.13870728999629944,0,0,1,0,0,0.001953683363651212,0.10640702342440948,28.90044623119674,False,False,False,False,False
2026-08-25,18.5,18.97,18.46,18.92,61995.32,1.6111707841031109,0.7039370831492924,18.848000000000003,19.375999999999998,19.647,19.59,21.572999999999997,22.0563,21.295749999999998,40.54892657447126,-0.5512206389006806,-0.5437007631862317,73902.588,73571.304,39.167735794427216,21.671487388087925,28.752239568769333,7.509983026725109,20.727800872647403,19.647,18.566199127352593,21.867250000000002,20.670560000000002,1.0,0.6,0.9989139088641668,0.8388788766098421,0,0,-0.12297779631947325,0,0,1,0,0,0.16367532706592772,0.11002197512570927,39.167735794427216,True,True,False,False,False
2026-08-26,18.92,19.12,18.83,18.86,50121.74,-0.3171247357294016,0.5691163697189919,18.86,19.253,19.595999999999997,19.518000000000004,21.523500000000002,22.0462,21.297349999999998,40.096760975671494,-0.5481606529679119,-0.5445927411425677,58593.543999999994,72897.27,37.855741534993825,21.773665584732584,26.426048240757083,12.468900272683584,20.725665064474565,19.595999999999997,18.466334935525428,21.84175,20.673879999999997,0.8181818181818182,0.55,0.958089794018808,0.8554140367409762,0,0,-0.12374846098450543,0,0,1,0,0,0.17423972682454944,0.11529547504333222,37.855741534993825,False,False,False,False,False
2026-08-27,18.8,18.95,18.67,18.92,59056.91,0.31813361611878754,0.6705723749020133,18.864,19.183,19.5745,19.464,21.474833333333333,22.040599999999998,21.29855,40.80759599902906,-0.5347300582574199,-0.5426202045655382,59315.414000000004,70383.932,40.25717452495223,22.940685481396827,25.264260654303666,18.29353513558315,20.739687583723217,19.5745,18.409312416276784,21.8155,20.67608,1.0,0.6,0.9350871405740587,0.9956418748084604,0,0,-0.11896871531793018,1,1,1,0,0,0.21914393478661062,0.11905158075283832,40.25717452495223,True,True,False,False,False
2026-08-28,18.85,19.04,18.77,18.79,58768.77,-0.6871035940803516,0.6673006371137634,18.822,19.106,19.5345,19.448999999999998,21.42483333333333,22.037200000000002,21.2989,39.70814741882039,-0.5284840930767487,-0.5397929822677803,61877.96800000001,69232.833,36.581751700857126,21.33774636488723,23.955422557831522,16.10239397899864,20.751233764071326,19.5345,18.317766235928676,21.787333333333333,20.67684,1.0,0.55,0.8958088009062953,0.9497527455975928,0,0,-0.12298034212634856,0,1,1,0,0,0.19405796815039336,0.12457280852556502,36.581751700857126,False,False,False,False,False
2026-08-31,18.78,19.36,18.65,19.01,94567.36,1.1708355508249113,1.0737822074235455,18.9,19.003,19.4985,19.44,21.357333333333333,22.034699999999997,21.2993,42.53002972357424,-0.5000180623160873,-0.5318379982774417,64902.02,71520.058,46.500836125475814,25.073290475999798,24.328045197220945,26.563781033557504,20.73334966057011,19.4985,18.26365033942989,21.76425,20.67796,1.0,0.55,0.8901469708920449,1.4570788397649257,0,0,-0.1099076039455612,0,1,1,1,1,0.30220264231418015,0.12666099039106693,46.500836125475814,True,True,False,False,False
2026-09-01,19.22,19.76,19.15,19.49,124655.95,2.5249868490268224,1.4154285491260314,19.014,18.931,19.48,19.434666666666665,21.290999999999997,22.026200000000003,21.302,48.2239622898641,-0.43372680673647324,-0.5122157599692481,77434.146,75668.367,62.043953263192535,43.125783394256196,30.593957929566027,68.18943432363653,20.703076362895334,19.48,18.256923637104666,21.740000000000002,20.68048,1.0,0.55,0.9063894673824462,1.609831791778268,0,0,-0.08458973275092752,0,0,1,0,1,0.5040880521868338,0.12557252185783718,62.043953263192535,True,True,True,False,False
2026-09-02,19.3,19.3,18.59,18.72,102263.15,-3.950743971267312,1.161165448047668,18.985999999999997,18.923000000000002,19.4045,19.42733333333333,21.211,22.013199999999998,21.300099999999997,41.176192583621365,-0.43827095912581626,-0.49742679980056176,87862.428,73227.986,39.790373748593986,35.41718892950408,32.20170159621205,41.84816359608814,20.619034348715637,19.4045,18.18996565128436,21.708666666666666,20.68016,0.8181818181818182,0.5,0.9012366904275517,1.1639007972782176,0,0,-0.11743906463627363,0,0,1,0,1,0.21820475858757968,0.1251806899137456,39.790373748593986,False,False,False,False,False
2026-09-03,18.76,19.0,18.63,18.73,60052.9,0.05341880341880323,0.6818815236481744,18.948,18.906,19.3415,19.416999999999998,21.12633333333333,21.996199999999998,21.30085,41.29618370363457,-0.43603893083682976,-0.4851492260078154,88061.62599999999,73688.51999999999,40.12505858642935,30.534536209412963,31.645979800612352,28.311649027014184,20.55887033244423,19.3415,18.12412966755577,21.680166666666665,20.68008,0.8181818181818182,0.55,0.882495579347329,0.6819417574687981,0,0,-0.11342873822559518,0,0,1,0,0,0.2488438876392555,0.12588168781575673,40.12505858642935,False,False,False,False,False
2026-09-04,18.88,19.09,18.42,18.49,90158.33,-1.2813667912440097,1.0237190781789873,18.887999999999998,18.855,19.266,19.409333333333333,21.043999999999997,21.980700000000002,21.29975,39.22800472297616,-0.44846638524475324,-0.477812657855203,94339.538,78108.753,34.58790190053813,22.097651005280202,28.463203535501638,9.366545944837334,20.498616387159572,19.266,18.033383612840424,21.65083333333333,20.678440000000002,0.6666666666666666,0.5,0.8894439685262368,0.9556791554353383,0,0,-0.12136475955141601,0,0,1,0,0,0.18522242277331527,0.12795768578423897,34.58790190053813,False,False,False,False,False
