date,open,high,low,close,volume,change_rate,turnover,MA5,MA10,MA20,MA30,MA60,MA100,MA200,RSI14,DIF,DEA,VOL_MA5,VOL_MA10,RSI6,K,D,J,BOLL_UPPER,BOLL_MIDDLE,BOLL_LOWER,MA120,MA250,updown_ratio_20,up_days_ratio_20,turnover_ma20,vol_ratio,ma_bull,dif_above_zero,bias60,macd_gold,macd_gold3,dif_below0,kdj_gold,kdj_gold3,boll_pos,boll_width,rsi6,is_yang,above_ma5,break_high5,break_high10,break_close40
2024-08-14,8.01,8.11,7.88,8.06,77907.8,1.0025062656641603,1.7744863776559805,,,,,,,,,,,,,,,,,,,,,,,,,,0,0,,0,0,0,0,0,,,,True,False,False,False,False
2024-08-15,7.97,8.28,7.94,8.17,115796.04,1.3647642679900596,2.6374572965288072,,,,,,,,,,,,,,,,,,,,,,,,,,0,0,,0,0,0,0,0,,,,True,False,False,False,False
2024-08-16,8.09,8.38,8.09,8.31,179428.0,1.7135862913096656,4.086786454887152,,,,,,,,,,,,,,,,,,,,,,,,,,0,0,,0,0,0,0,0,,,,True,False,False,False,False
2024-08-19,8.17,8.26,7.98,8.03,130784.0,-3.369434416365835,2.9788342940675996,,,,,,,,,,,,,,,,,,,,,,,,,,0,0,,0,0,0,0,0,,,,False,False,False,False,False
2024-08-20,7.98,8.09,7.88,7.91,75531.0,-1.494396014943955,1.7203506014896306,,,,,,,,,,,,,,,,,,,,,,,,,,0,0,,0,0,0,0,0,,,,False,False,False,False,False
2024-08-21,7.89,8.1,7.82,7.98,85358.67,0.8849557522123908,1.9441929707915278,,,,,,,,,,,,,,,,,,,,,,,,,,0,0,,0,0,0,0,0,,,,True,False,False,False,False
2024-08-22,8.0,8.03,7.82,7.82,62694.35,-2.0050125313283207,1.4279734510664686,,,,,,,,,,,,,,,,,,,,,,,,,,0,0,,0,0,0,0,0,,,,False,False,False,False,False
2024-08-23,7.8,8.18,7.71,7.97,101419.5,1.9181585677749302,2.3100064586431746,,,,,,,,,,,,,,,,,,,,,,,,,,0,0,,0,0,0,0,0,,,,True,False,False,False,False
2024-08-26,7.95,8.22,7.93,8.14,109154.72,2.1329987452948673,2.486189620254362,,,,,,,,,,,,,,,,,,,,,,,,,,0,0,,0,0,0,0,0,,,,True,False,False,False,False
2024-08-27,8.04,8.09,7.77,7.83,97774.42,-3.808353808353815,2.2269833877123273,,,,,,,,,,,,,,,,,,,,,,,,,,0,0,,0,0,0,0,0,,,,False,False,False,False,False
2024-08-28,7.79,7.93,7.67,7.77,82772.5,-0.766283524904221,1.8852884267625276,,,,,,,,,,,,,,,,,,,,,,,,,,0,0,,0,0,0,0,0,,,,False,False,False,False,False
2024-08-29,7.71,8.11,7.65,8.09,122909.65,4.118404118404118,2.7994822034181994,,,,,,,,,,,,,,,,,,,,,,,,,,0,0,,0,0,0,0,0,,,,True,False,False,False,False
2024-08-30,8.04,8.9,8.04,8.63,318290.0,6.67490729295428,7.249611324464585,,,,,,,,,,,,,,,,,,,,,,,,,,0,0,,0,0,0,0,0,,,,True,False,True,True,False
2024-09-02,8.63,8.67,8.32,8.34,239762.0,-3.360370799536516,5.46099880730239,,,,,,,,,,,,,,,,,,,,,,,,,,0,0,,0,0,0,0,0,,,,False,False,False,False,False
2024-09-03,8.32,8.85,8.31,8.79,347577.32,5.395683453237399,7.916681250429014,,,,,,,,,,,,,,,,,,,,,,,,,,0,0,,0,0,0,0,0,,,,True,False,False,False,False
2024-09-04,8.58,8.58,8.34,8.48,222190.22,-3.5267349260523218,5.0607707910939,,,,,,,,,,,,,,,,,,,,,,,,,,0,0,,0,0,0,0,0,,,,False,False,False,False,False
2024-09-05,8.44,8.94,8.35,8.75,339260.57,3.1839622641509413,7.7272527261815025,,,,,,,,,,,,,,,,,,,,,,,,,,0,0,,0,0,0,0,0,,,,True,False,False,False,False
2024-09-06,8.7,8.92,8.52,8.86,299215.97,1.2571428571428456,6.815166937612414,,,,,,,,,,,,,,,,,,,,,,,,,,0,0,,0,0,0,0,0,,,,True,False,False,False,False
2024-09-09,8.89,8.93,8.45,8.59,229384.07,-3.0474040632054167,5.224623304294125,,,,,,,,,,,,,,,,,,,,,,,,,,0,0,,0,0,0,0,0,,,,False,False,False,False,False
2024-09-10,8.58,8.75,8.23,8.61,207427.19,0.2328288707799775,4.724516967626589,,,,,,,,,,,,,,,,,,,,,,1.5,0.55,3.9228826826141137,,0,0,,0,0,0,0,0,,,,True,False,False,False,False
2024-09-11,8.58,8.58,8.27,8.32,125735.63,-3.3681765389082408,2.863848839538437,,,,,,,,,,,,,,,,,,,,,,1.2222222222222223,0.55,3.9773508057082365,,0,0,,0,0,0,0,0,,,,False,False,False,False,False
2024-09-12,8.47,8.76,8.32,8.35,160890.0,0.36057692307691624,3.6645510886082096,,,,,,,,,,,,,,,,,,,,,,1.0,0.55,4.028705495312208,,0,0,,0,0,0,0,0,,,,False,False,False,False,False
2024-09-13,8.4,8.47,8.11,8.16,136822.0,-2.2754491017964007,3.116360302352865,,,,,,,,,,,,,,,,,,,,,,0.8181818181818182,0.5,3.9801841876854924,,0,0,,0,0,0,0,0,,,,False,False,False,False,False
2024-09-18,8.13,8.14,7.81,7.89,116033.0,-3.308823529411775,2.642854474886422,,,,,,,,,,,,,,,,,,,,,,0.8181818181818182,0.5,3.9633851967264335,,0,0,,0,0,0,0,0,,,,False,False,False,False,False
2024-09-19,7.92,8.1,7.89,8.02,89059.0,1.6476552598225558,2.0284744570847075,,,,,,,,,,,,,,,,,,,,,,1.0,0.55,3.9787913895061875,,0,0,,0,0,0,0,0,,,,True,False,False,False,False
2024-09-20,8.03,8.82,7.99,8.82,281534.48,9.975062344139651,6.412440084310686,,,,,,,,,,,,,,,,,,,,,,1.0,0.55,4.202203745182145,,0,0,,0,0,0,0,0,,,,True,False,True,False,False
2024-09-23,8.76,9.09,8.65,8.86,437322.69,0.45351473922901064,9.960788984477412,,,,,,,,,,,,,,,,,,,,,,1.2222222222222223,0.6,4.628844521852693,,0,0,,0,0,0,0,0,,,,True,False,True,False,False
2024-09-24,8.82,8.94,8.6,8.94,321825.44,0.9029345372460584,7.330137152674599,,,,,,,,,,,,,,,,,,,,,,1.2222222222222223,0.6,4.879851056554264,,0,0,,0,0,0,0,0,,,,True,False,False,False,False
2024-09-25,8.91,9.16,8.86,9.1,360280.19,1.7897091722595126,8.206011327419185,,,,,,,,,,,,,,,,,,,,,,1.2222222222222223,0.6,5.1658421419125045,,0,0,,0,0,0,0,0,,,,True,False,True,True,False
2024-09-26,9.08,9.19,8.92,9.13,287912.37,0.3296703296703507,6.557707681691029,,,,,,,,,,,,,,,,,,,,,,1.5,0.65,5.38237835661144,,0,0,,0,0,0,0,0,,,,True,False,False,False,False
2024-09-27,9.15,10.04,9.15,9.51,343214.51,4.162102957283675,7.817310623697144,,,,,,,,,,,,,,,,,,,,,,1.8571428571428572,0.7,5.678979466458171,,0,0,,0,0,0,0,0,,,,True,False,True,True,False
2024-09-30,9.79,10.43,9.67,10.3,515666.03,8.307045215562582,11.745137844023331,,,,,,,,,,,,,,,,,,,,,,1.8571428571428572,0.7,6.126262248488427,,0,0,,0,0,0,0,0,,,,True,False,True,True,False
2024-10-08,11.33,11.33,10.09,11.16,516342.29,8.349514563106798,11.76054077238454,,,,,,,,,,,,,,,,,,,,,,1.5,0.7,6.351808720884425,,0,0,,0,0,0,0,0,,,,False,False,True,True,False
2024-10-09,10.65,10.8,10.13,10.13,275377.76,-9.22939068100358,6.272179205557469,,,,,,,,,,,,,,,,,,,,,,1.5,0.7,6.392367740797178,,0,0,,0,0,0,0,0,,,,False,False,False,False,False
2024-10-10,10.13,11.11,10.08,10.66,344214.42,5.231984205330686,7.8400468047130065,,,,,,,,,,,,,,,,,,,,,,1.5,0.7,6.388536018511379,,0,0,,0,0,0,0,0,,,,True,False,False,False,False
2024-10-11,10.43,10.61,9.99,10.22,213108.16,-4.127579737335829,4.853887146466055,,,,,,,,,,,,,,,,,,,,,,1.5,0.7,6.378191836279987,,0,0,,0,0,0,0,0,,,,False,False,False,False,False
2024-10-14,10.1,11.01,9.99,10.95,274517.01,7.14285714285714,6.252574215484256,,,,,,,,,,,,,,,,,,,,,,1.5,0.7,6.304457910745124,,0,0,,0,0,0,0,0,,,,True,False,False,False,False
2024-10-15,10.68,10.91,10.39,10.41,227504.0,-4.93150684931506,5.181775964700805,,,,,,,,,,,,,,,,,,,,,,1.2222222222222223,0.65,6.222788362099544,,0,0,,0,0,0,0,0,,,,False,False,False,False,False
2024-10-16,10.21,10.47,10.1,10.25,119045.06,-1.5369836695485084,2.711446087208863,,,,,,,,,,,,,,,,,,,,,,1.5,0.65,6.097129501245281,,0,0,,0,0,0,0,0,,,,True,False,False,False,False
2024-10-17,10.29,10.77,10.29,10.48,187103.2,2.2439024390243922,4.261581619130246,,,,,,,,,,,,,,,,,,,,,,1.5,0.65,6.073982733820463,,0,0,,0,0,0,0,0,,,,True,False,False,False,False
2024-10-18,10.34,10.9,10.33,10.77,226218.87,2.767175572519065,5.152505025528236,,,,,,,,,,,,,,,,,,,,,,1.8571428571428572,0.7,6.1884155431199535,,0,0,,0,0,0,0,0,,,,True,False,False,False,False
2024-10-21,10.77,11.54,10.77,11.44,300639.62,6.2209842154131945,6.847559414132425,,,,,,,,,,,,,,,,,,,,,,2.3333333333333335,0.7,6.347565959396164,,0,0,,0,0,0,0,0,,,,True,False,True,True,True
2024-10-22,11.85,12.53,11.75,12.04,396867.37,5.24475524475525,9.039303920106992,,,,,,,,,,,,,,,,,,,,,,3.0,0.75,6.64371314028387,,0,0,,0,0,0,0,0,,,,True,False,True,True,True
2024-10-23,11.82,11.83,11.36,11.41,277072.0,-5.232558139534871,6.310768294586386,,,,,,,,,,,,,,,,,,,,,,3.0,0.75,6.827108831268868,,0,0,,0,0,0,0,0,,,,False,False,False,False,False
2024-10-24,11.41,11.99,11.21,11.6,239882.01,1.6652059596844904,5.463705402024219,,,,,,,,,,,,,,,,,,,,,,3.0,0.75,6.998870378515845,,0,0,,0,0,0,0,0,,,,True,False,False,False,False
2024-10-25,11.5,11.5,10.93,11.45,429058.97,-1.2931034482758674,9.77252029935862,,,,,,,,,,,,,,,,,,,,,,2.3333333333333335,0.7,7.16687438926824,,0,0,,0,0,0,0,0,,,,False,False,False,False,False
2024-10-28,11.41,11.41,11.01,11.3,297332.99,-1.3100436681222627,6.772245503791689,,,,,,,,,,,,,,,,,,,,,,1.8571428571428572,0.65,7.007447215233955,,0,0,,0,0,0,0,0,,,,False,False,False,False,False
2024-10-29,11.33,12.42,11.21,12.42,583052.87,9.91150442477875,13.279983419701729,,,,,,,,,,,,,,,,,,,,,,1.8571428571428572,0.65,7.304939528585311,,0,0,,0,0,0,0,0,,,,True,False,False,False,True
2024-10-30,12.73,12.73,11.96,12.24,514721.83,-1.449275362318836,11.723632143614235,,,,,,,,,,,,,,,,,,,,,,1.5,0.6,7.480820569395062,,0,0,,0,0,0,0,0,,,,False,False,False,False,False
2024-10-31,12.14,13.41,11.91,12.78,514599.86,4.411764705882337,11.720854077231165,,,,,,,,,,,,,,,,,,,,,,1.5,0.6,7.7389778891720695,,0,0,,0,0,0,0,0,,,,True,False,True,True,True
2024-11-01,12.53,12.54,11.79,11.79,328302.73,-7.746478873239438,7.477632021677234,,,,,,,,,,,,,,,,,,,,,,1.2222222222222223,0.55,7.721993959071075,,0,0,,0,0,0,0,0,,,,False,False,False,False,False
2024-11-04,11.71,12.32,11.65,12.05,185646.83,2.2052586938083207,4.2284104086824685,,,,,,,,,,,,,,,,,,,,,,1.2222222222222223,0.55,7.346157587304032,,0,0,,0,0,0,0,0,,,,True,False,False,False,False
2024-11-05,12.03,12.49,11.85,12.27,272450.24,1.8257261410788317,6.205500145970909,,,,,,,,,,,,,,,,,,,,,,1.5,0.55,7.068405555983349,,0,0,,0,0,0,0,0,,,,True,False,False,False,False
2024-11-06,11.94,12.08,11.72,11.86,364181.86,-3.341483292583536,8.294837932203535,,,,,,,,,,,,,,,,,,,,,,1.5,0.55,7.169538492315654,,0,0,,0,0,0,0,0,,,,False,False,False,False,False
2024-11-07,11.79,11.89,11.52,11.89,189411.68,0.2529510961214232,4.314161029509811,,,,,,,,,,,,,,,,,,,,,,1.5,0.55,6.993244203555494,,0,0,,0,0,0,0,0,,,,True,False,False,False,False
2024-11-08,11.94,12.04,11.7,11.93,275211.72,0.3364171572750152,6.268397372793302,,,,,,,,,,,,,,,,,,,,,,1.5,0.6,7.063969714871855,,0,0,,0,0,0,0,0,,,,False,False,False,False,False
2024-11-11,11.9,12.27,11.78,12.27,263843.18,2.849958088851623,6.009460266958945,,,,,,,,,,,,,,,,,,,,,,1.5,0.6,7.051814017445589,,0,0,,0,0,0,0,0,,,,True,False,False,False,False
2024-11-12,12.24,12.81,12.02,12.57,430026.73,2.444987775061125,9.794562617329287,,,,,,,,,,,,,,,,,,,,,,1.8571428571428572,0.65,7.282453350077015,,0,0,,0,0,0,0,0,,,,True,False,True,False,False
2024-11-13,12.45,12.46,12.03,12.23,200964.86,-2.704852824184567,4.577303613551683,,,,,,,,,,,,,,,,,,,,,,1.5,0.65,7.375746226394156,,0,0,,0,0,0,0,0,,,,False,False,False,False,False
2024-11-14,12.13,12.22,11.55,11.62,148178.74,-4.987735077677846,3.3750133334431465,,,,,,,,,,,,,,,,,,,,,,1.2222222222222223,0.6,7.331417812109801,,0,0,,0,0,0,0,0,,,,False,False,False,False,False
2024-11-15,11.62,11.83,11.33,11.36,130315.92,-2.2375215146299476,2.9681583711665414,,,,,,,,,,,,,,,,,,,,,,1.0,0.55,7.2222004793917165,,0,0,,0,0,0,0,0,,,,False,False,False,False,False
2024-11-18,11.37,11.49,10.49,10.6,176796.02,-6.690140845070425,4.02681872446534,,,,,,,,,,,,,,,,,,,,,,0.8181818181818182,0.5,7.081163444908361,,0,0,,0,0,0,0,0,,,,False,False,False,False,False
2024-11-19,10.72,11.0,10.64,10.99,119855.8,3.6792452830188838,2.7299120176787515,,,,,,,,,,,,,,,,,,,,,,0.8181818181818182,0.5,6.765693849786951,,0,0,,0,0,0,0,0,,,,True,False,False,False,False
2024-11-20,10.95,11.47,10.88,11.24,135162.64,2.2747952684258443,3.078550351982855,,,,,,,,,,,,,,,,,,,,,,1.0,0.55,6.604082952656773,,0,0,,0,0,0,0,0,,,,True,False,False,False,False
2024-11-21,11.15,11.52,11.09,11.27,118503.96,0.2669039145907437,2.699121649069315,,,,,,,,,,,,,,,,,,,,,,1.0,0.55,6.465853765009028,,0,0,,0,0,0,0,0,,,,True,False,False,False,False
2024-11-22,11.17,11.41,10.72,10.77,127611.0,-4.4365572315882895,2.9065493909181126,,,,,,,,,,,,,,,,,,,,,,1.0,0.55,6.122555219587002,,0,0,,0,0,0,0,0,,,,False,False,False,False,False
2024-11-25,10.82,10.92,10.55,10.84,92002.15,0.6499535747446661,2.095499549769666,,,,,,,,,,,,,,,,,,,,,,1.2222222222222223,0.6,5.888717921885902,,0,0,,0,0,0,0,0,,,,True,False,False,False,False
2024-11-26,10.78,10.9,10.67,10.7,58290.0,-1.291512915129156,1.3276501555243418,,,,,,,,,,,,,,,,,,,,,,1.0,0.55,5.291101258677032,,0,0,,0,0,0,0,0,,,,False,False,False,False,False
2024-11-27,10.64,10.88,10.35,10.88,90026.44,1.6822429906542258,2.0504995207977843,,,,,,,,,,,,,,,,,,,,,,1.2222222222222223,0.6,4.807444627536209,,0,0,,0,0,0,0,0,,,,True,False,False,False,False
2024-11-28,10.88,10.96,10.74,10.76,87593.07,-1.1029411764705954,1.995075536255868,,,,,,,,,,,,,,,,,,,,,,1.0,0.55,4.321155700487444,,0,0,,0,0,0,0,0,,,,False,False,False,False,False
2024-11-29,10.73,11.08,10.62,10.96,119799.32,1.858736059479571,2.728625593235725,,,,,,,,,,,,,,,,,,,,,,1.2222222222222223,0.6,4.0837053790653695,,0,0,,0,0,0,0,0,,,,True,False,False,False,False
2024-12-02,10.99,11.23,10.99,11.17,114786.0,1.9160583941605802,2.6144390247386706,,,,,,,,,,,,,,,,,,,,,,1.2222222222222223,0.6,4.00300680986818,,0,0,,0,0,0,0,0,,,,True,False,True,False,False
2024-12-03,11.18,11.21,10.89,11.02,91631.0,-1.3428827215756556,2.087046001043935,,,,,,,,,,,,,,,,,,,,,,1.0,0.55,3.797084102621831,,0,0,,0,0,0,0,0,,,,False,False,False,False,False
2024-12-04,11.03,11.06,10.75,10.82,80558.53,-1.814882032667875,1.8348523740489338,,,,,,,,,,,,,,,,,,,,,,1.0,0.55,3.474084824714101,,0,0,,0,0,0,0,0,,,,False,False,False,False,False
2024-12-05,10.82,11.06,10.75,11.04,89345.19,2.0332717190387983,2.0349829370192465,,,,,,,,,,,,,,,,,,,,,,1.0,0.55,3.3601259200895726,,0,0,,0,0,0,0,0,,,,True,False,False,False,False
2024-12-06,10.98,11.13,10.96,11.08,92444.18,0.36231884057971175,2.1055675065074673,,,,,,,,,,,,,,,,,,,,,,1.2222222222222223,0.55,3.151984426775281,,0,0,,0,0,0,0,0,,,,True,False,False,False,False
2024-12-09,11.08,11.22,10.99,11.12,83964.5,0.3610108303248927,1.912428915483335,,,,,,,,,,,,,,,,,,,,,,1.2222222222222223,0.55,2.9471328592015,,0,0,,0,0,0,0,0,,,,True,False,False,False,False
2024-12-10,11.38,11.43,11.15,11.21,171022.0,0.8093525179856176,3.8953059684008235,,,,,,,,,,,,,,,,,,,,,,1.0,0.55,2.652170026755077,,0,0,,0,0,0,0,0,,,,False,False,False,False,False
2024-12-11,11.26,11.67,11.18,11.67,216445.64,4.103479036574487,4.929903716050192,,,,,,,,,,,,,,,,,,,,,,1.2222222222222223,0.6,2.6698000318800026,,0,0,,0,0,0,0,0,,,,True,False,True,True,False
2024-12-12,11.89,12.09,11.53,11.77,254434.21,0.8568980291345341,5.7951555751795,,,,,,,,,,,,,,,,,,,,,,1.2222222222222223,0.65,2.7908071439668203,,0,0,,0,0,0,0,0,,,,False,False,True,True,False
2024-12-13,11.57,11.81,11.45,11.48,164878.34,-2.463891248937966,3.7553740563320526,,,,,,,,,,,,,,,,,,,,,,1.2222222222222223,0.65,2.8301679282250958,,0,0,,0,0,0,0,0,,,,False,False,False,False,False
2024-12-16,11.42,11.53,11.16,11.27,124052.72,-1.8292682926829396,2.8255037399419733,,,,,,,,,,,,,,,,,,,,,,1.2222222222222223,0.65,2.7701021789989273,,0,0,,0,0,0,0,0,,,,False,False,False,False,False
2024-12-17,11.31,11.35,10.8,10.82,124165.14,-3.9929015084294472,2.828064289444187,,,,,,,,,,,,,,,,,,,,,,1.0,0.6,2.7750097925871993,,0,0,,0,0,0,0,0,,,,False,False,False,False,False
2024-12-18,10.96,11.16,10.62,11.06,102293.7,2.2181146025878062,2.3299064456023393,,,,,,,,,,,,,,,,,,,,,,1.0,0.6,2.7375775972681735,,0,0,,0,0,0,0,0,,,,True,False,False,False,False
2024-12-19,10.82,11.4,10.82,11.39,143442.58,2.9837251356238603,3.2671395375847117,,,,,,,,,,,,,,,,,,,,,,1.0,0.6,2.7659784916939434,,0,0,,0,0,0,0,0,,,,True,False,False,False,False
2024-12-20,11.33,11.91,11.19,11.84,316985.98,3.9508340649692553,7.219874517859597,,,,,,,,,,,,,,,,,,,,,,1.2222222222222223,0.65,2.9816447480410178,,0,0,,0,0,0,0,0,,,,True,False,True,False,False
2024-12-23,11.58,11.73,11.01,11.04,203639.23,-6.756756756756765,4.638216767547731,,,,,,,,,,,,,,,,,,,,,,1.0,0.6,3.1087806089299206,,0,0,,0,0,0,0,0,,,,False,False,False,False,False
2024-12-24,11.03,11.29,10.85,11.13,126554.4,0.8152173913043681,2.8824835965395397,,,,,,,,,,,,,,,,,,,,,,1.2222222222222223,0.65,3.1865222809806806,,0,0,,0,0,0,0,0,,,,True,False,False,False,False
2024-12-25,11.12,11.26,10.75,11.02,117863.4,-0.9883198562443907,2.6845318466396932,,,,,,,,,,,,,,,,,,,,,,1.0,0.6,3.218223897272776,,0,0,,0,0,0,0,0,,,,False,False,False,False,False
2024-12-26,11.04,11.52,10.88,11.51,163230.38,4.446460980036293,3.717839070051423,,,,,,,,,,,,,,,,,,,,,,1.2222222222222223,0.65,3.3043620739625537,,0,0,,0,0,0,0,0,,,,True,False,False,False,False
2024-12-27,11.54,12.13,11.38,11.83,309076.8,2.780191138140742,7.039729998095143,,,,,,,,,,,,,,,,,,,,,,1.2222222222222223,0.65,3.519917294205525,,0,0,,0,0,0,0,0,,,,True,False,False,False,False
2024-12-30,11.55,12.08,11.47,11.78,254253.0,-0.4226542688081203,5.791028220836001,,,,,,,,,,,,,,,,,,,,,,1.2222222222222223,0.6,3.6787467540103913,,0,0,,0,0,0,0,0,,,,True,False,False,False,False
2024-12-31,11.78,11.99,11.41,11.5,221703.0,-2.376910016977929,5.049598710381373,,,,,,,,,,,,,,,,,,,,,,1.2222222222222223,0.6,3.8268743894772634,,0,0,,0,0,0,0,0,,,,False,False,False,False,False
2025-01-02,11.52,12.43,11.16,11.74,376527.11,2.086956521739136,8.575936316060789,,,,,,,,,,,,,,,,,,,,,,1.5,0.65,4.163928586577856,,0,0,,0,0,0,0,0,,,,True,False,False,False,False
2025-01-03,11.74,12.29,11.28,12.21,673249.57,4.003407155025562,15.33420910153139,,,,,,,,,,,,,,,,,,,,,,1.5,0.65,4.828889894803463,,0,0,,0,0,0,0,0,,,,True,False,False,False,False
2025-01-06,12.21,13.43,11.9,12.87,1067581.03,5.405405405405395,24.315664615795086,,,,,,,,,,,,,,,,,,,,,,1.5,0.65,5.9393947502678435,,0,0,,0,0,0,0,0,,,,True,False,True,True,True
2025-01-07,12.24,14.17,11.96,13.59,1023146.49,5.594405594405605,23.30360525764301,,,,,,,,,,,,,,,,,,,,,,1.5,0.65,7.008953567375828,,0,0,,0,0,0,0,0,,,,True,False,True,True,True
2025-01-08,13.27,13.36,12.63,13.1,720464.07,-3.6055923473142015,16.409585971990072,,,,,,,,,,,,,,,,,,,,,,1.5,0.6,7.63466756755529,,0,0,,0,0,0,0,0,,,,False,False,False,False,False
2025-01-09,12.88,13.19,12.46,12.47,566837.98,-4.809160305343507,12.91053496255433,,,,,,,,,,,,,,,,,,,,,,1.2222222222222223,0.55,8.033699129880498,,0,0,,0,0,0,0,0,,,,False,False,False,False,False
2025-01-10,12.3,12.43,11.23,11.23,571152.65,-9.943865276663999,13.008807661019036,,,,,,,,,,,,,,,,,,,,,,1.2222222222222223,0.5,8.394381734172473,,0,0,,0,0,0,0,0,,,,False,False,False,False,False
2025-01-13,10.67,10.67,10.1,10.46,403159.57,-6.8566340160284955,9.18252817846357,,,,,,,,,,,,,,,,,,,,,,1.2222222222222223,0.5,8.66573944027905,,0,0,,0,0,0,0,0,,,,False,False,False,False,False
2025-01-14,10.42,11.2,10.36,11.17,395836.31,6.7877629063097356,9.015730596780925,,,,,,,,,,,,,,,,,,,,,,1.5,0.55,8.975250783120996,,0,0,,0,0,0,0,0,,,,True,False,False,False,False
2025-01-15,11.04,11.18,10.77,10.83,267352.7,-3.04386750223814,6.089335052466489,,,,,,,,,,,,,,,,,,,,,,1.5,0.55,9.138314321272112,,0,0,,0,0,0,0,0,,,,False,False,False,False,False
2025-01-16,10.96,11.43,10.84,10.91,267005.0,0.7386888273314796,6.081415694263851,,,,,,,,,,,,,,,,,,,,,,1.2222222222222223,0.55,9.32588978370519,,0,0,,0,0,0,0,0,,,,False,False,False,False,False
2025-01-17,10.81,11.04,10.65,10.97,251027.84,0.5499541704858002,5.71751332699071,,,,,,,,,,,,,,,,,,,,,,1.2222222222222223,0.55,9.448408473175487,,0,0,,0,0,0,0,0,,,,True,False,False,False,False
2025-01-20,11.08,12.07,11.08,12.07,395351.36,10.027347310847755,9.004685176129875,,,,,,,,,,,,,,,,,,,,,,1.2222222222222223,0.55,9.537649006089001,,0,0,,0,0,0,0,0,,,,True,False,True,False,False
2025-01-21,11.99,12.39,11.85,12.25,606739.66,1.4913007456503813,13.819352037064148,,,,,,,,,,,,,,,,,,,,,,1.5,0.6,9.996705769564823,,0,0,,0,0,0,0,0,,,,True,False,True,False,False
2025-01-22,12.35,12.62,12.26,12.34,598447.47,0.7346938775510292,13.630485707198348,,,,,,,,,,,,,,,,,,,,,,1.2222222222222223,0.6,10.534105875097762,,0,0,,0,0,0,0,0,,,,False,False,False,False,False
2025-01-23,12.43,12.6,12.04,12.06,477605.06,-2.269043760129652,10.878129276769453,,,,,,,,,,,,,,,,,,,,,,1.2222222222222223,0.6,10.943785746604252,,0,0,,0,0,0,0,0,,,,False,False,False,False,False
2025-01-24,12.2,12.38,12.02,12.37,350146.47,2.5704809286898778,7.975080009546962,,,,,,,,,,,,,,,,,,,,,,1.2222222222222223,0.6,11.15664779357903,,0,0,,0,0,0,0,0,,,,True,False,False,False,False
2025-01-27,12.36,12.47,12.04,12.07,233918.83,-2.425222312045261,5.327831478608407,,,,,,,,,,,,,,,,,,,,,,1.0,0.55,11.071052867604692,,0,0,,0,0,0,0,0,,,,False,False,False,False,False
2025-02-05,12.48,13.28,12.43,12.87,773097.21,6.62800331400164,17.608380015676094,,,,,,,,,,,,,,,,,,,,,,1.0,0.6,11.661920457346696,,0,0,,0,0,0,0,0,,,,True,False,True,True,False
2025-02-06,12.73,13.54,12.73,13.22,650986.03,2.71950271950272,14.82712555790535,,,,,,,,,,,,,,,,,,,,,,1.2222222222222223,0.65,12.150796799722896,,0,0,,0,0,0,0,0,,,,True,False,False,False,False
2025-02-07,13.24,13.78,13.05,13.29,637001.65,0.529500756429635,14.508611567506108,,,,,,,,,,,,,,,,,,,,,,1.2222222222222223,0.65,12.447430562295162,,0,0,,0,0,0,0,0,,,,True,False,False,False,False
2025-02-10,13.5,13.61,13.1,13.28,445330.01,-0.07524454477050302,10.143019463832804,,,,,,,,,,,,,,,,,,,,,,1.0,0.6,12.18787108041023,,0,0,,0,0,0,0,0,,,,False,False,False,False,False
2025-02-11,13.35,13.6,13.24,13.28,391052.32,0.0,8.9067684729735,,,,,,,,,,,,,,,,,,,,,,0.8181818181818182,0.55,11.417426273269152,,0,0,,0,0,0,0,0,,,,False,False,False,False,False
2025-02-12,13.2,13.36,13.08,13.29,352738.0,0.07530120481926694,8.034105762675763,,,,,,,,,,,,,,,,,,,,,,0.8181818181818182,0.55,10.65395129852079,,0,0,,0,0,0,0,0,,,,True,False,False,False,False
2025-02-13,13.22,13.23,12.88,12.95,276141.96,-2.558314522197136,6.289522853088071,,,,,,,,,,,,,,,,,,,,,,0.8181818181818182,0.55,10.14794814257569,,0,0,,0,0,0,0,0,,,,False,False,False,False,False
2025-02-14,12.9,12.96,12.61,12.68,237680.69,-2.0849420849420763,5.413513149152491,,,,,,,,,,,,,,,,,,,,,,0.8181818181818182,0.55,9.773097051905598,,0,0,,0,0,0,0,0,,,,False,False,False,False,False
2025-02-17,12.8,13.26,12.76,12.98,251521.35,2.3659305993690927,5.728753713722331,,,,,,,,,,,,,,,,,,,,10.785083333333334,,1.0,0.6,9.409094354540763,,0,0,,0,0,0,0,0,,,,True,False,False,False,False
2025-02-18,12.95,13.02,12.35,12.37,199775.0,-4.699537750385218,4.550157563796786,,,,,,,,,,,,,,,,,,,,10.821,,1.0,0.6,9.177475823807423,,0,0,,0,0,0,0,0,,,,False,False,False,False,False
2025-02-19,12.46,12.8,12.37,12.75,194231.72,3.071948261924007,4.423901538667298,,,,,,,,,,,,,,,,,,,,10.859166666666665,,1.0,0.6,8.947884370901743,,0,0,,0,0,0,0,0,,,,True,False,False,False,False
2025-02-20,12.8,13.2,12.77,13.12,316756.6,2.9019607843137285,7.214578597785273,,,,,,,,,,,,,,,,,,,,10.89925,,1.2222222222222223,0.65,9.00414654816768,,0,0,,0,0,0,0,0,,,,True,False,False,False,False
2025-02-21,13.0,13.45,13.0,13.27,439028.48,1.143292682926833,9.999493224848983,,,,,,,,,,,,,,,,,,,,10.942916666666667,,1.5,0.65,9.200050424696936,,0,0,,0,0,0,0,0,,,,True,False,True,False,False
2025-02-24,13.14,13.48,12.93,13.41,400386.06,1.0550113036925435,9.11935757400973,,,,,,,,,,,,,,,,,,,,10.98875,,1.5,0.65,9.37014263704789,,0,0,,0,0,0,0,0,,,,True,False,False,False,False
2025-02-25,13.18,13.69,13.04,13.4,399441.08,-0.07457121551081025,9.097834320876771,,,,,,,,,,,,,,,,,,,,11.033916666666666,,1.5,0.6,9.374800094285233,,0,0,,0,0,0,0,0,,,,True,False,False,False,False
2025-02-26,13.66,14.1,13.42,13.58,571878.97,1.3432835820895495,13.025350624061144,,,,,,,,,,,,,,,,,,,,11.081916666666666,,1.2222222222222223,0.6,9.335100023635084,,0,0,,0,0,0,0,0,,,,False,False,False,False,False
2025-02-27,13.62,14.0,12.97,13.25,388581.52,-2.4300441826215047,8.850492515978736,,,,,,,,,,,,,,,,,,,,11.125916666666665,,1.2222222222222223,0.55,9.096100364074102,,0,0,,0,0,0,0,0,,,,False,False,False,False,False
2025-02-28,12.97,13.16,12.11,12.19,295193.23,-8.000000000000007,6.723442414046323,,,,,,,,,,,,,,,,,,,,11.159666666666665,,1.2222222222222223,0.55,8.888366020937946,,0,0,,0,0,0,0,0,,,,False,False,False,False,False
2025-03-03,12.34,12.41,11.94,12.11,188199.47,-0.656275635767023,4.286508531713409,,,,,,,,,,,,,,,,,,,,11.195333333333334,,1.0,0.5,8.703937447046268,,0,0,,0,0,0,0,0,,,,False,False,False,False,False
2025-03-04,11.97,12.34,11.92,12.23,188817.18,0.9909165978530199,4.300577748726213,,,,,,,,,,,,,,,,,,,,11.2325,,1.2222222222222223,0.55,8.65257476055216,,0,0,,0,0,0,0,0,,,,True,False,False,False,False
2025-03-05,12.18,12.57,12.05,12.56,216652.98,2.698282910874905,4.934577377880684,,,,,,,,,,,,,,,,,,,,11.26975,,1.2222222222222223,0.55,8.018884628662388,,0,0,,0,0,0,0,0,,,,True,False,False,False,False
2025-03-06,12.74,13.2,12.69,12.86,323595.97,2.3885350318471277,7.370354901812829,,,,,,,,,,,,,,,,,,,,11.305,,1.2222222222222223,0.55,7.646046095857761,,0,0,,0,0,0,0,0,,,,True,False,False,False,False
2025-03-07,12.79,13.25,12.68,12.83,227014.96,-0.233281493001547,5.170586096053183,,,,,,,,,,,,,,,,,,,,11.342416666666669,,1.2222222222222223,0.5,7.1791448222851155,,0,0,,0,0,0,0,0,,,,True,False,False,False,False
2025-03-10,12.73,12.87,12.65,12.79,128919.0,-0.3117692907248726,2.9363121660223643,,,,,,,,,,,,,,,,,,,,11.375750000000002,,1.5,0.5,6.818809457394595,,0,0,,0,0,0,0,0,,,,True,False,False,False,False
2025-03-11,12.62,12.99,12.53,12.75,149019.0,-0.31274433150898506,3.3941180327840477,,,,,,,,,,,,,,,,,,,,11.411333333333335,,1.8571428571428572,0.5,6.543176935385121,,0,0,,0,0,0,0,0,,,,True,False,False,False,False
2025-03-12,12.82,13.27,12.74,13.1,290168.25,2.7450980392156765,6.6089914028841275,,,,,,,,,,,,,,,,,,,,11.447583333333334,,1.8571428571428572,0.5,6.47192121739554,,0,0,,0,0,0,0,0,,,,True,False,False,False,False
2025-03-13,13.14,13.2,12.61,13.03,263064.97,-0.5343511450381699,5.991675950521709,,,,,,,,,,,,,,,,,,,,11.482333333333333,,1.8571428571428572,0.5,6.457028872267221,,0,0,,0,0,0,0,0,,,,False,False,False,False,False
2025-03-14,13.02,13.31,12.94,13.26,356208.2,1.7651573292402079,8.113144465105435,,,,,,,,,,,,,,,,,,,,11.52125,,2.3333333333333335,0.55,6.59201043806487,,0,0,,0,0,0,0,0,,,,True,False,False,False,False
2025-03-17,13.54,13.68,13.22,13.41,348080.86,1.1312217194570096,7.92803282663942,,,,,,,,,,,,,,,,,,,,11.56125,,1.8571428571428572,0.55,6.7019743937107235,,0,0,,0,0,0,0,0,,,,False,False,True,True,False
2025-03-18,13.4,13.49,13.23,13.41,206086.0,0.0,4.693899495395441,,,,,,,,,,,,,,,,,,,,11.603666666666667,,2.3333333333333335,0.55,6.709161490290657,,0,0,,0,0,0,0,0,,,,True,False,False,False,False
2025-03-19,13.34,13.37,13.1,13.29,185023.35,-0.8948545861297563,4.2141679163134524,,,,,,,,,,,,,,,,,,,,11.644833333333334,,1.8571428571428572,0.5,6.698674809172964,,0,0,,0,0,0,0,0,,,,False,False,False,False,False
2025-03-20,13.29,13.33,13.03,13.04,178538.8,-1.8811136192626088,4.066473138536861,,,,,,,,,,,,,,,,,,,,11.6855,,1.5,0.45,6.541269536210544,,0,0,,0,0,0,0,0,,,,False,False,False,False,False
2025-03-21,12.97,12.97,12.22,12.27,297451.0,-5.904907975460116,6.774866312145752,,,,,,,,,,,,,,,,,,,,11.722000000000001,,1.2222222222222223,0.4,6.380038190575382,,0,0,,0,0,0,0,0,,,,False,False,False,False,False
2025-03-24,12.24,12.45,11.88,12.44,214351.56,1.3854930725346382,4.8821592894288095,,,,,,,,,,,,,,,,,,,,11.758833333333335,,1.2222222222222223,0.4,6.168178276346336,,0,0,,0,0,0,0,0,,,,True,False,False,False,False
2025-03-25,12.37,12.42,12.0,12.08,136698.27,-2.893890675241151,3.1134960190135663,,,,,,,,,,,,,,,,,,,,11.786,,1.0,0.4,5.8689613612531755,,0,0,,0,0,0,0,0,,,,False,False,False,False,False
2025-03-26,12.09,12.26,12.04,12.11,86312.0,0.2483443708609201,1.9658776105440028,,,,,,,,,,,,,,,,,,,,11.813083333333333,,1.2222222222222223,0.4,5.315987710577319,,0,0,,0,0,0,0,0,,,,True,False,False,False,False
2025-03-27,12.12,12.2,11.86,12.07,114304.34,-0.3303055326176696,2.6034426591205078,,,,,,,,,,,,,,,,,,,,11.839166666666667,,1.2222222222222223,0.4,5.0036352177344074,,0,0,,0,0,0,0,0,,,,False,False,False,False,False
2025-03-28,12.0,12.38,11.96,11.98,185454.93,-0.7456503728251906,4.223997759894398,,,,,,,,,,,,,,,,,,,,11.863166666666668,,1.2222222222222223,0.4,4.878662985026811,,0,0,,0,0,0,0,0,,,,False,False,False,False,False
2025-03-31,11.84,11.93,11.53,11.76,122671.0,-1.8363939899833093,2.7939101600014236,,,,,,,,,,,,,,,,,,,,11.885083333333334,,1.2222222222222223,0.4,4.804033066441211,,0,0,,0,0,0,0,0,,,,False,False,False,False,False
2025-04-01,11.8,11.98,11.8,11.89,96542.0,1.1054421768707634,2.198805542197075,,,,,,,,,,,,,,,,,,,,11.904916666666667,,1.2222222222222223,0.4,4.698944456114754,,0,0,,0,0,0,0,0,,,,True,False,False,False,False
2025-04-02,11.91,12.0,11.84,11.86,75811.44,-0.2523128679562725,1.7266538339162336,,,,,,,,,,,,,,,,,,,,11.917916666666667,,1.0,0.35,4.538548278916531,,0,0,,0,0,0,0,0,,,,False,False,False,False,False
2025-04-03,11.72,11.88,11.41,11.43,124858.0,-3.6256323777403066,2.8437204780058667,,,,,,,,,,,,,,,,,,,,11.920166666666665,,0.8181818181818182,0.3,4.312216557726184,,0,0,,0,0,0,0,0,,,,False,False,False,False,False
2025-04-07,10.29,10.44,10.28,10.28,44555.0,-10.061242344706912,1.0147685042011836,,,,,,,,,,,,,,,,,,,,11.921416666666666,,0.6666666666666666,0.3,4.104425678133584,,0,0,,0,0,0,0,0,,,,False,False,False,False,False
2025-04-08,9.47,9.79,9.25,9.3,223092.93,-9.533073929961077,5.081083579260675,,,,,,,,,,,,,,,,,,,,11.910083333333334,,0.5384615384615384,0.3,4.211664248795499,,0,0,,0,0,0,0,0,,,,False,False,False,False,False
2025-04-09,8.9,9.41,8.37,9.3,249166.09,0.0,5.674916405497869,,,,,,,,,,,,,,,,,,,,11.902416666666666,,0.5384615384615384,0.3,4.32570416743119,,0,0,,0,0,0,0,0,,,,True,False,False,False,False
2025-04-10,9.77,9.98,9.66,9.68,228587.61,4.086021505376336,5.206228416084021,,,,,,,,,,,,,,,,,,,,11.891833333333333,,0.42857142857142855,0.3,4.255566018091185,,0,0,,0,0,0,0,0,,,,False,False,False,False,False
2025-04-11,9.38,9.91,9.38,9.84,174343.74,1.6528925619834656,3.970789726330156,,,,,,,,,,,,,,,,,,,,11.887083333333333,,0.5384615384615384,0.35,4.154521706881608,,0,0,,0,0,0,0,0,,,,True,False,False,False,False
2025-04-14,10.41,10.62,10.08,10.21,269558.03,3.760162601626016,6.139355827595507,,,,,,,,,,,,,,,,,,,,11.886750000000001,,0.42857142857142855,0.35,4.055832275006112,,0,0,,0,0,0,0,0,,,,False,False,False,False,False
2025-04-15,10.21,10.27,9.94,10.04,133076.0,-1.66503428011755,3.0308906624414034,,,,,,,,,,,,,,,,,,,,11.883083333333333,,0.42857142857142855,0.3,3.81097516679621,,0,0,,0,0,0,0,0,,,,False,False,False,False,False
2025-04-16,9.98,10.03,9.66,9.83,101170.8,-2.091633466135445,2.304229410500216,,,,,,,,,,,,,,,,,,,,11.87525,,0.3333333333333333,0.3,3.6914916625514493,,0,0,,0,0,0,0,0,,,,False,False,False,False,False
2025-04-17,9.73,9.94,9.73,9.81,69648.0,-0.20345879959308144,1.586277562127798,,,,,,,,,,,,,,,,,,,,11.861666666666668,,0.42857142857142855,0.3,3.560097144842166,,0,0,,0,0,0,0,0,,,,True,False,False,False,False
2025-04-18,9.81,9.95,9.73,9.91,83694.44,1.0193679918450549,1.9061941799743176,,,,,,,,,,,,,,,,,,,,11.843916666666667,,0.5384615384615384,0.35,3.452083196914039,,0,0,,0,0,0,0,0,,,,True,False,False,False,False
2025-04-21,9.9,10.15,9.83,10.14,87530.25,2.320887991927356,1.9935571959343656,,,,,,,,,,,,,,,,,,,,11.833333333333334,,0.6666666666666666,0.4,3.2130177411034695,,0,0,,0,0,0,0,0,,,,True,False,False,False,False
2025-04-22,10.13,10.17,10.04,10.1,83864.0,-0.39447731755425375,1.910056016975156,,,,,,,,,,,,,,,,,,,,11.820833333333333,,0.5384615384615384,0.35,3.064412577480787,,0,0,,0,0,0,0,0,,,,False,False,False,False,False
2025-04-23,10.87,11.11,10.74,11.11,129678.0,10.000000000000009,2.9534990480933927,,,,,,,,,,,,,,,,,,,,11.818000000000001,,0.6666666666666666,0.4,3.0564127289347782,,0,0,,0,0,0,0,0,,,,True,False,True,True,False
2025-04-24,11.11,11.11,10.62,10.74,325625.8,-3.330333033303323,7.416335001578135,,,,,,,,,,,,,,,,,,,,11.813333333333334,,0.5384615384615384,0.35,3.328935598486485,,0,0,,0,0,0,0,0,,,,False,False,False,False,False
2025-04-25,10.73,11.01,10.71,10.79,191239.68,0.4655493482309092,4.355605521658917,,,,,,,,,,,,,,,,,,,,11.79975,,0.6666666666666666,0.4,3.4165437416134052,,0,0,,0,0,0,0,0,,,,True,False,False,False,False
2025-04-28,10.67,11.09,10.67,10.85,174633.7,0.5560704355885182,3.9773937500194876,,,,,,,,,,,,,,,,,,,,11.788166666666665,,0.8181818181818182,0.45,3.4042135411196597,,0,0,,0,0,0,0,0,,,,True,False,False,False,False
2025-04-29,11.06,11.06,10.72,10.77,140282.18,-0.7373271889400956,3.1950160019005995,,,,,,,,,,,,,,,,,,,,11.771416666666665,,0.8181818181818182,0.45,3.4242688332146187,,0,0,,0,0,0,0,0,,,,False,False,False,False,False
2025-04-30,10.77,11.26,10.75,11.1,216212.62,3.064066852367686,4.9243801366136,,,,,,,,,,,,,,,,,,,,11.765666666666668,,0.8181818181818182,0.45,3.560547562935445,,0,0,,0,0,0,0,0,,,,True,False,False,False,False
2025-05-06,11.1,12.21,11.1,11.97,573136.64,7.837837837837847,13.053552034018455,,,,,,,,,,,,,,,,,,,,11.764999999999999,,1.0,0.5,4.126892472940556,,0,0,,0,0,0,0,0,,,,True,False,True,True,False
2025-05-07,11.86,12.08,11.57,11.69,400155.58,-2.3391812865497186,9.113798212644083,,,,,,,,,,,,,,,,,,,,11.760166666666667,,1.0,0.5,4.440396359672467,,0,0,,0,0,0,0,0,,,,False,False,False,False,False
2025-05-08,11.63,11.88,11.57,11.73,254408.0,0.34217279726262984,5.794304244569965,,,,,,,,,,,,,,,,,,,,11.759083333333333,,1.2222222222222223,0.55,4.6793731466909065,,0,0,,0,0,0,0,0,,,,True,False,False,False,False
2025-05-09,11.85,12.2,11.65,11.66,302962.9,-0.5967604433077645,6.900173018997931,,,,,,,,,,,,,,,,,,,,11.757166666666668,,1.2222222222222223,0.55,4.7703276186777686,,0,0,,0,0,0,0,0,,,,False,False,False,False,False
2025-05-12,12.04,12.13,11.84,12.12,312139.88,3.9451114922812947,7.109184583753496,,,,,,,,,,,,,,,,,,,,11.75875,,1.2222222222222223,0.6,4.84204102759055,,0,0,,0,0,0,0,0,,,,True,False,False,False,False
2025-05-13,12.29,12.5,12.04,12.5,386960.17,3.1353135313531455,8.813264345109097,,,,,,,,,,,,,,,,,,,,11.760666666666667,,1.5,0.6,5.022392824041804,,0,0,,0,0,0,0,0,,,,True,False,True,True,False
2025-05-14,12.28,12.58,12.19,12.55,294557.07,0.40000000000000036,6.708724886674523,,,,,,,,,,,,,,,,,,,,11.7605,,1.5,0.6,5.1592895820590225,,0,0,,0,0,0,0,0,,,,True,False,True,True,False
2025-05-15,12.36,12.48,12.22,12.41,188645.66,-1.1155378486055856,4.2965250639040535,,,,,,,,,,,,,,,,,,,,11.762,,1.8571428571428572,0.55,5.067148043874449,,0,0,,0,0,0,0,0,,,,True,False,False,False,False
2025-05-16,12.3,12.59,12.15,12.59,266098.7,1.450443190975026,6.060567383433499,,,,,,,,,,,,,,,,,,,,11.770083333333332,,2.3333333333333335,0.6,5.218631879924055,,0,0,,0,0,0,0,0,,,,True,False,True,True,False
2025-05-19,12.38,12.47,12.21,12.45,166330.78,-1.1119936457505974,3.7882894584943596,,,,,,,,,,,,,,,,,,,,11.779166666666667,,3.0,0.6,5.292834882323762,,0,0,,0,0,0,0,0,,,,True,False,False,False,False
2025-05-20,12.39,12.47,12.23,12.44,189233.12,-0.08032128514056103,4.309904839585302,,,,,,,,,,,,,,,,,,,,11.7945,,3.0,0.6,5.429016246196637,,0,0,,0,0,0,0,0,,,,True,False,False,False,False
2025-05-21,12.34,12.37,11.99,12.21,206371.0,-1.8488745980707266,4.700230972517169,,,,,,,,,,,,,,,,,,,,11.804666666666666,,2.3333333333333335,0.55,5.56871808582378,,0,0,,0,0,0,0,0,,,,False,False,False,False,False
2025-05-22,12.18,12.25,12.01,12.17,114429.96,-0.3276003276003303,2.606215224890614,,,,,,,,,,,,,,,,,,,,11.812416666666667,,1.8571428571428572,0.5,5.599350987271592,,0,0,,0,0,0,0,0,,,,False,False,False,False,False
2025-05-23,12.1,12.16,11.95,12.06,106039.42,-0.9038619556285932,2.415115332056135,,,,,,,,,,,,,,,,,,,,11.818999999999999,,1.8571428571428572,0.5,5.624603953025641,,0,0,,0,0,0,0,0,,,,False,False,False,False,False
2025-05-26,12.01,12.05,11.85,12.02,87751.63,-0.3316749585406398,1.9985992664418295,,,,,,,,,,,,,,,,,,,,11.829416666666667,,1.8571428571428572,0.45,5.576858963943063,,0,0,,0,0,0,0,0,,,,True,False,False,False,False
2025-05-27,11.96,12.0,11.91,11.92,64310.6,-0.8319467554076532,1.464714877483574,,,,,,,,,,,,,,,,,,,,11.838416666666667,,1.8571428571428572,0.45,5.279277957738335,,0,0,,0,0,0,0,0,,,,False,False,False,False,False
2025-05-28,11.99,12.0,11.63,11.69,116532.0,-1.9295302013422888,2.6540905247799875,,,,,,,,,,,,,,,,,,,,11.846666666666666,,1.5,0.4,5.194202207894389,,0,0,,0,0,0,0,0,,,,False,False,False,False,False
2025-05-29,11.64,11.77,11.64,11.73,114441.0,0.34217279726262984,2.6064666679225152,,,,,,,,,,,,,,,,,,,,11.85375,,1.5,0.4,5.12565585378954,,0,0,,0,0,0,0,0,,,,True,False,False,False,False
2025-05-30,11.66,11.7,11.37,11.44,98664.0,-2.4722932651321528,2.2471354437999236,,,,,,,,,,,,,,,,,,,,11.859416666666668,,1.5,0.4,5.078261825884506,,0,0,,0,0,0,0,0,,,,False,False,False,False,False
2025-06-03,11.34,11.47,11.26,11.31,62969.4,-1.1363636363636243,1.434168193209427,,,,,,,,,,,,,,,,,,,,11.862333333333334,,1.2222222222222223,0.35,4.903751228714297,,0,0,,0,0,0,0,0,,,,False,False,False,False,False
2025-06-04,11.32,11.48,11.32,11.33,73119.0,0.17683465959328348,1.665331797972985,,,,,,,,,,,,,,,,,,,,11.863666666666667,,1.2222222222222223,0.35,4.3343402169120235,,0,0,,0,0,0,0,0,,,,True,False,False,False,False
2025-06-05,11.33,11.47,11.25,11.43,95510.24,0.8826125330979595,2.1753065510199994,,,,,,,,,,,,,,,,,,,,11.867083333333333,,1.5,0.4,3.9874156338308198,,0,0,,0,0,0,0,0,,,,True,False,False,False,False
2025-06-06,11.39,11.46,11.27,11.45,73758.49,0.17497812773403787,1.679896590044618,,,,,,,,,,,,,,,,,,,,11.872333333333334,,1.5,0.4,3.7816952511045514,,0,0,,0,0,0,0,0,,,,True,False,False,False,False
2025-06-09,11.44,11.55,11.43,11.52,74964.0,0.6113537117903967,1.7073528481413431,,,,,,,,,,,,,,,,,,,,11.876333333333331,,1.8571428571428572,0.45,3.5220542425617234,,0,0,,0,0,0,0,0,,,,True,False,False,False,False
2025-06-10,11.52,11.52,11.09,11.25,95859.34,-2.34375,2.1832561335770393,,,,,,,,,,,,,,,,,,,,11.877749999999999,,1.5,0.4,3.2757578200529,,0,0,,0,0,0,0,0,,,,False,False,False,False,False
2025-06-11,11.16,11.38,11.16,11.26,67831.44,0.0888888888888939,1.5449032658618653,,,,,,,,,,,,,,,,,,,,11.878916666666667,,1.5,0.4,2.9123397660905384,,0,0,,0,0,0,0,0,,,,True,False,False,False,False
2025-06-12,11.25,11.36,11.17,11.24,56690.4,-0.1776198934280604,1.2911591454201103,,,,,,,,,,,,,,,,,,,,11.879166666666666,,1.2222222222222223,0.35,2.6414614790278175,,0,0,,0,0,0,0,0,,,,False,False,False,False,False
2025-06-13,11.19,11.19,10.93,11.0,71219.04,-2.135231316725983,1.6220579643826936,,,,,,,,,,,,,,,,,,,,11.873583333333332,,1.0,0.35,2.5077381240517496,,0,0,,0,0,0,0,0,,,,False,False,False,False,False
2025-06-16,10.93,11.13,10.91,11.13,46708.1,1.181818181818195,1.0638060497050128,,,,,,,,,,,,,,,,,,,,11.86825,,1.0,0.35,2.257900057365325,,0,0,,0,0,0,0,0,,,,True,False,False,False,False
2025-06-17,11.15,11.32,11.11,11.18,61973.34,0.4492362982928988,1.4114813921445244,,,,,,,,,,,,,,,,,,,,11.865749999999998,,1.0,0.4,2.1390596540478333,,0,0,,0,0,0,0,0,,,,True,False,False,False,False
2025-06-18,11.12,11.21,11.05,11.19,54031.74,0.08944543828264262,1.2306065091084486,,,,,,,,,,,,,,,,,,,,11.865083333333333,,1.0,0.45,1.985094737523991,,0,0,,0,0,0,0,0,,,,True,False,False,False,False
2025-06-19,11.14,11.32,10.95,11.08,64364.0,-0.9830205540661274,1.4659301616467688,,,,,,,,,,,,,,,,,,,,11.86725,,1.0,0.45,1.8233796969804708,,0,0,,0,0,0,0,0,,,,False,False,False,False,False
2025-06-20,11.03,11.1,10.86,11.04,63097.88,-0.3610108303249149,1.4370934905843082,,,,,,,,,,,,,,,,,,,,11.867083333333335,,1.2222222222222223,0.45,1.7649236102651553,,0,0,,0,0,0,0,0,,,,True,False,False,False,False
2025-06-23,10.93,11.06,10.86,11.04,57350.14,0.0,1.3061851345575914,,,,,,,,,,,,,,,,,,,,11.864166666666668,,1.5,0.45,1.7094771003902285,,0,0,,0,0,0,0,0,,,,True,False,False,False,False
2025-06-24,11.08,11.43,11.06,11.43,105954.4,3.532608695652173,2.4131774084765767,,,,,,,,,,,,,,,,,,,,11.86075,,1.5,0.5,1.7302060074919658,,0,0,,0,0,0,0,0,,,,True,False,True,False,False
2025-06-25,11.44,11.57,11.34,11.4,134676.8,-0.2624671916010457,3.0673479459646624,,,,,,,,,,,,,,,,,,,,11.86375,,1.5,0.5,1.81033766091602,,0,0,,0,0,0,0,0,,,,False,False,False,False,False
2025-06-26,11.41,11.41,11.13,11.14,191781.46,-2.280701754385961,4.367942120729807,,,,,,,,,,,,,,,,,,,,11.863833333333334,,1.5,0.5,1.896030240713511,,0,0,,0,0,0,0,0,,,,False,False,False,False,False
2025-06-27,11.23,11.36,11.12,11.2,190412.0,0.538599640933568,4.336751816846133,,,,,,,,,,,,,,,,,,,,11.865333333333332,,1.2222222222222223,0.5,1.9825444981596916,,0,0,,0,0,0,0,0,,,,False,False,False,False,False
2025-06-30,11.28,11.59,11.17,11.51,233551.9,2.767857142857144,5.3192887033496,,,,,,,,,,,,,,,,,,,,11.865333333333332,,1.5,0.55,2.136152161137176,,0,0,,0,0,0,0,0,,,,True,False,False,False,False
2025-07-01,11.52,11.6,11.39,11.55,143079.0,0.3475238922675983,3.2587125533406383,,,,,,,,,,,,,,,,,,,,11.863000000000001,,1.8571428571428572,0.6,2.2273793791437364,,0,0,,0,0,0,0,0,,,,True,False,False,False,False
2025-07-02,11.55,11.56,11.31,11.38,104171.0,-1.4718614718614687,2.3725588338893036,,,,,,,,,,,,,,,,,,,,11.859666666666666,,1.5,0.55,2.2627407309395524,,0,0,,0,0,0,0,0,,,,False,False,False,False,False
2025-07-03,11.42,11.74,11.38,11.72,215591.0,2.987697715289972,4.9102181178737725,,,,,,,,,,,,,,,,,,,,11.8615,,1.5,0.55,2.399486309282241,,0,0,,0,0,0,0,0,,,,True,False,True,True,False
2025-07-04,11.71,11.71,11.47,11.5,151080.0,-1.8771331058020535,3.440940267675226,,,,,,,,,,,,,,,,,,,,11.859499999999999,,1.2222222222222223,0.5,2.487538493163771,,0,0,,0,0,0,0,0,,,,False,False,False,False,False
2025-07-07,11.56,11.58,11.38,11.47,91186.38,-0.2608695652173809,2.0768260974684596,,,,,,,,,,,,,,,,,,,,11.853333333333333,,1.0,0.45,2.506012155630127,,0,0,,0,0,0,0,0,,,,False,False,False,False,False
2025-07-08,11.46,11.88,11.44,11.77,197056.12,2.615518744550993,4.488074783557329,,,,,,,,,,,,,,,,,,,,11.844166666666666,,1.2222222222222223,0.5,2.6212530881291416,,0,0,,0,0,0,0,0,,,,True,False,True,True,False
2025-07-09,11.75,11.96,11.74,11.79,196482.64,0.1699235344095218,4.475013422525384,,,,,,,,,,,,,,,,,,,,11.829166666666667,,1.2222222222222223,0.5,2.7677585959623174,,0,0,,0,0,0,0,0,,,,True,False,False,False,False
2025-07-10,11.76,12.28,11.63,12.02,306661.55,1.9508057675996726,6.98440611558578,,,,,,,,,,,,,,,,,,,,11.820166666666665,,1.5,0.55,3.052420944470601,,0,0,,0,0,0,0,0,,,,True,False,True,True,False
2025-07-11,12.02,12.04,11.71,12.04,253478.79,0.16638935108153063,5.773135924759018,,,,,,,,,,,,,,,,,,,,11.816583333333332,,1.8571428571428572,0.6,3.2599748424894175,,0,0,,0,0,0,0,0,,,,True,False,False,False,False
2025-07-14,12.1,12.31,12.05,12.15,341369.36,0.9136212624584861,7.774897914843265,,,,,,,,,,,,,,,,,,,,11.824250000000001,,1.8571428571428572,0.6,3.59552943574633,,0,0,,0,0,0,0,0,,,,True,False,False,False,False
2025-07-15,12.15,12.27,12.03,12.25,249648.62,0.8230452674897082,5.685901438493187,,,,,,,,,,,,,,,,,,,,11.839166666666667,,1.8571428571428572,0.6,3.8092504380637626,,0,0,,0,0,0,0,0,,,,True,False,False,False,False
2025-07-16,12.23,12.34,12.06,12.2,187364.98,-0.40816326530612734,4.267353087332296,,,,,,,,,,,,,,,,,,,,11.84775,,1.5,0.55,3.9610877669749556,,0,0,,0,0,0,0,0,,,,False,False,False,False,False
2025-07-17,12.16,12.25,12.1,12.22,144049.13,0.16393442622952836,3.2808078629903585,,,,,,,,,,,,,,,,,,,,11.859333333333334,,1.8571428571428572,0.6,4.051831652042135,,0,0,,0,0,0,0,0,,,,True,False,False,False,False
2025-07-18,12.24,12.25,12.06,12.1,131828.0,-0.9819967266775809,3.0024640826521685,,,,,,,,,,,,,,,,,,,,11.86925,,1.5,0.6,4.130100181645528,,0,0,,0,0,0,0,0,,,,False,False,False,False,False
2025-07-21,12.1,12.22,12.08,12.22,127531.44,0.9917355371900971,2.9046072762152964,,,,,,,,,,,,,,,,,,,,11.879666666666667,,1.5,0.65,4.210021288728413,,0,0,,0,0,0,0,0,,,,True,False,False,False,False
2025-07-22,12.19,12.25,12.08,12.13,124925.72,-0.7364975450081857,2.845260394601008,,,,,,,,,,,,,,,,,,,,11.880166666666668,,1.2222222222222223,0.6,4.2316254380346345,,0,0,,0,0,0,0,0,,,,False,False,False,False,False
2025-07-23,12.13,12.17,11.99,11.99,104836.97,-1.1541632316570571,2.3877267117689938,,,,,,,,,,,,,,,,,,,,11.877999999999998,,1.2222222222222223,0.6,4.197644376324851,,0,0,,0,0,0,0,0,,,,False,False,False,False,False
2025-07-24,12.06,12.12,12.02,12.1,92844.66,0.917431192660545,2.114594448190464,,,,,,,,,,,,,,,,,,,,11.876000000000001,,1.5,0.65,4.084976992697884,,0,0,,0,0,0,0,0,,,,True,False,False,False,False
2025-07-25,12.11,12.31,12.1,12.22,149641.64,0.9917355371900971,3.4081807307185583,,,,,,,,,,,,,,,,,,,,11.877333333333333,,1.8571428571428572,0.65,4.038548438391506,,0,0,,0,0,0,0,0,,,,True,False,False,False,False
2025-07-28,12.28,12.33,12.16,12.31,145576.85,0.7364975450081745,3.315602629112498,,,,,,,,,,,,,,,,,,,,11.876833333333334,,1.8571428571428572,0.65,3.93836413467965,,0,0,,0,0,0,0,0,,,,True,False,False,False,True
2025-07-29,12.25,12.3,12.11,12.29,106105.44,-0.16246953696182898,2.416616899095827,,,,,,,,,,,,,,,,,,,,11.878666666666668,,1.8571428571428572,0.6,3.8962593519674096,,0,0,,0,0,0,0,0,,,,True,False,False,False,False
2025-07-30,12.34,12.42,12.11,12.19,137855.59,-0.8136696501220508,3.139746165972505,,,,,,,,,,,,,,,,,,,,11.873,,1.8571428571428572,0.6,3.9346187185715698,,0,0,,0,0,0,0,0,,,,False,False,False,False,False
2025-07-31,12.15,12.34,12.05,12.1,143659.0,-0.7383100902379036,3.271922411397639,,,,,,,,,,,,,,,,,,,,11.863666666666665,,1.5,0.55,3.8527039332477626,,0,0,,0,0,0,0,0,,,,False,False,False,False,False
2025-08-01,12.08,12.38,12.05,12.23,149986.32,1.0743801652892682,3.416031030503191,,,,,,,,,,,,,,,,,,,,11.854833333333334,,1.8571428571428572,0.6,3.8514584713891615,,0,0,,0,0,0,0,0,,,,True,False,False,False,False
2025-08-04,12.16,12.32,12.13,12.32,88717.74,0.7358953393295176,2.0206012974790912,,,,,,,,,,,,,,,,,,,,11.846833333333334,,2.3333333333333335,0.65,3.8486472313896933,,0,0,,0,0,0,0,0,,,,True,False,False,False,True
2025-08-05,12.35,12.7,12.32,12.69,270234.77,3.0032467532467466,6.154763713389946,,,,,,,,,,,,,,,,,,,,11.841916666666666,,2.3333333333333335,0.65,3.9319816778813235,,0,0,,0,0,0,0,0,,,,True,False,True,True,True
2025-08-06,12.68,12.68,12.51,12.64,158244.0,-0.3940110323088941,3.604104790296521,,,,,,,,,,,,,,,,,,,,11.836500000000001,,1.8571428571428572,0.6,3.888436246269881,,0,0,,0,0,0,0,0,,,,False,False,False,False,False
2025-08-07,12.62,12.87,12.6,12.69,181153.0,0.39556962025315556,4.1258714079307,,,,,,,,,,,,,,,,,,,,11.834333333333335,,1.8571428571428572,0.6,3.745509510887126,,0,0,,0,0,0,0,0,,,,True,False,False,False,False
2025-08-08,12.66,12.68,12.44,12.58,128184.51,-0.8668242710795804,2.9194813486313054,,,,,,,,,,,,,,,,,,,,11.833499999999999,,1.5,0.55,3.602826782080741,,0,0,,0,0,0,0,0,,,,False,False,False,False,False
2025-08-11,12.6,12.87,12.6,12.81,179973.83,1.8282988871224148,4.099015083232298,,,,,,,,,,,,,,,,,,,,11.832083333333333,,1.5,0.55,3.4190326405001925,,0,0,,0,0,0,0,0,,,,True,False,False,False,True
2025-08-12,12.81,13.16,12.77,13.02,227704.46,1.6393442622950838,5.186109647493002,,,,,,,,,,,,,,,,,,,,11.8375,,1.5,0.55,3.394043050950183,,0,0,,0,0,0,0,0,,,,True,False,True,True,True
2025-08-13,13.07,13.13,12.95,13.08,172188.33,0.4608294930875667,3.9216955144344063,,,,,,,,,,,,,,,,,,,,11.840250000000001,,1.8571428571428572,0.6,3.3767601723052882,,0,0,,0,0,0,0,0,,,,True,False,False,False,True
2025-08-14,13.11,13.16,12.8,12.85,167185.4,-1.7584097859327241,3.8077506951773215,,,,,,,,,,,,,,,,,,,,11.838,,1.5,0.55,3.4031073139146373,,0,0,,0,0,0,0,0,,,,False,False,False,False,False
2025-08-15,12.82,13.33,12.8,13.32,217281.23,3.6575875486381415,4.9487141495697795,,,,,,,,,,,,,,,,,,,,11.838416666666665,,1.8571428571428572,0.6,3.500419817260517,,0,0,,0,0,0,0,0,,,,True,False,True,True,True
2025-08-18,13.36,13.65,13.29,13.51,222371.02,1.4264264264264304,5.064637258948987,,,,,,,,,,,,,,,,,,,,11.83925,,1.8571428571428572,0.6,3.6084213163972017,,0,0,,0,0,0,0,0,,,,True,False,True,True,True
2025-08-19,13.52,13.75,13.45,13.72,200524.85,1.5544041450777257,4.567077250691915,,,,,,,,,,,,,,,,,,,,11.841916666666666,,2.3333333333333335,0.65,3.694512159201748,,0,0,,0,0,0,0,0,,,,True,False,True,True,True
2025-08-20,13.63,14.72,13.5,14.5,471736.69,5.685131195335269,10.744094336515918,,,,,,,,,,,,,,,,,,,,11.849583333333333,,3.0,0.7,4.112330540439094,,0,0,,0,0,0,0,0,,,,True,False,True,True,True
2025-08-21,14.23,14.42,13.87,14.04,441477.83,-3.172413793103457,10.054930120021696,,,,,,,,,,,,,,,,,,,,11.856166666666667,,2.3333333333333335,0.65,4.509347324030655,,0,0,,0,0,0,0,0,,,,False,False,False,False,False
2025-08-22,13.99,14.1,13.83,13.99,294855.34,-0.35612535612534746,6.71551239439416,,,,,,,,,,,,,,,,,,,,11.871166666666666,,2.1666666666666665,0.6,4.674713907214435,,0,0,,0,0,0,0,0,,,,False,False,False,False,False
2025-08-25,14.04,14.08,13.82,13.99,305140.74,0.0,6.949768728979458,,,,,,,,,,,,,,,,,,,,11.886833333333332,11.400319999999999,1.7142857142857142,0.55,4.856422212207784,,0,0,,0,0,0,0,0,,,,False,False,False,False,False
2025-08-26,13.92,14.39,13.85,14.26,319274.68,1.9299499642601914,7.2716779379211145,,,,,,,,,,,,,,,,,,,,11.903749999999999,11.425120000000001,1.7142857142857142,0.6,5.099175264149048,,0,0,,0,0,0,0,0,,,,True,False,False,False,False
2025-08-27,14.24,14.29,13.69,13.74,279905.79,-3.6465638148667545,6.375027164194106,,,,,,,,,,,,,,,,,,,,11.913583333333332,11.4474,1.7142857142857142,0.6,5.260939314060128,,0,0,,0,0,0,0,0,,,,False,False,False,False,False
2025-08-28,13.75,14.11,13.46,14.09,276410.01,2.547307132459964,6.295408616610483,,,,,,,,,,,,,,,,,,,,11.923833333333334,11.47052,2.1666666666666665,0.65,5.41211362432077,,0,0,,0,0,0,0,0,,,,True,False,False,False,False
2025-08-29,14.09,14.22,13.89,14.02,168918.37,-0.4968062455642297,3.847220156758425,,,,,,,,,,,,,,,,,,,,11.93375,11.49448,1.7142857142857142,0.6,5.433673080633532,,0,0,,0,0,0,0,0,,,,False,False,False,False,False
2025-09-01,14.02,14.12,13.78,13.86,147355.58,-1.1412268188302432,3.3561143029430642,,,,,,,,,,,,,,,,,,,,11.942666666666666,11.51828,1.375,0.55,5.50044873090673,,0,0,,0,0,0,0,0,,,,False,False,False,False,False
2025-09-02,13.87,13.95,13.18,13.37,211601.18,-3.535353535353536,4.8193475042996665,,,,,,,,,,,,,,,,,,,,11.947833333333334,11.53984,1.1111111111111112,0.5,5.433677920452217,,0,0,,0,0,0,0,0,,,,False,False,False,False,False
2025-09-03,13.29,13.57,13.11,13.17,129697.88,-1.4958863126402377,2.953949284644621,,,,,,,,,,,,,,,,,,,,11.948416666666667,11.56124,1.1111111111111112,0.5,5.401170145169621,,0,0,,0,0,0,0,0,,,,False,False,False,False,False
2025-09-04,13.09,13.53,12.69,12.93,166004.71,-1.8223234624145768,3.7808597515405626,,,,,,,,,,,,,,,,,,,,11.947583333333334,11.58108,0.9,0.45,5.383919562350115,,0,0,,0,0,0,0,0,,,,False,False,False,False,False
2025-09-05,12.94,13.26,12.87,13.26,123116.27,2.5522041763341052,2.8040490538057674,,,,,,,,,,,,,,,,,,,,11.947583333333334,11.601560000000001,1.1111111111111112,0.5,5.378147947608838,,0,0,,0,0,0,0,0,,,,True,False,False,False,False
2025-09-08,13.29,13.44,13.12,13.3,108885.55,0.3016591251885359,2.479935620617978,,,,,,,,,,,,,,,,,,,,11.946666666666665,11.62344,1.1111111111111112,0.5,5.297193974478121,,0,0,,0,0,0,0,0,,,,True,False,False,False,False
2025-09-09,13.29,13.29,12.97,13.03,105570.34,-2.0300751879699375,2.404429666257377,,,,,,,,,,,,,,,,,,,,11.943499999999998,11.644480000000001,0.9,0.45,5.15810997541634,,0,0,,0,0,0,0,0,,,,False,False,False,False,False
2025-09-10,13.11,13.41,13.0,13.12,116423.0,0.6907137375287808,2.6516056975347686,,,,,,,,,,,,,,,,,,,,11.942083333333333,11.6646,0.9,0.45,5.094605484571359,,0,0,,0,0,0,0,0,,,,True,False,False,False,False
2025-09-11,12.91,13.51,12.91,13.5,173067.93,2.8963414634146423,3.941728947446368,,,,,,,,,,,,,,,,,,,,11.945916666666667,11.68408,1.1111111111111112,0.5,5.10130439718481,,0,0,,0,0,0,0,0,,,,True,False,False,False,False
2025-09-12,13.54,13.56,13.32,13.34,114257.0,-1.1851851851851891,2.6022737103770734,,,,,,,,,,,,,,,,,,,,11.954833333333333,11.70408,0.9,0.45,4.9839823752251755,,0,0,,0,0,0,0,0,,,,False,False,False,False,False
2025-09-15,13.35,13.37,13.08,13.13,83598.25,-1.5742128935532174,1.9040017522648955,,,,,,,,,,,,,,,,,,,,11.960583333333334,11.72144,0.7272727272727273,0.4,4.825950599890971,,0,0,,0,0,0,0,0,,,,False,False,False,False,False
2025-09-16,13.12,13.57,13.09,13.49,173198.0,2.7418126428027323,3.944691371993737,,,,,,,,,,,,,,,,,,,,11.972333333333333,11.74148,0.7272727272727273,0.4,4.794831305956062,,0,0,,0,0,0,0,0,,,,True,False,False,False,False
2025-09-17,13.43,13.8,13.41,13.64,152429.41,1.111934766493694,3.4716739134695307,,,,,,,,,,,,,,,,,,,,11.985083333333334,11.76104,0.7272727272727273,0.4,4.4312102848037425,,0,0,,0,0,0,0,0,,,,True,False,True,True,False
2025-09-18,13.63,14.11,13.57,13.72,256517.47,0.5865102639296182,5.842343737656683,,,,,,,,,,,,,,,,,,,,11.998833333333332,11.78048,0.9,0.45,4.220580965685492,,0,0,,0,0,0,0,0,,,,True,False,False,False,False
2025-09-19,14.2,14.38,13.58,13.75,332834.0,0.21865889212826506,7.5804998216270585,,,,,,,,,,,,,,,,,,,,12.013583333333333,11.801120000000001,0.8181818181818182,0.5,4.263830337047137,,0,0,,0,0,0,0,0,,,,False,False,False,False,False
2025-09-22,13.75,14.19,13.75,13.94,286413.76,1.381818181818173,6.523250198572067,,,,,,,,,,,,,,,,,,,,12.031749999999999,11.822439999999999,1.0,0.55,4.2425044105267675,,0,0,,0,0,0,0,0,,,,True,False,False,False,False
2025-09-23,13.92,14.02,13.35,13.7,221881.55,-1.7216642754662836,5.053489277529746,,,,,,,,,,,,,,,,,,,,12.046833333333334,11.843960000000001,0.8181818181818182,0.5,4.131594977507199,,0,0,,0,0,0,0,0,,,,False,False,False,False,False
2025-09-24,13.54,13.84,13.24,13.82,155001.22,0.8759124087591275,3.5302484738998317,,,,,,,,,,,,,,,,,,,,12.063166666666666,11.865839999999999,1.0,0.55,3.9893560429924855,,0,0,,0,0,0,0,0,,,,True,False,False,False,False
2025-09-25,13.85,14.62,13.66,14.54,424703.44,5.209840810419664,9.672883032275543,,,,,,,,,,,,,,,,,,,,12.089083333333333,11.89136,1.0,0.55,4.158229763775738,,0,0,,0,0,0,0,0,,,,True,False,True,True,True
2025-09-26,14.19,14.19,13.62,13.63,339188.07,-6.258596973865194,7.725217688496447,,,,,,,,,,,,,,,,,,,,12.117,11.91432,1.0,0.55,4.352129640362639,,0,0,,0,0,0,0,0,,,,False,False,False,False,False
2025-09-29,13.63,13.77,13.43,13.64,148868.03,0.07336757153337814,3.390561285388427,,,,,,,,,,,,,,,,,,,,12.153166666666666,11.936800000000002,1.2222222222222223,0.6,4.353851989484907,,0,0,,0,0,0,0,0,,,,True,False,False,False,False
2025-09-30,13.63,13.89,13.56,13.78,161092.64,1.026392961876832,3.6332863742881445,,,,,,,,,,,,,,,,,,,,12.190499999999998,11.95664,1.5,0.65,4.294548932984331,,0,0,,0,0,0,0,0,,,,True,False,False,False,False
2025-10-09,13.79,14.54,13.79,14.01,296085.6,1.669085631349776,6.677920084387033,,,,,,,,,,,,,,,,,,,,12.226583333333332,11.97724,1.8571428571428572,0.7,4.480747472971452,,0,0,,0,0,0,0,0,,,,True,False,False,False,False
2025-10-10,13.99,14.07,13.64,13.7,192007.98,-2.212705210563881,4.330551522953442,,,,,,,,,,,,,,,,,,,,12.25875,11.99628,1.8571428571428572,0.7,4.508232061542096,,0,0,,0,0,0,0,0,,,,False,False,False,False,False
2025-10-13,12.94,13.5,12.77,13.38,207080.62,-2.3357664233576547,4.6705001235633175,,,,,,,,,,,,,,,,,,,,12.285166666666667,12.013399999999999,1.8571428571428572,0.65,4.601554615029974,,0,0,,0,0,0,0,0,,,,True,False,False,False,False
2025-10-14,13.5,13.61,12.68,12.71,207181.66,-5.007473841554555,4.672778981587236,,,,,,,,,,,,,,,,,,,,12.307416666666667,12.02772,1.5,0.6,4.711196783078436,,0,0,,0,0,0,0,0,,,,False,False,False,False,False
2025-10-15,12.74,13.07,12.58,13.06,153837.32,2.7537372147915073,3.469649753166905,,,,,,,,,,,,,,,,,,,,12.334333333333335,12.04192,1.8571428571428572,0.65,4.764457787423913,,0,0,,0,0,0,0,0,,,,True,False,False,False,False
2025-10-16,13.0,13.01,12.64,12.69,108888.2,-2.833078101071984,2.455866471495919,,,,,,,,,,,,,,,,,,,,12.358333333333333,12.05148,1.5,0.6,4.75467082612197,,0,0,,0,0,0,0,0,,,,False,False,False,False,False
2025-10-17,12.62,12.72,11.93,11.97,192701.62,-5.673758865248213,4.346195892309244,,,,,,,,,,,,,,,,,,,,12.375499999999999,12.05472,1.2222222222222223,0.55,4.774894173365114,,0,0,,0,0,0,0,0,,,,False,False,False,False,False
2025-10-20,12.13,12.37,12.13,12.31,142849.7,2.8404344193817765,3.2208906291089483,,,,,,,,,,,,,,,,,,,,12.393583333333334,12.063439999999998,1.5,0.6,4.805825019301707,,0,0,,0,0,0,0,0,,,,True,False,False,False,False
2025-10-21,12.31,12.77,12.3,12.75,131841.23,3.5743298131600376,2.972678152192112,,,,,,,,,,,,,,,,,,,,12.415666666666668,12.0718,1.8571428571428572,0.65,4.859258839298069,,0,0,,0,0,0,0,0,,,,True,False,False,False,False
2025-10-22,12.74,12.85,12.58,12.68,100249.15,-0.5490196078431375,2.260358599360988,,,,,,,,,,,,,,,,,,,,12.428749999999999,12.081640000000002,1.5,0.6,4.775042200666431,,0,0,,0,0,0,0,0,,,,False,False,False,False,False
2025-10-23,12.7,12.98,12.45,12.72,124144.75,0.3154574132492094,2.799142468819137,,,,,,,,,,,,,,,,,,,,12.445249999999998,12.088719999999999,1.5,0.6,4.741415628433911,,0,0,,0,0,0,0,0,,,,True,False,False,False,False
2025-10-24,12.98,13.99,12.98,13.99,623390.94,9.984276729559749,14.055850568236536,,,,,,,,,,,,,,,,,,,,12.471916666666665,12.10304,1.5,0.6,5.152090969962904,,0,0,,0,0,0,0,0,,,,True,False,True,False,False
2025-10-27,13.99,14.35,13.95,14.12,689124.98,0.929235167977116,15.537982861475323,,,,,,,,,,,,,,,,,,,,12.499166666666667,12.11852,1.8571428571428572,0.6,5.549965121955317,,0,0,,0,0,0,0,0,,,,True,False,True,True,False
2025-10-28,14.12,14.6,14.12,14.4,429310.31,1.9830028328611915,9.679835200625956,,,,,,,,,,,,,,,,,,,,12.529416666666666,12.1342,1.8571428571428572,0.6,5.707794372058012,,0,0,,0,0,0,0,0,,,,True,False,True,True,False
2025-10-29,14.4,14.79,14.38,14.68,382680.81,1.9444444444444375,8.62846078688875,,,,,,,,,,,,,,,,,,,,12.559249999999999,12.14984,2.3333333333333335,0.65,5.886542947525962,,0,0,,0,0,0,0,0,,,,True,False,True,True,True
2025-10-30,15.41,15.8,14.79,15.2,842812.04,3.542234332425065,19.003227880325937,,,,,,,,,,,,,,,,,,,,12.586166666666667,12.164879999999998,1.8571428571428572,0.65,6.660191917847267,,0,0,,0,0,0,0,0,,,,False,False,True,True,True
2025-10-31,15.27,15.37,14.84,14.96,439859.01,-1.5789473684210464,9.917681055249952,,,,,,,,,,,,,,,,,,,,12.613416666666668,12.17656,1.5,0.6,6.672431818995987,,0,0,,0,0,0,0,0,,,,False,False,False,False,False
2025-11-03,14.83,15.17,14.74,14.96,274493.8,0.0,6.18912401054049,,,,,,,,,,,,,,,,,,,,12.640333333333333,12.190760000000001,1.8571428571428572,0.6,6.595627135098191,,0,0,,0,0,0,0,0,,,,True,False,False,False,False
2025-11-04,14.93,14.95,14.23,14.36,341764.64,-4.01069518716578,7.7059071621207,,,,,,,,,,,,,,,,,,,,12.662833333333333,12.201799999999999,1.5,0.55,6.811394428934804,,0,0,,0,0,0,0,0,,,,False,False,False,False,False
2025-11-05,14.0,15.42,14.0,15.06,430297.03,4.874651810584973,9.70208318015657,,,,,,,,,,,,,,,,,,,,12.687333333333333,12.216239999999999,1.5,0.55,7.114834269228224,,0,0,,0,0,0,0,0,,,,True,False,False,False,False
2025-11-06,15.05,15.71,14.77,15.35,356546.72,1.9256308100929598,7.819963745520611,,,,,,,,,,,,,,,,,,,,12.711083333333335,12.232439999999999,1.5,0.55,7.171936452284905,,0,0,,0,0,0,0,0,,,,True,False,False,False,True
2025-11-07,15.36,16.73,15.19,16.27,519680.03,5.993485342019533,11.397886352372176,,,,,,,,,,,,,,,,,,,,12.742083333333335,12.24784,1.8571428571428572,0.6,7.525303193755841,,0,0,,0,0,0,0,0,,,,True,False,True,True,True
2025-11-10,16.04,16.27,15.72,15.79,337742.99,-2.950215119852495,7.407550789146877,,,,,,,,,,,,,,,,,,,,12.77025,12.262039999999999,1.5,0.6,7.662155727035018,,0,0,,0,0,0,0,0,,,,False,False,False,False,False
2025-11-11,15.88,15.93,15.52,15.6,207938.71,-1.2032932235592098,4.560617395359364,,,,,,,,,,,,,,,,,,,,12.795333333333334,12.273320000000002,1.5,0.6,7.656547647723625,,0,0,,0,0,0,0,0,,,,False,False,False,False,False
2025-11-12,15.53,15.66,15.26,15.39,182554.75,-1.3461538461538414,4.003883492667044,,,,,,,,,,,,,,,,,,,,12.819833333333333,12.28772,1.2222222222222223,0.55,7.683259334698631,,0,0,,0,0,0,0,0,,,,False,False,False,False,False
2025-11-13,15.32,15.6,15.08,15.39,225123.3,0.0,4.937518550926398,,,,,,,,,,,,,,,,,,,,12.844416666666666,12.30108,1.5,0.55,7.807341938670156,,0,0,,0,0,0,0,0,,,,True,False,False,False,False
2025-11-14,15.19,15.33,14.92,14.93,182573.58,-2.9889538661468595,4.0042964817904005,,,,,,,,,,,,,,,,,,,,12.867083333333333,12.311720000000001,1.5,0.55,7.790246968144214,,0,0,,0,0,0,0,0,,,,False,False,False,False,False
2025-11-17,14.88,15.15,14.59,14.74,161337.01,-1.272605492297385,3.5385252429490768,,,,,,,,,,,,,,,,,,,,12.888499999999999,12.32324,1.2222222222222223,0.5,7.80612869883622,,0,0,,0,0,0,0,0,,,,False,False,False,False,False
2025-11-18,14.67,14.92,14.53,14.59,131096.16,-1.0176390773405708,2.8752675620658334,,,,,,,,,,,,,,,,,,,,12.909583333333332,12.334040000000002,1.0,0.45,7.801258169329907,,0,0,,0,0,0,0,0,,,,False,False,False,False,False
2025-11-19,14.66,14.72,14.22,14.36,150492.32,-1.5764222069910905,3.30067399408214,,,,,,,,,,,,,,,,,,,,12.929083333333333,12.343759999999998,1.0,0.45,7.8532739390659625,,0,0,,0,0,0,0,0,,,,False,False,False,False,False
2025-11-20,14.58,14.76,14.31,14.36,141915.57,0.0,3.112563688123586,,,,,,,,,,,,,,,,,,,,12.949416666666666,12.35212,0.8181818181818182,0.4,7.868945000031187,,0,0,,0,0,0,0,0,,,,False,False,False,False,False
2025-11-21,14.08,15.01,14.08,14.11,327364.97,-1.7409470752089096,7.179933240487052,,,,,,,,,,,,,,,,,,,,12.969583333333334,12.35828,0.8181818181818182,0.35,7.525149133643711,,0,0,,0,0,0,0,0,,,,True,False,False,False,False
2025-11-24,14.33,15.47,14.25,15.27,420642.07,8.221119773210495,9.225733531416882,,,,,,,,,,,,,,,,,,,,12.999083333333335,12.37044,0.8181818181818182,0.35,7.2095366671407906,,0,0,,0,0,0,0,0,,,,True,False,True,False,False
2025-11-25,15.26,16.76,15.1,16.33,609917.14,6.9417157825802045,13.377009603161863,,,,,,,,,,,,,,,,,,,,13.039833333333332,12.389280000000001,0.8181818181818182,0.35,7.3943953872675845,,0,0,,0,0,0,0,0,,,,True,False,True,True,True
2025-11-26,16.33,16.33,14.89,15.54,702000.85,-4.83772198407838,15.396635864140155,,,,,,,,,,,,,,,,,,,,13.075083333333334,12.406,0.6666666666666666,0.3,7.7328041411301545,,0,0,,0,0,0,0,0,,,,False,False,False,False,False
2025-11-27,15.48,17.09,15.39,16.57,857936.97,6.628056628056633,18.81670530950744,,,,,,,,,,,,,,,,,,,,13.11875,12.42988,0.8181818181818182,0.3,7.72347801258923,,0,0,,0,0,0,0,0,,,,True,False,False,False,True
2025-11-28,16.67,16.8,16.0,16.16,639144.62,-2.4743512371756204,14.018041400753617,,,,,,,,,,,,,,,,,,,,13.158166666666666,12.45056,0.8181818181818182,0.3,7.928496029864414,,0,0,,0,0,0,0,0,,,,False,False,False,False,False
2025-12-01,15.9,16.66,15.62,16.22,580285.39,0.3712871287128605,12.727111152515777,,,,,,,,,,,,,,,,,,,,13.197916666666666,12.470480000000002,0.8181818181818182,0.35,8.255395386963176,,0,0,,0,0,0,0,0,,,,True,False,False,False,False
2025-12-02,16.4,16.62,16.14,16.35,443925.72,0.8014796547472391,9.736402258724103,,,,,,,,,,,,,,,,,,,,13.238166666666666,12.490800000000002,0.8181818181818182,0.4,8.35692014179335,,0,0,,0,0,0,0,0,,,,False,False,False,False,False
2025-12-03,16.3,16.33,15.65,15.74,339331.08,-3.7308868501529147,7.442379985929377,,,,,,,,,,,,,,,,,,,,13.275583333333334,12.51068,0.6666666666666666,0.35,8.243934982081988,,0,0,,0,0,0,0,0,,,,False,False,False,False,False
2025-12-04,15.67,16.02,15.21,15.38,256340.5,-2.2871664548919868,5.6221888274517315,,,,,,,,,,,,,,,,,,,,13.309916666666668,12.52884,0.5384615384615384,0.3,8.134046236178545,,0,0,,0,0,0,0,0,,,,False,False,False,False,False
2025-12-05,15.36,16.53,15.09,16.33,413501.84,6.176853055916753,9.069130414346285,,,,,,,,,,,,,,,,,,,,13.352333333333332,12.55136,0.5384615384615384,0.3,8.01760843927725,,0,0,,0,0,0,0,0,,,,True,False,False,False,False
2025-12-08,16.32,16.44,16.02,16.37,303412.55,0.24494794856093627,6.654596713038477,,,,,,,,,,,,,,,,,,,,13.397083333333335,12.573319999999999,0.6666666666666666,0.35,7.97996073547183,,0,0,,0,0,0,0,0,,,,True,False,False,False,False
2025-12-09,16.23,17.22,16.2,16.67,458458.54,1.832620647525962,10.055143379363903,,,,,,,,,,,,,,,,,,,,13.443249999999999,12.59696,0.8181818181818182,0.4,8.254687034672056,,0,0,,0,0,0,0,0,,,,True,False,True,False,True
2025-12-10,16.67,16.86,16.3,16.51,248155.5,-0.959808038392318,5.442671289049908,,,,,,,,,,,,,,,,,,,,13.487666666666666,12.619159999999999,0.8181818181818182,0.4,8.3266264244912,,0,0,,0,0,0,0,0,,,,False,False,False,False,False
2025-12-11,16.33,16.62,16.18,16.18,248763.03,-1.9987886129618548,5.4559959426974665,,,,,,,,,,,,,,,,,,,,13.52925,12.639199999999999,0.6666666666666666,0.4,8.352550294079753,,0,0,,0,0,0,0,0,,,,False,False,False,False,False
2025-12-12,16.36,16.57,15.94,16.35,321923.39,1.0506798516687343,7.060585769916913,,,,,,,,,,,,,,,,,,,,13.573166666666669,12.660519999999998,0.6666666666666666,0.45,8.505364758486078,,0,0,,0,0,0,0,0,,,,False,False,False,False,False
2025-12-15,16.27,16.27,15.91,15.97,193201.87,-2.3241590214067354,4.237400625171527,,,,,,,,,,,,,,,,,,,,13.614249999999998,12.68112,0.6666666666666666,0.45,8.540308527597201,,0,0,,0,0,0,0,0,,,,False,False,False,False,False
2025-12-16,15.89,15.99,15.44,15.52,199337.29,-2.8177833437695754,4.3719657437373565,,,,,,,,,,,,,,,,,,,,13.651583333333333,12.69904,0.6666666666666666,0.45,8.615143436680778,,0,0,,0,0,0,0,0,,,,False,False,False,False,False
2025-12-17,15.48,16.35,15.34,16.32,268985.47,5.154639175257736,5.899524671992342,,,,,,,,,,,,,,,,,,,,13.692333333333334,12.72,0.8181818181818182,0.5,8.745085970576287,,0,0,,0,0,0,0,0,,,,True,False,False,False,False
2025-12-18,16.07,16.12,15.75,15.78,215740.56,-3.308823529411775,4.731730514921286,,,,,,,,,,,,,,,,,,,,13.728833333333334,12.73864,0.8181818181818182,0.5,8.826044311916174,,0,0,,0,0,0,0,0,,,,False,False,False,False,False
2025-12-19,15.89,15.99,15.46,15.5,212556.33,-1.7743979721166037,4.661892380369639,,,,,,,,,,,,,,,,,,,,13.765166666666666,12.755799999999999,0.6666666666666666,0.5,8.700142268910302,,0,0,,0,0,0,0,0,,,,False,False,False,False,False
2025-12-22,15.53,16.15,15.5,15.76,265493.9,1.6774193548387162,5.822945801918102,,,,,,,,,,,,,,,,,,,,13.803166666666668,12.77216,0.6666666666666666,0.5,8.530002882435364,,0,0,,0,0,0,0,0,,,,True,False,False,False,False
2025-12-23,15.72,16.02,15.51,15.88,212586.08,0.761421319796951,4.662544872338784,,,,,,,,,,,,,,,,,,,,13.839583333333334,12.7886,0.6666666666666666,0.5,8.09427964589421,,0,0,,0,0,0,0,0,,,,True,False,False,False,False
2025-12-24,15.89,17.47,15.89,17.11,828367.87,7.745591939546581,18.16818093018461,,,,,,,,,,,,,,,,,,,,13.885916666666667,12.81112,0.8181818181818182,0.55,8.232856899196433,,0,0,,0,0,0,0,0,,,,True,False,True,True,True
2025-12-25,17.08,17.9,16.86,17.32,545197.14,1.2273524254821755,11.957537998352338,,,,,,,,,,,,,,,,,,,,13.935416666666667,12.835320000000001,0.8181818181818182,0.55,7.889898533638677,,0,0,,0,0,0,0,0,,,,True,False,False,False,True
2025-12-26,17.32,17.44,16.78,16.87,304376.41,-2.598152424942257,6.675736575538658,,,,,,,,,,,,,,,,,,,,13.978333333333333,12.85952,0.8181818181818182,0.55,7.5227832923779285,,0,0,,0,0,0,0,0,,,,False,False,False,False,False
2025-12-29,16.61,16.74,16.2,16.33,271841.73,-3.2009484291642076,5.9621696034811125,,,,,,,,,,,,,,,,,,,,14.018583333333334,12.880600000000001,0.6666666666666666,0.5,7.184536214926197,,0,0,,0,0,0,0,0,,,,False,False,False,False,False
2025-12-30,16.13,16.73,16.03,16.44,278666.44,0.6736068585425858,6.1118525771532335,,,,,,,,,,,,,,,,,,,,14.06,12.900799999999998,0.8181818181818182,0.5,7.003308730847652,,0,0,,0,0,0,0,0,,,,True,False,False,False,False
2025-12-31,16.57,16.75,15.96,16.0,282144.97,-2.676399026763998,6.188138769894648,,,,,,,,,,,,,,,,,,,,14.09525,12.917440000000001,0.8181818181818182,0.5,6.940596670045916,,0,0,,0,0,0,0,0,,,,False,False,False,False,False
2026-01-05,16.15,16.51,16.09,16.32,260263.94,2.0000000000000018,5.708233528031829,,,,,,,,,,,,,,,,,,,,14.133000000000001,12.93856,1.0,0.55,6.94489890507492,,0,0,,0,0,0,0,0,,,,True,False,False,False,False
2026-01-06,16.34,16.55,16.01,16.5,359143.05,1.1029411764705843,7.87689758085431,,,,,,,,,,,,,,,,,,,,14.170333333333334,12.960040000000001,1.0,0.55,6.885287263400322,,0,0,,0,0,0,0,0,,,,True,False,False,False,False
2026-01-07,16.47,16.64,16.22,16.38,274733.38,-0.727272727272732,6.02558422417454,,,,,,,,,,,,,,,,,,,,14.206500000000002,12.98148,0.8181818181818182,0.5,6.853836638957125,,0,0,,0,0,0,0,0,,,,False,False,False,False,False
2026-01-08,16.31,16.52,16.24,16.33,265710.74,-0.30525030525030417,5.827695357359717,,,,,,,,,,,,,,,,,,,,14.241333333333333,13.000759999999998,0.8181818181818182,0.45,6.642464237856916,,0,0,,0,0,0,0,0,,,,True,False,False,False,False
2026-01-09,16.27,16.5,16.06,16.22,354789.63,-0.6736068585425525,7.781416285959581,,,,,,,,,,,,,,,,,,,,14.274416666666667,13.01832,0.8181818181818182,0.45,6.7594014877024,,0,0,,0,0,0,0,0,,,,False,False,False,False,False
2026-01-12,16.32,16.52,15.75,16.2,423751.38,-0.12330456226880004,9.293918453957764,,,,,,,,,,,,,,,,,,,,14.30775,13.036,0.8181818181818182,0.45,6.951297613265415,,0,0,,0,0,0,0,0,,,,False,False,False,False,False
2026-01-13,16.17,16.29,15.54,15.56,344674.24,-3.950617283950608,7.559560702173683,,,,,,,,,,,,,,,,,,,,14.335583333333334,13.05224,0.8181818181818182,0.4,6.976246359878253,,0,0,,0,0,0,0,0,,,,False,False,False,False,False
2026-01-14,15.6,15.94,15.44,15.66,289856.54,0.6426735218509005,6.357272620814465,,,,,,,,,,,,,,,,,,,,14.36525,13.06792,1.0,0.45,7.0822399596604,,0,0,,0,0,0,0,0,,,,True,False,False,False,False
2026-01-15,15.57,15.74,15.37,15.61,173609.5,-0.31928480204342913,3.8076867993500816,,,,,,,,,,,,,,,,,,,,14.3935,13.08152,1.2222222222222223,0.45,7.054026012441037,,0,0,,0,0,0,0,0,,,,True,False,False,False,False
2026-01-16,15.68,16.32,15.68,16.24,354276.27,4.035874439461873,7.770157028284659,,,,,,,,,,,,,,,,,,,,14.42775,13.095,1.2222222222222223,0.45,7.147557630255652,,0,0,,0,0,0,0,0,,,,True,False,False,False,False
2026-01-19,16.17,16.36,15.93,16.02,226449.59,-1.3546798029556606,4.966600989929919,,,,,,,,,,,,,,,,,,,,14.461333333333334,13.104719999999999,1.2222222222222223,0.45,7.1593011540060845,,0,0,,0,0,0,0,0,,,,False,False,False,False,False
2026-01-20,16.05,16.07,15.46,15.57,246238.92,-2.8089887640449396,5.40063006442747,,,,,,,,,,,,,,,,,,,,14.49025,13.114600000000001,1.2222222222222223,0.45,7.196238038208977,,0,0,,0,0,0,0,0,,,,False,False,False,False,False
2026-01-21,15.45,16.31,15.41,16.19,335617.45,3.982016698779711,7.360922841184014,,,,,,,,,,,,,,,,,,,,14.523333333333333,13.12948,1.2222222222222223,0.45,7.273136890172272,,0,0,,0,0,0,0,0,,,,True,False,False,False,False
2026-01-22,16.23,16.45,15.94,16.44,305273.8,1.544163063619508,6.695411359674655,,,,,,,,,,,,,,,,,,,,14.55775,13.150319999999999,1.2222222222222223,0.45,7.374780214539063,,0,0,,0,0,0,0,0,,,,True,False,True,False,False
2026-01-23,16.38,16.45,16.1,16.25,242581.35,-1.1557177615571845,5.320410485391191,,,,,,,,,,,,,,,,,,,,14.590750000000002,13.17348,1.0,0.4,6.732391692299393,,0,0,,0,0,0,0,0,,,,False,False,False,False,False
2026-01-26,16.17,16.38,15.64,15.75,281731.34,-3.076923076923077,6.179066838400028,,,,,,,,,,,,,,,,,,,,14.620416666666667,13.191799999999999,0.8181818181818182,0.35,6.443468134301777,,0,0,,0,0,0,0,0,,,,False,False,False,False,False
2026-01-27,15.73,15.85,14.83,15.62,254983.85,-0.8253968253968291,5.592428062360996,,,,,,,,,,,,,,,,,,,,14.649750000000001,13.210960000000002,0.8181818181818182,0.35,6.389302708642895,,0,0,,0,0,0,0,0,,,,False,False,False,False,False
2026-01-28,15.68,15.72,15.23,15.34,178360.04,-1.7925736235595346,3.911877920502925,,,,,,,,,,,,,,,,,,,,14.675666666666668,13.22868,0.8181818181818182,0.35,6.286788124493986,,0,0,,0,0,0,0,0,,,,False,False,False,False,False
2026-01-29,15.29,15.37,14.84,14.93,183175.49,-2.672750977835725,4.017492678899962,,,,,,,,,,,,,,,,,,,,14.697416666666665,13.24452,0.6666666666666666,0.3,6.182070129581321,,0,0,,0,0,0,0,0,,,,False,False,False,False,False
2026-01-30,14.88,14.95,14.46,14.94,175000.72,0.06697923643670389,3.838199703476825,,,,,,,,,,,,,,,,,,,,14.716166666666668,13.256,0.8181818181818182,0.35,6.064573176260431,,0,0,,0,0,0,0,0,,,,True,False,False,False,False
2026-02-02,14.77,14.93,14.53,14.54,130025.98,-2.677376171352075,2.8517921405139566,,,,,,,,,,,,,,,,,,,,14.732,13.26516,0.6666666666666666,0.3,5.921751106884537,,0,0,,0,0,0,0,0,,,,False,False,False,False,False
2026-02-03,14.76,14.79,14.5,14.79,112165.4,1.719394773039884,2.4600653358475295,,,,,,,,,,,,,,,,,,,,14.7495,13.27496,0.6666666666666666,0.3,5.650909494634198,,0,0,,0,0,0,0,0,,,,True,False,False,False,False
2026-02-04,14.71,14.9,14.68,14.87,105806.75,0.5409060175794567,2.3206043750896943,,,,,,,,,,,,,,,,,,,,14.768583333333334,13.286200000000001,0.8181818181818182,0.35,5.465660502179956,,0,0,,0,0,0,0,0,,,,True,False,False,False,False
2026-02-05,14.81,14.85,14.56,14.59,94784.26,-1.8829858776059138,2.0788538391514635,,,,,,,,,,,,,,,,,,,,14.783416666666666,13.29508,0.6666666666666666,0.35,5.278218426269543,,0,0,,0,0,0,0,0,,,,False,False,False,False,False
2026-02-06,14.48,14.81,14.44,14.64,90275.92,0.34270047978066653,1.9799743389606383,,,,,,,,,,,,,,,,,,,,14.796916666666668,13.30536,0.8181818181818182,0.4,4.988146328919596,,0,0,,0,0,0,0,0,,,,True,False,False,False,False
2026-02-09,14.86,14.94,14.75,14.94,92774.34,2.049180327868849,2.034770872609324,,,,,,,,,,,,,,,,,,,,14.812416666666667,13.313640000000001,1.0,0.45,4.625188949852174,,0,0,,0,0,0,0,0,,,,True,False,True,False,False
2026-02-10,15.05,15.15,14.93,14.93,88427.53,-0.0669344042838027,1.9394345718954955,,,,,,,,,,,,,,,,,,,,14.829749999999999,13.32048,1.0,0.45,4.344182643338264,,0,0,,0,0,0,0,0,,,,False,False,False,False,False
2026-02-11,14.92,15.13,14.86,15.0,88843.0,0.46885465505692725,1.9883931892286049,,,,,,,,,,,,,,,,,,,,14.84375,13.32732,1.0,0.45,4.125738671758972,,0,0,,0,0,0,0,0,,,,True,False,False,False,False
2026-02-12,15.01,15.28,15.01,15.22,113191.54,1.4666666666666606,2.5333373165505124,,,,,,,,,,,,,,,,,,,,14.858,13.33508,1.0,0.5,4.062021197618994,,0,0,,0,0,0,0,0,,,,True,False,True,False,False
2026-02-13,15.13,15.46,15.13,15.3,122692.53,0.5256241787122251,2.745978760523916,,,,,,,,,,,,,,,,,,,,14.871166666666666,13.34316,1.0,0.5,3.8108122842309555,,0,0,,0,0,0,0,0,,,,True,False,True,True,False
2026-02-24,15.18,15.18,14.88,15.03,148036.56,-1.764705882352946,3.3132029271955217,,,,,,,,,,,,,,,,,,,,14.875583333333333,13.35012,1.0,0.5,3.728142381094236,,0,0,,0,0,0,0,0,,,,False,False,False,False,False
2026-02-25,15.04,15.19,15.01,15.09,100828.94,0.3992015968063978,2.256650243385969,,,,,,,,,,,,,,,,,,,,14.884333333333334,13.358679999999998,1.2222222222222223,0.55,3.570943390042161,,0,0,,0,0,0,0,0,,,,True,False,False,False,False
2026-02-26,15.11,15.44,15.04,15.43,143226.87,2.2531477799867528,3.205557363242245,,,,,,,,,,,,,,,,,,,,14.896333333333335,13.36968,1.2222222222222223,0.55,3.363175116145073,,0,0,,0,0,0,0,0,,,,True,False,False,False,False
2026-02-27,15.31,15.42,15.1,15.25,122716.01,-1.166558651976668,2.7465042658769896,,,,,,,,,,,,,,,,,,,,14.906833333333335,13.37876,1.0,0.5,3.1657297614551894,,0,0,,0,0,0,0,0,,,,False,False,False,False,False
2026-03-02,15.06,15.16,14.69,14.85,131021.03,-2.622950819672132,2.9323787321197696,,,,,,,,,,,,,,,,,,,,14.911750000000001,13.38868,1.0,0.5,3.046328173791618,,0,0,,0,0,0,0,0,,,,False,False,False,False,False
2026-03-03,14.93,14.97,14.01,14.07,150500.0,-5.252525252525253,3.3683371225521994,,,,,,,,,,,,,,,,,,,,14.9145,13.393960000000002,1.0,0.5,2.905791687999227,,0,0,,0,0,0,0,0,,,,False,False,False,False,False
2026-03-04,13.86,14.24,13.79,13.9,93410.53,-1.2082444918265822,2.090618975656318,,,,,,,,,,,,,,,,,,,,14.912916666666666,13.39708,1.2222222222222223,0.5,2.730701233663993,,0,0,,0,0,0,0,0,,,,True,False,False,False,False
2026-03-05,14.18,14.71,14.18,14.46,136452.75,4.028776978417259,3.0539459355437515,,,,,,,,,,,,,,,,,,,,14.916583333333334,13.40184,1.5,0.55,2.6878046344160342,,0,0,,0,0,0,0,0,,,,True,False,False,False,False
2026-03-06,14.38,14.52,14.22,14.32,94742.47,-0.9681881051175734,2.1204290949055684,,,,,,,,,,,,,,,,,,,,14.920416666666666,13.405479999999999,1.5,0.55,2.5929514552163146,,0,0,,0,0,0,0,0,,,,False,False,False,False,False
2026-03-09,14.17,14.17,13.68,14.1,125053.86,-1.5363128491620137,2.798827634262097,,,,,,,,,,,,,,,,,,,,14.926499999999999,13.40828,1.2222222222222223,0.5,2.5409828517555786,,0,0,,0,0,0,0,0,,,,False,False,False,False,False
2026-03-10,14.29,14.68,14.29,14.64,120976.96,3.82978723404257,2.7075826268539034,,,,,,,,,,,,,,,,,,,,14.93875,13.412519999999999,1.5,0.55,2.5337723760725757,,0,0,,0,0,0,0,0,,,,True,False,False,False,False
2026-03-11,14.71,15.2,14.65,14.72,124529.57,0.5464480874316946,2.7870935115379583,,,,,,,,,,,,,,,,,,,,14.953666666666667,13.4184,1.5,0.55,2.550123784857097,,0,0,,0,0,0,0,0,,,,True,False,True,False,False
2026-03-12,14.61,14.78,14.39,14.49,91555.75,-1.5625,2.049107186100389,,,,,,,,,,,,,,,,,,,,14.963916666666668,13.427599999999998,1.2222222222222223,0.5,2.5365489254076317,,0,0,,0,0,0,0,0,,,,False,False,False,False,False
2026-03-13,14.4,14.61,14.28,14.32,65504.54,-1.1732229123533444,1.466055639718973,,,,,,,,,,,,,,,,,,,,14.972416666666668,13.436440000000001,1.2222222222222223,0.5,2.505909015436007,,0,0,,0,0,0,0,0,,,,False,False,False,False,False
2026-03-16,14.3,14.45,14.07,14.44,66131.48,0.8379888268156277,1.4800871697894904,,,,,,,,,,,,,,,,,,,,14.984166666666669,13.44528,1.2222222222222223,0.5,2.4809146569774496,,0,0,,0,0,0,0,0,,,,True,False,False,False,False
2026-03-17,14.5,14.52,14.04,14.08,82153.91,-2.4930747922437657,1.8386848160519091,,,,,,,,,,,,,,,,,,,,14.992166666666666,13.451360000000001,1.0,0.45,2.4711103541495794,,0,0,,0,0,0,0,0,,,,False,False,False,False,False
2026-03-18,14.08,14.45,14.07,14.43,71897.04,2.4857954545454586,1.609126038761597,,,,,,,,,,,,,,,,,,,,14.999916666666667,13.45764,1.2222222222222223,0.5,2.454594927492884,,0,0,,0,0,0,0,0,,,,True,False,False,False,False
2026-03-19,14.27,14.32,13.99,14.04,74531.83,-2.7027027027027084,1.6680952146229215,,,,,,,,,,,,,,,,,,,,15.00575,13.46248,1.0,0.45,2.4385800287626003,,0,0,,0,0,0,0,0,,,,False,False,False,False,False
2026-03-20,14.12,14.24,13.8,13.81,80345.39,-1.638176638176625,1.7982083705178356,,,,,,,,,,,,,,,,,,,,15.011416666666666,13.466560000000001,0.8181818181818182,0.4,2.401823581460966,,0,0,,0,0,0,0,0,,,,False,False,False,False,False
2026-03-23,13.39,13.65,12.61,12.69,149484.14,-8.110065170166559,3.3456011826896352,,,,,,,,,,,,,,,,,,,,15.00475,13.46632,0.6666666666666666,0.35,2.4318047025692517,,0,0,,0,0,0,0,0,,,,False,False,False,False,False
2026-03-24,13.28,13.43,13.01,13.43,146476.96,5.831363278171797,3.278297554595306,,,,,,,,,,,,,,,,,,,,15.003000000000002,13.46764,0.8181818181818182,0.4,2.430059433939241,,0,0,,0,0,0,0,0,,,,True,False,False,False,False
2026-03-25,13.43,13.65,13.37,13.63,90608.83,1.4892032762472196,2.027914190830707,,,,,,,,,,,,,,,,,,,,15.00225,13.470040000000001,0.8181818181818182,0.4,2.418622631311478,,0,0,,0,0,0,0,0,,,,True,False,False,False,False
2026-03-26,13.59,13.66,13.36,13.47,64030.72,-1.1738811445341168,1.4330701073737246,,,,,,,,,,,,,,,,,,,,14.999916666666667,13.47088,0.6666666666666666,0.35,2.3299982685180525,,0,0,,0,0,0,0,0,,,,False,False,False,False,False
2026-03-27,13.34,13.66,13.26,13.66,66820.72,1.410541945063093,1.4955130347619017,,,,,,,,,,,,,,,,,,,,14.997583333333333,13.471879999999999,0.8181818181818182,0.4,2.2674487069622975,,0,0,,0,0,0,0,0,,,,True,False,False,False,False
2026-03-30,13.39,13.66,13.31,13.61,67866.36,-0.36603221083455484,1.5189154801361573,,,,,,,,,,,,,,,,,,,,14.996833333333333,13.47268,1.0,0.4,2.1967755443631174,,0,0,,0,0,0,0,0,,,,True,False,False,False,False
2026-03-31,13.54,13.9,13.52,13.55,73787.64,-0.4408523144746379,1.6514380623743017,,,,,,,,,,,,,,,,,,,,14.994583333333333,13.473720000000002,1.2222222222222223,0.4,2.1109305913542222,,0,0,,0,0,0,0,0,,,,True,False,False,False,False
2026-04-01,13.8,14.7,13.8,14.29,224333.76,5.461254612546118,5.020804432009774,,,,,,,,,,,,,,,,,,,,14.992500000000001,13.478720000000001,1.2222222222222223,0.45,2.257439864171895,,0,0,,0,0,0,0,0,,,,True,False,True,False,False
2026-04-02,14.3,14.3,13.51,13.6,148883.2,-4.828551434569627,3.332148627169613,,,,,,,,,,,,,,,,,,,,14.99225,13.48404,1.0,0.4,2.2713499987531884,,0,0,,0,0,0,0,0,,,,False,False,False,False,False
2026-04-03,13.68,14.03,13.56,13.67,75807.49,0.5147058823529393,1.6966442401337034,,,,,,,,,,,,,,,,,,,,14.992500000000001,13.48896,1.0,0.45,2.2501607560145946,,0,0,,0,0,0,0,0,,,,False,False,False,False,False
2026-04-07,13.69,14.31,13.69,14.08,139594.71,2.9992684711046103,3.124263323777567,,,,,,,,,,,,,,,,,,,,14.995000000000001,13.496960000000001,1.2222222222222223,0.5,2.266432540490368,,0,0,,0,0,0,0,0,,,,True,False,False,False,False
2026-04-08,14.38,15.49,14.38,15.49,508574.91,10.014204545454541,11.382393635879733,,,,,,,,,,,,,,,,,,,,15.007333333333333,13.51048,1.2222222222222223,0.5,2.70017309094166,,0,0,,0,0,0,0,0,,,,True,False,True,True,True
2026-04-09,15.35,15.78,15.35,15.65,424367.99,1.0329244673983329,9.497762106760387,,,,,,,,,,,,,,,,,,,,15.023583333333333,13.524799999999999,1.2222222222222223,0.5,3.035706520702781,,0,0,,0,0,0,0,0,,,,True,False,True,True,True
2026-04-10,15.75,15.83,15.51,15.52,287824.49,-0.8306709265175738,6.441787785453927,,,,,,,,,,,,,,,,,,,,15.041416666666667,13.53896,1.2222222222222223,0.5,3.2553405506704585,,0,0,,0,0,0,0,0,,,,False,False,False,False,False
2026-04-13,15.38,15.85,15.34,15.54,175703.45,0.12886597938144284,3.9324115125579295,,,,,,,,,,,,,,,,,,,,15.065,13.55408,1.5,0.55,3.378658344312406,,0,0,,0,0,0,0,0,,,,True,False,False,False,False
2026-04-14,15.82,17.09,15.59,16.87,731597.32,8.558558558558559,16.373848798782994,,,,,,,,,,,,,,,,,,,,15.096749999999998,13.574,1.5,0.55,4.123346425762081,,0,0,,0,0,0,0,0,,,,True,False,True,True,True
2026-04-15,17.0,18.56,17.0,18.56,675364.15,10.017783046828676,15.115296589958255,,,,,,,,,,,,,,,,,,,,15.145666666666665,13.600800000000001,1.8571428571428572,0.6,4.787177014457399,,0,0,,0,0,0,0,0,,,,True,False,True,True,True
2026-04-16,18.4,19.23,17.86,18.74,1007744.66,0.969827586206895,22.5542907820124,,,,,,,,,,,,,,,,,,,,15.202083333333333,13.63004,1.8571428571428572,0.6,5.834435251619938,,0,0,,0,0,0,0,0,,,,True,False,True,True,True
2026-04-17,18.65,19.02,18.3,18.77,694101.55,0.16008537886873508,15.534657550004303,,,,,,,,,,,,,,,,,,,,15.255916666666666,13.664,2.3333333333333335,0.65,6.5277633683890075,,0,0,,0,0,0,0,0,,,,True,False,False,False,True
2026-04-20,19.13,20.53,18.85,19.95,748872.48,6.2866275972296215,16.7604834269891,,,,,,,,,,,,,,,,,,,,15.315916666666665,13.7066,3.0,0.7,7.275877121212571,,0,0,,0,0,0,0,0,,,,True,False,True,True,True
2026-04-21,18.86,20.63,18.86,19.64,672285.9,-1.5538847117794408,15.046402406386267,,,,,,,,,,,,,,,,,,,,15.373916666666668,13.74796,4.0,0.7,7.860917182397404,,0,0,,0,0,0,0,0,,,,True,False,False,False,False
2026-04-22,19.67,20.14,19.18,19.68,497384.37,0.20366598778003286,11.131938631565703,,,,,,,,,,,,,,,,,,,,15.431916666666668,13.78796,4.0,0.7,8.253599236245922,,0,0,,0,0,0,0,0,,,,True,False,False,False,False
2026-04-23,19.99,20.39,19.41,19.6,516370.38,-0.40650406504064707,11.556863721548511,,,,,,,,,,,,,,,,,,,,15.478666666666667,13.827,3.0,0.65,8.730046712781812,,0,0,,0,0,0,0,0,,,,False,False,False,False,False
2026-04-24,19.28,19.52,18.73,18.79,438088.21,-4.1326530612245005,9.804833772586116,,,,,,,,,,,,,,,,,,,,15.517583333333333,13.861320000000001,3.0,0.65,9.148634896042433,,0,0,,0,0,0,0,0,,,,False,False,False,False,False
2026-04-27,18.57,18.92,18.21,18.36,325319.57,-2.288451303885042,7.280963591371685,,,,,,,,,,,,,,,,,,,,15.550583333333334,13.8946,2.3333333333333335,0.6,9.43790742387292,,0,0,,0,0,0,0,0,,,,False,False,False,False,False
2026-04-28,18.86,19.99,18.61,19.1,516617.64,4.030501089324634,11.562397637192143,,,,,,,,,,,,,,,,,,,,15.587416666666666,13.931679999999998,2.3333333333333335,0.65,9.94008153172572,,0,0,,0,0,0,0,0,,,,True,False,False,False,False
2026-04-29,18.63,19.84,18.63,19.33,348610.71,1.2041884816753834,7.802241614521479,,,,,,,,,,,,,,,,,,,,15.621833333333333,13.96976,2.3333333333333335,0.7,10.24762170933308,,0,0,,0,0,0,0,0,,,,True,False,False,False,False
2026-04-30,19.4,19.46,18.72,18.72,242201.48,-3.1557165028453182,5.420701120612994,,,,,,,,,,,,,,,,,,,,15.653166666666666,14.005,1.8571428571428572,0.65,10.267616543763241,,0,0,,0,0,0,0,0,,,,False,False,False,False,False
2026-05-06,19.07,19.19,18.64,18.8,249129.93,0.42735042735044804,5.575766468186886,,,,,,,,,,,,,,,,,,,,15.685166666666667,14.039640000000002,1.8571428571428572,0.7,10.379797435814105,,0,0,,0,0,0,0,0,,,,False,False,False,False,False
2026-05-07,18.95,20.12,18.6,19.73,429591.02,4.94680851063829,9.614658521158827,,,,,,,,,,,,,,,,,,,,15.729916666666666,14.07816,2.3333333333333335,0.7,10.77569814986536,,0,0,,0,0,0,0,0,,,,True,False,False,False,False
2026-05-08,19.33,20.48,19.09,20.08,491324.76,1.7739483020780433,10.996318755430027,,,,,,,,,,,,,,,,,,,,15.77175,14.114040000000001,2.3333333333333335,0.7,11.169300921447983,,0,0,,0,0,0,0,0,,,,True,False,False,False,True
2026-05-11,20.83,20.83,19.86,20.39,460551.24,1.5438247011952289,10.307577900711854,,,,,,,,,,,,,,,,,,,,15.813749999999999,14.15264,1.8571428571428572,0.7,11.11556013468959,,0,0,,0,0,0,0,0,,,,False,False,False,False,True
2026-05-12,20.14,20.33,19.59,19.82,294522.23,-2.795487984306033,6.591689622236982,,,,,,,,,,,,,,,,,,,,15.843333333333332,14.18876,1.5,0.65,10.97025651046342,,0,0,,0,0,0,0,0,,,,False,False,False,False,False
2026-05-13,19.62,21.8,19.54,21.8,456662.51,9.989909182643796,10.220544398403108,,,,,,,,,,,,,,,,,,,,15.893416666666667,14.23256,1.8571428571428572,0.7,11.15919434111088,,0,0,,0,0,0,0,0,,,,True,False,True,True,True
2026-05-14,22.11,22.33,20.5,20.53,592914.41,-5.825688073394497,13.269992432393856,,,,,,,,,,,,,,,,,,,,15.934500000000002,14.271600000000001,1.5,0.65,11.626073387102675,,0,0,,0,0,0,0,0,,,,False,False,False,False,False
2026-05-15,20.58,20.64,19.74,19.9,396343.82,-3.068679980516331,8.870554338569834,,,,,,,,,,,,,,,,,,,,15.972083333333332,14.3068,1.2222222222222223,0.6,11.250908664092016,,0,0,,0,0,0,0,0,,,,False,False,False,False,False
2026-05-18,19.36,20.19,19.26,19.78,274022.09,-0.603015075376867,6.13287685251021,,,,,,,,,,,,,,,,,,,,16.008666666666667,14.33804,1.2222222222222223,0.55,10.801787677219615,,0,0,,0,0,0,0,0,,,,True,False,False,False,False
2026-05-19,19.61,20.24,19.18,20.12,280249.0,1.7189079878665359,6.27224106289801,,,,,,,,,,,,,,,,,,,,16.051916666666667,14.371759999999998,1.2222222222222223,0.55,9.987685191263894,,0,0,,0,0,0,0,0,,,,True,False,False,False,False
2026-05-20,19.92,20.02,19.36,19.63,244067.81,-2.4353876739562685,5.462471373719762,,,,,,,,,,,,,,,,,,,,16.092666666666666,14.40336,1.0,0.5,9.48407588244967,,0,0,,0,0,0,0,0,,,,False,False,False,False,False
2026-05-21,19.82,21.6,19.52,20.71,800284.86,5.5017829852267,17.91114173791016,,,,,,,,,,,,,,,,,,,,16.143666666666668,14.43956,1.0,0.5,9.541608797995721,,0,0,,0,0,0,0,0,,,,True,False,False,False,False
2026-05-22,20.82,22.79,20.82,22.79,494959.45,10.043457267020761,11.07766659920076,,,,,,,,,,,,,,,,,,,,16.213916666666666,14.48224,1.0,0.55,9.343172007636445,,0,0,,0,0,0,0,0,,,,True,False,True,True,True
2026-05-25,23.81,24.53,23.35,23.65,864961.98,3.7735849056603765,19.35867763596504,,,,,,,,,,,,,,,,,,,,16.291333333333334,14.52684,0.8181818181818182,0.55,9.754508957856412,,0,0,,0,0,0,0,0,,,,False,False,True,True,True
2026-05-26,23.36,24.27,22.96,24.08,646809.09,1.8181818181818077,14.4762069950426,,,,,,,,,,,,,,,,,,,,16.374416666666665,14.572959999999998,1.0,0.6,9.900476121531117,,0,0,,0,0,0,0,0,,,,True,False,False,False,True
2026-05-27,23.53,24.25,21.83,22.27,627600.48,-7.516611295681064,14.046299903837307,,,,,,,,,,,,,,,,,,,,16.43275,14.6124,1.0,0.6,10.112549428093676,,0,0,,0,0,0,0,0,,,,False,False,False,False,False
2026-05-28,21.79,22.51,21.58,22.37,487686.67,0.4490345756623215,10.914894816402523,,,,,,,,,,,,,,,,,,,,16.483083333333333,14.651519999999998,1.2222222222222223,0.65,10.29424598934522,,0,0,,0,0,0,0,0,,,,True,False,False,False,False
2026-05-29,23.2,24.61,23.0,24.61,416293.38,10.013410818059887,9.317044600510991,,,,,,,,,,,,,,,,,,,,16.558666666666667,14.70016,1.2222222222222223,0.65,10.18197833751116,,0,0,,0,0,0,0,0,,,,True,False,True,True,True
2026-06-01,27.07,27.07,27.07,27.07,43261.14,9.995936611133693,0.9682257518698714,,,,,,,,,,,,,,,,,,,,16.646166666666666,14.75868,1.1111111111111112,0.65,9.84027754437858,,0,0,,0,0,0,0,0,,,,False,False,True,True,True
2026-06-02,29.78,29.78,29.78,29.78,38142.52,10.011082379017356,0.8536661332829326,,,,,,,,,,,,,,,,,,,,16.759666666666668,14.828959999999999,1.25,0.7,9.611925795012077,,0,0,,0,0,0,0,0,,,,False,False,True,True,True
2026-06-03,31.34,32.32,29.0,31.08,1605113.94,4.365345869711201,35.92398747220511,,,,,,,,,,,,,,,,,,,,16.8835,14.9046,1.25,0.7,11.129336845212988,,0,0,,0,0,0,0,0,,,,False,False,True,True,True
2026-06-04,28.94,30.26,27.98,29.13,1302975.93,-6.274131274131268,29.161849398619523,,,,,,,,,,,,,,,,,,,,16.990000000000002,14.97288,1.25,0.65,12.106696389086023,,0,0,,0,0,0,0,0,,,,True,False,False,False,False
2026-06-05,28.13,32.04,27.46,30.99,1420949.09,6.385169927909362,31.80220172270217,,,,,,,,,,,,,,,,,,,,17.117083333333333,15.04876,1.25,0.65,13.14699053744963,,0,0,,0,0,0,0,0,,,,True,False,False,False,False
2026-06-08,28.65,29.17,27.9,27.9,631532.44,-9.970958373668925,14.1336000569594,,,,,,,,,,,,,,,,,,,,17.221416666666666,15.112680000000001,1.25,0.6,13.338291645262009,,0,0,,0,0,0,0,0,,,,False,False,False,False,False
2026-06-09,27.28,27.78,25.11,25.23,1033399.01,-9.56989247311827,23.1273128370061,,,,,,,,,,,,,,,,,,,,17.295583333333337,15.16684,1.25,0.6,14.165072806000463,,0,0,,0,0,0,0,0,,,,False,False,False,False,False
2026-06-10,24.8,25.23,23.21,23.41,822398.43,-7.213634562029336,18.405151914431062,,,,,,,,,,,,,,,,,,,,17.35425,15.21356,1.0,0.55,14.574303181801861,,0,0,,0,0,0,0,0,,,,False,False,False,False,False
2026-06-11,22.72,23.47,22.22,22.62,625945.84,-3.3746262281076467,14.008572797744955,,,,,,,,,,,,,,,,,,,,17.403833333333335,15.258280000000001,1.0,0.55,14.611232200069415,,0,0,,0,0,0,0,0,,,,False,False,False,False,False
2026-06-12,22.7,23.61,22.42,22.66,632474.94,0.17683465959328348,14.15469306376311,,,,,,,,,,,,,,,,,,,,17.45508333333333,15.303679999999998,1.0,0.6,14.875439136329081,,0,0,,0,0,0,0,0,,,,False,False,False,False,False
2026-06-15,22.87,24.62,22.87,24.0,599100.26,5.913503971756406,13.407772796058412,,,,,,,,,,,,,,,,,,,,17.520249999999997,15.354359999999998,1.0,0.65,15.23918393350649,,0,0,,0,0,0,0,0,,,,True,False,False,False,False
2026-06-16,23.81,25.4,23.61,24.76,542497.57,3.166666666666673,12.141013193641067,,,,,,,,,,,,,,,,,,,,17.590333333333334,15.407680000000001,1.0,0.65,15.532622540043644,,0,0,,0,0,0,0,0,,,,True,False,False,False,False
2026-06-17,24.31,25.39,24.3,24.89,476027.73,0.5250403877221199,10.653428273363524,,,,,,,,,,,,,,,,,,,,17.664666666666665,15.461439999999998,1.25,0.7,15.79217038502583,,0,0,,0,0,0,0,0,,,,True,False,False,False,False
2026-06-18,24.67,25.92,24.42,25.75,622996.4,3.4552028927280043,13.94256477866046,,,,,,,,,,,,,,,,,,,,17.749916666666664,15.51836,1.25,0.7,15.593741537063346,,0,0,,0,0,0,0,0,,,,True,False,True,False,False
2026-06-22,26.0,27.87,25.5,27.72,699155.02,7.650485436893195,15.646983123298385,,,,,,,,,,,,,,,,,,,,17.84491666666667,15.58424,1.25,0.7,15.822207363268229,,0,0,,0,0,0,0,0,,,,True,False,True,False,False
2026-06-23,28.44,30.49,26.74,27.94,807698.03,0.793650793650813,18.076159195898146,,,,,,,,,,,,,,,,,,,,17.946250000000003,15.650960000000001,1.25,0.7,15.758081441264883,,0,0,,0,0,0,0,0,,,,False,False,True,False,False
2026-06-24,26.8,30.33,25.68,29.44,789312.96,5.368647100930568,17.664704122585995,,,,,,,,,,,,,,,,,,,,18.062416666666664,15.723759999999999,1.25,0.7,15.917506297642053,,0,0,,0,0,0,0,0,,,,True,False,False,False,False
2026-06-25,28.66,29.68,28.19,28.53,558185.77,-3.091032608695654,12.492112726095158,,,,,,,,,,,,,,,,,,,,18.168833333333335,15.79388,1.25,0.7,15.839796938754947,,0,0,,0,0,0,0,0,,,,False,False,False,False,False
2026-06-26,27.61,28.53,26.59,27.09,422287.15,-5.047318611987384,9.450722257898933,,,,,,,,,,,,,,,,,,,,18.26225,15.85772,1.0,0.65,15.766588310829766,,0,0,,0,0,0,0,0,,,,False,False,False,False,False
2026-06-29,26.59,27.8,26.0,26.27,383910.07,-3.0269472129937247,8.591849038220882,,,,,,,,,,,,,,,,,,,,18.338583333333336,15.91808,0.8,0.6,15.730328532715259,,0,0,,0,0,0,0,0,,,,False,False,False,False,False
2026-06-30,25.77,27.91,25.3,27.62,406661.01,5.138941758660076,9.100989112313645,,,,,,,,,,,,,,,,,,,,18.424416666666666,15.983799999999999,0.9,0.6,16.13696670073745,,0,0,,0,0,0,0,0,,,,True,False,False,False,False
2026-07-01,27.79,27.79,25.94,26.03,394091.69,-5.756698044895003,8.819690336044964,,,,,,,,,,,,,,,,,,,,18.50075,16.0436,0.8181818181818182,0.55,16.53526791087555,,0,0,,0,0,0,0,0,,,,False,False,False,False,False
2026-07-02,25.2,25.75,23.97,24.03,369208.97,-7.683442182097577,8.262820220061261,,,,,,,,,,,,,,,,,,,,18.564916666666665,16.09556,0.8181818181818182,0.5,15.152209548268356,,0,0,,0,0,0,0,0,,,,False,False,False,False,False
2026-07-03,24.03,24.49,23.21,23.44,320810.42,-2.4552642530170643,7.179670702968961,,,,,,,,,,,,,,,,,,,,18.62325,16.14516,0.6666666666666666,0.5,14.053100613485828,,0,0,,0,0,0,0,0,,,,False,False,False,False,False
2026-07-06,23.44,24.2,22.85,23.55,292969.61,0.46928327645050505,6.55659914592937,,,,,,,,,,,,,,,,,,,,18.68616666666667,16.193640000000002,0.6666666666666666,0.5,12.79082048464719,,0,0,,0,0,0,0,0,,,,True,False,False,False,False
2026-07-07,23.3,23.68,22.0,22.34,244809.34,-5.1380042462845,5.478782285847098,,,,,,,,,,,,,,,,,,,,18.73633333333333,16.2374,0.6666666666666666,0.5,12.358079596091574,,0,0,,0,0,0,0,0,,,,False,False,False,False,False
2026-07-08,22.58,22.63,21.5,21.56,204027.75,-3.4914950760966956,4.56609875473395,,,,,,,,,,,,,,,,,,,,18.778499999999998,16.27908,0.6666666666666666,0.5,11.430018891977967,,0,0,,0,0,0,0,0,,,,False,False,False,False,False
2026-07-09,21.79,22.95,20.86,22.92,280096.58,6.307977736549186,6.268503402812795,,,,,,,,,,,,,,,,,,,,18.833000000000002,16.32596,0.8181818181818182,0.55,10.823186466397052,,0,0,,0,0,0,0,0,,,,True,False,False,False,False
2026-07-10,22.85,23.74,22.69,22.92,295357.23,0.0,6.610033586630587,,,,,,,,,,,,,,,,,,,,18.88791666666667,16.3716,1.0,0.55,10.453259505841336,,0,0,,0,0,0,0,0,,,,True,False,False,False,False
2026-07-13,22.5,24.24,22.26,22.36,293447.28,-2.443280977312401,6.5672893015193505,,,,,,,,,,,,,,,,,,,,18.939083333333333,16.41484,1.0,0.5,10.073889317729147,,0,0,,0,0,0,0,0,,,,False,False,False,False,False
2026-07-14,22.4,23.08,21.21,22.55,257367.72,0.8497316636851604,5.75983622718339,,,,,,,,,,,,,,,,,,,,18.992,16.45952,1.0,0.5,9.691492489285396,,0,0,,0,0,0,0,0,,,,True,False,False,False,False
2026-07-15,22.78,23.74,21.9,23.26,362008.61,3.1485587583148567,8.101677655730498,,,,,,,,,,,,,,,,,,,,19.05616666666667,16.505679999999998,1.0,0.5,9.489525712389868,,0,0,,0,0,0,0,0,,,,True,False,False,False,False
2026-07-16,22.55,23.68,21.62,22.08,307338.09,-5.073086844368024,6.8781627500735105,,,,,,,,,,,,,,,,,,,,19.109666666666666,16.548,0.8181818181818182,0.45,9.300762436225366,,0,0,,0,0,0,0,0,,,,False,False,False,False,False
2026-07-17,21.51,21.65,19.87,19.87,265105.69,-10.009057971014478,5.93301039187995,,,,,,,,,,,,,,,,,,,,19.145166666666668,16.5816,0.6666666666666666,0.4,8.900284716886341,,0,0,,0,0,0,0,0,,,,False,False,False,False,False
2026-07-20,20.2,20.45,17.88,18.17,327733.72,-8.5556114745848,7.3346127219279,,,,,,,,,,,,,,,,,,,,19.16125,16.607200000000002,0.5384615384615384,0.35,8.484666196817816,,0,0,,0,0,0,0,0,,,,False,False,False,False,False
2026-07-21,18.44,19.99,16.42,19.99,333807.69,10.016510731975758,7.470546911533438,,,,,,,,,,,,,,,,,,,,19.194333333333336,16.64,0.6666666666666666,0.35,7.954385582599582,,0,0,,0,0,0,0,0,,,,True,False,False,False,False
2026-07-22,19.8,20.76,19.44,19.68,263300.04,-1.5507753876938368,5.89260031914972,,,,,,,,,,,,,,,,,,,,19.228583333333333,16.67064,0.5384615384615384,0.3,7.365780392427768,,0,0,,0,0,0,0,0,,,,False,False,False,False,False
2026-07-23,20.27,20.58,19.28,19.6,189393.57,-0.40650406504064707,4.238588839663316,,,,,,,,,,,,,,,,,,,,19.257,16.70088,0.5384615384615384,0.3,6.9531041981061765,,0,0,,0,0,0,0,0,,,,False,False,False,False,False
2026-07-24,19.12,19.64,18.73,18.89,130429.5,-3.6224489795918413,2.918985174960621,,,,,,,,,,,,,,,,,,,,19.277416666666667,16.72784,0.5384615384615384,0.3,6.62651734395926,,0,0,,0,0,0,0,0,,,,False,False,False,False,False
2026-07-27,18.87,19.79,18.5,19.77,152538.38,4.658549497088393,3.4137773266976383,,,,,,,,,,,,,,,,,,,,19.30675,16.75792,0.6666666666666666,0.35,6.367613758383098,,0,0,,0,0,0,0,0,,,,True,False,False,False,False
2026-07-28,19.25,19.72,18.44,18.59,151107.41,-5.968639352554373,3.38175251470485,,,,,,,,,,,,,,,,,,,,19.330416666666668,16.78348,0.5384615384615384,0.3,6.081651928502659,,0,0,,0,0,0,0,0,,,,False,False,False,False,False
2026-07-29,18.4,18.71,17.71,18.4,153302.09,-1.0220548682087216,3.4308689981980978,,,,,,,,,,,,,,,,,,,,19.353583333333333,16.808199999999996,0.5833333333333334,0.3,5.812210861610316,,0,0,,0,0,0,0,0,,,,False,False,False,False,False
2026-07-30,18.2,18.33,16.76,16.86,209178.44,-8.369565217391294,4.6813701293142245,,,,,,,,,,,,,,,,,,,,19.36625,16.827240000000003,0.5833333333333334,0.3,5.633138357072963,,0,0,,0,0,0,0,0,,,,False,False,False,False,False
2026-07-31,17.7,18.1,17.25,17.25,202154.74,2.313167259786475,4.5241811791659,,,,,,,,,,,,,,,,,,,,19.385583333333333,16.847360000000002,0.5833333333333334,0.35,5.50036388088281,,0,0,,0,0,0,0,0,,,,False,False,False,False,False
2026-08-03,17.25,17.45,16.72,16.85,168809.36,-2.3188405797101352,3.7779184864972297,,,,,,,,,,,,,,,,,,,,19.4015,16.866239999999998,0.46153846153846156,0.3,5.361429847911203,,0,0,,0,0,0,0,0,,,,False,False,False,False,False
2026-08-04,17.17,17.78,16.98,17.39,214865.31,3.2047477744806985,4.808641101156701,,,,,,,,,,,,,,,,,,,,19.42525,16.88784,0.5833333333333334,0.35,5.327922788676683,,0,0,,0,0,0,0,0,,,,True,False,False,False,False
2026-08-05,17.22,18.53,17.2,18.31,294015.24,5.290396779758466,6.580000128594289,,,,,,,,,,,,,,,,,,,,19.454583333333332,16.91268,0.7272727272727273,0.4,5.4286178573697,,0,0,,0,0,0,0,0,,,,True,False,False,False,False
2026-08-06,17.95,18.99,17.77,18.76,247113.24,2.457673402512306,5.530343090301548,,,,,,,,,,,,,,,,,,,,19.487000000000002,16.93884,0.7272727272727273,0.4,5.391709841744138,,0,0,,0,0,0,0,0,,,,True,False,True,False,False
2026-08-07,18.7,19.27,18.41,19.13,241479.9,1.9722814498933872,5.404270108763532,,,,,,,,,,,,,,,,,,,,19.524833333333333,16.96612,0.7272727272727273,0.45,5.331421667850785,,0,0,,0,0,0,0,0,,,,True,False,True,False,False
2026-08-10,19.0,19.28,18.16,18.54,265845.96,-3.0841610036591693,5.949577481038983,,,,,,,,,,,,,,,,,,,,19.557333333333336,16.99112,0.7272727272727273,0.45,5.300536076826767,,0,0,,0,0,0,0,0,,,,False,False,False,False,False
2026-08-11,18.53,18.72,18.1,18.35,175909.06,-1.024811218985966,3.9368083008925,,,,,,,,,,,,,,,,,,,,19.58575,17.015760000000004,0.5833333333333334,0.4,5.209384680512223,,0,0,,0,0,0,0,0,,,,False,False,False,False,False
2026-08-12,18.37,18.65,18.16,18.59,161285.18,1.3079019073569453,3.6095288976869124,,,,,,,,,,,,,,,,,,,,19.61625,17.04172,0.5833333333333334,0.4,4.984777242610043,,0,0,,0,0,0,0,0,,,,True,False,False,False,False
2026-08-13,18.96,20.45,18.9,20.45,390506.49,10.00537923614846,8.739454303174572,,,,,,,,,,,,,,,,,,,,19.66166666666667,17.0746,0.7272727272727273,0.45,5.077841820265096,,0,0,,0,0,0,0,0,,,,True,False,True,True,False
2026-08-14,20.45,22.42,19.6,22.09,935221.65,8.019559902200491,20.93006667703403,,,,,,,,,,,,,,,,,,,,19.718916666666665,17.11368,0.9,0.5,5.8276946345228,,0,0,,0,0,0,0,0,,,,True,False,True,True,False
2026-08-17,21.0,21.18,20.12,21.09,684850.23,-4.526935264825715,14.675621379175755,,,,,,,,,,,,,,,,,,,,19.767166666666665,17.147280000000002,1.1111111111111112,0.5,6.194745067385193,,0,0,,0,0,0,0,0,,,,True,False,False,False,False
2026-08-18,20.67,20.8,20.03,20.27,464456.39,-3.888098624940728,9.773434802320802,,,,,,,,,,,,,,,,,,,,19.81083333333333,17.177799999999998,0.9,0.45,6.309889461924561,,0,0,,0,0,0,0,0,,,,False,False,False,False,False
2026-08-19,19.18,19.5,18.24,18.29,495687.71,-9.76813024173656,10.430627331872214,,,,,,,,,,,,,,,,,,,,19.8375,17.200200000000002,0.9,0.45,6.536790812560686,,0,0,,0,0,0,0,0,,,,False,False,False,False,False
2026-08-20,18.24,18.36,17.61,17.74,290382.99,-3.007107709130674,6.110453600321816,,,,,,,,,,,,,,,,,,,,19.856749999999998,17.22084,0.9,0.45,6.6303840505936105,,0,0,,0,0,0,0,0,,,,False,False,False,False,False
2026-08-21,17.65,18.18,17.25,18.07,242499.73,1.8602029312288826,5.10285863595374,,,,,,,,,,,,,,,,,,,,19.88025,17.241880000000002,1.1111111111111112,0.5,6.739577723643267,,0,0,,0,0,0,0,0,,,,True,False,False,False,False
2026-08-24,17.9,18.62,16.8,18.57,426771.9,2.767017155506357,8.740972063287836,18.588,19.351,18.679499999999997,19.24833333333333,22.508,21.0904,18.2004,45.30087956002167,-0.5700572756572839,-0.6613838522093407,383959.74400000006,426757.13300000003,45.18027746025959,28.910600831781068,39.835667850927365,7.060466793488473,21.41162063384734,18.679499999999997,15.947379366152656,19.91125,17.26408,1.1111111111111112,0.5,7.005937460472777,1.111501678675981,0,0,-0.17496001421716723,0,0,1,0,0,0.4799606213130859,0.2925260990762431,45.18027746025959,True,False,False,False,False
2026-08-25,17.85,18.63,17.59,18.37,327426.05,-1.0770059235325702,6.706209935196498,18.208,19.353,18.6685,19.108999999999998,22.363,21.1386,18.21625,44.494025867531796,-0.5770923784125621,-0.644525557449985,356553.676,441908.83200000005,43.06444898932039,28.585714908020115,36.08568353662495,13.585777650810442,21.40390740735456,18.6685,15.933092592645442,19.94708333333333,17.285239999999998,1.375,0.5,7.172160331497359,0.918307879120001,0,0,-0.17855386128873585,0,0,1,0,0,0.44543774371645023,0.29305058331998374,43.06444898932039,True,True,False,False,False
2026-08-26,17.95,18.12,17.35,17.49,378511.61,-4.790419161676662,7.519675257576837,18.048,19.243,18.623,18.916666666666668,22.158166666666666,21.1706,18.2289,41.03113322145245,-0.6462270899340758,-0.6448658639468032,333118.456,463631.475,34.527059756105544,23.149669962404857,31.77367901188492,5.901651863444734,21.40705308479329,18.623,15.83894691520671,19.977,17.3038,1.2222222222222223,0.5,7.376600644466296,1.1362673042648828,0,0,-0.210674770024596,0,0,1,0,0,0.29651968452244426,0.29899082691223644,34.527059756105544,False,False,False,False,False
2026-08-27,17.4,18.28,17.28,18.16,396372.47,3.8307604345340307,7.874506822772536,18.131999999999998,19.014,18.688,18.785999999999998,21.942833333333333,21.2162,18.244899999999998,44.568428620853034,-0.639580757480168,-0.6438088426534763,354316.352,464218.07300000003,44.56732919739695,25.783189411770664,29.77684914518017,17.795869944951654,21.357071196620883,18.688,16.018928803379115,20.007833333333334,17.32316,1.5,0.55,7.536257479139211,1.1186965201086738,0,0,-0.17239493532436556,1,1,1,0,0,0.4010891877540657,0.28564546196713225,44.56732919739695,True,True,False,False,False
2026-08-28,18.0,18.99,17.99,18.16,412686.98,0.0,8.187969440700673,18.15,18.621000000000002,18.7335,18.729,21.759999999999998,21.261099999999995,18.2639,44.568428620853034,-0.6270848473526875,-0.6404640435933185,388353.802,411964.60599999997,44.56732919739695,28.522126274513774,29.35860818829137,26.849162446958587,21.329377500961797,18.7335,16.1376224990382,20.039833333333334,17.34176,1.8571428571428572,0.5,7.7194468922159505,1.062657241604654,0,0,-0.1654411764705882,0,1,1,0,0,0.38953638995146883,0.27713748108594743,44.56732919739695,True,True,False,False,False
2026-08-31,17.89,18.88,17.7,18.86,490217.61,3.854625550660784,9.726225939992874,18.208000000000002,18.398,18.834,18.752000000000002,21.557833333333335,21.308899999999998,18.2829,48.324435515489306,-0.5543078824681693,-0.6232328113682888,401042.94399999996,392501.34400000004,54.95884245067923,44.446849615107936,34.388021997230226,64.56450485086336,21.27378773882606,18.834,16.39421226117394,20.0795,17.36232,2.3333333333333335,0.55,8.016862264890733,1.2223569005118815,0,0,-0.12514399251625485,0,1,1,1,1,0.5053283323762644,0.2590833321467621,54.95884245067923,True,True,False,False,False
2026-09-01,18.92,18.97,18.3,18.67,372816.86,-1.0074231177094273,7.396921164457335,18.268,18.238,18.898,18.708000000000002,21.404,21.340700000000002,18.2995,47.38588335032243,-0.5061286890974728,-0.5998119869141256,410121.106,383337.391,51.796216456880686,58.09394236136576,42.28999545194207,89.70183618021316,21.243635140111515,18.898,16.552364859888485,20.113083333333336,17.379,1.8571428571428572,0.5,8.146276268055765,0.9090409016891707,0,0,-0.12773313399364594,0,0,1,0,1,0.4513990909964884,0.24824162769727115,51.796216456880686,False,True,False,False,False
2026-09-02,18.49,19.99,18.49,19.62,705186.91,5.088377075522232,13.991352160085436,18.694,18.371,18.9635,18.706000000000003,21.3105,21.380399999999998,18.31625,52.36728593579897,-0.3868301337318556,-0.5572156162776717,475456.166,404287.31100000005,64.16800520836728,68.19637954707562,50.92545681698658,102.7382250072537,21.31315865382045,18.9635,16.613841346179548,20.153916666666664,17.40132,1.8571428571428572,0.5,8.516843869630321,1.483179650256129,0,0,-0.07932709227845425,0,0,1,0,1,0.6397011431708512,0.24780854312974418,64.16800520836728,True,True,True,True,False
2026-09-03,20.1,20.99,19.45,19.64,758061.13,0.10193679918450993,15.040409965497384,18.990000000000002,18.561,19.0075,18.707333333333334,21.247666666666664,21.421599999999998,18.3355,52.46931279691231,-0.2873588423914768,-0.5032442615004328,547793.8979999999,451055.125,64.3988409964368,68.0577295628078,56.63621439892698,90.90075989056942,21.374010867122774,19.0075,16.640989132877227,20.196833333333338,17.423920000000003,1.5,0.5,8.992347213390113,1.383843691519178,0,0,-0.07566321007796917,0,0,1,0,0,0.6336355578981557,0.24900811438882267,64.3988409964368,False,True,False,False,False
2026-09-04,19.99,20.32,19.15,19.61,582500.11,-0.15274949083503575,11.55716882535228,19.28,18.714999999999996,19.0315,18.731333333333335,21.1975,21.4623,18.35555,52.28839119687151,-0.20854391222574975,-0.4443041916454962,581756.524,485055.16300000006,63.66063826342117,66.30623120898775,59.85955333561391,79.19958695573544,21.412930574034657,19.0315,16.650069425965345,20.240916666666667,17.446399999999997,1.2222222222222223,0.45,9.299992149219552,1.0012781738911793,0,0,-0.07489090694657397,0,0,1,0,0,0.6214606057190016,0.25026199448647307,63.66063826342117,False,True,False,False,False
