date,open,high,low,close,volume,change_rate,turnover,MA5,MA10,MA20,MA30,MA60,MA100,MA200,RSI14,DIF,DEA,VOL_MA5,VOL_MA10,RSI6,K,D,J,BOLL_UPPER,BOLL_MIDDLE,BOLL_LOWER,MA120,MA250,updown_ratio_20,up_days_ratio_20,turnover_ma20,vol_ratio,ma_bull,dif_above_zero,bias60,macd_gold,macd_gold3,dif_below0,kdj_gold,kdj_gold3,boll_pos,boll_width,rsi6,is_yang,above_ma5,break_high5,break_high10,break_close40
2024-08-14,15.81,15.97,15.68,15.8,4557.0,0.0,0.11363707631926642,,,,,,,,,,,,,,,,,,,,,,,,,,0,0,,0,0,0,0,0,,,,False,False,False,False,False
2024-08-15,15.86,15.96,15.64,15.87,5771.0,0.44303797468352446,0.14391037249034155,,,,,,,,,,,,,,,,,,,,,,,,,,0,0,,0,0,0,0,0,,,,True,False,False,False,False
2024-08-16,16.01,16.06,15.59,15.62,6551.5,-1.5752993068683052,0.1633735583729809,,,,,,,,,,,,,,,,,,,,,,,,,,0,0,,0,0,0,0,0,,,,False,False,False,False,False
2024-08-19,15.56,15.74,15.49,15.62,4770.5,0.0,0.11896108680734266,,,,,,,,,,,,,,,,,,,,,,,,,,0,0,,0,0,0,0,0,,,,True,False,False,False,False
2024-08-20,15.65,15.79,15.28,15.51,9645.93,-0.7042253521126751,0.2405387938512841,,,,,,,,,,,,,,,,,,,,,,,,,,0,0,,0,0,0,0,0,,,,False,False,False,False,False
2024-08-21,15.51,15.85,15.35,15.84,7115.0,2.127659574468077,0.17742545490708372,,,,,,,,,,,,,,,,,,,,,,,,,,0,0,,0,0,0,0,0,,,,True,False,False,False,False
2024-08-22,15.97,16.12,15.76,15.84,5627.0,0.0,0.14031947080283347,,,,,,,,,,,,,,,,,,,,,,,,,,0,0,,0,0,0,0,0,,,,False,False,False,False,False
2024-08-23,15.94,16.0,15.56,15.77,7324.0,-0.4419191919191934,0.18263724971742534,,,,,,,,,,,,,,,,,,,,,,,,,,0,0,,0,0,0,0,0,,,,False,False,False,False,False
2024-08-26,15.77,16.05,15.7,16.0,6180.0,1.4584654407102216,0.15410953075555553,,,,,,,,,,,,,,,,,,,,,,,,,,0,0,,0,0,0,0,0,,,,True,False,False,False,False
2024-08-27,16.02,16.02,15.66,15.78,4495.0,-1.375000000000004,0.11209099364825599,,,,,,,,,,,,,,,,,,,,,,,,,,0,0,,0,0,0,0,0,,,,False,False,False,False,False
2024-08-28,15.8,16.27,15.6,16.26,13161.0,3.041825095057038,0.32819345214787476,,,,,,,,,,,,,,,,,,,,,,,,,,0,0,,0,0,0,0,0,,,,True,False,True,True,False
2024-08-29,16.35,16.38,16.12,16.32,6314.0,0.36900369003689537,0.15745106427032,,,,,,,,,,,,,,,,,,,,,,,,,,0,0,,0,0,0,0,0,,,,False,False,True,True,False
2024-08-30,16.45,16.45,16.15,16.25,10250.0,-0.42892156862744946,0.2556023770622078,,,,,,,,,,,,,,,,,,,,,,,,,,0,0,,0,0,0,0,0,,,,False,False,False,False,False
2024-09-02,16.24,16.39,16.04,16.19,7918.0,-0.36923076923076614,0.19744971917839618,,,,,,,,,,,,,,,,,,,,,,,,,,0,0,,0,0,0,0,0,,,,False,False,False,False,False
2024-09-03,16.14,16.38,16.04,16.36,5347.0,1.0500308832612548,0.1333371619660122,,,,,,,,,,,,,,,,,,,,,,,,,,0,0,,0,0,0,0,0,,,,True,False,False,False,False
2024-09-04,16.32,16.52,16.19,16.42,8053.0,0.3667481662591898,0.20081618951043506,,,,,,,,,,,,,,,,,,,,,,,,,,0,0,,0,0,0,0,0,,,,True,False,False,False,False
2024-09-05,16.58,16.64,16.44,16.59,7666.0,1.0353227771010776,0.19116564122525706,,,,,,,,,,,,,,,,,,,,,,,,,,0,0,,0,0,0,0,0,,,,True,False,True,True,False
2024-09-06,16.75,17.75,16.55,17.08,27831.85,2.9535864978902815,0.6940377578574446,,,,,,,,,,,,,,,,,,,,,,,,,,0,0,,0,0,0,0,0,,,,True,False,True,True,False
2024-09-09,17.02,17.39,16.81,17.11,12124.15,0.17564402810306134,0.3023377131569528,,,,,,,,,,,,,,,,,,,,,,,,,,0,0,,0,0,0,0,0,,,,True,False,False,False,False
2024-09-10,17.08,17.36,16.87,17.29,10702.0,1.0520163646990044,0.2668738184702193,,,,,,,,,,,,,,,,,,,,,,1.2222222222222223,0.55,0.21371342412587446,,0,0,,0,0,0,0,0,,,,True,False,False,False,False
2024-09-11,17.18,17.72,17.08,17.48,12849.85,1.0989010989011172,0.3204343614529571,,,,,,,,,,,,,,,,,,,,,,1.5,0.6,0.224053288382559,,0,0,,0,0,0,0,0,,,,True,False,False,False,False
2024-09-12,17.52,17.82,17.44,17.72,8597.7,1.3729977116704761,0.2143992738797799,,,,,,,,,,,,,,,,,,,,,,1.5,0.6,0.22757773345203094,,0,0,,0,0,0,0,0,,,,True,False,False,False,False
2024-09-13,17.68,17.94,16.49,16.59,24879.0,-6.376975169300225,0.6204030769688456,,,,,,,,,,,,,,,,,,,,,,1.5,0.6,0.25042920938182417,,0,0,,0,0,0,0,0,,,,False,False,False,False,False
2024-09-18,16.52,16.77,15.88,16.07,24117.5,-3.1344183242917434,0.6014136906144191,,,,,,,,,,,,,,,,,,,,,,1.2222222222222223,0.6,0.27455183957217794,,0,0,,0,0,0,0,0,,,,False,False,False,False,False
2024-09-19,16.05,16.25,15.79,16.0,17515.0,-0.43559427504666903,0.4367683545604457,,,,,,,,,,,,,,,,,,,,,,1.2222222222222223,0.6,0.284363317607636,,0,0,,0,0,0,0,0,,,,False,False,False,False,False
2024-09-20,15.96,16.11,15.57,15.67,12542.0,-2.0625000000000004,0.31275756225504486,,,,,,,,,,,,,,,,,,,,,,1.0,0.55,0.2911299229750341,,0,0,,0,0,0,0,0,,,,False,False,False,False,False
2024-09-23,15.66,15.71,15.13,15.32,14933.2,-2.233567326100827,0.3723864797214987,,,,,,,,,,,,,,,,,,,,,,1.0,0.55,0.3027332734209674,,0,0,,0,0,0,0,0,,,,False,False,False,False,False
2024-09-24,15.42,15.67,14.89,15.63,17275.0,2.0234986945169675,0.43078351841459894,,,,,,,,,,,,,,,,,,,,,,1.2222222222222223,0.6,0.315140586855826,,0,0,,0,0,0,0,0,,,,True,False,False,False,False
2024-09-25,15.67,16.02,15.6,15.61,17985.0,-0.1279590531030106,0.44848865867939575,,,,,,,,,,,,,,,,,,,,,,1.0,0.55,0.32985954325201805,,0,0,,0,0,0,0,0,,,,False,False,False,False,False
2024-09-26,15.55,16.33,15.44,16.29,23528.0,4.356181934657277,0.5867134368311828,,,,,,,,,,,,,,,,,,,,,,1.2222222222222223,0.6,0.3535906654111644,,0,0,,0,0,0,0,0,,,,True,False,True,False,False
2024-09-27,16.35,16.83,16.35,16.76,13786.3,2.885205647636613,0.3437864439895332,,,,,,,,,,,,,,,,,,,,,,1.2222222222222223,0.6,0.35437031500324734,,0,0,,0,0,0,0,0,,,,True,False,True,False,False
2024-09-30,17.03,18.41,17.03,18.12,55691.85,8.11455847255369,1.3887774871211627,,,,,,,,,,,,,,,,,,,,,,1.5,0.6,0.4159366361457894,,0,0,,0,0,0,0,0,,,,True,False,True,True,False
2024-10-08,19.93,19.93,17.71,19.13,69141.99,5.573951434878577,1.7241811706157462,,,,,,,,,,,,,,,,,,,,,,1.5,0.65,0.4893655758234664,,0,0,,0,0,0,0,0,,,,False,False,True,True,False
2024-10-09,19.0,19.0,18.09,18.25,51425.0,-4.600104547830631,1.2823758283340523,,,,,,,,,,,,,,,,,,,,,,1.5,0.65,0.5436118812812492,,0,0,,0,0,0,0,0,,,,False,False,False,False,False
2024-10-10,18.59,18.79,17.96,18.35,33749.61,0.5479452054794498,0.8416078576509716,,,,,,,,,,,,,,,,,,,,,,1.2222222222222223,0.65,0.5790254160654971,,0,0,,0,0,0,0,0,,,,False,False,False,False,False
2024-10-11,18.35,18.73,17.91,18.53,28392.6,0.9809264305177035,0.708021078144043,,,,,,,,,,,,,,,,,,,,,,1.2222222222222223,0.65,0.6043856604971776,,0,0,,0,0,0,0,0,,,,True,False,False,False,False
2024-10-14,18.54,19.29,18.25,19.26,42608.0,3.9395574743658957,1.0625079104260047,,,,,,,,,,,,,,,,,,,,,,1.2222222222222223,0.65,0.6479527739572148,,0,0,,0,0,0,0,0,,,,True,False,False,False,False
2024-10-15,19.02,20.45,19.02,20.14,46170.0,4.569055036344749,1.1513328535572813,,,,,,,,,,,,,,,,,,,,,,1.2222222222222223,0.65,0.6708175287422067,,0,0,,0,0,0,0,0,,,,True,False,True,True,False
2024-10-16,19.65,21.65,19.65,21.12,54545.0,4.86593843098313,1.3601786982300608,,,,,,,,,,,,,,,,,,,,,,1.2222222222222223,0.65,0.7237095779958622,,0,0,,0,0,0,0,0,,,,True,False,True,True,False
2024-10-17,21.43,21.62,20.83,21.03,48887.31,-0.42613636363636465,1.2190939165050771,,,,,,,,,,,,,,,,,,,,,,1.0,0.6,0.7713205828976051,,0,0,,0,0,0,0,0,,,,False,False,False,False,False
2024-10-18,20.78,21.67,20.55,21.47,44669.6,2.0922491678554422,1.1139176529188288,,,,,,,,,,,,,,,,,,,,,,1.0,0.6,0.8109947474708987,,0,0,,0,0,0,0,0,,,,True,False,False,False,True
2024-10-21,21.47,23.08,21.44,22.91,49637.28,6.707033069399171,1.2377957813563303,,,,,,,,,,,,,,,,,,,,,,1.0,0.6,0.862164572844726,,0,0,,0,0,0,0,0,,,,True,False,True,True,True
2024-10-22,22.29,22.42,21.36,21.56,76970.68,-5.892623308598877,1.8929838005327497,,,,,,,,,,,,,,,,,,,,,,1.0,0.6,0.9257936090229213,,0,0,,0,0,0,0,0,,,,False,False,False,False,False
2024-10-23,20.86,20.86,19.68,19.79,74746.68,-8.209647495361782,1.8382877010259657,,,,,,,,,,,,,,,,,,,,,,1.0,0.6,0.9876373095434987,,0,0,,0,0,0,0,0,,,,False,False,False,False,False
2024-10-24,19.77,20.08,19.27,19.77,38638.01,-0.1010611419908991,0.9502466005863842,,,,,,,,,,,,,,,,,,,,,,1.1111111111111112,0.6,1.0133112218447957,,0,0,,0,0,0,0,0,,,,False,False,False,False,False
2024-10-25,19.64,19.82,19.42,19.62,30307.82,-0.7587253414263917,0.7453774903568797,,,,,,,,,,,,,,,,,,,,,,1.1111111111111112,0.6,1.0349422182498873,,0,0,,0,0,0,0,0,,,,False,False,False,False,False
2024-10-28,19.63,20.82,19.58,20.65,65590.71,5.249745158002028,1.6084015710973085,,,,,,,,,,,,,,,,,,,,,,1.375,0.65,1.096742972818678,,0,0,,0,0,0,0,0,,,,True,False,False,False,False
2024-10-29,20.46,21.16,20.27,20.83,51794.18,0.8716707021791725,1.2700859692736486,,,,,,,,,,,,,,,,,,,,,,1.375,0.65,1.1387080953616304,,0,0,,0,0,0,0,0,,,,True,False,False,False,False
2024-10-30,20.21,20.4,18.75,19.19,92545.74,-7.873259721555437,2.26938713751327,,,,,,,,,,,,,,,,,,,,,,1.375,0.65,1.2297530193033241,,0,0,,0,0,0,0,0,,,,False,False,False,False,False
2024-10-31,19.03,19.77,18.99,19.75,55005.36,2.9181865554976483,1.3488298486595596,,,,,,,,,,,,,,,,,,,,,,1.375,0.65,1.267858839894743,,0,0,,0,0,0,0,0,,,,True,False,False,False,False
2024-11-01,19.42,19.71,19.15,19.3,25169.69,-2.278481012658229,0.6172058350951258,,,,,,,,,,,,,,,,,,,,,,1.1111111111111112,0.6,1.2815298094500225,,0,0,,0,0,0,0,0,,,,False,False,False,False,False
2024-11-04,19.15,19.82,19.15,19.37,23796.75,0.36269430051814044,0.5835388896843757,,,,,,,,,,,,,,,,,,,,,,1.1111111111111112,0.6,1.241267879578183,,0,0,,0,0,0,0,0,,,,True,False,False,False,False
2024-11-05,19.4,20.09,19.2,19.93,52145.63,2.891068662880736,1.2787041521254907,,,,,,,,,,,,,,,,,,,,,,1.375,0.6,1.2189940286536705,,0,0,,0,0,0,0,0,,,,True,False,False,False,False
2024-11-06,19.94,20.23,19.33,20.13,51359.39,1.0035122930255769,1.2594241405009856,,,,,,,,,,,,,,,,,,,,,,1.7142857142857142,0.65,1.2178464442620172,,0,0,,0,0,0,0,0,,,,True,False,False,False,False
2024-11-07,19.95,20.68,19.8,20.31,56758.35,0.8941877794336861,1.3918163000963235,,,,,,,,,,,,,,,,,,,,,,2.1666666666666665,0.65,1.2453568663842847,,0,0,,0,0,0,0,0,,,,True,False,True,False,False
2024-11-08,20.31,20.35,19.86,20.16,56189.36,-0.738552437223039,1.359776159370543,,,,,,,,,,,,,,,,,,,,,,1.7142857142857142,0.6,1.2779446204456097,,0,0,,0,0,0,0,0,,,,False,False,False,False,False
2024-11-11,20.11,20.63,19.8,20.47,50835.94,1.5376984126983961,1.2302240006149094,,,,,,,,,,,,,,,,,,,,,,1.7142857142857142,0.6,1.2863304249550551,,0,0,,0,0,0,0,0,,,,True,False,False,False,False
2024-11-12,20.6,21.46,20.49,20.86,87398.46,1.9052271617000516,2.1150328509472263,,,,,,,,,,,,,,,,,,,,,,1.7142857142857142,0.6,1.334515424824552,,0,0,,0,0,0,0,0,,,,True,False,True,False,False
2024-11-13,20.49,21.74,20.46,21.67,75286.47,3.8830297219559107,1.8219240622987274,,,,,,,,,,,,,,,,,,,,,,1.7142857142857142,0.6,1.3576026930279856,,0,0,,0,0,0,0,0,,,,True,False,True,True,False
2024-11-14,21.44,22.25,21.36,21.36,64294.12,-1.4305491462851982,1.5296584939935691,,,,,,,,,,,,,,,,,,,,,,1.7142857142857142,0.6,1.3731309219024102,,0,0,,0,0,0,0,0,,,,False,False,False,False,False
2024-11-15,21.22,21.57,19.22,19.22,104346.41,-10.018726591760307,2.482565627684701,,,,,,,,,,,,,,,,,,,,,,1.375,0.55,1.4415633206407037,,0,0,,0,0,0,0,0,,,,False,False,False,False,False
2024-11-18,18.8,19.77,18.24,19.39,65491.22,0.8844953173777315,1.5581393905850411,,,,,,,,,,,,,,,,,,,,,,1.375,0.55,1.4575805011021392,,0,0,,0,0,0,0,0,,,,True,False,False,False,False
2024-11-19,19.23,19.74,19.06,19.57,34762.65,0.9283135636926287,0.8270582573682562,,,,,,,,,,,,,,,,,,,,,,1.7142857142857142,0.6,1.4042842239439146,,0,0,,0,0,0,0,0,,,,True,False,False,False,False
2024-11-20,19.57,19.72,19.32,19.41,28526.84,-0.817577925396018,0.6786985048212107,,,,,,,,,,,,,,,,,,,,,,1.7142857142857142,0.6,1.3463047641336767,,0,0,,0,0,0,0,0,,,,False,False,False,False,False
2024-11-21,19.43,19.43,18.85,19.04,26061.63,-1.9062339000515238,0.6200472717694497,,,,,,,,,,,,,,,,,,,,,,1.5,0.6,1.3297947976928302,,0,0,,0,0,0,0,0,,,,False,False,False,False,False
2024-11-22,19.11,19.21,18.38,18.51,31008.16,-2.7836134453781414,0.7377330201752762,,,,,,,,,,,,,,,,,,,,,,1.5,0.6,1.32941257418375,,0,0,,0,0,0,0,0,,,,False,False,False,False,False
2024-11-25,18.5,18.99,18.42,18.94,14571.67,2.3230686115613075,0.34668300596028484,,,,,,,,,,,,,,,,,,,,,,1.5,0.6,1.2663266459268987,,0,0,,0,0,0,0,0,,,,True,False,False,False,False
2024-11-26,18.91,19.21,18.84,19.13,18170.64,1.0031678986272219,0.4323081771287842,,,,,,,,,,,,,,,,,,,,,,1.5,0.6,1.2244377563196553,,0,0,,0,0,0,0,0,,,,True,False,False,False,False
2024-11-27,19.08,19.37,18.77,19.37,13539.95,1.254573967590189,0.32213676034057587,,,,,,,,,,,,,,,,,,,,,,1.8571428571428572,0.65,1.1270752374610207,,0,0,,0,0,0,0,0,,,,True,False,False,False,False
2024-11-28,19.37,19.47,19.1,19.43,14839.11,0.30975735673721694,0.3530458252606134,,,,,,,,,,,,,,,,,,,,,,1.8571428571428572,0.65,1.0772860362910737,,0,0,,0,0,0,0,0,,,,True,False,False,False,False
2024-11-29,19.35,19.89,19.35,19.6,20379.6,0.8749356664951247,0.48486171466536165,,,,,,,,,,,,,,,,,,,,,,2.3333333333333335,0.7,1.0706688302695853,,0,0,,0,0,0,0,0,,,,True,False,True,False,False
2024-12-02,19.62,19.8,19.35,19.8,18185.61,1.0204081632652962,0.4326633519222922,,,,,,,,,,,,,,,,,,,,,,2.3333333333333335,0.7,1.0631250533814813,,0,0,,0,0,0,0,0,,,,True,False,False,False,False
2024-12-03,19.85,19.85,19.57,19.67,20189.41,-0.6565656565656552,0.4803368049756619,,,,,,,,,,,,,,,,,,,,,,1.8571428571428572,0.65,1.0232066860239897,,0,0,,0,0,0,0,0,,,,False,False,False,False,False
2024-12-04,19.67,19.71,19.41,19.61,16585.58,-0.30503304524658326,0.394596201962724,,,,,,,,,,,,,,,,,,,,,,1.5,0.6,0.9799652890970766,,0,0,,0,0,0,0,0,,,,False,False,False,False,False
2024-12-05,19.52,19.7,19.41,19.56,10726.0,-0.2549719530851591,0.2551878717688605,,,,,,,,,,,,,,,,,,,,,,1.5,0.55,0.9231338676807035,,0,0,,0,0,0,0,0,,,,True,False,False,False,False
2024-12-06,19.6,19.6,19.35,19.4,15379.75,-0.8179959100204526,0.3659076702253526,,,,,,,,,,,,,,,,,,,,,,1.5,0.55,0.8734404432234438,,0,0,,0,0,0,0,0,,,,False,False,False,False,False
2024-12-09,19.59,19.82,19.33,19.58,19547.35,0.9278350515463885,0.4650612199534808,,,,,,,,,,,,,,,,,,,,,,1.2222222222222223,0.55,0.8351823041903724,,0,0,,0,0,0,0,0,,,,False,False,False,False,False
2024-12-10,20.22,20.22,19.33,19.41,23739.49,-0.8682328907047898,0.5647986136470395,,,,,,,,,,,,,,,,,,,,,,1.0,0.5,0.7576705923253632,,0,0,,0,0,0,0,0,,,,False,False,False,False,False
2024-12-11,19.41,19.47,19.16,19.27,18848.7,-0.7212776919113928,0.4484392726654597,,,,,,,,,,,,,,,,,,,,,,0.8181818181818182,0.45,0.6889963528436998,,0,0,,0,0,0,0,0,,,,False,False,False,False,False
2024-12-12,19.33,19.36,19.06,19.25,19889.6,-0.10378827192526474,0.473203868574858,,,,,,,,,,,,,,,,,,,,,,0.8181818181818182,0.45,0.6361736215727642,,0,0,,0,0,0,0,0,,,,False,False,False,False,False
2024-12-13,19.25,19.35,18.57,18.81,22097.44,-2.285714285714291,0.525731743906404,,,,,,,,,,,,,,,,,,,,,,0.8181818181818182,0.45,0.5383319273838494,,0,0,,0,0,0,0,0,,,,False,False,False,False,False
2024-12-16,18.84,18.88,18.3,18.44,14909.49,-1.9670388091440616,0.3547194687916379,,,,,,,,,,,,,,,,,,,,,,0.6666666666666666,0.4,0.4781609312941792,,0,0,,0,0,0,0,0,,,,False,False,False,False,False
2024-12-17,18.26,18.54,17.99,18.11,19152.04,-1.7895878524945896,0.45565619314116046,,,,,,,,,,,,,,,,,,,,,,0.5384615384615384,0.35,0.45959082808282437,,0,0,,0,0,0,0,0,,,,False,False,False,False,False
2024-12-18,18.25,18.56,18.05,18.12,19390.12,0.0552181115405892,0.4613204788497871,,,,,,,,,,,,,,,,,,,,,,0.5384615384615384,0.4,0.44872192678425316,,0,0,,0,0,0,0,0,,,,False,False,False,False,False
2024-12-19,18.06,18.18,17.77,18.18,9551.81,0.3311258278145601,0.22725210380761882,,,,,,,,,,,,,,,,,,,,,,0.6666666666666666,0.45,0.42908216838616176,,0,0,,0,0,0,0,0,,,,True,False,False,False,False
2024-12-20,18.18,18.33,17.82,18.06,10646.14,-0.660066006600668,0.25328788077133474,,,,,,,,,,,,,,,,,,,,,,0.6666666666666666,0.45,0.40485991141596456,,0,0,,0,0,0,0,0,,,,False,False,False,False,False
2024-12-23,18.07,18.19,17.47,17.57,13495.0,-2.713178294573637,0.3210665979415227,,,,,,,,,,,,,,,,,,,,,,0.5384615384615384,0.4,0.4035790910150265,,0,0,,0,0,0,0,0,,,,False,False,False,False,False
2024-12-24,17.55,17.67,17.27,17.66,11513.77,0.512236767216856,0.2739301195539952,,,,,,,,,,,,,,,,,,,,,,0.5384615384615384,0.4,0.395660188136287,,0,0,,0,0,0,0,0,,,,True,False,False,False,False
2024-12-25,17.74,18.17,17.46,17.72,15129.0,0.3397508493771184,0.35994194592495715,,,,,,,,,,,,,,,,,,,,,,0.42857142857142855,0.4,0.3975504474155061,,0,0,,0,0,0,0,0,,,,False,False,False,False,False
2024-12-26,17.65,18.77,17.47,18.54,23686.45,4.627539503386013,0.5635367112865491,,,,,,,,,,,,,,,,,,,,,,0.42857142857142855,0.4,0.40807499171680284,,0,0,,0,0,0,0,0,,,,True,False,True,False,False
2024-12-27,18.54,18.81,18.2,18.25,13598.97,-1.5641855447680597,0.32354020254974647,,,,,,,,,,,,,,,,,,,,,,0.3333333333333333,0.35,0.4000089161110222,,0,0,,0,0,0,0,0,,,,False,False,False,False,False
2024-12-30,18.25,18.34,17.81,18.15,11845.29,-0.5479452054794609,0.2818174851375131,,,,,,,,,,,,,,,,,,,,,,0.25,0.3,0.3924666227717832,,0,0,,0,0,0,0,0,,,,False,False,False,False,False
2024-12-31,18.19,18.36,17.95,18.03,16211.71,-0.6611570247933796,0.3857005046719202,,,,,,,,,,,,,,,,,,,,,,0.25,0.3,0.38773480775659613,,0,0,,0,0,0,0,0,,,,False,False,False,False,False
2025-01-02,18.01,18.43,17.47,17.66,25157.83,-2.0521353300055556,0.5985419013447918,,,,,,,,,,,,,,,,,,,,,,0.25,0.3,0.3979320927256995,,0,0,,0,0,0,0,0,,,,False,False,False,False,False
2025-01-03,17.58,17.86,17.08,17.1,19270.39,-3.171007927519809,0.4584710155945748,,,,,,,,,,,,,,,,,,,,,,0.17647058823529413,0.3,0.4080962499169852,,0,0,,0,0,0,0,0,,,,False,False,False,False,False
2025-01-06,17.06,17.19,16.59,16.82,11950.68,-1.6374269005848041,0.2843243129301365,,,,,,,,,,,,,,,,,,,,,,0.17647058823529413,0.3,0.40401708205222436,,0,0,,0,0,0,0,0,,,,False,False,False,False,False
2025-01-07,16.69,18.05,16.69,17.36,28123.11,3.210463733650415,0.6690902884361937,,,,,,,,,,,,,,,,,,,,,,0.25,0.3,0.41421853547636,,0,0,,0,0,0,0,0,,,,True,False,False,False,False
2025-01-08,17.31,18.44,17.17,18.08,24726.96,4.147465437788012,0.5882908682059069,,,,,,,,,,,,,,,,,,,,,,0.3333333333333333,0.35,0.4153931482043034,,0,0,,0,0,0,0,0,,,,True,False,False,False,False
2025-01-09,18.02,18.26,17.93,18.15,9126.5,0.38716814159291957,0.21713290306132293,,,,,,,,,,,,,,,,,,,,,,0.42857142857142855,0.4,0.4038278297240966,,0,0,,0,0,0,0,0,,,,True,False,False,False,False
2025-01-10,18.3,18.35,17.66,17.79,9938.0,-1.983471074380161,0.23643968559945513,,,,,,,,,,,,,,,,,,,,,,0.42857142857142855,0.4,0.39198962057532644,,0,0,,0,0,0,0,0,,,,False,False,False,False,False
2025-01-13,17.84,18.04,17.47,17.72,8550.78,-0.393479482855541,0.20343567466593973,,,,,,,,,,,,,,,,,,,,,,0.42857142857142855,0.4,0.3758748171133032,,0,0,,0,0,0,0,0,,,,False,False,False,False,False
2025-01-14,17.83,18.23,17.64,18.19,20402.59,2.6523702031602925,0.4854077243926934,,,,,,,,,,,,,,,,,,,,,,0.5384615384615384,0.45,0.382409229893356,,0,0,,0,0,0,0,0,,,,True,False,False,False,False
2025-01-15,18.19,18.84,18.18,18.64,25370.78,2.4738867509620732,0.603586027731363,,,,,,,,,,,,,,,,,,,,,,0.6666666666666666,0.5,0.38980572162286614,,0,0,,0,0,0,0,0,,,,True,False,True,True,False
2025-01-16,18.64,18.8,18.33,18.58,14849.19,-0.32188841201717944,0.35327110980144405,,,,,,,,,,,,,,,,,,,,,,0.6666666666666666,0.45,0.384403253170449,,0,0,,0,0,0,0,0,,,,False,False,False,False,False
2025-01-17,18.38,18.63,18.38,18.47,7712.95,-0.5920344456404658,0.18349569278479486,,,,,,,,,,,,,,,,,,,,,,0.6666666666666666,0.4,0.3822154326193078,,0,0,,0,0,0,0,0,,,,True,False,False,False,False
2025-01-20,18.64,18.74,18.43,18.57,7979.0,0.5414185165132812,0.18982518138064916,,,,,,,,,,,,,,,,,,,,,,0.6666666666666666,0.45,0.3790422976497735,,0,0,,0,0,0,0,0,,,,False,False,False,False,False
2025-01-21,18.59,18.73,18.45,18.61,6722.0,0.2154011847065096,0.1599203997043143,,,,,,,,,,,,,,,,,,,,,,0.8181818181818182,0.5,0.3709849877379131,,0,0,,0,0,0,0,0,,,,True,False,False,False,False
2025-01-22,18.62,18.62,18.07,18.12,11052.38,-2.6329930145083225,0.26294272943825786,,,,,,,,,,,,,,,,,,,,,,0.6666666666666666,0.45,0.37043561823212623,,0,0,,0,0,0,0,0,,,,False,False,False,False,False
2025-01-23,18.45,18.63,18.1,18.56,16326.33,2.428256070640167,0.3884131537198062,,,,,,,,,,,,,,,,,,,,,,0.8181818181818182,0.45,0.3718591786218687,,0,0,,0,0,0,0,0,,,,True,False,False,False,False
2025-01-24,18.55,18.57,18.18,18.41,8081.07,-0.8081896551724088,0.19225348771772435,,,,,,,,,,,,,,,,,,,,,,0.6666666666666666,0.4,0.3532950174434274,,0,0,,0,0,0,0,0,,,,False,False,False,False,False
2025-01-27,18.45,19.51,18.45,19.22,31816.21,4.3997827267789225,0.756926661748944,,,,,,,,,,,,,,,,,,,,,,0.8181818181818182,0.45,0.3749643404033873,,0,0,,0,0,0,0,0,,,,True,False,True,True,False
2025-02-05,19.19,19.31,18.18,18.29,21000.46,-4.8387096774193505,0.4996135015136067,,,,,,,,,,,,,,,,,,,,,,0.8181818181818182,0.45,0.38585414122219197,,0,0,,0,0,0,0,0,,,,False,False,False,False,False
2025-02-06,18.27,18.43,18.06,18.37,14129.77,0.4373974849644746,0.3361556777938157,,,,,,,,,,,,,,,,,,,,,,1.0,0.5,0.38337689987828677,,0,0,,0,0,0,0,0,,,,True,False,False,False,False
2025-02-07,18.38,18.49,18.16,18.31,16090.95,-0.3266194882961426,0.38281332276437613,,,,,,,,,,,,,,,,,,,,,,1.0,0.5,0.37259047094926595,,0,0,,0,0,0,0,0,,,,False,False,False,False,False
2025-02-10,18.31,18.35,18.01,18.17,14037.0,-0.7646095030038103,0.333948624018069,,,,,,,,,,,,,,,,,,,,,,1.0,0.5,0.36636435137044066,,0,0,,0,0,0,0,0,,,,False,False,False,False,False
2025-02-11,19.12,19.33,18.41,18.47,33927.12,1.651073197578401,0.8071464729568931,,,,,,,,,,,,,,,,,,,,,,1.0,0.55,0.3925054593717785,,0,0,,0,0,0,0,0,,,,False,False,False,False,False
2025-02-12,18.46,18.51,18.09,18.22,26993.0,-1.3535462912831586,0.6421796116064498,,,,,,,,,,,,,,,,,,,,,,0.8181818181818182,0.5,0.39115992553029133,,0,0,,0,0,0,0,0,,,,False,False,False,False,False
2025-02-13,18.26,18.35,18.01,18.01,13634.0,-1.1525795828759455,0.3243610130271677,,,,,,,,,,,,,,,,,,,,,,0.6666666666666666,0.45,0.37796343277135436,,0,0,,0,0,0,0,0,,,,False,False,False,False,False
2025-02-14,17.93,18.17,17.85,17.86,13231.99,-0.8328706274292164,0.31479695472827873,,,,,,,,,,,,,,,,,,,,,,0.5384615384615384,0.4,0.38284663535470215,,0,0,,0,0,0,0,0,,,,False,False,False,False,False
2025-02-17,17.96,18.5,17.89,18.09,15668.0,1.2877939529675198,0.3727510893435282,,,,,,,,,,,,,,,,,,,,18.319416666666665,,0.6666666666666666,0.45,0.3896622055419058,,0,0,,0,0,0,0,0,,,,True,False,False,False,False
2025-02-18,18.07,18.2,17.75,17.79,10201.0,-1.6583747927031545,0.24268789011956415,,,,,,,,,,,,,,,,,,,,18.336,,0.6666666666666666,0.45,0.391624816314587,,0,0,,0,0,0,0,0,,,,False,False,False,False,False
2025-02-19,17.79,17.91,17.62,17.77,10935.08,-0.11242270938729426,0.2601520922937598,,,,,,,,,,,,,,,,,,,,18.35183333333333,,0.5384615384615384,0.4,0.3803620347096403,,0,0,,0,0,0,0,0,,,,False,False,False,False,False
2025-02-20,17.94,17.95,17.72,17.78,9379.88,0.056274620146323784,0.22315295429611776,,,,,,,,,,,,,,,,,,,,18.369833333333336,,0.42857142857142855,0.4,0.3613403810378781,,0,0,,0,0,0,0,0,,,,False,False,False,False,False
2025-02-21,17.75,18.39,17.67,18.35,24321.0,3.2058492688413986,0.5786111337709949,,,,,,,,,,,,,,,,,,,,18.392583333333334,,0.5384615384615384,0.45,0.37260738223635564,,0,0,,0,0,0,0,0,,,,True,False,False,False,False
2025-02-24,18.59,19.91,18.55,19.58,71554.53,6.7029972752043365,1.7023250577587548,,,,,,,,,,,,,,,,,,,,18.426499999999997,,0.5384615384615384,0.5,0.44854885048505366,,0,0,,0,0,0,0,0,,,,True,False,True,True,True
2025-02-25,19.6,20.76,19.22,20.5,73071.61,4.698672114402469,1.7384172981609298,,,,,,,,,,,,,,,,,,,,18.46533333333333,,0.6666666666666666,0.5,0.5259784563240676,,0,0,,0,0,0,0,0,,,,True,False,True,True,True
2025-02-26,20.48,21.64,20.38,21.18,58471.68,3.3170731707317103,1.3910762328150492,,,,,,,,,,,,,,,,,,,,18.509833333333336,,0.6666666666666666,0.5,0.5875362479796044,,0,0,,0,0,0,0,0,,,,True,False,True,True,True
2025-02-27,21.2,21.81,20.79,21.67,87269.41,2.313503305004727,2.0761914503361623,,,,,,,,,,,,,,,,,,,,18.559,,0.8181818181818182,0.55,0.6781986840244996,,0,0,,0,0,0,0,0,,,,True,False,True,True,True
2025-02-28,21.57,21.85,20.84,21.32,41165.59,-1.6151361329026392,0.9793540028062964,,,,,,,,,,,,,,,,,,,,18.603333333333335,,0.6666666666666666,0.5,0.707745726478824,,0,0,,0,0,0,0,0,,,,False,False,False,False,False
2025-03-03,21.18,21.82,21.05,21.77,48187.51,2.110694183864914,1.1464096786604645,,,,,,,,,,,,,,,,,,,,18.65325,,0.8181818181818182,0.55,0.7554535360259611,,0,0,,0,0,0,0,0,,,,True,False,False,False,True
2025-03-04,21.65,22.01,21.38,21.56,34551.26,-0.9646302250803873,0.8219951367878141,,,,,,,,,,,,,,,,,,,,18.697416666666665,,0.6666666666666666,0.5,0.7587069597779046,,0,0,,0,0,0,0,0,,,,False,False,False,False,False
2025-03-05,21.58,21.95,20.96,21.51,42804.74,-0.2319109461966451,1.0183503615053928,,,,,,,,,,,,,,,,,,,,18.740666666666666,,0.6666666666666666,0.5,0.784643802777494,,0,0,,0,0,0,0,0,,,,False,False,False,False,False
2025-03-06,21.55,23.14,21.42,22.79,78112.47,5.950720595072045,1.8583423719564502,,,,,,,,,,,,,,,,,,,,18.795166666666667,,0.6666666666666666,0.5,0.8607531374856257,,0,0,,0,0,0,0,0,,,,True,False,True,True,True
2025-03-07,22.79,24.79,22.75,24.47,91652.71,7.371654234313296,2.180472778515859,,,,,,,,,,,,,,,,,,,,18.864166666666666,,0.8181818181818182,0.55,0.9506361102731997,,0,0,,0,0,0,0,0,,,,True,False,True,True,True
2025-03-10,25.37,25.37,23.49,24.68,73490.25,0.8581937065794909,1.7483769941044307,,,,,,,,,,,,,,,,,,,,18.9335,,0.8181818181818182,0.6,1.021357528777518,,0,0,,0,0,0,0,0,,,,False,False,False,False,True
2025-03-11,24.48,24.87,23.17,24.07,68675.95,-2.4716369529983795,1.633841918190048,,,,,,,,,,,,,,,,,,,,18.99725,,0.8181818181818182,0.55,1.0626923010391756,,0,0,,0,0,0,0,0,,,,False,False,False,False,False
2025-03-12,24.02,24.58,23.71,24.4,45268.34,1.3710012463647558,1.07696087871925,,,,,,,,,,,,,,,,,,,,19.062333333333335,,1.0,0.6,1.0844313643948156,,0,0,,0,0,0,0,0,,,,True,False,False,False,False
2025-03-13,24.41,24.93,23.67,23.79,63821.02,-2.500000000000002,1.518340230279238,,,,,,,,,,,,,,,,,,,,19.11825,,1.0,0.6,1.1441303252574193,,0,0,,0,0,0,0,0,,,,False,False,False,False,False
2025-03-14,23.77,24.39,23.43,24.04,56132.75,1.0508617065994041,1.3354316894528933,,,,,,,,,,,,,,,,,,,,19.176,,1.2222222222222223,0.65,1.1951620619936498,,0,0,,0,0,0,0,0,,,,True,False,False,False,False
2025-03-17,24.28,25.11,23.89,24.72,82732.98,2.828618968386021,1.968267067885903,,,,,,,,,,,,,,,,,,,,19.237916666666667,,1.2222222222222223,0.65,1.2749378609207687,,0,0,,0,0,0,0,0,,,,True,False,False,False,True
2025-03-18,24.71,25.14,23.28,24.85,94079.65,0.5258899676375606,2.238211132407318,,,,,,,,,,,,,,,,,,,,19.299333333333333,,1.5,0.7,1.3747140230351564,,0,0,,0,0,0,0,0,,,,True,False,False,False,True
2025-03-19,24.6,25.11,24.28,24.52,45127.12,-1.3279678068410572,1.073601170470776,,,,,,,,,,,,,,,,,,,,19.356,,1.5,0.7,1.4153864769440072,,0,0,,0,0,0,0,0,,,,False,False,False,False,False
2025-03-20,24.57,25.08,24.15,24.15,34888.91,-1.5089722675367123,0.821396224010935,,,,,,,,,,,,,,,,,,,,19.419,,1.5,0.65,1.445298640429748,,0,0,,0,0,0,0,0,,,,False,False,False,False,False
2025-03-21,24.17,24.36,23.82,24.07,25460.51,-0.3312629399585876,0.5994216149312962,,,,,,,,,,,,,,,,,,,,19.485666666666663,,1.2222222222222223,0.6,1.4463391644877632,,0,0,,0,0,0,0,0,,,,False,False,False,False,False
2025-03-24,23.98,24.35,23.29,23.62,23035.07,-1.8695471541337771,0.5423190210822743,,,,,,,,,,,,,,,,,,,,19.549166666666668,,1.0,0.55,1.388338862653939,,0,0,,0,0,0,0,0,,,,False,False,False,False,False
2025-03-25,23.62,23.84,23.09,23.24,20371.31,-1.6088060965283812,0.4796056142813347,,,,,,,,,,,,,,,,,,,,19.61225,,0.8181818181818182,0.5,1.3253982784599594,,0,0,,0,0,0,0,0,,,,False,False,False,False,False
2025-03-26,23.22,23.3,22.85,22.91,15672.78,-1.419965576592075,0.36898723152297114,,,,,,,,,,,,,,,,,,,,19.6755,,0.6666666666666666,0.45,1.2742938283953555,,0,0,,0,0,0,0,0,,,,False,False,False,False,False
2025-03-27,22.97,23.13,22.26,22.36,31018.72,-2.400698384984723,0.7302796069482386,,,,,,,,,,,,,,,,,,,,19.731583333333333,,0.5384615384615384,0.4,1.206998236225959,,0,0,,0,0,0,0,0,,,,False,False,False,False,False
2025-03-28,22.58,22.78,22.07,22.19,27211.0,-0.7602862254024956,0.6406337329415437,,,,,,,,,,,,,,,,,,,,19.786416666666664,,0.5384615384615384,0.4,1.1900622227327216,,0,0,,0,0,0,0,0,,,,False,False,False,False,False
2025-03-31,22.26,22.41,21.87,22.0,27694.37,-0.8562415502478604,0.6520138045115688,,,,,,,,,,,,,,,,,,,,19.834,,0.42857142857142855,0.35,1.165342429025277,,0,0,,0,0,0,0,0,,,,False,False,False,False,False
2025-04-01,22.11,22.25,21.43,21.68,33148.23,-1.4545454545454528,0.7804150646909289,,,,,,,,,,,,,,,,,,,,19.875,,0.42857142857142855,0.35,1.1632634254204324,,0,0,,0,0,0,0,0,,,,False,False,False,False,False
2025-04-02,21.57,22.43,21.47,22.27,31170.0,2.7214022140221505,0.733841220675018,,,,,,,,,,,,,,,,,,,,19.90958333333333,,0.5384615384615384,0.4,1.1490379683789138,,0,0,,0,0,0,0,0,,,,True,False,False,False,False
2025-04-03,22.01,22.06,21.39,21.57,30326.91,-3.143242029636284,0.7139921929323519,,,,,,,,,,,,,,,,,,,,19.929916666666667,,0.42857142857142855,0.35,1.091820459427709,,0,0,,0,0,0,0,0,,,,False,False,False,False,False
2025-04-07,19.63,20.33,19.41,19.41,26372.76,-10.01390820584145,0.6208988896685688,,,,,,,,,,,,,,,,,,,,19.939583333333335,,0.3333333333333333,0.3,1.0138417649853444,,0,0,,0,0,0,0,0,,,,False,False,False,False,False
2025-04-08,18.54,18.71,17.55,17.9,57782.73,-7.779495105615675,1.360389769558389,,,,,,,,,,,,,,,,,,,,19.93583333333333,,0.3333333333333333,0.25,0.9944424037580422,,0,0,,0,0,0,0,0,,,,False,False,False,False,False
2025-04-09,17.66,18.19,16.72,18.0,31032.05,0.5586592178770999,0.7305934376659671,,,,,,,,,,,,,,,,,,,,19.931416666666667,,0.42857142857142855,0.3,0.9492799797318382,,0,0,,0,0,0,0,0,,,,True,False,False,False,False
2025-04-10,18.25,19.8,18.25,19.8,29644.36,10.000000000000009,0.6979227888524119,,,,,,,,,,,,,,,,,,,,19.935916666666667,,0.42857142857142855,0.3,0.9303280752384964,,0,0,,0,0,0,0,0,,,,True,False,False,False,False
2025-04-11,19.54,21.44,19.5,20.85,75813.55,5.303030303030298,1.7848927839495192,,,,,,,,,,,,,,,,,,,,19.94183333333333,,0.5384615384615384,0.35,0.9436557029220104,,0,0,,0,0,0,0,0,,,,True,False,False,False,False
2025-04-14,21.37,21.37,20.61,20.84,26202.0,-0.04796163069544779,0.6168786546078544,,,,,,,,,,,,,,,,,,,,19.939500000000002,,0.42857142857142855,0.3,0.9077280511797584,,0,0,,0,0,0,0,0,,,,False,False,False,False,False
2025-04-15,20.89,21.22,20.63,20.89,16447.69,0.2399232245681393,0.38723108459686517,,,,,,,,,,,,,,,,,,,,19.938333333333333,,0.35714285714285715,0.3,0.8286762520153065,,0,0,,0,0,0,0,0,,,,False,False,False,False,False
2025-04-16,20.9,20.9,20.22,20.56,22452.0,-1.5797032072762174,0.5285916935064326,,,,,,,,,,,,,,,,,,,,19.93075,,0.26666666666666666,0.25,0.7431952800702623,,0,0,,0,0,0,0,0,,,,False,False,False,False,False
2025-04-17,20.56,20.86,20.45,20.57,13021.0,0.04863813229571967,0.30655587213376356,,,,,,,,,,,,,,,,,,,,19.911250000000003,,0.35714285714285715,0.3,0.7048430151534116,,0,0,,0,0,0,0,0,,,,True,False,False,False,False
2025-04-18,19.9,20.66,19.9,20.57,13437.0,0.0,0.31634983901861463,,,,,,,,,,,,,,,,,,,,19.903,,0.46153846153846156,0.3,0.6795906959037956,,0,0,,0,0,0,0,0,,,,True,False,False,False,False
2025-04-21,20.63,21.36,20.31,21.36,14495.9,3.8405444822557033,0.34127972251469346,,,,,,,,,,,,,,,,,,,,19.916083333333333,,0.5833333333333334,0.35,0.6666836012829654,,0,0,,0,0,0,0,0,,,,True,False,False,False,False
2025-04-22,21.18,21.72,21.15,21.49,19256.99,0.6086142322097254,0.45337096721612496,,,,,,,,,,,,,,,,,,,,19.930416666666662,,0.7272727272727273,0.4,0.662236198589658,,0,0,,0,0,0,0,0,,,,True,False,True,True,False
2025-04-23,21.33,21.65,21.29,21.29,13451.75,-0.9306654257794311,0.31669710106561355,,,,,,,,,,,,,,,,,,,,19.944333333333336,,0.7272727272727273,0.4,0.654090772928872,,0,0,,0,0,0,0,0,,,,False,False,False,False,False
2025-04-24,21.29,21.47,20.8,20.94,13824.0,-1.6439643024894202,0.3254610534042814,,,,,,,,,,,,,,,,,,,,19.946749999999998,,0.7272727272727273,0.4,0.6519144640229375,,0,0,,0,0,0,0,0,,,,False,False,False,False,False
2025-04-25,20.8,23.04,20.72,21.76,29331.36,3.9159503342884427,0.6905537704991466,,,,,,,,,,,,,,,,,,,,19.9545,,0.9,0.45,0.6499281722004829,,0,0,,0,0,0,0,0,,,,True,False,True,True,False
2025-04-28,21.76,21.86,21.28,21.5,15153.64,-1.194852941176483,0.35676502005998656,,,,,,,,,,,,,,,,,,,,19.97375,,0.9,0.45,0.635734736556405,,0,0,,0,0,0,0,0,,,,False,False,False,False,False
2025-04-29,21.16,21.67,20.71,21.43,20215.52,-0.32558139534883956,0.4759378207693372,,,,,,,,,,,,,,,,,,,,19.98775,,1.1111111111111112,0.45,0.6269309373692934,,0,0,,0,0,0,0,0,,,,True,False,False,False,False
2025-04-30,21.31,21.61,20.99,21.0,16737.72,-2.006532897806812,0.3940593158843973,,,,,,,,,,,,,,,,,,,,20.001916666666666,,1.1111111111111112,0.45,0.607613149928967,,0,0,,0,0,0,0,0,,,,False,False,False,False,False
2025-05-06,21.09,21.85,20.79,21.76,20447.05,3.619047619047633,0.48138877546368714,,,,,,,,,,,,,,,,,,,,20.021833333333333,,1.1111111111111112,0.45,0.5949905276684004,,0,0,,0,0,0,0,0,,,,True,False,False,False,False
2025-05-07,21.95,21.95,21.36,21.77,21038.0,0.045955882352921584,0.4953016233737898,,,,,,,,,,,,,,,,,,,,20.037166666666668,,1.1111111111111112,0.5,0.5840559991904722,,0,0,,0,0,0,0,0,,,,False,False,False,False,False
2025-05-08,21.68,22.65,21.62,22.27,23167.19,2.2967386311437687,0.5454295472957995,,,,,,,,,,,,,,,,,,,,20.055,,1.375,0.55,0.5802825320718337,,0,0,,0,0,0,0,0,,,,True,False,True,False,False
2025-05-09,22.27,22.49,22.14,22.26,12320.63,-0.04490345756622549,0.29006692841466947,,,,,,,,,,,,,,,,,,,,20.07125,,1.375,0.55,0.5267663900146478,,0,0,,0,0,0,0,0,,,,False,False,False,False,False
2025-05-12,22.29,22.84,22.17,22.61,24651.0,1.5723270440251458,0.5803631674963063,,,,,,,,,,,,,,,,,,,,20.091666666666665,,1.375,0.55,0.5192548765061648,,0,0,,0,0,0,0,0,,,,True,False,False,False,False
2025-05-13,22.84,22.89,22.27,22.7,15150.13,0.39805395842547053,0.3566823834643956,,,,,,,,,,,,,,,,,,,,20.11025,,1.1111111111111112,0.55,0.5021928562367639,,0,0,,0,0,0,0,0,,,,False,False,False,False,False
2025-05-14,22.69,22.7,22.27,22.27,9127.86,-1.8942731277532987,0.21489893886912642,,,,,,,,,,,,,,,,,,,,20.122000000000003,,0.9,0.5,0.42369316398274437,,0,0,,0,0,0,0,0,,,,False,False,False,False,False
2025-05-15,22.21,22.68,22.16,22.27,14527.9,0.0,0.34203310458275893,,,,,,,,,,,,,,,,,,,,20.127000000000002,,1.1111111111111112,0.5,0.4099508864814895,,0,0,,0,0,0,0,0,,,,True,False,False,False,False
2025-05-16,22.27,22.33,21.96,22.11,8087.48,-0.7184553210597189,0.1904050752449405,,,,,,,,,,,,,,,,,,,,20.133249999999997,,1.0,0.45,0.4001095860138933,,0,0,,0,0,0,0,0,,,,False,False,False,False,False
2025-05-19,22.15,22.16,21.82,22.02,6248.48,-0.4070556309362261,0.14710914952080323,,,,,,,,,,,,,,,,,,,,20.156583333333334,,1.0,0.45,0.38103545881461176,,0,0,,0,0,0,0,0,,,,False,False,False,False,False
2025-05-20,22.02,22.17,21.91,21.95,5874.0,-0.31789282470481295,0.1382926958692671,,,,,,,,,,,,,,,,,,,,20.177916666666665,,0.8181818181818182,0.4,0.37262230000138696,,0,0,,0,0,0,0,0,,,,False,False,False,False,False
2025-05-21,21.9,22.16,21.76,21.98,7349.0,0.13667425968109104,0.1730189005691597,,,,,,,,,,,,,,,,,,,,20.198,,0.8181818181818182,0.45,0.3654557530789142,,0,0,,0,0,0,0,0,,,,True,False,False,False,False
2025-05-22,21.98,22.43,21.65,21.67,8905.5,-1.41037306642402,0.2096638752236565,,,,,,,,,,,,,,,,,,,,20.216833333333334,,0.6666666666666666,0.4,0.35887496071436237,,0,0,,0,0,0,0,0,,,,False,False,False,False,False
2025-05-23,21.92,22.06,21.47,21.65,12142.0,-0.09229349330873715,0.28586140845159025,,,,,,,,,,,,,,,,,,,,20.23858333333333,,0.5384615384615384,0.35,0.3504994827761357,,0,0,,0,0,0,0,0,,,,False,False,False,False,False
2025-05-26,21.47,22.05,21.3,22.02,14652.0,1.7090069284064757,0.3449548144154753,,,,,,,,,,,,,,,,,,,,20.267833333333332,,0.6666666666666666,0.4,0.3519123684436288,,0,0,,0,0,0,0,0,,,,True,False,False,False,False
2025-05-27,22.35,23.41,22.22,22.82,31777.71,3.63306085376931,0.74814865244327,,,,,,,,,,,,,,,,,,,,20.300166666666666,,0.8181818181818182,0.45,0.37304674839557816,,0,0,,0,0,0,0,0,,,,True,False,True,False,False
2025-05-28,22.74,23.09,22.63,22.98,15467.0,0.7011393514460895,0.36414251396151764,,,,,,,,,,,,,,,,,,,,20.33225,,0.8181818181818182,0.45,0.35672618556869673,,0,0,,0,0,0,0,0,,,,True,False,False,False,True
2025-05-29,22.89,23.03,22.52,22.86,11680.0,-0.5221932114882533,0.2749844548438951,,,,,,,,,,,,,,,,,,,,20.361333333333334,,0.8181818181818182,0.45,0.35263715730789214,,0,0,,0,0,0,0,0,,,,False,False,False,False,False
2025-05-30,22.73,23.49,22.41,22.52,16653.03,-1.4873140857392775,0.3920654431548828,,,,,,,,,,,,,,,,,,,,20.387083333333337,,0.6666666666666666,0.45,0.34844353842716946,,0,0,,0,0,0,0,0,,,,False,False,False,False,False
2025-06-03,22.36,22.56,22.08,22.46,10957.24,-0.2664298401420906,0.25796837910905146,,,,,,,,,,,,,,,,,,,,20.410916666666665,,0.8181818181818182,0.45,0.34163899158840216,,0,0,,0,0,0,0,0,,,,True,False,False,False,False
2025-06-04,22.46,22.63,22.41,22.58,8514.0,0.5342831700801298,0.20044671648466808,,,,,,,,,,,,,,,,,,,,20.434083333333334,,0.8181818181818182,0.45,0.3275918886394512,,0,0,,0,0,0,0,0,,,,True,False,False,False,False
2025-06-05,22.58,23.0,22.51,22.71,15813.0,0.5757307351638818,0.3722884575724755,,,,,,,,,,,,,,,,,,,,20.459416666666666,,1.0,0.45,0.32144123034938543,,0,0,,0,0,0,0,0,,,,True,False,False,False,False
2025-06-06,22.7,23.13,22.68,22.79,9806.74,0.3522677234698346,0.2308819394431353,,,,,,,,,,,,,,,,,,,,20.485916666666665,,1.0,0.45,0.30571384995675227,,0,0,,0,0,0,0,0,,,,True,False,False,False,False
2025-06-09,22.78,23.15,22.52,22.62,9948.58,-0.7459412022816969,0.23422130545983547,,,,,,,,,,,,,,,,,,,,20.511416666666666,,1.0,0.45,0.30292156880901056,,0,0,,0,0,0,0,0,,,,False,False,False,False,False
2025-06-10,22.52,22.59,22.0,22.26,8695.0,-1.591511936339518,0.20470803380716338,,,,,,,,,,,,,,,,,,,,20.53525,,0.8181818181818182,0.4,0.2841388121245534,,0,0,,0,0,0,0,0,,,,False,False,False,False,False
2025-06-11,22.21,22.52,22.2,22.45,6136.0,0.8535489667565122,0.1444610115515531,,,,,,,,,,,,,,,,,,,,20.559166666666666,,1.0,0.4,0.2735277435289113,,0,0,,0,0,0,0,0,,,,True,False,False,False,False
2025-06-12,22.46,22.49,22.16,22.23,9151.55,-0.9799554565701474,0.21545667703139113,,,,,,,,,,,,,,,,,,,,20.582666666666668,,1.0,0.4,0.2735556304370245,,0,0,,0,0,0,0,0,,,,False,False,False,False,False
2025-06-13,22.4,22.4,21.7,21.73,10089.0,-2.249212775528564,0.23752724014726523,,,,,,,,,,,,,,,,,,,,20.603166666666667,,0.8181818181818182,0.4,0.2683303372152498,,0,0,,0,0,0,0,0,,,,False,False,False,False,False
2025-06-16,21.55,21.77,21.2,21.46,17275.01,-1.2425218591808562,0.40670883623911275,,,,,,,,,,,,,,,,,,,,20.621583333333334,,0.8181818181818182,0.4,0.27914552526495845,,0,0,,0,0,0,0,0,,,,False,False,False,False,False
2025-06-17,21.42,21.64,21.22,21.52,9614.06,0.2795899347623365,0.2263456376657961,,,,,,,,,,,,,,,,,,,,20.644166666666667,,1.0,0.45,0.28310734967220813,,0,0,,0,0,0,0,0,,,,True,False,False,False,False
2025-06-18,21.33,21.93,21.33,21.7,7831.82,0.8364312267657992,0.18438602338488996,,,,,,,,,,,,,,,,,,,,20.671333333333333,,1.2222222222222223,0.5,0.28541201604798927,,0,0,,0,0,0,0,0,,,,True,False,False,False,False
2025-06-19,21.65,22.04,20.73,21.0,8083.16,-3.2258064516129004,0.19030336866575165,,,,,,,,,,,,,,,,,,,,20.695416666666667,,1.0,0.45,0.2862762394528188,,0,0,,0,0,0,0,0,,,,False,False,False,False,False
2025-06-20,21.32,21.32,20.8,20.99,8116.0,-0.04761904761905189,0.19107652701310385,,,,,,,,,,,,,,,,,,,,20.719333333333335,,1.0,0.45,0.2853468720422912,,0,0,,0,0,0,0,0,,,,False,False,False,False,False
2025-06-23,20.99,20.99,20.32,20.41,15027.24,-2.7632205812291533,0.35378916089112794,,,,,,,,,,,,,,,,,,,,20.737916666666663,,1.0,0.45,0.28874325966426806,,0,0,,0,0,0,0,0,,,,False,False,False,False,False
2025-06-24,20.51,21.07,20.42,20.9,19841.0,2.4007839294463373,0.46712042539021603,,,,,,,,,,,,,,,,,,,,20.76158333333333,,1.0,0.45,0.2948515402130051,,0,0,,0,0,0,0,0,,,,True,False,False,False,False
2025-06-25,20.97,21.11,20.14,20.76,14648.26,-0.6698564593301315,0.34486676288627016,,,,,,,,,,,,,,,,,,,,20.788166666666665,,0.8181818181818182,0.4,0.27468744573515513,,0,0,,0,0,0,0,0,,,,False,False,False,False,False
2025-06-26,21.11,21.11,20.33,20.39,13750.56,-1.7822736030828512,0.3237320415580711,,,,,,,,,,,,,,,,,,,,20.810916666666667,,0.6666666666666666,0.35,0.2726669221149828,,0,0,,0,0,0,0,0,,,,False,False,False,False,False
2025-06-27,20.48,20.9,20.26,20.78,13557.47,1.9127023050514946,0.31918608707298485,,,,,,,,,,,,,,,,,,,,20.836416666666665,,0.8181818181818182,0.4,0.2748770037264373,,0,0,,0,0,0,0,0,,,,True,False,False,False,False
2025-06-30,21.21,21.65,20.53,21.58,23228.0,3.8498556304138454,0.5468612086570201,,,,,,,,,,,,,,,,,,,,20.861749999999997,,1.0,0.45,0.28261679200154416,,0,0,,0,0,0,0,0,,,,True,False,True,False,False
2025-07-01,21.61,21.65,21.07,21.5,12127.65,-0.3707136237256603,0.2855235636804422,,,,,,,,,,,,,,,,,,,,20.88883333333333,,0.8181818181818182,0.45,0.2839945512301137,,0,0,,0,0,0,0,0,,,,False,False,False,False,False
2025-07-02,21.51,21.51,21.06,21.11,9403.65,-1.8139534883720998,0.22139191513636935,,,,,,,,,,,,,,,,,,,,20.9135,,0.6666666666666666,0.4,0.2850418111626988,,0,0,,0,0,0,0,0,,,,False,False,False,False,False
2025-07-03,21.2,21.37,20.9,21.23,9495.0,0.56845097110374,0.22354258550880002,,,,,,,,,,,,,,,,,,,,20.940166666666666,,0.6666666666666666,0.4,0.277604517559515,,0,0,,0,0,0,0,0,,,,True,False,False,False,False
2025-07-04,21.18,21.18,20.74,20.77,9122.95,-2.1667451719265207,0.21478334180805764,,,,,,,,,,,,,,,,,,,,20.966083333333334,,0.5384615384615384,0.35,0.2767995876777611,,0,0,,0,0,0,0,0,,,,False,False,False,False,False
2025-07-07,20.15,20.84,20.05,20.3,18799.0,-2.2628791526239755,0.44258842179883423,,,,,,,,,,,,,,,,,,,,20.99275,,0.6666666666666666,0.35,0.287217943494711,,0,0,,0,0,0,0,0,,,,True,False,False,False,False
2025-07-08,20.11,20.53,20.11,20.38,11563.42,0.39408866995072067,0.2722397897971741,,,,,,,,,,,,,,,,,,,,21.022416666666665,,0.8181818181818182,0.4,0.2905945312942116,,0,0,,0,0,0,0,0,,,,True,False,False,False,False
2025-07-09,20.38,20.93,20.3,20.51,15737.59,0.6378802747792012,0.3705130656427,,,,,,,,,,,,,,,,,,,,21.04866666666667,,0.8181818181818182,0.4,0.30189713399876894,,0,0,,0,0,0,0,0,,,,True,False,False,False,False
2025-07-10,20.43,20.6,20.11,20.32,12136.0,-0.9263773768893313,0.285720149313828,,,,,,,,,,,,,,,,,,,,21.067333333333334,,0.8181818181818182,0.4,0.3054103076128908,,0,0,,0,0,0,0,0,,,,False,False,False,False,False
2025-07-11,20.51,20.51,20.17,20.29,8576.46,-0.1476377952756014,0.20191722410877336,,,,,,,,,,,,,,,,,,,,21.08516666666667,,0.8181818181818182,0.4,0.3036298068109662,,0,0,,0,0,0,0,0,,,,False,False,False,False,False
2025-07-14,20.42,20.68,20.26,20.44,8036.0,0.7392804337112091,0.18919307184294018,,,,,,,,,,,,,,,,,,,,21.107250000000004,,1.0,0.45,0.29275401859115757,,0,0,,0,0,0,0,0,,,,True,False,False,False,False
2025-07-15,20.42,20.69,20.23,20.56,11299.0,0.5870841487279677,0.26601449959599066,,,,,,,,,,,,,,,,,,,,21.130916666666668,,1.0,0.45,0.29473746168766723,,0,0,,0,0,0,0,0,,,,True,False,False,False,False
2025-07-16,20.56,21.12,20.39,20.74,18355.47,0.8754863813229541,0.43214631090355066,,,,,,,,,,,,,,,,,,,,21.152166666666666,,1.0,0.45,0.3071254760636003,,0,0,,0,0,0,0,0,,,,True,False,False,False,False
2025-07-17,20.74,20.88,20.36,20.51,13367.4,-1.108968177434888,0.31471123302057225,,,,,,,,,,,,,,,,,,,,21.16775,,1.0,0.45,0.31334586928134134,,0,0,,0,0,0,0,0,,,,False,False,False,False,False
2025-07-18,20.65,22.51,20.63,21.14,64055.54,3.0716723549488067,1.5080717248828182,,,,,,,,,,,,,,,,,,,,21.189083333333333,,1.2222222222222223,0.5,0.3791956291748271,,0,0,,0,0,0,0,0,,,,True,False,True,False,False
2025-07-21,21.52,22.74,21.52,22.03,60747.12,4.210028382213826,1.4301809654569073,,,,,,,,,,,,,,,,,,,,21.21875,,1.5,0.55,0.433015219403116,,0,0,,0,0,0,0,0,,,,True,False,False,False,False
2025-07-22,22.03,24.08,21.75,23.74,80113.24,7.762142532909655,1.8861212009570318,,,,,,,,,,,,,,,,,,,,21.261833333333335,,1.5,0.55,0.5039652581814568,,0,0,,0,0,0,0,0,,,,True,False,True,True,True
2025-07-23,23.35,24.13,23.35,23.84,49358.59,0.4212299915754114,1.1620586440936074,,,,,,,,,,,,,,,,,,,,21.305416666666666,,1.8571428571428572,0.6,0.5448248522418238,,0,0,,0,0,0,0,0,,,,True,False,False,False,True
2025-07-24,24.17,26.23,24.17,26.0,139226.98,9.060402684563762,3.277847191340915,,,,,,,,,,,,,,,,,,,,21.371083333333335,,2.3333333333333335,0.65,0.6925306097309659,,0,0,,0,0,0,0,0,,,,True,False,True,True,True
2025-07-25,25.66,27.62,25.23,26.75,126291.43,2.8846153846153744,2.9733030847607824,,,,,,,,,,,,,,,,,,,,21.439333333333334,,2.3333333333333335,0.65,0.8252364596153556,,0,0,,0,0,0,0,0,,,,True,False,True,True,True
2025-07-28,27.32,28.17,26.45,27.3,101512.38,2.0560747663551426,2.389925211832733,,,,,,,,,,,,,,,,,,,,21.513416666666664,,1.8571428571428572,0.65,0.9173896597741414,,0,0,,0,0,0,0,0,,,,False,False,False,False,True
2025-07-29,27.44,28.59,27.14,28.4,103198.08,4.029304029304015,2.429611966587044,,,,,,,,,,,,,,,,,,,,21.589916666666667,,2.3333333333333335,0.7,1.0245940799194715,,0,0,,0,0,0,0,0,,,,True,False,True,True,True
2025-07-30,28.03,28.6,27.14,28.27,98476.24,-0.4577464788732333,2.318444792078474,,,,,,,,,,,,,,,,,,,,21.673083333333334,,3.0,0.7,1.1294467237665766,,0,0,,0,0,0,0,0,,,,True,False,False,False,False
2025-07-31,27.97,28.4,27.07,27.74,62297.13,-1.8747789175804774,1.4666731448107246,,,,,,,,,,,,,,,,,,,,21.75116666666667,,2.3333333333333335,0.65,1.191603251731673,,0,0,,0,0,0,0,0,,,,False,False,False,False,False
2025-08-01,28.15,29.15,27.44,29.11,85185.79,4.9387166546503325,2.005545207499703,,,,,,,,,,,,,,,,,,,,21.841166666666666,,3.0,0.7,1.2811413450162552,,0,0,,0,0,0,0,0,,,,True,False,True,True,True
2025-08-04,29.45,30.15,27.98,29.59,82276.7,1.648917897629687,1.9370559499875606,,,,,,,,,,,,,,,,,,,,21.936333333333334,,3.0,0.75,1.3558647214256916,,0,0,,0,0,0,0,0,,,,True,False,True,True,True
2025-08-05,29.22,30.17,28.29,28.41,63609.27,-3.987833727610679,1.4975651056479566,,,,,,,,,,,,,,,,,,,,22.019166666666663,,2.3333333333333335,0.7,1.4171309872182305,,0,0,,0,0,0,0,0,,,,False,False,False,False,False
2025-08-06,28.87,28.9,26.73,28.67,77796.45,0.9151707145371502,1.8315765746609882,,,,,,,,,,,,,,,,,,,,22.10625,,1.8571428571428572,0.7,1.4901841626691452,,0,0,,0,0,0,0,0,,,,False,False,False,False,False
2025-08-07,28.13,28.92,27.88,28.67,49526.08,0.0,1.166001892924241,,,,,,,,,,,,,,,,,,,,22.195083333333333,,2.3333333333333335,0.7,1.5341982498496658,,0,0,,0,0,0,0,0,,,,True,False,False,False,False
2025-08-08,28.65,30.85,28.18,29.97,81896.92,4.5343564701778805,1.928114717431001,,,,,,,,,,,,,,,,,,,,22.296,,3.0,0.75,1.620508124515777,,0,0,,0,0,0,0,0,,,,True,False,False,False,True
2025-08-11,29.61,30.4,29.0,29.48,65048.68,-1.6349683016349648,1.5314534082290225,,,,,,,,,,,,,,,,,,,,22.390916666666666,,2.3333333333333335,0.7,1.6876211413350812,,0,0,,0,0,0,0,0,,,,False,False,False,False,False
2025-08-12,29.22,29.61,27.98,28.73,101017.39,-2.5440976933514214,2.3782715683992417,,,,,,,,,,,,,,,,,,,,22.482083333333332,,1.8571428571428572,0.65,1.7932339947752438,,0,0,,0,0,0,0,0,,,,False,False,False,False,False
2025-08-13,28.64,28.64,27.03,28.4,97953.18,-1.1486251305255935,2.3061302913121513,,,,,,,,,,,,,,,,,,,,22.570666666666668,,1.5,0.6,1.8869331937956737,,0,0,,0,0,0,0,0,,,,False,False,False,False,False
2025-08-14,28.4,28.42,26.87,26.95,77218.5,-5.1056338028169,1.8179697882160375,,,,,,,,,,,,,,,,,,,,22.647083333333335,,1.5,0.6,1.9620961215554469,,0,0,,0,0,0,0,0,,,,False,False,False,False,False
2025-08-15,26.88,27.24,26.68,26.83,51344.34,-0.44526901669759145,1.2088095328955135,,,,,,,,,,,,,,,,,,,,22.717750000000002,,1.2222222222222223,0.55,1.947133011956082,,0,0,,0,0,0,0,0,,,,False,False,False,False,False
2025-08-18,26.95,27.05,26.43,26.83,46907.0,0.0,1.104340395835838,,,,,,,,,,,,,,,,,,,,22.778166666666667,,1.0,0.5,1.9308409834750282,,0,0,,0,0,0,0,0,,,,False,False,False,False,False
2025-08-19,26.78,29.17,25.99,28.68,115620.59,6.895266492732022,2.722077475160917,,,,,,,,,,,,,,,,,,,,22.846333333333334,,1.0,0.5,1.9726387971852226,,0,0,,0,0,0,0,0,,,,True,False,False,False,False
2025-08-20,28.38,30.39,27.93,29.48,93984.8,2.789400278940035,2.212701968459976,,,,,,,,,,,,,,,,,,,,22.915499999999998,,1.0,0.5,2.0251709634035406,,0,0,,0,0,0,0,0,,,,True,False,True,False,False
2025-08-21,29.62,30.85,29.56,29.84,72675.0,1.2211668928086894,1.7110013061455547,,,,,,,,,,,,,,,,,,,,22.983583333333335,,1.0,0.5,1.9468286691437733,,0,0,,0,0,0,0,0,,,,True,False,False,False,False
2025-08-22,29.74,29.9,28.93,29.03,49781.5,-2.71447721179624,1.1720152944187812,,,,,,,,,,,,,,,,,,,,23.047833333333333,,0.8181818181818182,0.45,1.8567642796266728,,0,0,,0,0,0,0,0,,,,False,False,False,False,False
2025-08-25,29.0,31.34,28.23,31.09,101067.0,7.096107475025826,2.3794395460366395,,,,,,,,,,,,,,,,,,,,23.1255,20.6844,1.0,0.45,1.8562399963368683,,0,0,,0,0,0,0,0,,,,True,False,True,True,True
2025-08-26,31.07,31.09,30.0,30.41,53531.02,-2.1871984560952074,1.260290954789182,,,,,,,,,,,,,,,,,,,,23.19925,20.74284,0.8181818181818182,0.4,1.7977739457469752,,0,0,,0,0,0,0,0,,,,False,False,False,False,False
2025-08-27,30.2,31.09,29.36,29.36,43477.81,-3.452811575139758,1.0236063253986687,,,,,,,,,,,,,,,,,,,,23.264666666666663,20.796799999999998,0.6666666666666666,0.4,1.7330320224129845,,0,0,,0,0,0,0,0,,,,False,False,False,False,False
2025-08-28,29.13,29.72,28.13,29.01,40121.0,-1.1920980926430458,0.9445763110267051,,,,,,,,,,,,,,,,,,,,23.3165,20.850360000000002,0.6666666666666666,0.4,1.706927180723784,,0,0,,0,0,0,0,0,,,,False,False,False,False,False
2025-08-29,29.07,29.56,28.7,28.92,23877.66,-0.31023784901758056,0.5621562772301268,,,,,,,,,,,,,,,,,,,,23.353583333333336,20.903560000000002,0.5384615384615384,0.35,1.634757734210305,,0,0,,0,0,0,0,0,,,,False,False,False,False,False
2025-09-01,28.77,29.12,28.41,28.84,31217.0,-0.2766251728907432,0.7349477505874893,,,,,,,,,,,,,,,,,,,,23.388249999999996,20.95688,0.5384615384615384,0.3,1.5746523242403017,,0,0,,0,0,0,0,0,,,,True,False,False,False,False
2025-09-02,28.82,29.17,28.41,28.74,47523.18,-0.34674063800277377,1.1188472384202313,,,,,,,,,,,,,,,,,,,,23.42716666666667,21.00848,0.5384615384615384,0.3,1.5557164308789153,,0,0,,0,0,0,0,0,,,,False,False,False,False,False
2025-09-03,28.74,31.09,28.74,30.61,77676.02,6.506610995128748,1.8287412683342033,,,,,,,,,,,,,,,,,,,,23.478916666666667,21.067559999999997,0.6666666666666666,0.3,1.555574665562576,,0,0,,0,0,0,0,0,,,,True,False,False,False,False
2025-09-04,30.7,31.39,28.4,28.86,41755.01,-5.717085919634101,0.9830461183091943,,,,,,,,,,,,,,,,,,,,23.521166666666666,21.11992,0.5384615384615384,0.3,1.546426876831824,,0,0,,0,0,0,0,0,,,,False,False,False,False,False
2025-09-05,28.38,30.1,28.22,30.0,32999.32,3.950103950103956,0.7769092483235654,,,,,,,,,,,,,,,,,,,,23.570833333333333,21.17592,0.5384615384615384,0.3,1.488866603376452,,0,0,,0,0,0,0,0,,,,True,False,False,False,False
2025-09-08,29.96,30.42,29.12,29.29,31174.0,-2.3666666666666725,0.7339353934335263,,,,,,,,,,,,,,,,,,,,23.608916666666666,21.229960000000002,0.5384615384615384,0.3,1.448990702636677,,0,0,,0,0,0,0,0,,,,False,False,False,False,False
2025-09-09,29.3,31.13,29.03,30.9,61951.0,5.496756572208938,1.458507012837016,,,,,,,,,,,,,,,,,,,,23.659333333333333,21.288520000000002,0.6666666666666666,0.35,1.4030024748585659,,0,0,,0,0,0,0,0,,,,True,False,False,False,False
2025-09-10,30.6,31.8,28.43,28.62,80815.78,-7.378640776699019,1.902638890056552,,,,,,,,,,,,,,,,,,,,23.693499999999997,21.33772,0.6666666666666666,0.35,1.3828279047957859,,0,0,,0,0,0,0,0,,,,False,False,False,False,False
2025-09-11,28.37,28.98,27.54,28.66,81949.36,0.13976240391333494,1.9293266655502774,,,,,,,,,,,,,,,,,,,,23.731083333333334,21.38736,0.8181818181818182,0.4,1.3883957486624978,,0,0,,0,0,0,0,0,,,,True,False,False,False,False
2025-09-12,28.62,29.4,28.48,28.63,43394.09,-0.10467550593161734,1.0216232922903685,,,,,,,,,,,,,,,,,,,,23.769083333333334,21.43712,1.0,0.4,1.3790364366322405,,0,0,,0,0,0,0,0,,,,True,False,False,False,False
2025-09-15,28.72,28.82,27.66,27.74,37508.84,-3.108627314006285,0.8830673626476018,,,,,,,,,,,,,,,,,,,,23.803416666666667,21.48264,1.0,0.4,1.367972784972829,,0,0,,0,0,0,0,0,,,,False,False,False,False,False
2025-09-16,27.75,28.81,27.59,28.73,32908.0,3.568853640951697,0.7747501860896598,,,,,,,,,,,,,,,,,,,,23.84916666666667,21.53188,1.0,0.4,1.270606420519266,,0,0,,0,0,0,0,0,,,,True,False,False,False,False
2025-09-17,28.73,31.61,28.73,31.61,49354.0,10.024364775495997,1.1619369358292535,,,,,,,,,,,,,,,,,,,,23.92166666666667,21.59196,1.0,0.4,1.2180681688877297,,0,0,,0,0,0,0,0,,,,True,False,False,False,True
2025-09-18,31.92,33.59,31.25,32.4,124059.67,2.499209111040801,2.920726036791108,,,,,,,,,,,,,,,,,,,,24.005333333333333,21.65324,1.0,0.4,1.2785544054200075,,0,0,,0,0,0,0,0,,,,True,False,True,True,True
2025-09-19,32.4,32.87,31.21,31.53,59797.0,-2.6851851851851793,1.407795577902133,,,,,,,,,,,,,,,,,,,,24.083166666666667,21.71092,1.0,0.4,1.290343419594175,,0,0,,0,0,0,0,0,,,,False,False,False,False,False
2025-09-22,31.55,31.71,30.48,30.87,40311.35,-2.0932445290199775,0.9490466121923365,,,,,,,,,,,,,,,,,,,,24.157083333333333,21.76524,0.8181818181818182,0.35,1.21882377290196,,0,0,,0,0,0,0,0,,,,False,False,False,False,False
2025-09-23,30.58,31.05,29.83,30.59,37733.0,-0.9070294784580546,0.8883447420603239,,,,,,,,,,,,,,,,,,,,24.231333333333335,21.81768,1.0,0.35,1.2002264622655172,,0,0,,0,0,0,0,0,,,,True,False,False,False,False
2025-09-24,30.49,30.49,29.54,30.37,30654.45,-0.7191892775416764,0.7216950541502424,,,,,,,,,,,,,,,,,,,,24.298833333333334,21.86828,1.0,0.35,1.1851308987030957,,0,0,,0,0,0,0,0,,,,False,False,False,False,False
2025-09-25,30.33,30.8,30.12,30.32,31743.0,-0.1646361540994401,0.7473226922646187,,,,,,,,,,,,,,,,,,,,24.371750000000002,21.923199999999998,1.0,0.35,1.1752682177649914,,0,0,,0,0,0,0,0,,,,False,False,False,False,False
2025-09-26,30.22,31.46,29.63,30.43,37249.65,0.3627968337730936,0.876965274987076,,,,,,,,,,,,,,,,,,,,24.463583333333336,21.98064,1.2222222222222223,0.4,1.1910086676528389,,0,0,,0,0,0,0,0,,,,True,False,False,False,False
2025-09-29,30.44,31.21,29.48,31.21,40055.27,2.5632599408478507,0.9430177429917215,,,,,,,,,,,,,,,,,,,,24.5745,22.04148,1.2222222222222223,0.45,1.2014121672730504,,0,0,,0,0,0,0,0,,,,True,False,False,False,False
2025-09-30,31.06,31.28,30.52,30.85,25400.0,-1.153476449855817,0.5979883399148228,,,,,,,,,,,,,,,,,,,,24.681583333333332,22.1022,1.2222222222222223,0.45,1.17536922234778,,0,0,,0,0,0,0,0,,,,False,False,False,False,False
2025-10-09,31.41,31.43,30.2,30.7,24272.75,-0.4862236628849326,0.571449664475099,,,,,,,,,,,,,,,,,,,,24.77241666666667,22.16372,1.0,0.4,1.112504642154825,,0,0,,0,0,0,0,0,,,,False,False,False,False,False
2025-10-10,30.72,31.26,30.36,30.52,20000.84,-0.5863192182410382,0.4708767365551963,,,,,,,,,,,,,,,,,,,,24.853,22.22328,1.0,0.4,1.086896173067125,,0,0,,0,0,0,0,0,,,,False,False,False,False,False
2025-10-13,28.18,29.51,28.18,29.0,29767.12,-4.980340760157276,0.7008027823954851,,,,,,,,,,,,,,,,,,,,24.921,22.27684,1.0,0.35,1.083090849770721,,0,0,,0,0,0,0,0,,,,True,False,False,False,False
2025-10-14,29.0,29.42,28.05,28.44,20764.85,-1.93103448275862,0.4888637078771775,,,,,,,,,,,,,,,,,,,,24.983916666666666,22.325440000000004,1.0,0.35,1.0708372654929037,,0,0,,0,0,0,0,0,,,,False,False,False,False,False
2025-10-15,28.12,29.06,27.65,29.02,24334.91,2.0393811533051975,0.5729130879085284,,,,,,,,,,,,,,,,,,,,25.05441666666667,22.37448,1.0,0.35,1.0265575692464792,,0,0,,0,0,0,0,0,,,,True,False,False,False,False
2025-10-16,29.26,29.26,27.13,27.92,35688.21,-3.7904893177119203,0.8402021044264402,,,,,,,,,,,,,,,,,,,,25.115666666666662,22.41368,1.0,0.35,0.9734357299649735,,0,0,,0,0,0,0,0,,,,False,False,False,False,False
2025-10-17,27.75,27.89,26.94,27.04,14710.0,-3.151862464183386,0.34631529449397813,,,,,,,,,,,,,,,,,,,,25.169583333333332,22.44532,0.8181818181818182,0.3,0.8942851614121586,,0,0,,0,0,0,0,0,,,,False,False,False,False,False
2025-10-20,27.54,27.54,26.91,27.19,11425.0,0.5547337278106523,0.26897703872152956,,,,,,,,,,,,,,,,,,,,25.218166666666665,22.481080000000002,0.6666666666666666,0.35,0.8566528487337166,,0,0,,0,0,0,0,0,,,,False,False,False,False,False
2025-10-21,27.33,27.89,27.06,27.55,12138.0,1.3240161824199959,0.28576308936559525,,,,,,,,,,,,,,,,,,,,25.268666666666668,22.517879999999998,0.8181818181818182,0.4,0.8267876350696162,,0,0,,0,0,0,0,0,,,,True,False,False,False,False
2025-10-22,27.66,27.79,27.41,27.48,7880.77,-0.2540834845735085,0.1855357704547456,,,,,,,,,,,,,,,,,,,,25.320249999999998,22.55368,0.6666666666666666,0.35,0.7973269142878705,,0,0,,0,0,0,0,0,,,,False,False,False,False,False
2025-10-23,27.55,27.77,27.0,27.67,9810.0,0.6914119359534343,0.23095533915607921,,,,,,,,,,,,,,,,,,,,25.376333333333335,22.58732,0.6666666666666666,0.35,0.7507778344542119,,0,0,,0,0,0,0,0,,,,True,False,False,False,False
2025-10-24,28.22,29.19,28.01,28.51,26882.74,3.035778821828705,0.632896262400071,,,,,,,,,,,,,,,,,,,,25.432583333333334,22.620800000000003,0.6666666666666666,0.35,0.63638634573466,,0,0,,0,0,0,0,0,,,,True,False,True,False,False
2025-10-27,28.51,29.01,28.44,28.65,17181.81,0.4910557699052909,0.4045087416784213,,,,,,,,,,,,,,,,,,,,25.492166666666666,22.65092,0.8181818181818182,0.4,0.5862220039234745,,0,0,,0,0,0,0,0,,,,True,False,False,False,False
2025-10-28,28.73,29.33,28.47,29.03,17454.33,1.3263525305410306,0.4109246386230508,,,,,,,,,,,,,,,,,,,,25.555500000000002,22.68292,1.0,0.45,0.5593159052450101,,0,0,,0,0,0,0,0,,,,True,False,False,False,False
2025-10-29,29.23,29.23,28.74,29.06,8465.8,0.10334137099552443,0.19930904283664988,,,,,,,,,,,,,,,,,,,,25.622666666666667,22.713279999999997,0.8181818181818182,0.5,0.5248641202838265,,0,0,,0,0,0,0,0,,,,False,False,False,False,False
2025-10-30,29.1,29.13,28.39,28.5,12945.19,-1.9270474879559463,0.3047666408654317,,,,,,,,,,,,,,,,,,,,25.678833333333333,22.73564,0.8181818181818182,0.5,0.5040176996195859,,0,0,,0,0,0,0,0,,,,False,False,False,False,False
2025-10-31,28.56,29.11,28.28,28.7,13126.91,0.7017543859649145,0.30904484720910574,,,,,,,,,,,,,,,,,,,,25.736583333333332,22.764200000000002,1.0,0.55,0.48210380736681024,,0,0,,0,0,0,0,0,,,,True,False,False,False,False
2025-11-03,28.57,28.96,27.64,28.6,19435.0,-0.34843205574912606,0.457555251426952,,,,,,,,,,,,,,,,,,,,25.78933333333333,22.79944,1.0,0.5,0.46113330618880405,,0,0,,0,0,0,0,0,,,,True,False,False,False,False
2025-11-04,28.55,28.55,27.26,27.74,18021.0,-3.0069930069930195,0.42426566431515833,,,,,,,,,,,,,,,,,,,,25.835,22.831319999999998,0.8181818181818182,0.45,0.4351957022549759,,0,0,,0,0,0,0,0,,,,False,False,False,False,False
2025-11-05,27.74,28.0,27.35,27.79,6902.0,0.18024513338139592,0.16249273709024045,,,,,,,,,,,,,,,,,,,,25.87816666666667,22.864,1.0,0.5,0.41342092211374676,,0,0,,0,0,0,0,0,,,,True,False,False,False,False
2025-11-06,27.79,29.72,27.77,29.09,26350.0,4.677941705649524,0.6203540455415584,,,,,,,,,,,,,,,,,,,,25.931416666666667,22.89776,1.2222222222222223,0.55,0.41586614116706977,,0,0,,0,0,0,0,0,,,,True,False,False,False,False
2025-11-07,29.01,30.04,28.79,29.72,33677.48,2.1656926778961916,0.7928637936108129,,,,,,,,,,,,,,,,,,,,25.993499999999997,22.93332,1.5,0.6,0.43196549401985057,,0,0,,0,0,0,0,0,,,,True,False,False,False,False
2025-11-10,30.19,30.3,29.32,29.36,13093.0,-1.2113055181695809,0.3082465092324715,,,,,,,,,,,,,,,,,,,,26.052583333333335,22.974,1.2222222222222223,0.6,0.41233768036169993,,0,0,,0,0,0,0,0,,,,False,False,False,False,False
2025-11-11,29.37,30.02,29.37,29.85,14675.0,1.6689373297002819,0.3454912948129931,,,,,,,,,,,,,,,,,,,,26.117083333333333,23.0144,1.5,0.65,0.40516905970849065,,0,0,,0,0,0,0,0,,,,True,False,False,False,False
2025-11-12,29.72,29.92,28.87,29.01,10849.0,-2.8140703517587906,0.2554163582573194,,,,,,,,,,,,,,,,,,,,26.175333333333334,23.05324,1.2222222222222223,0.6,0.3892942232259302,,0,0,,0,0,0,0,0,,,,False,False,False,False,False
2025-11-13,28.78,29.06,28.24,28.78,11545.0,-0.79283005860048,0.2718021804849067,,,,,,,,,,,,,,,,,,,,26.23225,23.09088,1.375,0.6,0.3608742270288535,,0,0,,0,0,0,0,0,,,,False,False,False,False,False
2025-11-14,28.55,29.33,28.24,28.93,10918.0,0.5211952744961668,0.25704026166783395,,,,,,,,,,,,,,,,,,,,26.290166666666664,23.12688,1.7142857142857142,0.65,0.35641047538754633,,0,0,,0,0,0,0,0,,,,True,False,False,False,False
2025-11-17,28.97,28.98,27.45,28.74,12239.0,-0.6567576909782269,0.28814029699144705,,,,,,,,,,,,,,,,,,,,26.349083333333333,23.16132,1.7142857142857142,0.6,0.3573686383010422,,0,0,,0,0,0,0,0,,,,False,False,False,False,False
2025-11-18,28.46,28.95,28.29,28.48,9471.45,-0.9046624913013113,0.22298442813462221,,,,,,,,,,,,,,,,,,,,26.406000000000002,23.194,1.7142857142857142,0.55,0.35422970523949354,,0,0,,0,0,0,0,0,,,,True,False,False,False,False
2025-11-19,28.8,28.9,27.91,28.05,7233.0,-1.5098314606741603,0.1702850533654005,,,,,,,,,,,,,,,,,,,,26.45625,23.22556,1.7142857142857142,0.55,0.3534671693850263,,0,0,,0,0,0,0,0,,,,False,False,False,False,False
2025-11-20,28.03,28.72,27.9,28.49,8040.45,1.5686274509803866,0.18929468510048866,,,,,,,,,,,,,,,,,,,,26.5035,23.25764,1.7142857142857142,0.55,0.3513841366822468,,0,0,,0,0,0,0,0,,,,True,False,False,False,False
2025-11-21,28.21,28.7,27.62,28.5,12474.05,0.03510003510003301,0.2936740315128818,,,,,,,,,,,,,,,,,,,,26.549500000000002,23.2882,1.7142857142857142,0.55,0.33442302513788735,,0,0,,0,0,0,0,0,,,,True,False,False,False,False
2025-11-24,27.68,28.53,27.08,28.13,22632.05,-1.2982456140350873,0.5293596549308696,,,,,,,,,,,,,,,,,,,,26.593416666666666,23.314040000000002,1.7142857142857142,0.5,0.34066557080050974,,0,0,,0,0,0,0,0,,,,True,False,False,False,False
2025-11-25,27.71,29.05,27.64,28.01,15069.0,-0.42659082829717976,0.35246125031330666,,,,,,,,,,,,,,,,,,,,26.639166666666664,23.340640000000004,1.7142857142857142,0.45,0.33774240138502254,,0,0,,0,0,0,0,0,,,,True,False,False,False,False
2025-11-26,27.77,28.53,27.48,28.35,12064.0,1.2138521956444048,0.2821748306974406,,,,,,,,,,,,,,,,,,,,26.688249999999996,23.37716,2.1666666666666665,0.45,0.341885690778062,,0,0,,0,0,0,0,0,,,,True,False,False,False,False
2025-11-27,28.35,29.61,28.18,28.73,23973.9,1.3403880070546714,0.5607452895936149,,,,,,,,,,,,,,,,,,,,26.7395,23.41452,2.8,0.5,0.3546846232144712,,0,0,,0,0,0,0,0,,,,True,False,False,False,False
2025-11-28,28.92,29.13,28.24,28.6,15886.0,-0.4524886877828038,0.37157073611236247,,,,,,,,,,,,,,,,,,,,26.788583333333335,23.45064,2.1666666666666665,0.45,0.3578109176596341,,0,0,,0,0,0,0,0,,,,False,False,False,False,False
2025-12-01,28.45,28.59,27.45,28.32,23249.0,-0.9790209790209836,0.543790006538859,,,,,,,,,,,,,,,,,,,,26.834666666666667,23.48628,1.7142857142857142,0.45,0.3621226554152294,,0,0,,0,0,0,0,0,,,,False,False,False,False,False
2025-12-02,28.32,28.32,27.61,27.86,14602.01,-1.6242937853107375,0.3415384366372956,,,,,,,,,,,,,,,,,,,,26.878333333333334,23.52156,1.7142857142857142,0.45,0.35798629403133625,,0,0,,0,0,0,0,0,,,,False,False,False,False,False
2025-12-03,28.23,28.59,27.8,28.05,16111.9,0.6819813352476611,0.37685449724088965,,,,,,,,,,,,,,,,,,,,26.92658333333333,23.559720000000002,1.375,0.45,0.36870438203886874,,0,0,,0,0,0,0,0,,,,False,False,False,False,False
2025-12-04,28.33,28.69,27.96,28.12,13763.0,0.2495543672014211,0.3219141408230168,,,,,,,,,,,,,,,,,,,,26.973833333333335,23.596439999999998,1.1111111111111112,0.45,0.35378238680294166,,0,0,,0,0,0,0,0,,,,False,False,False,False,False
2025-12-05,27.91,29.97,27.66,29.72,42509.0,5.6899004267425335,0.994278007138387,,,,,,,,,,,,,,,,,,,,27.03625,23.638800000000003,1.1111111111111112,0.45,0.3638530974793204,,0,0,,0,0,0,0,0,,,,True,False,True,True,False
2025-12-08,30.04,30.76,29.79,30.64,43530.85,3.0955585464333746,1.0181788982813065,,,,,,,,,,,,,,,,,,,,27.1105,23.68388,1.375,0.5,0.3993497169317621,,0,0,,0,0,0,0,0,,,,True,False,True,True,True
2025-12-09,30.48,31.6,30.36,30.4,48459.01,-0.7832898172323799,1.1334476908583868,,,,,,,,,,,,,,,,,,,,27.185,23.727760000000004,1.1111111111111112,0.45,0.43874753673403183,,0,0,,0,0,0,0,0,,,,False,False,False,False,False
2025-12-10,30.32,30.81,30.1,30.71,29544.0,1.0197368421052788,0.6910289454679364,,,,,,,,,,,,,,,,,,,,27.26158333333333,23.7722,1.375,0.5,0.4605281660945627,,0,0,,0,0,0,0,0,,,,True,False,False,False,True
2025-12-11,30.93,30.93,29.82,30.06,22755.0,-2.116574405731042,0.5322354337301277,,,,,,,,,,,,,,,,,,,,27.33125,23.813239999999997,1.2222222222222223,0.5,0.47354982875682367,,0,0,,0,0,0,0,0,,,,False,False,False,False,False
2025-12-12,30.06,33.06,30.03,33.06,66324.15,9.980039920159701,1.5513101622514633,,,,,,,,,,,,,,,,,,,,27.43175,23.866799999999998,1.2222222222222223,0.5,0.5382633237860052,,0,0,,0,0,0,0,0,,,,True,False,True,True,True
2025-12-15,34.68,36.37,33.83,35.37,119672.33,6.987295825771311,2.7991146764686867,,,,,,,,,,,,,,,,,,,,27.551583333333333,23.92984,1.5,0.55,0.663812042759867,,0,0,,0,0,0,0,0,,,,True,False,True,True,True
2025-12-16,35.63,36.54,35.03,36.26,85030.15,2.516256714729992,1.9888402006322925,,,,,,,,,,,,,,,,,,,,27.683666666666667,23.996640000000003,1.5,0.6,0.7521048313847507,,0,0,,0,0,0,0,0,,,,True,False,False,False,True
2025-12-17,35.11,36.77,35.11,36.06,62349.79,-0.5515719801433949,1.4583505833281643,,,,,,,,,,,,,,,,,,,,27.81,24.06328,1.8571428571428572,0.6,0.8165081078828889,,0,0,,0,0,0,0,0,,,,True,False,False,False,False
2025-12-18,36.07,37.64,35.67,36.36,69551.21,0.8319467554076532,1.6267905260736186,,,,,,,,,,,,,,,,,,,,27.94,24.1304,1.8571428571428572,0.6,0.8883828999315453,,0,0,,0,0,0,0,0,,,,True,False,False,False,True
2025-12-19,36.46,39.63,35.67,38.25,90517.07,5.198019801980203,2.117178290987929,,,,,,,,,,,,,,,,,,,,28.088833333333334,24.20576,1.8571428571428572,0.6,0.9795581129052977,,0,0,,0,0,0,0,0,,,,True,False,True,True,True
2025-12-22,38.81,41.06,37.33,37.86,95016.24,-1.0196078431372602,2.2224130831819777,,,,,,,,,,,,,,,,,,,,28.23116666666667,24.28012,1.5,0.6,1.064210784317853,,0,0,,0,0,0,0,0,,,,False,False,False,False,False
2025-12-23,37.58,40.37,36.76,39.27,93150.92,3.724247226624411,2.1787835776119717,,,,,,,,,,,,,,,,,,,,28.378583333333335,24.360199999999995,1.5,0.65,1.1555269006827864,,0,0,,0,0,0,0,0,,,,True,False,False,False,True
2025-12-24,38.84,41.63,38.57,40.7,78330.9,3.6414565826330625,1.8321459255535597,,,,,,,,,,,,,,,,,,,,28.538583333333335,24.447760000000002,1.5,0.65,1.2330254554255924,,0,0,,0,0,0,0,0,,,,True,False,False,False,True
2025-12-25,40.72,44.76,40.13,44.07,93194.71,8.28009828009828,2.179807817983013,,,,,,,,,,,,,,,,,,,,28.729916666666668,24.550279999999997,1.5,0.65,1.3139785818450622,,0,0,,0,0,0,0,0,,,,True,False,True,True,True
2025-12-26,43.2,43.54,41.22,41.64,87239.88,-5.513955071477195,2.040525395313746,,,,,,,,,,,,,,,,,,,,28.9,24.6444,1.5,0.65,1.3974263148051314,,0,0,,0,0,0,0,0,,,,False,False,False,False,False
2025-12-29,40.72,43.15,39.22,42.01,56748.54,0.8885686839577245,1.3273383344518348,,,,,,,,,,,,,,,,,,,,29.077,24.73996,1.8571428571428572,0.7,1.4366037312007802,,0,0,,0,0,0,0,0,,,,True,False,False,False,False
2025-12-30,40.94,42.07,39.63,39.96,59339.34,-4.87979052606522,1.387936689174226,,,,,,,,,,,,,,,,,,,,29.240833333333335,24.82708,1.8571428571428572,0.7,1.4889236438276268,,0,0,,0,0,0,0,0,,,,False,False,False,False,False
2025-12-31,40.35,41.4,39.63,40.54,45571.72,1.4514514514514465,1.0653239817828575,,,,,,,,,,,,,,,,,,,,29.408833333333337,24.917,2.3333333333333335,0.7,1.523347118054725,,0,0,,0,0,0,0,0,,,,True,False,False,False,False
2026-01-05,40.57,41.07,39.63,40.51,49122.12,-0.07400098667982302,1.1483212060465422,,,,,,,,,,,,,,,,,,,,29.575499999999998,25.00876,2.3333333333333335,0.65,1.5646674713159014,,0,0,,0,0,0,0,0,,,,False,False,False,False,False
2026-01-06,40.59,40.93,39.4,39.53,51283.53,-2.4191557640088845,1.1988481975111016,,,,,,,,,,,,,,,,,,,,29.735583333333334,25.096239999999998,1.8571428571428572,0.6,1.574895980834537,,0,0,,0,0,0,0,0,,,,False,False,False,False,False
2026-01-07,39.55,39.88,38.64,39.63,48916.95,0.252972426005571,1.1435249744945537,,,,,,,,,,,,,,,,,,,,29.896749999999997,25.18388,1.8571428571428572,0.6,1.5811632846451995,,0,0,,0,0,0,0,0,,,,True,False,False,False,False
2026-01-08,39.42,39.91,39.0,39.26,30959.51,-0.9336361342417443,0.7237363098703798,,,,,,,,,,,,,,,,,,,,30.053583333333332,25.266759999999998,1.8571428571428572,0.6,1.5606777155957992,,0,0,,0,0,0,0,0,,,,False,False,False,False,False
2026-01-09,39.24,41.79,39.04,41.76,66974.96,6.3678043810494245,1.565664650510176,,,,,,,,,,,,,,,,,,,,30.230249999999998,25.360799999999998,1.8571428571428572,0.6,1.6044095008479111,,0,0,,0,0,0,0,0,,,,True,False,True,False,False
2026-01-12,43.04,43.6,41.42,41.81,72824.15,0.11973180076629841,1.7024003800592138,,,,,,,,,,,,,,,,,,,,30.405833333333337,25.45544,1.8571428571428572,0.65,1.6629177481643656,,0,0,,0,0,0,0,0,,,,False,False,True,False,False
2026-01-13,41.86,43.52,41.12,42.53,45483.0,1.7220760583592343,1.0632499862508964,,,,,,,,,,,,,,,,,,,,30.589333333333332,25.553440000000002,1.8571428571428572,0.65,1.6385147393643371,,0,0,,0,0,0,0,0,,,,True,False,False,False,False
2026-01-14,42.65,44.28,42.23,44.11,52611.52,3.715024688455193,1.2298924414976753,,,,,,,,,,,,,,,,,,,,30.78075,25.65924,1.8571428571428572,0.65,1.5600536276157864,,0,0,,0,0,0,0,0,,,,True,False,True,True,True
2026-01-15,43.71,44.68,42.51,44.39,42252.0,0.6347766946270816,0.987719332917197,,,,,,,,,,,,,,,,,,,,30.96708333333333,25.7684,1.8571428571428572,0.65,1.5099975842300317,,0,0,,0,0,0,0,0,,,,True,False,True,True,True
2026-01-16,44.42,47.74,42.06,42.56,102391.53,-4.12255012390178,2.39359305377192,,,,,,,,,,,,,,,,,,,,31.123916666666666,25.87136,1.5,0.65,1.5567597077522195,,0,0,,0,0,0,0,0,,,,False,False,False,False,False
2026-01-19,42.37,43.22,41.2,41.65,50470.53,-2.1381578947368474,1.1798428056323342,,,,,,,,,,,,,,,,,,,,31.272333333333332,25.96852,1.2222222222222223,0.6,1.5344123217301553,,0,0,,0,0,0,0,0,,,,False,False,False,False,False
2026-01-20,41.73,42.41,40.46,41.93,39690.12,0.6722689075630228,0.9278306080139046,,,,,,,,,,,,,,,,,,,,31.40508333333333,26.06392,1.2222222222222223,0.6,1.474944937581454,,0,0,,0,0,0,0,0,,,,True,False,False,False,False
2026-01-21,41.93,43.0,41.34,42.96,39782.4,2.456475077510145,0.9299878251880408,,,,,,,,,,,,,,,,,,,,31.540166666666664,26.16316,1.5,0.65,1.4103236746817571,,0,0,,0,0,0,0,0,,,,True,False,False,False,False
2026-01-22,42.97,44.51,41.28,42.97,52231.26,0.023277467411531028,1.2210031545163467,,,,,,,,,,,,,,,,,,,,31.67075,26.26388,1.375,0.65,1.3624346535269758,,0,0,,0,0,0,0,0,,,,False,False,False,False,False
2026-01-23,41.42,42.97,41.42,42.53,51067.0,-1.0239702117756488,1.1937864047638576,,,,,,,,,,,,,,,,,,,,31.7885,26.36312,1.375,0.6,1.3305166774874908,,0,0,,0,0,0,0,0,,,,True,False,False,False,False
2026-01-26,42.4,42.4,38.29,38.33,78874.25,-9.875382083235372,1.843832755712019,,,,,,,,,,,,,,,,,,,,31.872333333333337,26.44368,1.1111111111111112,0.55,1.313717924373941,,0,0,,0,0,0,0,0,,,,False,False,False,False,False
2026-01-27,38.53,41.79,37.65,40.91,92649.8,6.7310200887033655,2.165861939101385,,,,,,,,,,,,,,,,,,,,31.982083333333332,26.53276,1.375,0.6,1.319984751563323,,0,0,,0,0,0,0,0,,,,True,False,False,False,False
2026-01-28,41.6,42.14,41.04,42.05,44037.89,2.7866047421168494,1.0294678437442228,,,,,,,,,,,,,,,,,,,,32.08991666666667,26.62664,1.375,0.6,1.3050912270279424,,0,0,,0,0,0,0,0,,,,True,False,False,False,False
2026-01-29,42.09,43.05,41.22,41.39,37130.38,-1.5695600475624127,0.8679919096033806,,,,,,,,,,,,,,,,,,,,32.188250000000004,26.71832,1.375,0.6,1.2790939880494003,,0,0,,0,0,0,0,0,,,,False,False,False,False,False
2026-01-30,41.53,42.6,40.92,42.53,36477.0,2.7542884754771624,0.8527179330403436,,,,,,,,,,,,,,,,,,,,32.30591666666667,26.81416,1.375,0.6,1.2684636856122746,,0,0,,0,0,0,0,0,,,,True,False,False,False,False
2026-02-02,42.61,43.65,40.33,40.49,35837.0,-4.796614154714318,0.837756738941437,,,,,,,,,,,,,,,,,,,,32.40441666666667,26.90168,1.375,0.6,1.2529354622570192,,0,0,,0,0,0,0,0,,,,False,False,False,False,False
2026-02-03,40.61,41.33,39.83,40.55,33786.89,0.14818473697209011,0.7898309907191388,,,,,,,,,,,,,,,,,,,,32.503416666666666,26.9914,1.375,0.65,1.2324846019174212,,0,0,,0,0,0,0,0,,,,False,False,False,False,False
2026-02-04,40.6,41.02,39.63,40.24,21633.93,-0.764488286066578,0.5057330924819804,,,,,,,,,,,,,,,,,,,,32.589000000000006,27.07812,1.1111111111111112,0.6,1.2005950078167926,,0,0,,0,0,0,0,0,,,,False,False,False,False,False
2026-02-05,40.26,41.27,39.8,40.92,22374.0,1.6898608349900535,0.523033596354977,,,,,,,,,,,,,,,,,,,,32.684333333333335,27.16816,1.375,0.65,1.1905598721410222,,0,0,,0,0,0,0,0,,,,True,False,False,False,False
2026-02-06,41.12,42.98,40.43,41.36,48185.0,1.0752688172043001,1.126413419163519,,,,,,,,,,,,,,,,,,,,32.78958333333333,27.25672,1.375,0.65,1.1685973105736893,,0,0,,0,0,0,0,0,,,,True,False,False,False,False
2026-02-09,41.66,42.11,39.49,39.63,49015.0,-4.182785299806568,1.1458162029739518,,,,,,,,,,,,,,,,,,,,32.88316666666667,27.342080000000003,1.375,0.6,1.1407681017194264,,0,0,,0,0,0,0,0,,,,False,False,False,False,False
2026-02-10,39.63,40.49,39.4,39.62,30269.0,-0.02523340903357596,0.7075938110337356,,,,,,,,,,,,,,,,,,,,32.988749999999996,27.42708,1.1111111111111112,0.55,1.1229852929585684,,0,0,,0,0,0,0,0,,,,False,False,False,False,False
2026-02-11,41.08,41.87,38.42,39.52,80979.0,-0.25239777889952686,1.893033771307307,,,,,,,,,,,,,,,,,,,,33.0945,27.51192,0.9,0.5,1.1561423594490499,,0,0,,0,0,0,0,0,,,,False,False,False,False,False
2026-02-12,38.65,38.87,36.68,37.85,59870.0,-4.225708502024295,1.3995718876272671,,,,,,,,,,,,,,,,,,,,33.18633333333334,27.59064,0.7272727272727273,0.45,1.1767349871845534,,0,0,,0,0,0,0,0,,,,False,False,False,False,False
2026-02-13,37.95,38.33,37.28,37.37,34391.0,-1.268163804491429,0.8039531783428987,,,,,,,,,,,,,,,,,,,,33.25875,27.666240000000002,0.7272727272727273,0.45,1.0972529934131026,,0,0,,0,0,0,0,0,,,,False,False,False,False,False
2026-02-24,37.65,38.24,37.25,37.45,29701.65,0.21407546160023827,0.6943309563411462,,,,,,,,,,,,,,,,,,,,33.32516666666667,27.74316,0.7272727272727273,0.5,1.072977400948543,,0,0,,0,0,0,0,0,,,,False,False,False,False,False
2026-02-25,37.98,38.0,36.05,37.45,44897.39,0.0,1.0495594600273523,,,,,,,,,,,,,,,,,,,,33.38858333333334,27.820919999999997,0.5833333333333334,0.45,1.0790638435492155,,0,0,,0,0,0,0,0,,,,False,False,False,False,False
2026-02-26,37.39,37.39,36.16,36.56,45251.07,-2.3765020026702333,1.0578273836153933,,,,,,,,,,,,,,,,,,,,33.45133333333334,27.89572,0.46153846153846156,0.4,1.0854558214705832,,0,0,,0,0,0,0,0,,,,False,False,False,False,False
2026-02-27,36.55,38.8,36.27,37.16,57059.0,1.641137855579844,1.3338595679994025,,,,,,,,,,,,,,,,,,,,33.501916666666666,27.972,0.5384615384615384,0.4,1.0910986421447357,,0,0,,0,0,0,0,0,,,,True,False,False,False,False
2026-03-02,36.46,36.84,34.74,35.25,63683.89,-5.139935414424102,1.4887286143101262,,,,,,,,,,,,,,,,,,,,33.54225,28.04184,0.42857142857142855,0.4,1.105845752622049,,0,0,,0,0,0,0,0,,,,False,False,False,False,False
2026-03-03,34.82,34.89,31.74,31.82,93504.78,-9.730496453900706,2.185847026002545,,,,,,,,,,,,,,,,,,,,33.56275,28.098039999999997,0.42857142857142855,0.4,1.1229464661365756,,0,0,,0,0,0,0,0,,,,False,False,False,False,False
2026-03-04,32.0,32.12,30.37,30.67,52165.83,-3.61407919547454,1.2194726768455506,,,,,,,,,,,,,,,,,,,,33.57658333333333,28.1496,0.3333333333333333,0.35,1.0756270030237838,,0,0,,0,0,0,0,0,,,,False,False,False,False,False
2026-03-05,31.51,31.96,30.62,30.88,32329.07,0.6847081838930569,0.7557517542197103,,,,,,,,,,,,,,,,,,,,33.59291666666666,28.19972,0.25,0.35,1.0619411985475582,,0,0,,0,0,0,0,0,,,,False,False,False,False,False
2026-03-06,30.73,31.45,30.2,30.21,37853.03,-2.169689119170981,0.8848845273010117,,,,,,,,,,,,,,,,,,,,33.60433333333334,28.24224,0.25,0.35,1.0627858294324395,,0,0,,0,0,0,0,0,,,,False,False,False,False,False
2026-03-09,29.72,29.86,28.07,29.79,76844.52,-1.3902681231380387,1.7963826609355484,,,,,,,,,,,,,,,,,,,,33.61308333333333,28.2794,0.25,0.3,1.1099690658272,,0,0,,0,0,0,0,0,,,,True,False,False,False,False
2026-03-10,29.82,30.07,28.63,29.21,61614.93,-1.946962067807989,1.4222430014306213,,,,,,,,,,,,,,,,,,,,33.601416666666665,28.31152,0.25,0.3,1.1391933789516593,,0,0,,0,0,0,0,0,,,,False,False,False,False,False
2026-03-11,29.21,29.65,28.73,28.98,49836.71,-0.7874015748031482,1.1503691071600253,,,,,,,,,,,,,,,,,,,,33.60241666666666,28.340760000000003,0.25,0.25,1.1572202847737034,,0,0,,0,0,0,0,0,,,,False,False,False,False,False
2026-03-12,29.03,31.88,28.74,31.88,109903.04,10.006901311249127,2.536866137411008,,,,,,,,,,,,,,,,,,,,33.61808333333333,28.383,0.3333333333333333,0.3,1.258776937020155,,0,0,,0,0,0,0,0,,,,True,False,False,False,False
2026-03-13,32.14,32.87,31.26,31.72,133984.48,-0.5018820577164407,3.092732378018137,,,,,,,,,,,,,,,,,,,,33.638333333333335,28.4228,0.25,0.25,1.3872618761033126,,0,0,,0,0,0,0,0,,,,False,False,False,False,False
2026-03-16,31.52,31.55,29.72,29.99,94305.93,-5.45397225725095,2.1768416995021513,,,,,,,,,,,,,,,,,,,,33.63075,28.456519999999998,0.17647058823529413,0.2,1.4397832901202445,,0,0,,0,0,0,0,0,,,,False,False,False,False,False
2026-03-17,30.28,32.99,30.12,32.99,105535.84,10.00333444481496,2.436059082435082,,,,,,,,,,,,,,,,,,,,33.66716666666667,28.502440000000004,0.25,0.25,1.504295434093301,,0,0,,0,0,0,0,0,,,,True,False,True,False,False
2026-03-18,32.1,32.98,31.43,32.69,139849.37,-0.9093664746893104,3.2281102605647933,,,,,,,,,,,,,,,,,,,,33.70075,28.54204,0.3333333333333333,0.25,1.6303212565698537,,0,0,,0,0,0,0,0,,,,True,False,False,False,False
2026-03-19,32.17,32.79,31.01,31.53,77425.76,-3.5484857754664922,1.7872006880547773,,,,,,,,,,,,,,,,,,,,33.724916666666665,28.57028,0.3333333333333333,0.25,1.6250296024072273,,0,0,,0,0,0,0,0,,,,False,False,False,False,False
2026-03-20,31.84,33.94,31.41,32.93,112540.55,4.4402156676181415,2.540178938412631,,,,,,,,,,,,,,,,,,,,33.768166666666666,28.603279999999998,0.42857142857142855,0.3,1.6820599549464958,,0,0,,0,0,0,0,0,,,,True,False,False,False,False
2026-03-23,31.71,33.9,31.47,33.36,79289.81,1.305800182204675,1.7896687495550647,,,,,,,,,,,,,,,,,,,,33.80675,28.640439999999998,0.5384615384615384,0.35,1.7313457335071039,,0,0,,0,0,0,0,0,,,,True,False,False,False,False
2026-03-24,33.37,36.61,32.79,35.86,94376.39,7.494004796163067,2.1301914568696922,,,,,,,,,,,,,,,,,,,,33.842166666666664,28.68628,0.6666666666666666,0.35,1.803138758533531,,0,0,,0,0,0,0,0,,,,True,False,True,True,False
2026-03-25,35.47,37.65,35.34,36.45,94537.03,1.6452872281093267,2.133817299685163,,,,,,,,,,,,,,,,,,,,33.87591666666667,28.736919999999998,0.8181818181818182,0.4,1.8573516505164218,,0,0,,0,0,0,0,0,,,,True,False,False,False,False
2026-03-26,36.39,38.86,35.77,38.24,87258.54,4.91083676268862,1.9695328084378132,,,,,,,,,,,,,,,,,,,,33.93183333333334,28.793719999999997,1.0,0.45,1.902936921757543,,0,0,,0,0,0,0,0,,,,True,False,True,True,False
2026-03-27,37.65,37.83,34.48,36.54,90929.91,-4.445606694560677,2.052400154910884,,,,,,,,,,,,,,,,,,,,33.979083333333335,28.841,0.8181818181818182,0.4,1.938863951103117,,0,0,,0,0,0,0,0,,,,False,False,False,False,False
2026-03-30,34.9,35.87,34.01,34.21,79147.08,-6.376573617952919,1.7864471575166425,,,,,,,,,,,,,,,,,,,,34.00925,28.878439999999998,0.8181818181818182,0.4,1.9537498782634426,,0,0,,0,0,0,0,0,,,,False,False,False,False,False
2026-03-31,34.2,34.42,31.21,31.26,105000.34,-8.623209587839808,2.3699871041519285,,,,,,,,,,,,,,,,,,,,34.016666666666666,28.9054,0.8181818181818182,0.4,1.9629568821709118,,0,0,,0,0,0,0,0,,,,False,False,False,False,False
2026-04-01,31.45,33.39,31.26,33.14,63714.66,6.01407549584132,1.438118415096796,,,,,,,,,,,,,,,,,,,,34.040166666666664,28.94136,1.0,0.45,1.9738891690834741,,0,0,,0,0,0,0,0,,,,True,False,False,False,False
2026-04-02,33.13,34.98,32.54,34.75,76920.11,4.858177429088717,1.7361816995063808,,,,,,,,,,,,,,,,,,,,34.076166666666666,28.984080000000002,1.2222222222222223,0.45,2.0229106663478076,,0,0,,0,0,0,0,0,,,,True,False,False,False,False
2026-04-03,35.24,37.33,33.77,34.78,102727.56,0.08633093525181046,2.318687657973236,,,,,,,,,,,,,,,,,,,,34.105916666666666,29.02872,1.2222222222222223,0.5,2.094600822881419,,0,0,,0,0,0,0,0,,,,False,False,False,False,False
2026-04-07,34.08,34.08,32.48,32.5,64083.01,-6.555491661874646,1.446432528649327,,,,,,,,,,,,,,,,,,,,34.11966666666667,29.06576,1.0,0.5,2.0771033162671078,,0,0,,0,0,0,0,0,,,,False,False,False,False,False
2026-04-08,33.3,33.8,32.2,33.74,84164.29,3.8153846153846205,1.8996917717609592,,,,,,,,,,,,,,,,,,,,34.144999999999996,29.10908,1.2222222222222223,0.55,2.100975754783625,,0,0,,0,0,0,0,0,,,,True,False,False,False,False
2026-04-09,33.35,33.35,31.95,32.3,58385.71,-4.267931238885614,1.317837444781172,,,,,,,,,,,,,,,,,,,,34.15983333333333,29.14884,1.2222222222222223,0.55,2.1093491716646815,,0,0,,0,0,0,0,0,,,,False,False,False,False,False
2026-04-10,32.63,32.89,31.85,32.19,45354.08,-0.3405572755417974,1.0236974920335964,,,,,,,,,,,,,,,,,,,,34.186416666666666,29.18884,1.0,0.5,2.0336907393958112,,0,0,,0,0,0,0,0,,,,False,False,False,False,False
2026-04-13,31.86,32.21,31.38,31.43,47837.18,-2.3609816713264897,1.0797441198666076,,,,,,,,,,,,,,,,,,,,34.211333333333336,29.226560000000003,1.0,0.5,1.933041326488235,,0,0,,0,0,0,0,0,,,,False,False,False,False,False
2026-04-14,31.48,32.5,31.48,32.39,44325.34,3.0544066178810114,1.0004775621407478,,,,,,,,,,,,,,,,,,,,34.23941666666666,29.2694,1.2222222222222223,0.55,1.8742231196201646,,0,0,,0,0,0,0,0,,,,True,False,False,False,False
2026-04-15,32.39,33.32,31.85,33.09,62439.02,2.161160852114863,1.4093256478587055,,,,,,,,,,,,,,,,,,,,34.282500000000006,29.31268,1.2222222222222223,0.55,1.8228864478913458,,0,0,,0,0,0,0,0,,,,True,False,False,False,False
2026-04-16,33.09,34.43,32.6,34.19,58722.23,3.324267150196425,1.3254331159979436,,,,,,,,,,,,,,,,,,,,34.342083333333335,29.36316,1.2222222222222223,0.6,1.7277525906630036,,0,0,,0,0,0,0,0,,,,True,False,True,False,False
2026-04-17,34.23,35.11,33.69,33.83,51074.58,-1.0529394559812832,1.152816228499603,,,,,,,,,,,,,,,,,,,,34.39741666666667,29.420840000000002,1.2222222222222223,0.6,1.696033367685245,,0,0,,0,0,0,0,0,,,,False,False,False,False,False
2026-04-20,33.83,34.74,33.31,33.44,60521.26,-1.1528229382205213,1.3660394407011058,,,,,,,,,,,,,,,,,,,,34.4465,29.483,1.0,0.55,1.6373263927996686,,0,0,,0,0,0,0,0,,,,False,False,False,False,False
2026-04-21,33.44,33.82,33.15,33.46,34130.45,0.05980861244019309,0.7703663279461971,,,,,,,,,,,,,,,,,,,,34.49633333333334,29.54484,1.0,0.55,1.586361271719225,,0,0,,0,0,0,0,0,,,,True,False,False,False,False
2026-04-22,33.49,34.65,33.26,34.29,49310.04,2.480573819485943,1.112988385611092,,,,,,,,,,,,,,,,,,,,34.551500000000004,29.602800000000002,1.0,0.55,1.535501118156295,,0,0,,0,0,0,0,0,,,,True,False,False,False,False
2026-04-23,34.33,34.91,33.29,33.99,47138.95,-0.874890638670156,1.0639842080822077,,,,,,,,,,,,,,,,,,,,34.597166666666666,29.65536,0.8181818181818182,0.5,1.4820094635761474,,0,0,,0,0,0,0,0,,,,False,False,False,False,False
2026-04-24,33.88,34.17,32.76,33.11,45900.77,-2.588996763754048,1.0360369592197864,,,,,,,,,,,,,,,,,,,,34.63433333333333,29.704439999999998,0.6666666666666666,0.45,1.435334671115246,,0,0,,0,0,0,0,0,,,,False,False,False,False,False
2026-04-27,33.08,33.69,32.73,33.05,31138.52,-0.18121413470251202,0.7028347797957312,,,,,,,,,,,,,,,,,,,,34.66783333333333,29.75308,0.6666666666666666,0.45,1.3678564023594884,,0,0,,0,0,0,0,0,,,,False,False,False,False,False
2026-04-28,33.12,33.12,32.0,32.19,35520.66,-2.602118003025722,0.8017450813108343,,,,,,,,,,,,,,,,,,,,34.693916666666674,29.799599999999998,0.6666666666666666,0.45,1.3186212985491979,,0,0,,0,0,0,0,0,,,,False,False,False,False,False
2026-04-29,32.19,33.13,32.06,32.86,36265.0,2.0813917365641643,0.8185457526334647,,,,,,,,,,,,,,,,,,,,34.73025,29.848760000000002,0.8181818181818182,0.5,1.2410492309732746,,0,0,,0,0,0,0,0,,,,True,False,False,False,False
2026-04-30,33.02,33.09,31.41,31.61,43868.5,-3.8040170419963437,0.9901661202096,,,,,,,,,,,,,,,,,,,,34.7545,29.892919999999997,0.6666666666666666,0.45,1.218651616228915,,0,0,,0,0,0,0,0,,,,False,False,False,False,False
2026-05-06,31.61,32.59,31.3,32.2,44806.44,1.8664979436887164,1.0113365821763733,,,,,,,,,,,,,,,,,,,,34.7845,29.93628,0.6666666666666666,0.45,1.1824093603624144,,0,0,,0,0,0,0,0,,,,True,False,False,False,False
2026-05-07,32.08,33.19,32.03,32.97,41112.59,2.3913043478260843,0.9279618343929699,,,,,,,,,,,,,,,,,,,,34.82808333333334,29.982200000000002,0.8181818181818182,0.45,1.1128730691834012,,0,0,,0,0,0,0,0,,,,True,False,False,False,False
2026-05-08,32.97,33.44,32.63,33.31,36835.38,1.031240521686394,0.8314199323215131,,,,,,,,,,,,,,,,,,,,34.87408333333334,30.03028,1.0,0.5,1.0821224393670106,,0,0,,0,0,0,0,0,,,,True,False,True,False,False
2026-05-11,33.31,33.89,32.45,33.13,43846.36,-0.5403782647853461,0.9896663931183743,,,,,,,,,,,,,,,,,,,,34.90775,30.079039999999996,0.8181818181818182,0.45,1.0366211704348813,,0,0,,0,0,0,0,0,,,,False,False,False,False,False
2026-05-12,33.09,33.41,32.48,32.62,33187.0,-1.5393902807123605,0.749071498487434,,,,,,,,,,,,,,,,,,,,34.931916666666666,30.122480000000003,0.8181818181818182,0.45,1.0081828731201943,,0,0,,0,0,0,0,0,,,,False,False,False,False,False
2026-05-13,32.58,32.76,31.89,32.36,35972.23,-0.797057020232983,0.811937572845832,,,,,,,,,,,,,,,,,,,,34.956916666666665,30.165920000000003,0.8181818181818182,0.45,0.9975948771608062,,0,0,,0,0,0,0,0,,,,False,False,False,False,False
2026-05-14,32.5,32.71,31.36,31.79,31826.92,-1.7614338689740383,0.7183728163630242,,,,,,,,,,,,,,,,,,,,34.97308333333333,30.20736,0.8181818181818182,0.45,0.9795263119856269,,0,0,,0,0,0,0,0,,,,False,False,False,False,False
2026-05-15,31.56,33.27,31.56,32.4,39619.51,1.9188424032714702,0.8942611783239786,,,,,,,,,,,,,,,,,,,,35.001333333333335,30.252959999999998,0.8181818181818182,0.45,0.9742154927947887,,0,0,,0,0,0,0,0,,,,True,False,False,False,False
2026-05-18,32.53,32.89,31.21,31.6,58725.71,-2.4691358024691246,1.3255116638876214,,,,,,,,,,,,,,,,,,,,35.024833333333326,30.29232,0.6666666666666666,0.4,0.9700247935962343,,0,0,,0,0,0,0,0,,,,False,False,False,False,False
2026-05-19,31.31,32.49,31.31,32.03,34269.22,1.3607594936708933,0.7734985379032616,,,,,,,,,,,,,,,,,,,,35.050666666666665,30.33336,0.6666666666666666,0.4,0.9424280646915003,,0,0,,0,0,0,0,0,,,,True,False,False,False,False
2026-05-20,32.3,32.3,31.51,31.9,21328.89,-0.4058694973462451,0.481419338698094,,,,,,,,,,,,,,,,,,,,35.077,30.37188,0.6666666666666666,0.4,0.9088582202014248,,0,0,,0,0,0,0,0,,,,False,False,False,False,False
2026-05-21,31.31,32.47,30.8,31.13,37224.2,-2.4137931034482696,0.8401960790067177,,,,,,,,,,,,,,,,,,,,35.09908333333333,30.40736,0.6666666666666666,0.4,0.8825660521167054,,0,0,,0,0,0,0,0,,,,False,False,False,False,False
2026-05-22,31.13,31.58,28.54,29.45,82322.74,-5.396723417924831,1.8581257182448376,,,,,,,,,,,,,,,,,,,,35.11075,30.434720000000002,0.5384615384615384,0.35,0.9369540216316373,,0,0,,0,0,0,0,0,,,,False,False,False,False,False
2026-05-25,29.45,31.71,29.4,31.01,66089.88,5.297113752122251,1.4917300583497966,,,,,,,,,,,,,,,,,,,,35.131750000000004,30.46796,0.5384615384615384,0.35,0.9558911052685726,,0,0,,0,0,0,0,0,,,,True,False,False,False,False
2026-05-26,31.03,31.03,29.28,29.77,48376.65,-3.9987100935182207,1.091920622752949,,,,,,,,,,,,,,,,,,,,35.14233333333334,30.49796,0.5384615384615384,0.35,0.9572879260021097,,0,0,,0,0,0,0,0,,,,False,False,False,False,False
2026-05-27,29.13,29.99,29.13,29.29,35500.08,-1.6123614376889472,0.8012805653425674,,,,,,,,,,,,,,,,,,,,35.15200000000001,30.526040000000002,0.6666666666666666,0.35,0.9455501063082487,,0,0,,0,0,0,0,0,,,,True,False,False,False,False
2026-05-28,29.19,29.48,28.48,28.62,26576.64,-2.2874701263229658,0.5998675249212365,,,,,,,,,,,,,,,,,,,,35.15708333333334,30.552079999999997,0.6666666666666666,0.35,0.9404017435645239,,0,0,,0,0,0,0,0,,,,False,False,False,False,False
2026-05-29,28.73,28.91,27.76,28.06,34530.87,-1.9566736547868668,0.7794043009303275,,,,,,,,,,,,,,,,,,,,35.154666666666664,30.576240000000002,0.6666666666666666,0.35,0.9392847045454985,,0,0,,0,0,0,0,0,,,,False,False,False,False,False
2026-06-01,28.2,29.58,28.01,29.5,49330.94,5.131860299358526,1.1134601243738118,,,,,,,,,,,,,,,,,,,,35.16108333333333,30.606440000000003,0.6666666666666666,0.35,0.9540304231325161,,0,0,,0,0,0,0,0,,,,True,False,False,False,False
2026-06-02,29.55,29.8,28.35,28.83,26778.6,-2.2711864406779747,0.6044260110704673,,,,,,,,,,,,,,,,,,,,35.163,30.63384,0.6666666666666666,0.35,0.9347434176755595,,0,0,,0,0,0,0,0,,,,False,False,False,False,False
2026-06-03,28.82,29.96,28.3,29.54,33373.65,2.4627124523066257,0.7532844190645479,,,,,,,,,,,,,,,,,,,,35.17316666666667,30.66532,0.6666666666666666,0.35,0.9218408095199682,,0,0,,0,0,0,0,0,,,,True,False,False,False,False
2026-06-04,29.09,30.24,29.09,29.8,32749.33,0.8801624915369066,0.7391927470864941,,,,,,,,,,,,,,,,,,,,35.18933333333334,30.697920000000003,0.6666666666666666,0.35,0.9124023551546443,,0,0,,0,0,0,0,0,,,,True,False,False,False,False
2026-06-05,30.27,32.78,29.7,32.78,69511.31,10.000000000000009,1.5689559509303206,,,,,,,,,,,,,,,,,,,,35.22875,30.740959999999998,0.6666666666666666,0.35,0.9492791560850847,,0,0,,0,0,0,0,0,,,,True,False,True,True,False
2026-06-08,32.33,32.73,30.72,31.39,94308.67,-4.240390482001222,2.128662932993549,,,,,,,,,,,,,,,,,,,,35.256,30.77524,0.6666666666666666,0.35,1.0062289830788433,,0,0,,0,0,0,0,0,,,,False,False,False,False,False
2026-06-09,31.39,31.64,29.19,30.63,74480.86,-2.421153233513862,1.6811248202257747,,,,,,,,,,,,,,,,,,,,35.26358333333334,30.805839999999996,0.6666666666666666,0.35,1.0528316491657606,,0,0,,0,0,0,0,0,,,,False,False,False,False,False
2026-06-10,30.85,30.98,29.01,29.01,42705.91,-5.288932419196857,0.9639250308244038,,,,,,,,,,,,,,,,,,,,35.25,30.83044,0.6666666666666666,0.35,1.060431022064689,,0,0,,0,0,0,0,0,,,,False,False,False,False,False
2026-06-11,29.09,31.91,28.68,31.91,73345.44,9.996552912788692,1.6554969912321145,,,,,,,,,,,,,,,,,,,,35.26258333333333,30.868,0.8181818181818182,0.4,1.1072872308081436,,0,0,,0,0,0,0,0,,,,True,False,False,False,False
2026-06-12,31.9,33.51,31.56,33.19,100998.87,4.011281729865246,2.279668993775802,,,,,,,,,,,,,,,,,,,,35.283249999999995,30.91092,0.8181818181818182,0.4,1.1765576215807347,,0,0,,0,0,0,0,0,,,,True,False,True,True,False
2026-06-15,32.87,34.2,32.55,33.7,77074.59,1.5366074118710715,1.7396685035286286,,,,,,,,,,,,,,,,,,,,35.313583333333334,30.9554,1.0,0.45,1.197265463562785,,0,0,,0,0,0,0,0,,,,True,False,True,True,False
2026-06-16,33.73,33.99,32.45,32.45,66179.21,-3.70919881305638,1.4937463465638525,,,,,,,,,,,,,,,,,,,,35.3085,30.99436,0.8181818181818182,0.4,1.2332778539958147,,0,0,,0,0,0,0,0,,,,False,False,False,False,False
2026-06-17,32.3,33.03,31.99,32.22,49087.12,-0.7087827426810578,1.1079568064251812,,,,,,,,,,,,,,,,,,,,35.28225,31.03208,0.8181818181818182,0.4,1.264604727382169,,0,0,,0,0,0,0,0,,,,False,False,False,False,False
2026-06-18,32.0,34.31,31.81,33.49,86126.75,3.9416511483550742,1.9439869130187304,,,,,,,,,,,,,,,,,,,,35.25916666666667,31.07556,1.0,0.45,1.3197942690827695,,0,0,,0,0,0,0,0,,,,True,False,False,False,False
2026-06-22,33.53,33.92,32.19,32.66,64170.23,-2.4783517467900973,1.448401191562458,,,,,,,,,,,,,,,,,,,,35.23083333333333,31.11716,1.0,0.45,1.2993080427486507,,0,0,,0,0,0,0,0,,,,False,False,False,False,False
2026-06-23,32.34,33.5,32.13,32.8,43095.65,0.42865890998162737,0.9727219430436612,,,,,,,,,,,,,,,,,,,,35.20116666666667,31.15856,1.0,0.45,1.2733576369833437,,0,0,,0,0,0,0,0,,,,True,False,False,False,False
2026-06-24,32.58,32.85,31.24,31.33,49040.99,-4.48170731707317,1.1069155954622976,,,,,,,,,,,,,,,,,,,,35.1435,31.19496,1.0,0.45,1.2741073856188112,,0,0,,0,0,0,0,0,,,,False,False,False,False,False
2026-06-25,31.75,31.75,30.31,31.02,41092.0,-0.9894669645706955,0.9274970927123766,,,,,,,,,,,,,,,,,,,,35.0865,31.232120000000002,0.8181818181818182,0.45,1.280418211987302,,0,0,,0,0,0,0,0,,,,False,False,False,False,False
2026-06-26,30.5,31.61,30.01,31.03,41964.82,0.03223726627983314,0.947197716007938,,,,,,,,,,,,,,,,,,,,35.017833333333336,31.270400000000002,1.0,0.5,1.297784721541637,,0,0,,0,0,0,0,0,,,,True,False,False,False,False
2026-06-29,31.01,31.57,30.29,31.15,35368.53,0.38672252658715767,0.7983113196853516,,,,,,,,,,,,,,,,,,,,34.938250000000004,31.308919999999997,1.2222222222222223,0.55,1.2987300724793882,,0,0,,0,0,0,0,0,,,,True,False,False,False,False
2026-06-30,31.0,32.66,30.65,32.4,49412.32,4.01284109149278,1.115296971288173,,,,,,,,,,,,,,,,,,,,34.841,31.35172,1.2222222222222223,0.55,1.2988219148251061,,0,0,,0,0,0,0,0,,,,True,False,False,False,False
2026-07-01,32.32,32.93,31.85,32.55,37821.22,0.4629629629629539,0.853671556332989,,,,,,,,,,,,,,,,,,,,34.76525,31.397920000000003,1.5,0.6,1.311284192088232,,0,0,,0,0,0,0,0,,,,True,False,False,False,False
2026-07-02,32.23,33.26,32.01,32.19,36741.66,-1.105990783410138,0.8293045563960532,,,,,,,,,,,,,,,,,,,,34.683416666666666,31.44272,1.2222222222222223,0.55,1.3150851989548076,,0,0,,0,0,0,0,0,,,,False,False,False,False,False
2026-07-03,32.1,33.0,32.0,32.77,41390.89,1.8018018018018278,0.9342434084439253,,,,,,,,,,,,,,,,,,,,34.6235,31.49216,1.2222222222222223,0.55,1.324837732022679,,0,0,,0,0,0,0,0,,,,True,False,False,False,False
2026-07-06,32.6,32.7,31.06,31.21,38647.4,-4.76045163259079,0.8723194573370072,,,,,,,,,,,,,,,,,,,,34.54575,31.5334,1.0,0.5,1.2900059073430135,,0,0,,0,0,0,0,0,,,,False,False,False,False,False
2026-07-07,31.79,31.88,28.21,28.37,64197.13,-9.099647548862544,1.449008357721174,,,,,,,,,,,,,,,,,,,,34.44458333333333,31.56384,1.0,0.5,1.2560231785793947,,0,0,,0,0,0,0,0,,,,False,False,False,False,False
2026-07-08,29.73,29.79,26.4,26.88,52674.0,-5.252026788861475,1.1889171094502997,,,,,,,,,,,,,,,,,,,,34.339166666666664,31.589800000000004,1.0,0.5,1.231412793040621,,0,0,,0,0,0,0,0,,,,False,False,False,False,False
2026-07-09,26.3,27.42,26.17,26.45,46271.65,-1.5997023809523836,1.0444081779909626,,,,,,,,,,,,,,,,,,,,34.22933333333334,31.612479999999998,1.2222222222222223,0.5,1.2354369503989489,,0,0,,0,0,0,0,0,,,,True,False,False,False,False
2026-07-10,26.21,26.45,25.82,25.82,41178.83,-2.3818525519848754,0.9294569528447675,,,,,,,,,,,,,,,,,,,,34.117333333333335,31.62944,1.0,0.45,1.1991349484795815,,0,0,,0,0,0,0,0,,,,False,False,False,False,False
2026-07-13,25.71,25.82,23.51,23.7,54280.11,-8.210689388071268,1.2251689919475321,,,,,,,,,,,,,,,,,,,,33.966833333333334,31.63824,0.8181818181818182,0.4,1.146409948388168,,0,0,,0,0,0,0,0,,,,False,False,False,False,False
2026-07-14,23.82,24.71,23.82,24.46,49828.31,3.2067510548523304,1.1246863783649137,,,,,,,,,,,,,,,,,,,,33.82225,31.65164,0.8181818181818182,0.4,1.1156608421299823,,0,0,,0,0,0,0,0,,,,True,False,False,False,False
2026-07-15,24.43,24.7,23.91,24.16,27659.07,-1.22649223221587,0.624299304295924,,,,,,,,,,,,,,,,,,,,33.66916666666667,31.663359999999997,0.8181818181818182,0.4,1.0721884900165857,,0,0,,0,0,0,0,0,,,,False,False,False,False,False
2026-07-16,24.26,24.26,23.48,23.7,32010.66,-1.9039735099337762,0.7225200546530799,,,,,,,,,,,,,,,,,,,,33.49908333333333,31.67508,0.8181818181818182,0.4,1.052916652427981,,0,0,,0,0,0,0,0,,,,False,False,False,False,False
2026-07-17,23.9,23.9,22.15,22.47,37794.0,-5.189873417721524,0.8530571673798198,,,,,,,,,,,,,,,,,,,,33.31641666666667,31.68376,0.6666666666666666,0.35,0.998370165146035,,0,0,,0,0,0,0,0,,,,False,False,False,False,False
2026-07-20,22.71,22.98,21.47,21.91,41265.97,-2.4922118380062197,0.9314238100592851,,,,,,,,,,,,,,,,,,,,33.144333333333336,31.68988,0.6666666666666666,0.35,0.9725212960708765,,0,0,,0,0,0,0,0,,,,False,False,False,False,False
2026-07-21,22.02,23.13,21.45,23.09,50376.57,5.385668644454578,1.1370612823863895,,,,,,,,,,,,,,,,,,,,32.98966666666667,31.7002,0.6666666666666666,0.35,0.980738263038013,,0,0,,0,0,0,0,0,,,,True,False,False,False,False
2026-07-22,23.17,23.18,22.2,22.26,34152.33,-3.5946297098310875,0.7708601865169297,,,,,,,,,,,,,,,,,,,,32.82575,31.70796,0.6666666666666666,0.35,0.9639354925907446,,0,0,,0,0,0,0,0,,,,False,False,False,False,False
2026-07-23,22.14,22.45,21.92,22.0,23266.0,-1.1680143755615546,0.5251422992077813,,,,,,,,,,,,,,,,,,,,32.65108333333333,31.7148,0.6666666666666666,0.35,0.9438177529155147,,0,0,,0,0,0,0,0,,,,False,False,False,False,False
2026-07-24,21.83,22.1,21.45,21.62,19980.01,-1.7272727272727217,0.4509734543795437,,,,,,,,,,,,,,,,,,,,32.473166666666664,31.71952,0.5384615384615384,0.3,0.919006539834095,,0,0,,0,0,0,0,0,,,,False,False,False,False,False
2026-07-27,21.41,22.62,21.01,22.53,33843.82,4.209065679926005,0.7638967355271338,,,,,,,,,,,,,,,,,,,,32.3065,31.7274,0.5384615384615384,0.3,0.9172858106261842,,0,0,,0,0,0,0,0,,,,True,False,False,False,False
2026-07-28,22.54,22.99,22.16,22.84,28220.0,1.375943186861961,0.6369601858352785,,,,,,,,,,,,,,,,,,,,32.177416666666666,31.735799999999998,0.5384615384615384,0.3,0.8933689713535395,,0,0,,0,0,0,0,0,,,,True,False,False,False,False
2026-07-29,22.87,23.23,22.36,23.14,30926.67,1.3134851138353776,0.6980530641554334,,,,,,,,,,,,,,,,,,,,32.029333333333334,31.74632,0.5384615384615384,0.3,0.8855880467446617,,0,0,,0,0,0,0,0,,,,True,False,False,False,False
2026-07-30,23.16,23.49,22.61,22.8,23027.35,-1.4693171996542742,0.519755674532034,,,,,,,,,,,,,,,,,,,,31.868916666666667,31.75296,0.5384615384615384,0.3,0.8701106026514609,,0,0,,0,0,0,0,0,,,,False,False,False,False,False
2026-07-31,23.07,23.65,22.91,23.04,32156.65,1.0526315789473717,0.7258152289099932,,,,,,,,,,,,,,,,,,,,31.716,31.757,0.42857142857142855,0.3,0.8596891936747643,,0,0,,0,0,0,0,0,,,,False,False,False,False,False
2026-08-03,23.02,24.3,23.01,24.22,37030.72,5.121527777777768,0.8358289969104948,,,,,,,,,,,,,,,,,,,,31.56341666666667,31.75892,0.5384615384615384,0.35,0.8578646706534385,,0,0,,0,0,0,0,0,,,,True,False,True,True,False
2026-08-04,24.18,24.63,24.0,24.4,23043.07,0.7431874483897705,0.5201104943095439,,,,,,,,,,,,,,,,,,,,31.429333333333332,31.76116,0.6666666666666666,0.4,0.811419777482857,,0,0,,0,0,0,0,0,,,,True,False,True,True,False
2026-08-05,24.48,24.85,24.18,24.58,23206.45,0.7377049180327777,0.5237981823025194,,,,,,,,,,,,,,,,,,,,31.29625,31.75548,0.8181818181818182,0.45,0.7781638311254679,,0,0,,0,0,0,0,0,,,,True,False,False,False,False
2026-08-06,24.2,24.75,24.2,24.68,19964.42,0.40683482506103097,0.4506215688622803,,,,,,,,,,,,,,,,,,,,31.16658333333333,31.7472,0.8181818181818182,0.5,0.7484745006690339,,0,0,,0,0,0,0,0,,,,True,False,False,False,False
2026-08-07,24.53,24.68,23.6,23.67,56000.67,-4.092382495948133,1.2640041520233913,,,,,,,,,,,,,,,,,,,,31.02283333333333,31.732680000000002,0.8181818181818182,0.5,0.765201860627965,,0,0,,0,0,0,0,0,,,,False,False,False,False,False
2026-08-10,24.06,24.1,23.07,23.36,57037.67,-1.3096746937051207,1.2874105202980612,,,,,,,,,,,,,,,,,,,,30.872833333333336,31.71252,0.8181818181818182,0.5,0.7683139370454916,,0,0,,0,0,0,0,0,,,,False,False,False,False,False
2026-08-11,23.34,23.47,22.84,22.85,42700.83,-2.1832191780821852,0.9638103689624604,,,,,,,,,,,,,,,,,,,,30.733,31.69084,0.6666666666666666,0.45,0.7602701365753688,,0,0,,0,0,0,0,0,,,,False,False,False,False,False
2026-08-12,22.79,23.08,22.56,22.65,52834.38,-0.875273522975939,1.1925370837452771,,,,,,,,,,,,,,,,,,,,30.591583333333336,31.67048,0.6666666666666666,0.45,0.7886820255478365,,0,0,,0,0,0,0,0,,,,False,False,False,False,False
2026-08-13,22.7,23.31,22.52,22.88,49467.0,1.0154525386313562,1.1165311662903517,,,,,,,,,,,,,,,,,,,,30.45291666666667,31.64556,0.8181818181818182,0.5,0.8083825811297001,,0,0,,0,0,0,0,0,,,,True,False,False,False,False
2026-08-14,22.87,22.98,22.12,22.25,35777.33,-2.7534965034964998,0.8075384395992233,,,,,,,,,,,,,,,,,,,,30.322916666666668,31.6162,0.8181818181818182,0.5,0.8061066447406702,,0,0,,0,0,0,0,0,,,,False,False,False,False,False
2026-08-17,22.29,22.59,21.91,22.53,32098.49,1.2584269662921477,0.724502486018137,,,,,,,,,,,,,,,,,,,,30.19925,31.59268,1.0,0.55,0.7957605785386129,,0,0,,0,0,0,0,0,,,,True,False,False,False,False
2026-08-18,22.55,22.55,21.86,21.87,36002.78,-2.929427430093212,0.8126271240037791,,,,,,,,,,,,,,,,,,,,30.069416666666665,31.56548,0.8181818181818182,0.5,0.7795388706194823,,0,0,,0,0,0,0,0,,,,False,False,False,False,False
2026-08-19,21.66,21.95,20.43,20.49,45743.0,-6.310013717421137,1.0324758958420674,,,,,,,,,,,,,,,,,,,,29.928083333333333,31.53276,0.8181818181818182,0.5,0.7926196560857393,,0,0,,0,0,0,0,0,,,,False,False,False,False,False
2026-08-20,20.7,21.02,20.55,20.66,30227.55,0.8296730112250073,0.6822730639739607,,,,,,,,,,,,,,,,,,,,29.795583333333333,31.49552,0.8181818181818182,0.55,0.8004761943240484,,0,0,,0,0,0,0,0,,,,False,False,False,False,False
2026-08-21,20.79,21.08,20.46,20.76,28449.92,0.4840271055179146,0.6421497636498513,,,,,,,,,,,,,,,,,,,,29.658916666666666,31.460639999999998,0.8181818181818182,0.6,0.8100350097875635,,0,0,,0,0,0,0,0,,,,False,False,False,False,False
2026-08-24,20.81,21.63,20.52,21.13,46569.0,1.782273603082829,1.0511197340242058,20.982,21.807,22.74,22.766666666666666,26.729499999999998,28.95,31.97575,35.15588293406451,-1.218352429521925,-1.176159367149703,37398.45,39987.028000000006,35.11733089903696,14.24453527314823,13.934430228050786,14.864745363343118,25.27773209983416,22.74,20.202267900165836,29.541249999999998,31.430239999999998,0.8181818181818182,0.6,0.8243961597124173,1.2452120341885828,0,0,-0.20948764473708825,0,0,1,0,0,0.18278763544323473,0.223195435341615,35.11733089903696,True,True,False,False,False
2026-08-25,21.19,21.57,20.87,21.57,34886.43,2.0823473734027598,0.78742972841706,20.921999999999997,21.679,22.6765,22.670333333333335,26.597333333333335,28.853099999999998,31.941100000000002,39.01338930693347,-1.1534691743659948,-1.1716213285929615,37175.18,39205.588,45.74837703368728,22.69080129320994,16.853220583103838,34.36596271342214,25.26671051776071,22.6765,20.08628948223929,29.45583333333333,31.40292,0.8181818181818182,0.6,0.8319196368415064,0.9384333848551641,0,0,-0.18901644275115304,1,1,1,0,0,0.28640732241397265,0.22844888036167044,45.74837703368728,True,True,False,False,False
2026-08-26,21.56,21.57,21.04,21.18,39011.53,-1.8080667593880384,0.8805383202876875,21.06,21.532,22.578500000000002,22.571,26.46983333333333,28.7335,31.903500000000005,36.91705869138245,-1.1206008784533275,-1.1614172385650348,35828.886,37823.303,38.95875575473681,24.93112243076741,19.545854532325027,35.70165822765218,25.24214431796627,22.578500000000002,19.914855682033732,29.37675,31.37984,0.6666666666666666,0.55,0.841043899648119,1.088828996804422,0,0,-0.19984384739861094,0,1,1,0,0,0.23748371909734242,0.23594519724217902,38.95875575473681,False,True,False,False,False
2026-08-27,21.16,21.41,20.88,21.23,40523.0,0.23607176581681433,0.9146540613254073,21.174,21.366999999999997,22.5,22.48866666666667,26.33133333333333,28.5983,31.86665,37.38161465651948,-1.0780903801917994,-1.1447518668903878,37887.976,36928.903,40.32137742900488,28.966427299523964,22.68604545472467,41.52719098912256,25.227921900410507,22.5,19.772078099589493,29.296333333333333,31.357440000000004,0.8181818181818182,0.6,0.8607888189877878,1.0695477636493436,0,0,-0.19373623313163013,0,1,1,0,0,0.2672220748312322,0.2424819467031562,40.32137742900488,True,True,False,False,False
2026-08-28,21.23,21.7,21.17,21.31,30745.21,0.37682524729156786,0.6939572882758562,21.284,21.273,22.4135,22.45,26.189833333333336,28.463599999999996,31.834500000000002,38.16622946835248,-1.0261167376200397,-1.1210248410363182,38347.034,36425.691000000006,42.77408563693405,33.147429520437335,26.17317347662889,47.09594160805423,25.178783082492323,22.4135,19.648216917507675,29.22216666666667,31.33536,1.0,0.6,0.8591959219560807,0.8017623996682507,0,0,-0.18632548253457148,0,0,1,0,0,0.30047250732004155,0.24675156334283574,42.77408563693405,True,True,False,False,False
2026-08-31,21.45,22.55,21.0,21.92,74644.21,2.862505865790732,1.68481183108177,21.442,21.212,22.2985,22.450333333333333,26.00883333333333,28.357799999999997,31.805150000000005,43.93485224020095,-0.9250420405895134,-1.0818282809469573,43962.076,40680.263,58.4129785064628,45.52595930293308,32.624102085396956,71.32967373800534,24.93579746042029,22.2985,19.661202539579712,29.156583333333334,31.30832,1.0,0.6,0.9016450636646445,1.697922773255749,0,0,-0.15720940962365337,0,0,1,0,0,0.4282409349570147,0.23654483130437373,58.4129785064628,True,True,True,False,False
2026-09-01,21.8,21.88,21.28,21.46,41580.53,-2.098540145985406,0.9385238170067105,21.42,21.171,22.1515,22.396,25.84333333333333,28.235,31.767000000000003,40.840629870342546,-0.8720058302027525,-1.0398637907981163,45300.896,41238.038,46.83157334310459,46.29960285267309,37.182602341155665,64.53360387570793,24.617797245926702,22.1515,19.685202754073295,29.092,31.276239999999998,0.8181818181818182,0.55,0.9225657297995029,0.9178743396157109,0,0,-0.16961176318844307,0,0,1,0,0,0.3598100855154285,0.22267541664688206,46.83157334310459,False,True,False,False,False
2026-09-02,21.31,21.38,20.67,20.94,35620.67,-2.4231127679403497,0.8040024302897636,21.372,21.216,21.9695,22.352,25.681833333333334,28.121399999999998,31.7231,37.61555349875114,-0.8619973368205045,-1.004290500002594,44622.724,40225.805,36.90563913214896,38.521904294126564,37.6290363254793,40.307640231421104,24.20792496318103,21.9695,19.73107503681897,29.025,31.240640000000003,0.6666666666666666,0.5,0.9365759421988651,0.7982630105683373,0,0,-0.18463764918132786,0,0,1,0,0,0.27003919788828323,0.20377568567159274,36.90563913214896,False,False,False,False,False
2026-09-03,21.13,21.23,20.9,21.08,28117.0,0.6685768863419206,0.6346353488706777,21.342,21.258,21.7895,22.32133333333333,25.549666666666667,28.010299999999997,31.6817,39.011927817823185,-0.833164501984605,-0.9700653003989962,42141.524,40014.75,40.949203334741156,34.87667182826826,36.71158149307561,31.206852498653546,23.65872415653419,21.7895,19.92027584346581,28.935,31.20884,0.5384615384615384,0.5,0.945776631199285,0.6672041571159126,0,0,-0.17494031233284202,0,0,1,0,0,0.3102153779898938,0.1715710921805632,40.949203334741156,False,False,False,False,False
2026-09-04,21.22,21.38,20.66,20.74,29934.0,-1.6129032258064502,0.6756472786248486,21.228,21.256,21.642999999999997,22.291999999999998,25.3635,27.9034,31.636149999999997,36.85442800487714,-0.8282024290848611,-0.9416927261361692,41979.28199999999,40163.158,34.504765917092016,24.662049296446888,32.69507076086604,8.596006367608581,23.343304616672036,21.642999999999997,19.94269538332796,28.843500000000002,31.16744,0.5384615384615384,0.5,0.9163587875293577,0.713066031000721,0,0,-0.18228951051708164,0,0,1,0,0,0.23445934594725248,0.1571228218520574,34.504765917092016,False,False,False,False,False
