date,open,high,low,close,volume,change_rate,turnover,MA5,MA10,MA20,MA30,MA60,MA100,MA200,RSI14,DIF,DEA,VOL_MA5,VOL_MA10,RSI6,K,D,J,BOLL_UPPER,BOLL_MIDDLE,BOLL_LOWER,MA120,MA250,updown_ratio_20,up_days_ratio_20,turnover_ma20,vol_ratio,ma_bull,dif_above_zero,bias60,macd_gold,macd_gold3,dif_below0,kdj_gold,kdj_gold3,boll_pos,boll_width,rsi6,is_yang,above_ma5,break_high5,break_high10,break_close40
2024-08-14,22.64,23.07,22.55,22.99,8394.2,1.9964507542147292,1.1957735185411422,,,,,,,,,,,,,,,,,,,,,,,,,,0,0,,0,0,0,0,0,,,,True,False,False,False,False
2024-08-15,22.99,23.53,22.83,23.49,8161.2,2.174858634188781,1.162582120930877,,,,,,,,,,,,,,,,,,,,,,,,,,0,0,,0,0,0,0,0,,,,True,False,False,False,False
2024-08-16,23.5,23.5,22.75,22.87,5627.2,-2.6394210302256194,0.8016078653754634,,,,,,,,,,,,,,,,,,,,,,,,,,0,0,,0,0,0,0,0,,,,False,False,False,False,False
2024-08-19,22.88,23.45,22.18,23.4,8276.0,2.317446436379522,1.1789356507405697,,,,,,,,,,,,,,,,,,,,,,,,,,0,0,,0,0,0,0,0,,,,True,False,False,False,False
2024-08-20,24.34,24.34,21.32,21.45,18967.37,-8.333333333333325,2.7019464347253703,,,,,,,,,,,,,,,,,,,,,,,,,,0,0,,0,0,0,0,0,,,,False,False,False,False,False
2024-08-21,21.39,21.39,20.53,20.62,8451.77,-3.869463869463863,1.2039745003455324,,,,,,,,,,,,,,,,,,,,,,,,,,0,0,,0,0,0,0,0,,,,False,False,False,False,False
2024-08-22,20.45,20.74,20.32,20.4,3538.1,-1.0669253152279512,0.5040106604501221,,,,,,,,,,,,,,,,,,,,,,,,,,0,0,,0,0,0,0,0,,,,False,False,False,False,False
2024-08-23,20.41,20.61,20.14,20.4,2053.7,0.0,0.29255439172618514,,,,,,,,,,,,,,,,,,,,,,,,,,0,0,,0,0,0,0,0,,,,False,False,False,False,False
2024-08-26,20.47,20.65,20.21,20.65,1956.22,1.225490196078427,0.27866813662297213,,,,,,,,,,,,,,,,,,,,,,,,,,0,0,,0,0,0,0,0,,,,True,False,False,False,False
2024-08-27,20.54,20.75,20.29,20.29,1634.5,-1.7433414043583562,0.23283836649775996,,,,,,,,,,,,,,,,,,,,,,,,,,0,0,,0,0,0,0,0,,,,False,False,False,False,False
2024-08-28,20.37,20.43,20.14,20.28,3050.66,-0.04928536224739766,0.4345736868400467,,,,,,,,,,,,,,,,,,,,,,,,,,0,0,,0,0,0,0,0,,,,False,False,False,False,False
2024-08-29,20.18,20.46,20.07,20.43,2606.14,0.7396449704141883,0.3712507681030726,,,,,,,,,,,,,,,,,,,,,,,,,,0,0,,0,0,0,0,0,,,,True,False,False,False,False
2024-08-30,20.48,20.87,20.35,20.61,5411.92,0.8810572687224738,0.7709407234117817,,,,,,,,,,,,,,,,,,,,,,,,,,0,0,,0,0,0,0,0,,,,True,False,False,False,False
2024-09-02,21.43,21.43,20.8,20.9,6920.2,1.4070839398350188,0.985798754259895,,,,,,,,,,,,,,,,,,,,,,,,,,0,0,,0,0,0,0,0,,,,False,False,True,False,False
2024-09-03,21.04,21.63,20.87,21.59,5507.2,3.3014354066985607,0.7845135833444256,,,,,,,,,,,,,,,,,,,,,,,,,,0,0,,0,0,0,0,0,,,,True,False,True,False,False
2024-09-04,21.54,21.87,21.33,21.39,3563.8,-0.9263547938860528,0.5076716858517692,,,,,,,,,,,,,,,,,,,,,,,,,,0,0,,0,0,0,0,0,,,,False,False,False,False,False
2024-09-05,21.39,21.65,21.23,21.57,2589.8,0.8415147265077083,0.3689230966998463,,,,,,,,,,,,,,,,,,,,,,,,,,0,0,,0,0,0,0,0,,,,True,False,False,False,False
2024-09-06,21.57,21.71,21.38,21.38,2411.0,-0.8808530366249512,0.34345261647360004,,,,,,,,,,,,,,,,,,,,,,,,,,0,0,,0,0,0,0,0,,,,False,False,False,False,False
2024-09-09,21.78,21.78,21.04,21.32,2261.2,-0.2806361085126219,0.3221132544048546,,,,,,,,,,,,,,,,,,,,,,,,,,0,0,,0,0,0,0,0,,,,False,False,False,False,False
2024-09-10,21.53,21.6,21.14,21.5,2441.0,0.8442776735459567,0.3477261869813595,,,,,,,,,,,,,,,,,,,,,,0.6666666666666666,0.45,0.7394928001163323,,0,0,,0,0,0,0,0,,,,False,False,False,False,False
2024-09-11,21.49,21.62,21.18,21.24,1940.0,-1.2093023255814073,0.2763575595017769,,,,,,,,,,,,,,,,,,,,,,0.5384615384615384,0.45,0.6935220021643641,,0,0,,0,0,0,0,0,,,,False,False,False,False,False
2024-09-12,21.32,21.42,21.18,21.18,1467.0,-0.28248587570620654,0.20897759782943642,,,,,,,,,,,,,,,,,,,,,,0.42857142857142855,0.4,0.6458417760092919,,0,0,,0,0,0,0,0,,,,False,False,False,False,False
2024-09-13,21.27,21.4,20.9,20.9,2287.0,-1.3220018885741314,0.32578852504152767,,,,,,,,,,,,,,,,,,,,,,0.42857142857142855,0.4,0.6220508089925951,,0,0,,0,0,0,0,0,,,,False,False,False,False,False
2024-09-18,21.11,21.11,20.32,20.57,2661.2,-1.5789473684210464,0.3790941945083138,,,,,,,,,,,,,,,,,,,,,,0.3333333333333333,0.35,0.5820587361809824,,0,0,,0,0,0,0,0,,,,False,False,False,False,False
2024-09-19,20.78,21.16,20.58,21.03,2418.0,2.236266407389409,0.34444978292541056,,,,,,,,,,,,,,,,,,,,,,0.42857142857142855,0.4,0.4641839035909844,,0,0,,0,0,0,0,0,,,,True,False,False,False,False
2024-09-20,20.8,21.02,20.47,20.56,2717.0,-2.2349025202092365,0.38704303565274634,,,,,,,,,,,,,,,,,,,,,,0.42857142857142855,0.4,0.42333733035634513,,0,0,,0,0,0,0,0,,,,False,False,False,False,False
2024-09-23,20.59,20.76,20.37,20.57,2052.93,0.04863813229571967,0.292444703416486,,,,,,,,,,,,,,,,,,,,,,0.42857142857142855,0.45,0.4127590325046633,,0,0,,0,0,0,0,0,,,,False,False,False,False,False
2024-09-24,20.61,21.24,20.5,21.21,3633.87,3.1113271754982907,0.5176533220343927,,,,,,,,,,,,,,,,,,,,,,0.5384615384615384,0.5,0.4240139790200737,,0,0,,0,0,0,0,0,,,,True,False,False,False,False
2024-09-25,21.46,21.89,21.35,21.63,4721.6,1.980198019801982,0.6726030169812319,,,,,,,,,,,,,,,,,,,,,,0.5384615384615384,0.5,0.44371072303798675,,0,0,,0,0,0,0,0,,,,True,False,True,False,False
2024-09-26,21.63,21.99,21.53,21.99,4272.8,1.664355062413314,0.6086704021851507,,,,,,,,,,,,,,,,,,,,,,0.6666666666666666,0.55,0.46250232482235615,,0,0,,0,0,0,0,0,,,,True,False,True,True,False
2024-09-27,22.13,22.82,22.13,22.77,3527.0,3.547066848567537,0.502429439362251,,,,,,,,,,,,,,,,,,,,,,0.8181818181818182,0.6,0.46589511244846643,,0,0,,0,0,0,0,0,,,,True,False,True,True,False
2024-09-30,23.57,24.87,23.01,24.68,15068.8,8.388230127360563,2.1465859755775134,,,,,,,,,,,,,,,,,,,,,,0.8181818181818182,0.6,0.5546618728221884,,0,0,,0,0,0,0,0,,,,True,False,True,True,False
2024-10-08,26.74,27.07,24.94,26.39,18408.6,6.928687196110217,2.6223483349713455,,,,,,,,,,,,,,,,,,,,,,0.6666666666666666,0.6,0.6472322534001667,,0,0,,0,0,0,0,0,,,,False,False,True,True,False
2024-10-09,25.46,25.85,23.84,24.17,12999.34,-8.41227737779462,1.8517865348112519,,,,,,,,,,,,,,,,,,,,,,0.6666666666666666,0.55,0.6905316424277345,,0,0,,0,0,0,0,0,,,,False,False,False,False,False
2024-10-10,24.62,24.84,23.92,24.24,6694.1,0.2896152254861173,0.9535902778664148,,,,,,,,,,,,,,,,,,,,,,0.5384615384615384,0.55,0.698985477153834,,0,0,,0,0,0,0,0,,,,False,False,False,False,False
2024-10-11,24.11,24.39,23.15,23.26,8444.6,-4.042904290429028,1.2029531169941778,,,,,,,,,,,,,,,,,,,,,,0.5384615384615384,0.55,0.7337495487109544,,0,0,,0,0,0,0,0,,,,False,False,False,False,False
2024-10-14,23.26,23.74,23.02,23.66,5468.4,1.7196904557179593,0.77898643215439,,,,,,,,,,,,,,,,,,,,,,0.5384615384615384,0.55,0.7542527154836816,,0,0,,0,0,0,0,0,,,,True,False,False,False,False
2024-10-15,23.64,24.03,23.26,23.31,5374.0,-1.47928994082841,0.7655389302899737,,,,,,,,,,,,,,,,,,,,,,0.5384615384615384,0.55,0.7753570311745003,,0,0,,0,0,0,0,0,,,,False,False,False,False,False
2024-10-16,23.18,23.57,23.02,23.41,3940.6,0.4290004290004257,0.5613477314292279,,,,,,,,,,,,,,,,,,,,,,0.6666666666666666,0.6,0.787318755025719,,0,0,,0,0,0,0,0,,,,True,False,False,False,False
2024-10-17,23.43,24.45,23.3,24.17,13317.9,3.246475865014964,1.8971661555096466,,,,,,,,,,,,,,,,,,,,,,0.8181818181818182,0.6,0.8647907534521332,,0,0,,0,0,0,0,0,,,,True,False,False,False,False
2024-10-18,23.64,24.41,23.25,24.07,13502.76,-0.4137360364087739,1.9234998969784602,,,,,,,,,,,,,,,,,,,,,,1.0,0.6,0.9471478703259676,,0,0,,0,0,0,0,0,,,,True,False,False,False,False
2024-10-21,24.17,24.33,23.72,23.99,10086.0,-0.33236393851268087,1.4367744047087225,,,,,,,,,,,,,,,,,,,,,,1.0,0.6,1.0085377106699318,,0,0,,0,0,0,0,0,,,,False,False,False,False,False
2024-10-22,24.06,24.12,23.82,24.06,6649.1,0.2917882451021203,0.9471799221047756,,,,,,,,,,,,,,,,,,,,,,1.1111111111111112,0.65,1.0396072805230943,,0,0,,0,0,0,0,0,,,,False,False,False,False,False
2024-10-23,24.06,24.19,23.82,23.88,6075.0,-0.7481296758104716,0.8653980278212859,,,,,,,,,,,,,,,,,,,,,,1.1111111111111112,0.65,1.0639224721887428,,0,0,,0,0,0,0,0,,,,False,False,False,False,False
2024-10-24,23.76,23.89,23.61,23.73,3919.6,-0.6281407035175768,0.5583562320737963,,,,,,,,,,,,,,,,,,,,,,0.9,0.6,1.074617794646162,,0,0,,0,0,0,0,0,,,,False,False,False,False,False
2024-10-25,23.75,24.32,23.61,24.15,6947.0,1.7699115044247815,0.9896164772468269,,,,,,,,,,,,,,,,,,,,,,1.1111111111111112,0.65,1.104746466725866,,0,0,,0,0,0,0,0,,,,True,False,False,False,False
2024-10-28,24.24,24.57,24.08,24.55,6542.96,1.6563146997929712,0.9320600296483227,,,,,,,,,,,,,,,,,,,,,,1.375,0.65,1.1367272330374578,,0,0,,0,0,0,0,0,,,,True,False,True,True,False
2024-10-29,24.6,24.79,23.85,24.05,7768.2,-2.0366598778004064,1.1065983472792285,,,,,,,,,,,,,,,,,,,,,,1.1111111111111112,0.6,1.1661744842996995,,0,0,,0,0,0,0,0,,,,False,False,False,False,False
2024-10-30,24.12,24.26,23.65,23.87,5214.0,-0.7484407484407485,0.74274655424859,,,,,,,,,,,,,,,,,,,,,,0.9,0.55,1.1696816611630676,,0,0,,0,0,0,0,0,,,,False,False,False,False,False
2024-10-31,23.53,23.98,23.36,23.7,9099.39,-0.712191034771692,1.2962294914200378,,,,,,,,,,,,,,,,,,,,,,0.9,0.5,1.204059615624812,,0,0,,0,0,0,0,0,,,,True,False,False,False,False
2024-11-01,23.63,23.66,22.94,22.95,8370.6,-3.164556962025311,1.192411643075038,,,,,,,,,,,,,,,,,,,,,,0.7272727272727273,0.45,1.2385587258104513,,0,0,,0,0,0,0,0,,,,False,False,False,False,False
2024-11-04,22.98,23.45,22.9,23.43,6684.94,2.091503267973849,0.9522854143380456,,,,,,,,,,,,,,,,,,,,,,0.7272727272727273,0.45,1.1788436977484777,,0,0,,0,0,0,0,0,,,,True,False,False,False,False
2024-11-05,23.34,24.89,23.34,24.77,16983.0,5.719163465642341,2.419268264442617,,,,,,,,,,,,,,,,,,,,,,0.9,0.45,1.1686896942220415,,0,0,,0,0,0,0,0,,,,True,False,False,False,False
2024-11-06,24.62,25.53,24.2,24.78,18961.8,0.040371417036744184,2.7011529751344296,,,,,,,,,,,,,,,,,,,,,,1.1111111111111112,0.5,1.2111580162382005,,0,0,,0,0,0,0,0,,,,True,False,False,False,False
2024-11-07,24.57,26.33,24.29,25.31,23452.8,2.138821630347043,3.340906480146017,,,,,,,,,,,,,,,,,,,,,,1.375,0.5,1.3305238263521804,,0,0,,0,0,0,0,0,,,,True,False,False,False,False
2024-11-08,25.4,25.53,24.57,24.78,17873.8,-2.0940339786645445,2.5461648180530205,,,,,,,,,,,,,,,,,,,,,,1.375,0.5,1.3976844114051226,,0,0,,0,0,0,0,0,,,,False,False,False,False,False
2024-11-11,24.66,25.09,24.42,25.06,10669.0,1.1299435028248483,1.5198241249095144,,,,,,,,,,,,,,,,,,,,,,1.375,0.5,1.434726296042879,,0,0,,0,0,0,0,0,,,,True,False,False,False,False
2024-11-12,25.06,25.32,24.7,24.91,10858.2,-0.5985634477254531,1.5467761095784505,,,,,,,,,,,,,,,,,,,,,,1.375,0.5,1.4737881550073026,,0,0,,0,0,0,0,0,,,,False,False,False,False,False
2024-11-13,24.72,25.03,24.41,24.98,6393.0,0.2810116419108777,0.910697875203536,,,,,,,,,,,,,,,,,,,,,,1.375,0.5,1.491255662196018,,0,0,,0,0,0,0,0,,,,True,False,False,False,False
2024-11-14,25.04,25.11,24.35,24.41,5331.8,-2.281825460368292,0.7595274411090588,,,,,,,,,,,,,,,,,,,,,,1.1111111111111112,0.45,1.4343737264759888,,0,0,,0,0,0,0,0,,,,False,False,False,False,False
2024-11-15,24.36,24.58,23.96,23.98,4751.8,-1.7615731257681233,0.676905077959043,,,,,,,,,,,,,,,,,,,,,,0.9,0.45,1.3720439855250177,,0,0,,0,0,0,0,0,,,,False,False,False,False,False
2024-11-18,24.06,24.22,23.41,23.57,7164.14,-1.7097581317764843,1.0205485805819898,,,,,,,,,,,,,,,,,,,,,,0.9,0.45,1.3512326943186812,,0,0,,0,0,0,0,0,,,,False,False,False,False,False
2024-11-19,23.5,24.03,23.5,24.03,5128.94,1.951633432329225,0.7306295573355894,,,,,,,,,,,,,,,,,,,,,,1.0,0.45,1.3404051760802218,,0,0,,0,0,0,0,0,,,,True,False,False,False,False
2024-11-20,24.03,24.51,23.94,24.4,5055.6,1.5397419891801878,0.7201821019676202,,,,,,,,,,,,,,,,,,,,,,1.2222222222222223,0.5,1.3331443797875386,,0,0,,0,0,0,0,0,,,,True,False,False,False,False
2024-11-21,24.48,24.8,24.32,24.68,4925.0,1.1475409836065653,0.7015778250238408,,,,,,,,,,,,,,,,,,,,,,1.5,0.55,1.3403054594350408,,0,0,,0,0,0,0,0,,,,True,False,False,False,False
2024-11-22,24.5,24.72,23.63,23.7,6199.66,-3.970826580226905,0.883156137804529,,,,,,,,,,,,,,,,,,,,,,1.2222222222222223,0.5,1.334982442462926,,0,0,,0,0,0,0,0,,,,False,False,False,False,False
2024-11-25,23.77,24.33,23.64,24.29,4998.0,2.4894514767932474,0.7119768465927222,,,,,,,,,,,,,,,,,,,,,,1.2222222222222223,0.5,1.3239782833101459,,0,0,,0,0,0,0,0,,,,True,False,False,False,False
2024-11-26,24.23,24.48,24.08,24.13,3574.76,-0.6587072869493671,0.5092329636106041,,,,,,,,,,,,,,,,,,,,,,1.2222222222222223,0.5,1.2941100141267148,,0,0,,0,0,0,0,0,,,,False,False,False,False,False
2024-11-27,23.91,24.43,23.51,24.39,6360.76,1.077496891835894,0.9061052114311972,,,,,,,,,,,,,,,,,,,,,,1.5,0.55,1.302277946985845,,0,0,,0,0,0,0,0,,,,True,False,False,False,False
2024-11-28,24.34,24.71,24.34,24.55,6251.6,0.6560065600655918,0.8905551128769631,,,,,,,,,,,,,,,,,,,,,,1.5,0.6,1.2819942280586913,,0,0,,0,0,0,0,0,,,,True,False,False,False,False
2024-11-29,24.5,24.87,24.43,24.73,6968.28,0.7331975560081361,0.9926478632603309,,,,,,,,,,,,,,,,,,,,,,1.8571428571428572,0.65,1.272006039067956,,0,0,,0,0,0,0,0,,,,True,False,True,False,False
2024-12-02,24.75,25.17,24.75,24.95,7205.0,0.8896077638495647,1.026369183613558,,,,,,,,,,,,,,,,,,,,,,1.8571428571428572,0.65,1.2757102275317316,,0,0,,0,0,0,0,0,,,,True,False,True,True,False
2024-12-03,24.98,25.05,24.79,24.98,5496.0,0.12024048096193063,0.7829181170215287,,,,,,,,,,,,,,,,,,,,,,1.7142857142857142,0.65,1.1938927201606773,,0,0,,0,0,0,0,0,,,,False,False,False,False,False
2024-12-04,25.88,25.88,24.64,24.76,9674.0,-0.8807045636509137,1.3780840364021596,,,,,,,,,,,,,,,,,,,,,,1.375,0.6,1.1277392732240634,,0,0,,0,0,0,0,0,,,,False,False,False,False,False
2024-12-05,24.76,25.3,24.67,25.19,7977.4,1.7366720516962753,1.1363993789533375,,,,,,,,,,,,,,,,,,,,,,1.375,0.6,1.0175139181644295,,0,0,,0,0,0,0,0,,,,True,False,False,False,False
2024-12-06,25.18,25.31,25.0,25.16,4750.4,-0.11909487892021176,0.6767056446686809,,,,,,,,,,,,,,,,,,,,,,1.375,0.6,0.9240409594952128,,0,0,,0,0,0,0,0,,,,False,False,False,False,False
2024-12-09,25.26,25.67,25.22,25.53,7251.7,1.4705882352941124,1.033021708370637,,,,,,,,,,,,,,,,,,,,,,1.375,0.6,0.8997008386682689,,0,0,,0,0,0,0,0,,,,True,False,False,False,True
2024-12-10,26.02,26.23,25.61,25.65,8233.0,0.47003525264393,1.172810199679448,,,,,,,,,,,,,,,,,,,,,,1.375,0.65,0.8810025431733187,,0,0,,0,0,0,0,0,,,,False,False,False,False,True
2024-12-11,25.67,25.82,25.4,25.62,4847.0,-0.11695906432747094,0.6904665417036663,,,,,,,,,,,,,,,,,,,,,,1.1111111111111112,0.6,0.8699909764983254,,0,0,,0,0,0,0,0,,,,False,False,False,False,False
2024-12-12,25.64,26.01,25.57,25.76,6391.9,0.5464480874316946,0.9105411776182515,,,,,,,,,,,,,,,,,,,,,,1.375,0.65,0.8775416633237848,,0,0,,0,0,0,0,0,,,,True,False,False,False,True
2024-12-13,25.65,26.12,25.58,25.9,10111.92,0.5434782608695565,1.4404667696274267,,,,,,,,,,,,,,,,,,,,,,1.7142857142857142,0.7,0.9157197479072041,,0,0,,0,0,0,0,0,,,,True,False,False,False,True
2024-12-16,25.88,26.14,25.61,25.96,6796.0,0.23166023166023564,0.968106172357771,,,,,,,,,,,,,,,,,,,,,,2.1666666666666665,0.75,0.9130976274959931,,0,0,,0,0,0,0,0,,,,True,False,False,False,True
2024-12-17,26.03,26.03,24.68,24.8,9660.55,-4.46841294298922,1.3761680522911808,,,,,,,,,,,,,,,,,,,,,,1.7142857142857142,0.7,0.9453745522437726,,0,0,,0,0,0,0,0,,,,False,False,False,False,False
2024-12-18,24.86,25.24,24.41,24.93,5572.1,0.5241935483870863,0.7937587408762119,,,,,,,,,,,,,,,,,,,,,,1.7142857142857142,0.7,0.9490533841892022,,0,0,,0,0,0,0,0,,,,True,False,False,False,False
2024-12-19,24.77,25.31,24.6,25.2,5719.84,1.0830324909747224,0.8148046511034245,,,,,,,,,,,,,,,,,,,,,,1.7142857142857142,0.7,0.9547147254931815,,0,0,,0,0,0,0,0,,,,True,False,False,False,False
2024-12-20,25.17,25.5,25.02,25.19,5510.72,-0.03968253968252844,0.7850150156173361,,,,,,,,,,,,,,,,,,,,,,2.1666666666666665,0.7,0.9498076693838218,,0,0,,0,0,0,0,0,,,,True,False,False,False,False
2024-12-23,25.15,25.32,24.24,24.37,8089.93,-3.2552600238189733,1.1524295419279433,,,,,,,,,,,,,,,,,,,,,,1.7142857142857142,0.65,0.9718303041505829,,0,0,,0,0,0,0,0,,,,False,False,False,False,False
2024-12-24,24.39,24.66,24.22,24.44,3780.0,0.2872384078785428,0.538469883977689,,,,,,,,,,,,,,,,,,,,,,2.1666666666666665,0.7,0.973292150168937,,0,0,,0,0,0,0,0,,,,True,False,False,False,False
2024-12-25,24.45,24.45,23.78,24.05,4607.1,-1.5957446808510634,0.6562922228766166,,,,,,,,,,,,,,,,,,,,,,1.7142857142857142,0.65,0.9608015007412082,,0,0,,0,0,0,0,0,,,,False,False,False,False,False
2024-12-26,24.05,24.36,23.92,24.31,4363.4,1.08108108108107,0.6215765851185842,,,,,,,,,,,,,,,,,,,,,,1.7142857142857142,0.65,0.9473525743532891,,0,0,,0,0,0,0,0,,,,True,False,False,False,False
2024-12-27,24.33,24.59,24.22,24.48,3447.15,0.6993006993007089,0.49105461919409804,,,,,,,,,,,,,,,,,,,,,,1.7142857142857142,0.65,0.9222729121499775,,0,0,,0,0,0,0,0,,,,True,False,False,False,False
2024-12-30,24.48,24.48,23.83,24.19,3661.4,-1.1846405228758128,0.5215750352370134,,,,,,,,,,,,,,,,,,,,,,1.375,0.6,0.8970332047311503,,0,0,,0,0,0,0,0,,,,False,False,False,False,False
2024-12-31,24.09,24.41,23.85,23.9,4332.24,-1.1988424968995548,0.6171377698845247,,,,,,,,,,,,,,,,,,,,,,1.2222222222222223,0.55,0.8887441873743,,0,0,,0,0,0,0,0,,,,False,False,False,False,False
2025-01-02,23.88,24.05,23.25,23.41,7087.16,-2.050209205020914,1.009582598659079,,,,,,,,,,,,,,,,,,,,,,1.2222222222222223,0.55,0.8703191154871461,,0,0,,0,0,0,0,0,,,,False,False,False,False,False
2025-01-03,23.53,23.56,22.68,22.73,5120.0,-2.904741563434432,0.7293560333242771,,,,,,,,,,,,,,,,,,,,,,1.0,0.5,0.8499669482056931,,0,0,,0,0,0,0,0,,,,False,False,False,False,False
2025-01-06,22.71,23.0,22.03,22.63,3697.4,-0.439947206335245,0.5267033198463247,,,,,,,,,,,,,,,,,,,,,,1.0,0.5,0.8424668319645751,,0,0,,0,0,0,0,0,,,,False,False,False,False,False
2025-01-07,22.67,23.07,22.57,23.0,3511.8,1.6349977905435242,0.5002641636383196,,,,,,,,,,,,,,,,,,,,,,1.0,0.5,0.8158289547279594,,0,0,,0,0,0,0,0,,,,True,False,False,False,False
2025-01-08,23.08,23.15,22.37,22.93,5294.0,-0.3043478260869592,0.7541427422692819,,,,,,,,,,,,,,,,,,,,,,1.0,0.45,0.794895581857451,,0,0,,0,0,0,0,0,,,,False,False,False,False,False
2025-01-09,22.68,23.16,22.58,22.86,1996.0,-0.3052769297863023,0.2843348911162612,,,,,,,,,,,,,,,,,,,,,,1.2222222222222223,0.45,0.7745889993280808,,0,0,,0,0,0,0,0,,,,True,False,False,False,False
2025-01-10,22.73,23.08,22.49,22.51,3376.2,-1.531058617672787,0.48094762494324694,,,,,,,,,,,,,,,,,,,,,,1.0,0.4,0.7531093216943305,,0,0,,0,0,0,0,0,,,,False,False,False,False,False
2025-01-13,22.3,22.63,22.04,22.48,1925.12,-0.13327410039982723,0.2742378685299282,,,,,,,,,,,,,,,,,,,,,,1.0,0.35,0.6947978766394557,,0,0,,0,0,0,0,0,,,,True,False,False,False,False
2025-01-14,22.73,23.29,22.56,23.29,4651.2,3.6032028469750843,0.662574371523023,,,,,,,,,,,,,,,,,,,,,,1.0,0.35,0.6795212865977183,,0,0,,0,0,0,0,0,,,,True,False,True,False,False
2025-01-15,23.27,23.39,23.11,23.29,2274.4,0.0,0.32399362542826876,,,,,,,,,,,,,,,,,,,,,,1.2222222222222223,0.35,0.6269125652545726,,0,0,,0,0,0,0,0,,,,True,False,False,False,False
2025-01-16,23.29,23.49,23.11,23.32,3617.6,0.12881064834693312,0.5153356222956846,,,,,,,,,,,,,,,,,,,,,,1.2222222222222223,0.35,0.6129914093255462,,0,0,,0,0,0,0,0,,,,True,False,False,False,False
2025-01-17,23.24,23.53,23.22,23.46,2750.0,0.6003430531732468,0.3917439632112817,,,,,,,,,,,,,,,,,,,,,,1.2222222222222223,0.35,0.591838374930939,,0,0,,0,0,0,0,0,,,,True,False,False,False,False
2025-01-20,24.27,24.27,23.34,23.6,4143.6,0.5967604433077645,0.5902655585317333,,,,,,,,,,,,,,,,,,,,,,1.0,0.4,0.582100902076659,,0,0,,0,0,0,0,0,,,,False,False,True,True,False
2025-01-21,23.6,23.91,23.45,23.65,3612.8,0.21186440677964935,0.5146518510144431,,,,,,,,,,,,,,,,,,,,,,1.2222222222222223,0.45,0.550212017530984,,0,0,,0,0,0,0,0,,,,True,False,False,False,False
2025-01-22,23.81,23.82,23.47,23.7,4048.0,0.21141649048626032,0.5766471138470066,,,,,,,,,,,,,,,,,,,,,,1.0,0.45,0.5521208790244498,,0,0,,0,0,0,0,0,,,,False,False,False,False,False
2025-01-23,23.74,24.21,23.74,23.89,4822.0,0.801687763713077,0.6869052329472001,,,,,,,,,,,,,,,,,,,,,,1.2222222222222223,0.5,0.553651529527979,,0,0,,0,0,0,0,0,,,,True,False,False,False,False
2025-01-24,23.87,24.33,23.87,24.22,4243.6,1.381331100879013,0.6045107935575982,,,,,,,,,,,,,,,,,,,,,,1.2222222222222223,0.5,0.5527982399499296,,0,0,,0,0,0,0,0,,,,True,False,False,False,False
2025-01-27,24.22,24.46,24.13,24.32,5168.2,0.41288191577208977,0.736222236606744,,,,,,,,,,,,,,,,,,,,,,1.2222222222222223,0.5,0.5650566208205621,,0,0,,0,0,0,0,0,,,,True,False,False,False,False
2025-02-05,24.35,25.1,24.35,24.81,8180.06,2.014802631578938,1.1652687722567552,,,,,,,,,,,,,,,,,,,,,,1.5,0.55,0.5972413076715491,,0,0,,0,0,0,0,0,,,,True,False,True,True,False
2025-02-06,24.73,25.33,24.73,25.31,9548.6,2.015316404675538,1.3602205116797252,,,,,,,,,,,,,,,,,,,,,,1.8571428571428572,0.6,0.634395444761309,,0,0,,0,0,0,0,0,,,,True,False,True,True,False
2025-02-07,25.29,25.43,24.74,25.14,10256.8,-0.6716712761754229,1.4611052661328996,,,,,,,,,,,,,,,,,,,,,,1.8571428571428572,0.6,0.6569715781350002,,0,0,,0,0,0,0,0,,,,False,False,False,False,False
2025-02-10,25.04,25.57,25.0,25.51,7518.6,1.4717581543357339,1.07104224065467,,,,,,,,,,,,,,,,,,,,,,2.3333333333333335,0.65,0.6740558885015198,,0,0,,0,0,0,0,0,,,,True,False,True,True,False
2025-02-11,25.51,25.75,25.39,25.67,10807.8,0.6272050176401311,1.5395965111254146,,,,,,,,,,,,,,,,,,,,,,3.0,0.7,0.7247005480654742,,0,0,,0,0,0,0,0,,,,True,False,True,True,False
2025-02-12,25.73,25.79,25.47,25.6,6050.8,-0.2726918582002358,0.8619506809450266,,,,,,,,,,,,,,,,,,,,,,2.3333333333333335,0.65,0.7427848739308096,,0,0,,0,0,0,0,0,,,,False,False,False,False,False
2025-02-13,25.67,25.86,24.96,24.98,6398.8,-2.4218750000000067,0.911524098835036,,,,,,,,,,,,,,,,,,,,,,2.3333333333333335,0.65,0.7506539417590974,,0,0,,0,0,0,0,0,,,,False,False,False,False,False
2025-02-14,24.98,25.14,24.82,25.08,4002.8,0.4003202562049557,0.5702082676153157,,,,,,,,,,,,,,,,,,,,,,2.3333333333333335,0.7,0.76494761058405,,0,0,,0,0,0,0,0,,,,True,False,False,False,False
2025-02-17,25.11,25.48,24.98,25.43,5043.8,1.3955342902711276,0.7185011642345682,,,,,,,,,,,,,,,,,,,,23.55408333333333,,3.0,0.75,0.7768252875486161,,0,0,,0,0,0,0,0,,,,True,False,False,False,False
2025-02-18,25.26,26.03,25.26,25.67,9665.2,0.9437672040896627,1.3768304557198836,,,,,,,,,,,,,,,,,,,,23.576416666666667,,3.0,0.8,0.8319549169081139,,0,0,,0,0,0,0,0,,,,True,False,False,False,False
2025-02-19,25.66,26.54,25.38,26.53,14170.94,3.350214257888573,2.0186837083742835,,,,,,,,,,,,,,,,,,,,23.60175,,3.0,0.8,0.8997603837506769,,0,0,,0,0,0,0,0,,,,True,False,True,True,True
2025-02-20,26.74,29.18,26.73,29.18,27822.12,9.988692046739533,3.9633263831781327,,,,,,,,,,,,,,,,,,,,23.654333333333334,,3.0,0.85,1.08172702163817,,0,0,,0,0,0,0,0,,,,True,False,True,True,True
2025-02-21,29.24,29.27,27.97,28.09,38396.6,-3.7354352296093185,5.469685911941199,,,,,,,,,,,,,,,,,,,,23.693416666666668,,2.3333333333333335,0.8,1.3294445361204459,,0,0,,0,0,0,0,0,,,,False,False,False,False,False
2025-02-24,28.09,28.4,27.33,27.9,19787.72,-0.6763972944108243,2.8188072202600516,,,,,,,,,,,,,,,,,,,,23.74716666666667,,1.8571428571428572,0.75,1.4507976989728841,,0,0,,0,0,0,0,0,,,,False,False,False,False,False
2025-02-25,27.45,27.92,27.3,27.47,15311.8,-1.541218637992836,2.181201896690365,,,,,,,,,,,,,,,,,,,,23.80425,,2.3333333333333335,0.7,1.530344515880816,,0,0,,0,0,0,0,0,,,,True,False,False,False,False
2025-02-26,27.47,29.38,27.47,28.14,28167.06,2.4390243902439046,4.01246389687635,,,,,,,,,,,,,,,,,,,,23.86875,,2.3333333333333335,0.7,1.7052351181739112,,0,0,,0,0,0,0,0,,,,True,False,False,False,False
2025-02-27,28.0,28.28,27.65,28.17,15713.6,0.10660980810235365,2.2384392510242894,,,,,,,,,,,,,,,,,,,,23.9335,,3.0,0.7,1.7883247250327752,,0,0,,0,0,0,0,0,,,,True,False,False,False,False
2025-02-28,28.16,28.17,26.84,27.02,11007.6,-4.08235711750089,1.5680584907070922,,,,,,,,,,,,,,,,,,,,23.986583333333332,,2.3333333333333335,0.65,1.8323823879207701,,0,0,,0,0,0,0,0,,,,False,False,False,False,False
2025-03-03,26.88,27.16,26.65,27.0,8088.2,-0.07401924500369805,1.1521830993619957,,,,,,,,,,,,,,,,,,,,24.0425,,2.3333333333333335,0.6,1.85976600321099,,0,0,,0,0,0,0,0,,,,True,False,False,False,False
2025-03-04,26.74,27.33,26.39,27.1,7216.4,0.37037037037037646,1.0279931404065066,,,,,,,,,,,,,,,,,,,,24.099333333333334,,2.3333333333333335,0.6,1.8743545484009778,,0,0,,0,0,0,0,0,,,,True,False,False,False,False
2025-03-05,26.91,27.99,26.9,27.74,11632.4,2.3616236162361526,1.6570627191486955,,,,,,,,,,,,,,,,,,,,24.16025,,2.3333333333333335,0.6,1.8989442457455752,,0,0,,0,0,0,0,0,,,,True,False,False,False,False
2025-03-06,28.04,29.24,27.8,28.83,20582.58,3.9293439077144887,2.932036895386641,,,,,,,,,,,,,,,,,,,,24.228749999999998,,2.3333333333333335,0.6,1.9775350649309207,,0,0,,0,0,0,0,0,,,,True,False,True,False,False
2025-03-07,28.76,29.12,28.35,28.64,11230.4,-0.6590357266735958,1.599796874344719,,,,,,,,,,,,,,,,,,,,24.293249999999997,,2.3333333333333335,0.6,1.9844696453415118,,0,0,,0,0,0,0,0,,,,False,False,False,False,False
2025-03-10,28.64,28.71,28.21,28.42,6452.87,-0.7681564245810013,0.9192264974135212,,,,,,,,,,,,,,,,,,,,24.350166666666667,,1.8571428571428572,0.55,1.9768788581794545,,0,0,,0,0,0,0,0,,,,False,False,False,False,False
2025-03-11,28.16,28.28,27.58,28.0,8230.56,-1.4778325123152802,1.172462615944817,,,,,,,,,,,,,,,,,,,,24.405250000000002,,1.5,0.5,1.9585221634204246,,0,0,,0,0,0,0,0,,,,False,False,False,False,False
2025-03-12,28.0,28.74,27.99,28.51,9931.12,1.8214285714285738,1.4147113847006632,,,,,,,,,,,,,,,,,,,,24.463083333333334,,1.8571428571428572,0.55,1.986160198608206,,0,0,,0,0,0,0,0,,,,True,False,False,False,False
2025-03-13,28.55,28.71,27.65,27.99,7689.0,-1.8239214310768248,1.0953161211387437,,,,,,,,,,,,,,,,,,,,24.518166666666666,,1.8571428571428572,0.55,1.9953497997233918,,0,0,,0,0,0,0,0,,,,False,False,False,False,False
2025-03-14,27.88,28.18,27.46,27.99,9240.36,0.0,1.3163109992359996,,,,,,,,,,,,,,,,,,,,24.57375,,1.8571428571428572,0.5,2.032654936304426,,0,0,,0,0,0,0,0,,,,True,False,False,False,False
2025-03-17,28.14,28.23,27.58,27.76,8433.0,-0.821722043586981,1.2013006697311777,,,,,,,,,,,,,,,,,,,,24.625916666666665,,1.5,0.45,2.056794911579256,,0,0,,0,0,0,0,0,,,,False,False,False,False,False
2025-03-18,27.76,27.93,27.5,27.85,6907.58,0.32420749279538086,0.984001005599631,,,,,,,,,,,,,,,,,,,,24.680999999999997,,1.5,0.45,2.0371534390732435,,0,0,,0,0,0,0,0,,,,True,False,False,False,False
2025-03-19,27.69,29.0,27.62,28.51,13870.78,2.369838420107717,1.9759252109206478,,,,,,,,,,,,,,,,,,,,24.742083333333333,,1.5,0.45,2.0350155142005617,,0,0,,0,0,0,0,0,,,,True,False,False,False,False
2025-03-20,28.49,29.19,27.82,28.77,15739.68,0.9119607155384069,2.242154408319035,,,,,,,,,,,,,,,,,,,,24.807666666666666,,1.5,0.45,1.948956915457607,,0,0,,0,0,0,0,0,,,,True,False,False,False,False
2025-03-21,28.56,28.7,27.65,27.95,9045.0,-2.850191171359051,1.28848150808947,,,,,,,,,,,,,,,,,,,,24.869166666666665,,1.5,0.45,1.7398966952650206,,0,0,,0,0,0,0,0,,,,False,False,False,False,False
2025-03-24,28.85,28.85,26.74,27.2,8551.0,-2.683363148479423,1.218110047061698,,,,,,,,,,,,,,,,,,,,24.920583333333337,,1.5,0.45,1.6598618366051032,,0,0,,0,0,0,0,0,,,,False,False,False,False,False
2025-03-25,27.58,28.49,27.09,27.97,12176.0,2.8308823529411775,1.7344998167492969,,,,,,,,,,,,,,,,,,,,24.982333333333333,,1.5,0.5,1.6375267326080494,,0,0,,0,0,0,0,0,,,,True,False,False,False,False
2025-03-26,27.68,29.37,27.61,28.95,19251.0,3.5037540221666053,2.7423501948292306,,,,,,,,,,,,,,,,,,,,25.05216666666667,,1.5,0.5,1.5740210475056937,,0,0,,0,0,0,0,0,,,,True,False,False,False,False
2025-03-27,28.95,28.95,28.06,28.21,9096.0,-2.5561312607944697,1.2957465779526611,,,,,,,,,,,,,,,,,,,,25.110500000000002,,1.2222222222222223,0.45,1.526886413852112,,0,0,,0,0,0,0,0,,,,False,False,False,False,False
2025-03-28,28.18,29.12,27.73,27.74,7339.0,-1.6660758596242498,1.0454577985482167,,,,,,,,,,,,,,,,,,,,25.161416666666664,,1.2222222222222223,0.45,1.5007563792441683,,0,0,,0,0,0,0,0,,,,False,False,False,False,False
2025-03-31,27.74,27.99,27.08,27.89,7444.2,0.54073540014421,1.0604437857954265,,,,,,,,,,,,,,,,,,,,25.210583333333332,,1.2222222222222223,0.5,1.4961694135658399,,0,0,,0,0,0,0,0,,,,True,False,False,False,False
2025-04-01,27.88,28.31,27.79,27.89,5304.0,0.0,0.7555672657718684,,,,,,,,,,,,,,,,,,,,25.25325,,1.2222222222222223,0.45,1.482548119834108,,0,0,,0,0,0,0,0,,,,True,False,False,False,False
2025-04-02,28.85,28.85,27.9,28.3,7290.2,1.4700609537468656,1.0385061238555948,,,,,,,,,,,,,,,,,,,,25.283416666666664,,1.0,0.45,1.4516202900694528,,0,0,,0,0,0,0,0,,,,False,False,False,False,False
2025-04-03,27.98,28.55,27.09,27.44,7636.6,-3.038869257950527,1.0878516179851905,,,,,,,,,,,,,,,,,,,,25.292166666666667,,0.8181818181818182,0.4,1.3594110261993804,,0,0,,0,0,0,0,0,,,,False,False,False,False,False
2025-04-07,25.68,25.97,24.7,24.7,15265.0,-9.985422740524786,2.17453512669826,,,,,,,,,,,,,,,,,,,,25.296583333333334,,0.8181818181818182,0.4,1.3881479388170574,,0,0,,0,0,0,0,0,,,,False,False,False,False,False
2025-04-08,24.62,25.03,23.78,24.2,9181.0,-2.0242914979757054,1.3078550277246461,,,,,,,,,,,,,,,,,,,,25.29625,,0.8181818181818182,0.4,1.4075793653326136,,0,0,,0,0,0,0,0,,,,False,False,False,False,False
2025-04-09,23.68,24.43,22.51,24.32,7238.77,0.49586776859504855,1.0311797994817926,,,,,,,,,,,,,,,,,,,,25.305083333333336,,1.0,0.45,1.4005152245094625,,0,0,,0,0,0,0,0,,,,True,False,False,False,False
2025-04-10,25.01,26.75,24.65,25.72,17111.63,5.756578947368407,2.437591910256387,,,,,,,,,,,,,,,,,,,,25.32225,,1.0,0.45,1.4516592507872486,,0,0,,0,0,0,0,0,,,,True,False,False,False,False
2025-04-11,23.92,25.87,23.92,25.52,11396.6,-0.7776049766718529,1.6234724549577064,,,,,,,,,,,,,,,,,,,,25.340666666666667,,1.2222222222222223,0.45,1.4780670674781968,,0,0,,0,0,0,0,0,,,,True,False,False,False,False
2025-04-14,25.67,28.07,25.67,27.5,29820.85,7.758620689655182,4.248050169210599,,,,,,,,,,,,,,,,,,,,25.37475,,1.2222222222222223,0.5,1.6246540259769269,,0,0,,0,0,0,0,0,,,,True,False,True,False,False
2025-04-15,27.5,27.5,26.38,26.81,16032.83,-2.5090909090909164,2.2839143147973577,,,,,,,,,,,,,,,,,,,,25.39675,,1.2222222222222223,0.5,1.6787847082302356,,0,0,,0,0,0,0,0,,,,False,False,False,False,False
2025-04-16,26.52,27.57,26.5,26.69,10507.62,-0.44759418127563455,1.4968351646247737,,,,,,,,,,,,,,,,,,,,25.418583333333334,,1.2222222222222223,0.45,1.704426416181493,,0,0,,0,0,0,0,0,,,,True,False,False,False,False
2025-04-17,26.65,27.07,26.56,26.64,5251.6,-0.18733608092919019,0.7481027626183152,,,,,,,,,,,,,,,,,,,,25.440666666666665,,1.0,0.4,1.6430352937663764,,0,0,,0,0,0,0,0,,,,False,False,False,False,False
2025-04-18,26.45,27.07,26.32,26.45,3530.8,-0.7132132132132152,0.5029707582932339,,,,,,,,,,,,,,,,,,,,25.460583333333332,,0.9,0.35,1.5560761112650865,,0,0,,0,0,0,0,0,,,,False,False,False,False,False
2025-04-21,26.45,27.37,26.11,27.2,8204.0,2.835538752362954,1.1686790815219472,,,,,,,,,,,,,,,,,,,,25.48825,,1.1111111111111112,0.4,1.55008598993671,,0,0,,0,0,0,0,0,,,,True,False,False,False,False
2025-04-22,27.19,27.52,26.92,27.29,6230.13,0.3308823529411864,0.8874966609169098,,,,,,,,,,,,,,,,,,,,25.517916666666668,,1.375,0.45,1.5335553206294708,,0,0,,0,0,0,0,0,,,,True,False,False,False,False
2025-04-23,27.4,28.49,27.27,28.12,8507.43,3.0414071088310735,1.2119033981609288,,,,,,,,,,,,,,,,,,,,25.551,,1.375,0.45,1.5074254997000522,,0,0,,0,0,0,0,0,,,,True,False,True,True,False
2025-04-24,27.85,28.24,27.52,27.64,5548.0,-1.7069701280227556,0.7903256392349783,,,,,,,,,,,,,,,,,,,,25.57675,,1.1111111111111112,0.4,1.4098242719203398,,0,0,,0,0,0,0,0,,,,False,False,False,False,False
2025-04-25,27.92,28.41,27.45,27.64,5059.8,0.0,0.7207804018387065,,,,,,,,,,,,,,,,,,,,25.60666666666667,,1.1111111111111112,0.4,1.3810759631146419,,0,0,,0,0,0,0,0,,,,False,False,False,False,False
2025-04-28,27.75,28.0,26.74,27.38,6269.0,-0.940665701881338,0.8930337837714636,,,,,,,,,,,,,,,,,,,,25.635916666666667,,1.1111111111111112,0.4,1.3734547623758044,,0,0,,0,0,0,0,0,,,,False,False,False,False,False
2025-04-29,27.19,28.11,27.19,27.8,6398.2,1.5339663988312768,0.9114386274248808,,,,,,,,,,,,,,,,,,,,25.67008333333333,,1.1111111111111112,0.4,1.3660045044572768,,0,0,,0,0,0,0,0,,,,True,False,False,False,False
2025-04-30,27.31,28.09,27.31,27.62,8375.6,-0.6474820143884896,1.1931239048263311,,,,,,,,,,,,,,,,,,,,25.709000000000003,,1.1111111111111112,0.4,1.3878823364100001,,0,0,,0,0,0,0,0,,,,True,False,False,False,False
2025-05-06,27.68,30.39,27.68,30.39,20180.92,10.028964518464889,2.8748194843817525,,,,,,,,,,,,,,,,,,,,25.767,,1.375,0.4,1.4796980044363082,,0,0,,0,0,0,0,0,,,,True,False,True,True,True
2025-05-07,32.83,33.43,31.66,33.37,69848.43,9.805857189865087,9.950073015376649,,,,,,,,,,,,,,,,,,,,25.838666666666665,,1.7142857142857142,0.45,1.922809074305881,,0,0,,0,0,0,0,0,,,,True,False,True,True,True
2025-05-08,32.43,34.31,32.37,33.6,51062.87,0.6892418339826234,7.274025842451803,,,,,,,,,,,,,,,,,,,,25.912166666666668,,2.1666666666666665,0.5,2.1777836100935586,,0,0,,0,0,0,0,0,,,,True,False,True,True,True
2025-05-09,32.83,34.01,32.65,33.31,30926.0,-0.863095238095235,4.405481384098945,,,,,,,,,,,,,,,,,,,,25.978833333333334,,2.8,0.5,2.332664927912273,,0,0,,0,0,0,0,0,,,,True,False,False,False,False
2025-05-12,33.93,34.86,32.97,34.73,27284.83,4.262984088862187,3.8867881599076637,,,,,,,,,,,,,,,,,,,,26.06175,,2.8,0.5,2.475445345933567,,0,0,,0,0,0,0,0,,,,True,False,True,True,True
2025-05-13,34.73,35.09,33.95,34.58,18625.2,-0.4319032536711731,2.653203514037368,,,,,,,,,,,,,,,,,,,,26.141083333333334,,2.1666666666666665,0.45,2.4862259261226156,,0,0,,0,0,0,0,0,,,,False,False,False,False,False
2025-05-14,34.33,34.58,33.32,33.77,18473.2,-2.342394447657592,2.631550756798054,,,,,,,,,,,,,,,,,,,,26.21491666666667,,1.7142857142857142,0.45,2.536629841214633,,0,0,,0,0,0,0,0,,,,False,False,False,False,False
2025-05-15,33.77,34.09,33.11,33.41,13704.6,-1.0660349422564552,1.9522524793546658,,,,,,,,,,,,,,,,,,,,26.28516666666667,,1.375,0.4,2.4218399567218363,,0,0,,0,0,0,0,0,,,,False,False,False,False,False
2025-05-16,33.41,36.75,33.24,36.75,31839.47,9.997006884166426,4.535607332489711,,,,,,,,,,,,,,,,,,,,26.387999999999998,,1.7142857142857142,0.45,2.534424607606454,,0,0,,0,0,0,0,0,,,,True,False,True,True,True
2025-05-19,37.64,38.76,36.49,37.02,40974.06,0.7346938775510292,5.836851146638853,,,,,,,,,,,,,,,,,,,,26.496666666666666,,1.375,0.5,2.751425406707158,,0,0,,0,0,0,0,0,,,,False,False,True,True,True
2025-05-20,37.33,37.39,35.55,36.85,19806.8,-0.4592112371690993,2.821525211102987,,,,,,,,,,,,,,,,,,,,26.607333333333333,,1.375,0.5,2.8550965291313917,,0,0,,0,0,0,0,0,,,,False,False,False,False,False
2025-05-21,36.59,36.99,35.07,36.32,20581.95,-1.4382632293080122,2.931947150405978,,,,,,,,,,,,,,,,,,,,26.70975,,1.2222222222222223,0.5,2.976545348737029,,0,0,,0,0,0,0,0,,,,False,False,False,False,False
2025-05-22,35.71,39.1,35.71,37.54,30606.66,3.3590308370043953,4.359990650567347,,,,,,,,,,,,,,,,,,,,26.81925,,1.2222222222222223,0.5,3.136110927189299,,0,0,,0,0,0,0,0,,,,True,False,False,False,True
2025-05-23,37.15,38.94,36.8,38.03,20646.0,1.3052743740010753,2.9410712234400442,,,,,,,,,,,,,,,,,,,,26.9305,,1.2222222222222223,0.5,3.2387896553154554,,0,0,,0,0,0,0,0,,,,True,False,False,False,True
2025-05-26,37.73,38.7,36.38,37.93,19621.57,-0.26295030239285033,2.795138762264578,,,,,,,,,,,,,,,,,,,,27.049083333333336,,1.2222222222222223,0.45,3.3179514235206375,,0,0,,0,0,0,0,0,,,,True,False,False,False,False
2025-05-27,37.93,39.96,37.08,37.45,11701.2,-1.2654890587925016,1.6668634408464906,,,,,,,,,,,,,,,,,,,,27.158749999999998,,1.2222222222222223,0.45,3.3617783136012136,,0,0,,0,0,0,0,0,,,,False,False,False,False,False
2025-05-28,37.44,40.53,37.44,39.89,25672.18,6.5153538050734205,3.6570623772630553,,,,,,,,,,,,,,,,,,,,27.29008333333333,,1.5,0.5,3.508592412372431,,0,0,,0,0,0,0,0,,,,True,False,False,False,True
2025-05-29,38.88,40.1,38.46,39.34,14751.8,-1.3787916771120456,2.1014285805455217,,,,,,,,,,,,,,,,,,,,27.414666666666665,,1.8571428571428572,0.5,3.569012152211134,,0,0,,0,0,0,0,0,,,,True,False,False,False,False
2025-05-30,40.03,40.03,36.59,36.8,20559.45,-6.456532791052383,2.928741972525158,,,,,,,,,,,,,,,,,,,,27.516750000000002,,1.5,0.45,3.669877319466148,,0,0,,0,0,0,0,0,,,,False,False,False,False,False
2025-06-03,36.59,38.49,36.44,37.23,14614.0,1.1684782608695654,2.08179864667988,,,,,,,,,,,,,,,,,,,,27.62091666666667,,1.5,0.5,3.714311056558825,,0,0,,0,0,0,0,0,,,,True,False,False,False,False
2025-06-04,37.16,37.92,36.88,36.94,14795.93,-0.7789417136717658,2.107715002762436,,,,,,,,,,,,,,,,,,,,27.720833333333335,,1.2222222222222223,0.45,3.6759558324778596,,0,0,,0,0,0,0,0,,,,False,False,False,False,False
2025-06-05,36.9,38.84,36.72,38.19,16009.69,3.383865728207902,2.2806179674123723,,,,,,,,,,,,,,,,,,,,27.830916666666663,,1.2222222222222223,0.45,3.292483080079646,,0,0,,0,0,0,0,0,,,,True,False,False,False,False
2025-06-06,38.2,39.57,37.76,38.49,15343.8,0.7855459544383381,2.1857603718986414,,,,,,,,,,,,,,,,,,,,27.945333333333334,,1.2222222222222223,0.45,3.038069806551987,,0,0,,0,0,0,0,0,,,,True,False,False,False,False
2025-06-09,38.7,38.75,37.11,38.21,13453.6,-0.7274616783580212,1.9164969394397453,,,,,,,,,,,,,,,,,,,,28.053833333333333,,1.0,0.45,2.9136205843190277,,0,0,,0,0,0,0,0,,,,False,False,False,False,False
2025-06-10,38.54,38.54,37.04,37.28,10905.4,-2.4339178225595393,1.5534998605106587,,,,,,,,,,,,,,,,,,,,28.154833333333332,,0.8181818181818182,0.4,2.796956169349177,,0,0,,0,0,0,0,0,,,,False,False,False,False,False
2025-06-11,37.46,38.45,37.46,37.82,8318.2,1.4484978540772575,1.1849471399214848,,,,,,,,,,,,,,,,,,,,28.25725,,1.0,0.45,2.723543350643383,,0,0,,0,0,0,0,0,,,,True,False,False,False,False
2025-06-12,37.5,40.6,37.5,40.31,22072.2,6.583818085668969,3.144236765378928,,,,,,,,,,,,,,,,,,,,28.379416666666664,,1.2222222222222223,0.5,2.7491776510724266,,0,0,,0,0,0,0,0,,,,True,False,True,False,True
2025-06-13,40.03,42.53,39.9,41.21,20342.28,2.232696601339623,2.8978055956194875,,,,,,,,,,,,,,,,,,,,28.509333333333334,,1.5,0.55,2.796455306885668,,0,0,,0,0,0,0,0,,,,True,False,True,True,True
2025-06-16,40.81,41.41,37.42,39.17,29432.75,-4.950254792526088,4.192764412075219,,,,,,,,,,,,,,,,,,,,28.621083333333335,,1.2222222222222223,0.5,2.7793131608649433,,0,0,,0,0,0,0,0,,,,False,False,False,False,False
2025-06-17,39.05,39.36,36.77,37.13,17328.2,-5.208067398519267,2.4684428157519025,,,,,,,,,,,,,,,,,,,,28.71466666666667,,1.2222222222222223,0.45,2.6108927443205956,,0,0,,0,0,0,0,0,,,,False,False,False,False,False
2025-06-18,37.16,37.97,36.71,37.44,11657.89,0.8349043899811281,1.6606938295567883,,,,,,,,,,,,,,,,,,,,28.810333333333336,,1.5,0.5,2.5528511752432856,,0,0,,0,0,0,0,0,,,,True,False,False,False,False
2025-06-19,37.43,37.87,35.18,35.18,20961.43,-6.036324786324776,2.9860049682821295,,,,,,,,,,,,,,,,,,,,28.896833333333333,,1.5,0.5,2.5555540661370935,,0,0,,0,0,0,0,0,,,,False,False,False,False,False
2025-06-20,35.43,36.07,34.62,34.79,12312.8,-1.1085844229675956,1.7539872982646796,,,,,,,,,,,,,,,,,,,,28.979,,1.2222222222222223,0.45,2.42525389852196,,0,0,,0,0,0,0,0,,,,False,False,False,False,False
2025-06-23,34.17,35.16,34.17,34.77,7179.6,-0.057487783845922014,1.0227508939169885,,,,,,,,,,,,,,,,,,,,29.05875,,1.2222222222222223,0.4,2.329337882045807,,0,0,,0,0,0,0,0,,,,True,False,False,False,False
2025-06-24,34.77,36.45,34.77,36.26,9417.0,4.285303422490627,1.341473782385687,,,,,,,,,,,,,,,,,,,,29.151000000000003,,1.2222222222222223,0.45,2.2566546330518626,,0,0,,0,0,0,0,0,,,,True,False,False,False,False
2025-06-25,36.88,39.33,36.26,37.35,16659.7,3.006067291781589,2.3732134196039962,,,,,,,,,,,,,,,,,,,,29.259166666666665,,1.5,0.5,2.2919721319897377,,0,0,,0,0,0,0,0,,,,True,False,False,False,False
2025-06-26,37.48,37.51,36.44,37.25,8972.0,-0.2677376171352108,1.2780824865205886,,,,,,,,,,,,,,,,,,,,29.36591666666667,,1.2222222222222223,0.45,2.1730231374526143,,0,0,,0,0,0,0,0,,,,False,False,False,False,False
2025-06-27,36.99,37.42,36.65,36.67,4752.8,-1.5570469798657727,0.6770475303093016,,,,,,,,,,,,,,,,,,,,29.471083333333336,,1.0,0.45,2.1018040849408033,,0,0,,0,0,0,0,0,,,,False,False,False,False,False
2025-06-30,36.94,37.08,36.43,36.94,7720.0,0.7362967002999543,1.0997321439967618,,,,,,,,,,,,,,,,,,,,29.576333333333334,,1.1111111111111112,0.5,2.0103535935143837,,0,0,,0,0,0,0,0,,,,False,False,False,False,False
2025-07-01,36.85,37.07,36.01,36.24,7606.4,-1.8949648077964176,1.0835495570073792,,,,,,,,,,,,,,,,,,,,29.674333333333333,,0.9,0.45,1.9604411390307586,,0,0,,0,0,0,0,0,,,,False,False,False,False,False
2025-07-02,36.26,36.26,35.64,36.16,4716.0,-0.22075055187639192,0.6718052838197834,,,,,,,,,,,,,,,,,,,,29.774083333333333,,0.9,0.45,1.8886456530836262,,0,0,,0,0,0,0,0,,,,False,False,False,False,False
2025-07-03,35.89,36.64,35.81,36.12,3140.0,-0.11061946902655162,0.4473003798121543,,,,,,,,,,,,,,,,,,,,29.87591666666667,,0.9,0.4,1.7969797737036153,,0,0,,0,0,0,0,0,,,,True,False,False,False,False
2025-07-04,36.2,36.2,35.58,35.65,3244.0,-1.3012181616832708,0.4621154242390537,,,,,,,,,,,,,,,,,,,,29.977916666666665,,0.7272727272727273,0.35,1.7107975263206359,,0,0,,0,0,0,0,0,,,,False,False,False,False,False
2025-07-07,35.7,35.85,35.35,35.67,2326.42,0.056100981767182034,0.3314039966887236,,,,,,,,,,,,,,,,,,,,30.08575,,0.7272727272727273,0.4,1.6315428791830846,,0,0,,0,0,0,0,0,,,,False,False,False,False,False
2025-07-08,35.68,35.85,35.16,35.31,6058.8,-1.0092514718250567,0.8630902997470957,,,,,,,,,,,,,,,,,,,,30.191416666666665,,0.7272727272727273,0.4,1.5970224011449066,,0,0,,0,0,0,0,0,,,,False,False,False,False,False
2025-07-09,35.31,36.16,34.79,34.99,5766.4,-0.9062588501840829,0.8214372325314672,,,,,,,,,,,,,,,,,,,,30.291333333333334,,0.5833333333333334,0.35,1.5788469057754058,,0,0,,0,0,0,0,0,,,,False,False,False,False,False
2025-07-10,34.99,35.45,34.81,34.87,5799.0,-0.34295513003717026,0.8260811791498991,,,,,,,,,,,,,,,,,,,,30.390833333333333,,0.46153846153846156,0.3,1.4629391264639542,,0,0,,0,0,0,0,0,,,,False,False,False,False,False
2025-07-11,35.04,35.45,34.03,35.23,9242.5,1.0324060797246792,1.316615847265553,,,,,,,,,,,,,,,,,,,,30.493916666666667,,0.46153846153846156,0.3,1.3838796390462575,,0,0,,0,0,0,0,0,,,,True,False,False,False,False
2025-07-14,35.3,37.64,35.16,37.55,18339.12,6.585296622197001,2.6124507456753743,,,,,,,,,,,,,,,,,,,,30.619250000000005,,0.5833333333333334,0.35,1.3048639557262653,,0,0,,0,0,0,0,0,,,,True,False,True,True,False
2025-07-15,37.5,38.91,37.16,37.68,18399.99,0.34620505992011275,2.6211218202356186,,,,,,,,,,,,,,,,,,,,30.74591666666667,,0.7272727272727273,0.4,1.3124979059504511,,0,0,,0,0,0,0,0,,,,True,False,True,True,False
2025-07-16,38.06,41.45,37.5,39.27,42671.79,4.219745222929938,6.078696775243468,,,,,,,,,,,,,,,,,,,,30.879083333333334,,0.7272727272727273,0.4,1.533398053234785,,0,0,,0,0,0,0,0,,,,True,False,True,True,False
2025-07-17,39.7,41.14,39.2,39.42,31750.31,0.381970970206269,4.522906280940651,,,,,,,,,,,,,,,,,,,,31.0135,,0.7272727272727273,0.45,1.6102431188677113,,0,0,,0,0,0,0,0,,,,False,False,False,False,False
2025-07-18,39.0,41.4,38.46,39.84,19582.79,1.0654490106544845,2.789614460121547,,,,,,,,,,,,,,,,,,,,31.15116666666667,,0.9,0.5,1.6620244769605546,,0,0,,0,0,0,0,0,,,,True,False,False,False,False
2025-07-21,40.08,40.59,38.39,39.42,20684.39,-1.0542168674698815,2.9465399691664738,,,,,,,,,,,,,,,,,,,,31.284166666666668,,0.7272727272727273,0.5,1.758213930723029,,0,0,,0,0,0,0,0,,,,False,False,False,False,False
2025-07-22,39.47,39.93,37.96,38.22,11949.39,-3.0441400304414112,1.7022186896571843,,,,,,,,,,,,,,,,,,,,31.406000000000002,,0.5833333333333334,0.45,1.7762511760866038,,0,0,,0,0,0,0,0,,,,False,False,False,False,False
2025-07-23,38.14,38.25,37.33,37.62,9487.8,-1.5698587127158548,1.3515594087839995,,,,,,,,,,,,,,,,,,,,31.52241666666667,,0.46153846153846156,0.4,1.725168475545604,,0,0,,0,0,0,0,0,,,,False,False,False,False,False
2025-07-24,37.69,38.85,37.37,37.93,9523.42,0.8240297713981937,1.3566335615002125,,,,,,,,,,,,,,,,,,,,31.641,,0.5833333333333334,0.45,1.7290960292945852,,0,0,,0,0,0,0,0,,,,True,False,False,False,False
2025-07-25,37.93,38.21,37.4,37.52,5411.0,-1.080938571051926,0.7708096672495437,,,,,,,,,,,,,,,,,,,,31.754583333333333,,0.5833333333333334,0.45,1.733784136141597,,0,0,,0,0,0,0,0,,,,False,False,False,False,False
2025-07-28,37.64,38.18,37.1,37.72,8843.0,0.5330490405117239,1.2597061333372233,,,,,,,,,,,,,,,,,,,,31.867083333333333,,0.6666666666666666,0.45,1.7417828356086205,,0,0,,0,0,0,0,0,,,,True,False,False,False,False
2025-07-29,37.93,37.94,36.6,36.82,11955.0,-2.3860021208907733,1.7030178473421353,,,,,,,,,,,,,,,,,,,,31.97125,,0.6666666666666666,0.45,1.772756250125358,,0,0,,0,0,0,0,0,,,,False,False,False,False,False
2025-07-30,36.89,36.89,36.13,36.62,9944.0,-0.5431830526887671,1.4165461709719944,,,,,,,,,,,,,,,,,,,,32.06966666666667,,0.6666666666666666,0.45,1.8099932944829686,,0,0,,0,0,0,0,0,,,,False,False,False,False,False
2025-07-31,36.62,37.64,36.17,37.08,9890.4,1.2561441835062803,1.408910724998131,,,,,,,,,,,,,,,,,,,,32.16775,,0.6666666666666666,0.5,1.8580738117422673,,0,0,,0,0,0,0,0,,,,True,False,False,False,False
2025-08-01,37.22,37.46,36.41,36.48,7284.4,-1.6181229773462813,1.0376799002240946,,,,,,,,,,,,,,,,,,,,32.26225,,0.6666666666666666,0.5,1.8868520355415197,,0,0,,0,0,0,0,0,,,,False,False,False,False,False
2025-08-04,36.23,38.12,36.23,38.01,11441.8,4.194078947368429,1.6299113011893973,,,,,,,,,,,,,,,,,,,,32.366416666666666,,0.8181818181818182,0.5,1.9517774007665534,,0,0,,0,0,0,0,0,,,,True,False,False,False,False
2025-08-05,38.03,38.52,37.54,37.93,5798.0,-0.21047092870296602,0.8259387267996404,,,,,,,,,,,,,,,,,,,,32.468583333333335,,0.8181818181818182,0.5,1.9499198221191805,,0,0,,0,0,0,0,0,,,,False,False,False,False,False
2025-08-06,37.79,39.7,36.99,38.75,18193.0,2.161877142103874,2.591635608255581,,,,,,,,,,,,,,,,,,,,32.57816666666667,,1.0,0.55,2.038429740905386,,0,0,,0,0,0,0,0,,,,True,False,True,False,False
2025-08-07,38.73,40.96,38.43,40.11,18320.2,3.5096774193548397,2.609755547208481,,,,,,,,,,,,,,,,,,,,32.704249999999995,,1.2222222222222223,0.6,2.127613459308315,,0,0,,0,0,0,0,0,,,,True,False,True,True,False
2025-08-08,39.96,40.1,37.86,38.4,14116.0,-4.263275991024685,2.0108573762510735,,,,,,,,,,,,,,,,,,,,32.81525,,1.0,0.55,2.1623255357575912,,0,0,,0,0,0,0,0,,,,False,False,False,False,False
2025-08-11,38.3,38.79,38.12,38.35,10854.07,-0.13020833333332593,1.5461877813718823,,,,,,,,,,,,,,,,,,,,32.922916666666666,,1.0,0.5,2.1090123875424167,,0,0,,0,0,0,0,0,,,,True,False,False,False,False
2025-08-12,38.35,38.35,37.6,37.79,6760.07,-1.4602346805736688,0.9629878594129778,,,,,,,,,,,,,,,,,,,,33.02391666666667,,0.8181818181818182,0.45,2.026105689501285,,0,0,,0,0,0,0,0,,,,False,False,False,False,False
2025-08-13,37.79,41.54,37.7,40.45,29576.88,7.038899179677172,4.213296069317997,,,,,,,,,,,,,,,,,,,,33.139916666666664,,0.8181818181818182,0.45,1.9328356542050114,,0,0,,0,0,0,0,0,,,,True,False,False,False,True
2025-08-14,39.84,41.32,37.89,39.91,26553.4,-1.334981458590867,3.782594237357981,,,,,,,,,,,,,,,,,,,,33.22933333333334,,1.0,0.4,1.8958200520258779,,0,0,,0,0,0,0,0,,,,True,False,False,False,False
2025-08-15,39.2,41.12,39.1,40.98,19257.8,2.68103232272614,2.743318870810989,,,,,,,,,,,,,,,,,,,,33.33675,,1.0,0.4,1.8935052725603498,,0,0,,0,0,0,0,0,,,,True,False,False,False,True
2025-08-18,41.0,41.24,39.99,40.59,17327.3,-0.9516837481698182,2.4683146086366694,,,,,,,,,,,,,,,,,,,,33.4425,,1.0,0.4,1.8695940045338595,,0,0,,0,0,0,0,0,,,,False,False,False,False,False
2025-08-19,40.6,42.45,40.05,41.81,20097.2,3.0056664203005568,2.8628933736180984,,,,,,,,,,,,,,,,,,,,33.562,,1.2222222222222223,0.45,1.9276277387319052,,0,0,,0,0,0,0,0,,,,True,False,True,True,True
2025-08-20,42.2,46.0,42.2,46.0,18557.36,10.021525950729494,2.643539546595822,,,,,,,,,,,,,,,,,,,,33.71083333333333,,1.5,0.5,1.9922267456224962,,0,0,,0,0,0,0,0,,,,True,False,True,True,True
2025-08-21,46.71,48.2,44.66,45.19,32968.79,-1.7608695652173934,4.696481620683808,,,,,,,,,,,,,,,,,,,,33.85266666666667,,1.2222222222222223,0.45,2.159219148581676,,0,0,,0,0,0,0,0,,,,False,False,False,False,False
2025-08-22,45.03,46.91,44.18,46.12,24165.0,2.0579774286346497,3.4423610440002266,,,,,,,,,,,,,,,,,,,,34.011833333333335,,1.5,0.5,2.2927967174192103,,0,0,,0,0,0,0,0,,,,True,False,False,False,True
2025-08-25,49.63,50.73,48.78,50.73,29180.95,9.995663486556804,4.156894910280091,,,,,,,,,,,,,,,,,,,,34.209583333333335,28.827240000000003,1.5,0.5,2.4376561562663537,,0,0,,0,0,0,0,0,,,,True,False,True,True,True
2025-08-26,48.9,54.05,48.78,51.57,37028.38,1.6558249556475557,5.274779757270312,,,,,,,,,,,,,,,,,,,,34.4135,28.941560000000003,1.8571428571428572,0.55,2.6162442517627627,,0,0,,0,0,0,0,0,,,,True,False,True,True,True
2025-08-27,50.83,51.97,49.0,49.18,23813.35,-4.634477409346516,3.392267675031772,,,,,,,,,,,,,,,,,,,,34.59216666666667,29.044320000000003,1.8571428571428572,0.55,2.7150303269657514,,0,0,,0,0,0,0,0,,,,False,False,False,False,False
2025-08-28,49.18,51.47,48.22,50.86,18350.6,3.416022773485161,2.614086098656344,,,,,,,,,,,,,,,,,,,,34.77575,29.15628,1.8571428571428572,0.55,2.775289095648662,,0,0,,0,0,0,0,0,,,,True,False,False,False,False
2025-08-29,52.46,55.94,52.46,55.94,29835.3,9.988202909948885,4.250108605671837,,,,,,,,,,,,,,,,,,,,35.003249999999994,29.28644,2.3333333333333335,0.6,2.9359105309210487,,0,0,,0,0,0,0,0,,,,True,False,True,True,True
2025-09-01,57.14,61.54,57.14,61.54,43180.2,10.010725777618878,6.151120974638467,,,,,,,,,,,,,,,,,,,,35.27925,29.4468,2.3333333333333335,0.6,3.1619710145935023,,0,0,,0,0,0,0,0,,,,True,False,True,True,True
2025-09-02,61.68,67.69,61.68,67.69,52086.55,9.993500162495938,7.419851464364576,,,,,,,,,,,,,,,,,,,,35.61,29.635080000000002,3.0,0.65,3.491666651471749,,0,0,,0,0,0,0,0,,,,True,False,True,True,True
2025-09-03,70.75,73.0,65.01,68.6,42894.13,1.3443640124095158,6.110369630799975,,,,,,,,,,,,,,,,,,,,35.94408333333333,29.827879999999997,2.3333333333333335,0.65,3.667603352598969,,0,0,,0,0,0,0,0,,,,False,False,True,True,True
2025-09-04,68.06,70.95,64.51,68.19,42004.66,-0.5976676384839563,5.983662538815417,,,,,,,,,,,,,,,,,,,,36.27908333333333,30.01904,2.3333333333333335,0.6,3.8362987021793153,,0,0,,0,0,0,0,0,,,,True,False,False,False,False
2025-09-05,67.73,74.57,66.64,72.37,40127.5,6.129931074937689,5.716256685003892,,,,,,,,,,,,,,,,,,,,36.648916666666665,30.22592,3.0,0.65,4.021568667616957,,0,0,,0,0,0,0,0,,,,True,False,False,False,True
2025-09-08,70.95,74.04,65.42,71.6,37020.68,-1.0639767859610516,5.27368287417332,,,,,,,,,,,,,,,,,,,,37.01425,30.43116,3.0,0.65,4.207943422257029,,0,0,,0,0,0,0,0,,,,True,False,False,False,False
2025-09-09,71.74,74.41,66.65,70.36,31467.55,-1.7318435754189898,4.482626454381515,,,,,,,,,,,,,,,,,,,,37.368500000000004,30.63148,3.0,0.65,4.3839253520054555,,0,0,,0,0,0,0,0,,,,False,False,False,False,False
2025-09-10,69.48,72.31,68.16,68.95,19005.24,-2.003979533826028,2.707341105229665,,,,,,,,,,,,,,,,,,,,37.7055,30.82556,2.3333333333333335,0.6,4.308627603801039,,0,0,,0,0,0,0,0,,,,False,False,False,False,False
2025-09-11,70.04,75.43,67.76,73.87,35542.9,7.13560551124004,5.063169640008096,,,,,,,,,,,,,,,,,,,,38.081333333333326,31.0386,2.3333333333333335,0.65,4.372656373933545,,0,0,,0,0,0,0,0,,,,True,False,False,False,True
2025-09-12,73.87,74.23,69.83,70.97,17225.0,-3.9258156220387197,2.45374173320521,,,,,,,,,,,,,,,,,,,,38.43983333333333,31.23888,1.8571428571428572,0.6,4.358177517053256,,0,0,,0,0,0,0,0,,,,False,False,False,False,False
2025-09-15,70.72,73.28,67.71,67.71,22761.2,-4.59349020712978,3.2423864347071363,,,,,,,,,,,,,,,,,,,,38.77741666666667,31.42336,1.8571428571428572,0.6,4.396881108356779,,0,0,,0,0,0,0,0,,,,False,False,False,False,False
2025-09-16,70.38,74.48,69.81,74.48,15116.8,9.998523113277225,2.1534236883899283,,,,,,,,,,,,,,,,,,,,39.16499999999999,31.63572,1.8571428571428572,0.6,4.361407624095371,,0,0,,0,0,0,0,0,,,,True,False,False,False,True
2025-09-17,76.57,79.95,73.16,79.26,42116.0,6.417830290010751,5.999523183493214,,,,,,,,,,,,,,,,,,,,39.58425,31.86648,1.8571428571428572,0.6,4.52920680594024,,0,0,,0,0,0,0,0,,,,True,False,True,True,True
2025-09-18,79.26,87.19,79.26,87.19,40592.54,10.005046681806707,5.7825027259681745,,,,,,,,,,,,,,,,,,,,40.07575,32.12972,2.3333333333333335,0.65,4.583507861204458,,0,0,,0,0,0,0,0,,,,True,False,True,True,True
2025-09-19,88.47,89.09,78.47,78.47,26891.0,-10.001146920518412,3.8306861508053,,,,,,,,,,,,,,,,,,,,40.4985,32.35832,1.8571428571428572,0.6,4.602924116544712,,0,0,,0,0,0,0,0,,,,False,False,False,False,False
2025-09-22,78.55,79.4,73.37,73.91,43967.85,-5.811138014527851,6.2633235683196915,,,,,,,,,,,,,,,,,,,,40.88199999999999,32.56796,1.5,0.55,4.708245549446692,,0,0,,0,0,0,0,0,,,,False,False,False,False,False
2025-09-23,73.16,74.19,70.97,71.8,26176.4,-2.8548234339061063,3.7288897013104707,,,,,,,,,,,,,,,,,,,,41.24791666666667,32.770199999999996,1.2222222222222223,0.5,4.6309510466487,,0,0,,0,0,0,0,0,,,,False,False,False,False,False
2025-09-24,71.6,73.75,70.92,72.16,16364.96,0.5013927576601684,2.3312270138887623,,,,,,,,,,,,,,,,,,,,41.613416666666666,32.97412,1.5,0.55,4.57789901359155,,0,0,,0,0,0,0,0,,,,True,False,False,False,False
2025-09-25,72.24,76.83,71.0,75.36,25379.62,4.434589800443467,3.6153865176713853,,,,,,,,,,,,,,,,,,,,42.01275,33.19196,1.5,0.55,4.627964034542302,,0,0,,0,0,0,0,0,,,,True,False,False,False,False
2025-09-26,75.36,75.5,69.39,69.39,13900.21,-7.921974522292996,1.9801175835887599,,,,,,,,,,,,,,,,,,,,42.38516666666666,33.387240000000006,1.2222222222222223,0.5,4.514464483438148,,0,0,,0,0,0,0,0,,,,False,False,False,False,False
2025-09-29,70.1,71.02,67.97,68.16,12557.48,-1.7725897103329058,1.7888425393259657,,,,,,,,,,,,,,,,,,,,42.7515,33.57576,1.0,0.45,4.296350561672523,,0,0,,0,0,0,0,0,,,,False,False,False,False,False
2025-09-30,70.19,70.22,66.29,66.71,14427.15,-2.127347417840375,2.0551814250340517,,,,,,,,,,,,,,,,,,,,43.10475,33.76036,0.8181818181818182,0.4,4.0281170597059965,,0,0,,0,0,0,0,0,,,,False,False,False,False,False
2025-10-09,68.06,68.06,64.53,64.88,12987.0,-2.7432169090091385,1.85002867280906,,,,,,,,,,,,,,,,,,,,43.431083333333326,33.937599999999996,0.8181818181818182,0.35,3.815100011806451,,0,0,,0,0,0,0,0,,,,False,False,False,False,False
2025-10-10,64.94,66.19,62.39,63.34,12109.23,-2.3736128236744647,1.7249882733225266,,,,,,,,,,,,,,,,,,,,43.746249999999996,34.106120000000004,0.6666666666666666,0.35,3.602166298531807,,0,0,,0,0,0,0,0,,,,False,False,False,False,False
2025-10-13,58.59,62.81,58.59,62.39,12595.83,-1.4998421218819113,1.7943055869583848,,,,,,,,,,,,,,,,,,,,44.037,34.26916000000001,0.6666666666666666,0.3,3.406068743629531,,0,0,,0,0,0,0,0,,,,True,False,False,False,False
2025-10-14,62.89,63.12,57.92,58.37,12935.4,-6.443340278890853,1.842678131535714,,,,,,,,,,,,,,,,,,,,44.3,34.41468,0.5384615384615384,0.3,3.2345185064976505,,0,0,,0,0,0,0,0,,,,False,False,False,False,False
2025-10-15,59.07,61.29,58.34,60.57,14783.0,3.7690594483467565,2.1058730938735915,,,,,,,,,,,,,,,,,,,,44.582333333333324,34.56588000000001,0.6666666666666666,0.35,3.1156808384722545,,0,0,,0,0,0,0,0,,,,True,False,False,False,False
2025-10-16,60.39,61.89,59.91,61.11,10322.0,0.8915304606240682,1.4703931593697634,,,,,,,,,,,,,,,,,,,,44.86958333333334,34.7116,0.8181818181818182,0.4,3.0538334411792594,,0,0,,0,0,0,0,0,,,,True,False,False,False,False
2025-10-17,60.88,60.88,58.13,58.28,8267.8,-4.630993290787099,1.177767541468449,,,,,,,,,,,,,,,,,,,,45.13483333333333,34.83916000000001,0.6666666666666666,0.35,2.859563336252277,,0,0,,0,0,0,0,0,,,,False,False,False,False,False
2025-10-20,60.26,60.92,58.6,59.46,8908.8,2.024708304735756,1.2690794979842424,,,,,,,,,,,,,,,,,,,,45.403666666666666,34.98032,0.6666666666666666,0.4,2.800330224491229,,0,0,,0,0,0,0,0,,,,False,False,False,False,False
2025-10-21,59.45,60.46,58.28,60.38,7608.12,1.5472586612848893,1.0837945750498241,,,,,,,,,,,,,,,,,,,,45.67941666666666,35.12488,0.8181818181818182,0.45,2.692400631508363,,0,0,,0,0,0,0,0,,,,True,False,False,False,False
2025-10-22,60.39,61.12,58.84,59.94,5852.8,-0.7287181185823166,0.8337451155938144,,,,,,,,,,,,,,,,,,,,45.94458333333333,35.27160000000001,0.6666666666666666,0.4,2.6264167028685574,,0,0,,0,0,0,0,0,,,,False,False,False,False,False
2025-10-23,59.94,61.39,57.06,57.8,10199.6,-3.570236903570234,1.4529569916981049,,,,,,,,,,,,,,,,,,,,46.19591666666667,35.408159999999995,0.5384615384615384,0.35,2.3990883932788014,,0,0,,0,0,0,0,0,,,,False,False,False,False,False
2025-10-24,57.8,63.58,57.8,63.58,19799.6,10.000000000000009,2.8204995541811244,,,,,,,,,,,,,,,,,,,,46.495416666666664,35.56924,0.5384615384615384,0.35,2.250988234689449,,0,0,,0,0,0,0,0,,,,True,False,True,False,False
2025-10-27,65.5,65.7,62.47,64.06,31837.0,0.7549543881723908,4.535255475184573,,,,,,,,,,,,,,,,,,,,46.80108333333333,35.73184,0.5384615384615384,0.4,2.286216700908413,,0,0,,0,0,0,0,0,,,,False,False,True,True,False
2025-10-28,65.38,66.27,62.53,64.85,19868.06,1.2332188573212388,2.8302518420798317,,,,,,,,,,,,,,,,,,,,47.10983333333333,35.89456,0.5384615384615384,0.45,2.1145631145964203,,0,0,,0,0,0,0,0,,,,False,False,False,False,False
2025-10-29,64.85,64.85,58.37,58.45,23608.2,-9.868928296067836,3.363043575376211,,,,,,,,,,,,,,,,,,,,47.36675,36.03208,0.5384615384615384,0.45,2.0962708082997072,,0,0,,0,0,0,0,0,,,,False,False,False,False,False
2025-10-30,59.2,59.96,56.68,59.13,21553.18,1.1633875106928926,3.0703011465476844,,,,,,,,,,,,,,,,,,,,47.60625,36.17264,0.42857142857142855,0.45,2.133224514932653,,0,0,,0,0,0,0,0,,,,False,False,False,False,False
2025-10-31,58.84,62.49,57.49,59.45,16781.26,0.5411804498562489,2.3905299273014373,,,,,,,,,,,,,,,,,,,,47.82358333333333,36.31420000000001,0.42857142857142855,0.45,2.0719816854141557,,0,0,,0,0,0,0,0,,,,True,False,False,False,False
2025-11-03,60.9,60.9,58.38,58.42,9826.79,-1.7325483599663571,1.3998493309981783,,,,,,,,,,,,,,,,,,,,48.030416666666675,36.45236,0.42857142857142855,0.45,2.0429682727846266,,0,0,,0,0,0,0,0,,,,False,False,False,False,False
2025-11-04,58.89,60.26,56.2,58.17,14812.4,-0.4279356384799704,2.110061192971196,,,,,,,,,,,,,,,,,,,,48.237583333333326,36.590120000000006,0.42857142857142855,0.45,2.059029205466888,,0,0,,0,0,0,0,0,,,,False,False,False,False,False
2025-11-05,58.08,60.98,56.78,60.08,18416.66,3.2834794567646597,2.62349650091443,,,,,,,,,,,,,,,,,,,,48.44883333333334,36.73384,0.5384615384615384,0.5,2.0874449592609072,,0,0,,0,0,0,0,0,,,,True,False,False,False,False
2025-11-06,60.06,64.7,59.24,64.62,24157.6,7.5565912117177225,3.441306896608312,,,,,,,,,,,,,,,,,,,,48.69916666666667,36.894119999999994,0.6666666666666666,0.55,2.1670088704508697,,0,0,,0,0,0,0,0,,,,True,False,True,False,False
2025-11-07,63.45,69.24,61.68,67.71,22967.09,4.781801299907129,3.2717159491018895,,,,,,,,,,,,,,,,,,,,48.982,37.068760000000005,0.8181818181818182,0.6,2.2443452542398377,,0,0,,0,0,0,0,0,,,,True,False,True,True,False
2025-11-10,67.7,68.5,64.99,66.36,12212.88,-1.993797075764281,1.7397534594268356,,,,,,,,,,,,,,,,,,,,49.25658333333333,37.238719999999994,0.6666666666666666,0.6,2.2416176478632606,,0,0,,0,0,0,0,0,,,,False,False,False,False,False
2025-11-11,66.45,68.62,63.92,68.14,20387.04,2.6823387582881164,2.904181762817065,,,,,,,,,,,,,,,,,,,,49.518166666666666,37.41648,0.8181818181818182,0.65,2.2946928294273277,,0,0,,0,0,0,0,0,,,,True,False,False,False,False
2025-11-12,67.35,68.11,62.62,63.01,14267.2,-7.528617552098627,2.032396171610181,,,,,,,,,,,,,,,,,,,,49.73475,37.57672,0.6666666666666666,0.6,2.2910189833141574,,0,0,,0,0,0,0,0,,,,False,False,False,False,False
2025-11-13,63.01,64.27,61.42,63.96,8978.54,1.5076971909220749,1.2790141248912803,,,,,,,,,,,,,,,,,,,,49.96066666666666,37.738839999999996,0.6666666666666666,0.6,2.281450031590233,,0,0,,0,0,0,0,0,,,,True,False,False,False,False
2025-11-14,63.32,66.95,62.03,63.58,10281.0,-0.5941213258286449,1.4645526130091588,,,,,,,,,,,,,,,,,,,,50.18783333333333,37.89408,0.8181818181818182,0.6,2.2957892851672685,,0,0,,0,0,0,0,0,,,,True,False,False,False,False
2025-11-17,64.44,69.94,63.72,67.48,30142.63,6.134004403900617,4.293888486476828,,,,,,,,,,,,,,,,,,,,50.437333333333335,38.064879999999995,1.0,0.6,2.447029734591898,,0,0,,0,0,0,0,0,,,,True,False,False,False,False
2025-11-18,67.14,67.14,61.75,62.44,21043.21,-7.4688796680498,2.9976547214862816,,,,,,,,,,,,,,,,,,,,50.64075,38.2134,0.8181818181818182,0.55,2.5427227419137206,,0,0,,0,0,0,0,0,,,,False,False,False,False,False
2025-11-19,63.8,67.21,60.67,63.27,22951.71,1.3292761050608615,3.269525031954911,,,,,,,,,,,,,,,,,,,,50.85191666666667,38.36736,0.8181818181818182,0.6,2.6645117377317757,,0,0,,0,0,0,0,0,,,,False,False,False,False,False
2025-11-20,63.59,66.55,61.32,61.9,14996.21,-2.1653232179548065,2.136245359472238,,,,,,,,,,,,,,,,,,,,51.05566666666666,38.514720000000004,0.8181818181818182,0.6,2.6986761561204826,,0,0,,0,0,0,0,0,,,,False,False,False,False,False
2025-11-21,60.49,68.09,60.49,65.61,38156.1,5.993537964458806,5.435426121703994,,,,,,,,,,,,,,,,,,,,51.27,38.67752,0.8181818181818182,0.6,2.829422484496626,,0,0,,0,0,0,0,0,,,,True,False,False,False,False
2025-11-24,65.63,69.75,63.88,67.21,26900.13,2.4386526444139633,3.8319867407631616,,,,,,,,,,,,,,,,,,,,51.502250000000004,38.846439999999994,1.0,0.6,2.7942590477755553,,0,0,,0,0,0,0,0,,,,True,False,False,False,False
2025-11-25,68.06,70.55,67.22,68.57,18643.81,2.023508406487129,2.655854552275682,,,,,,,,,,,,,,,,,,,,51.767,39.02307999999999,1.2222222222222223,0.6,2.7855391832853473,,0,0,,0,0,0,0,0,,,,True,False,False,False,False
2025-11-26,68.77,73.41,67.46,70.62,22774.6,2.989645617617054,3.244295296200602,,,,,,,,,,,,,,,,,,,,52.04525,39.20964,1.5,0.65,2.7796017693265673,,0,0,,0,0,0,0,0,,,,True,False,True,True,False
2025-11-27,70.54,73.83,68.91,70.04,16806.6,-0.821297082979322,2.3941396698569912,,,,,,,,,,,,,,,,,,,,52.321083333333334,39.395520000000005,1.5,0.6,2.7457936954920323,,0,0,,0,0,0,0,0,,,,False,False,False,False,False
2025-11-28,69.66,75.15,69.66,74.53,22266.43,6.410622501427743,3.1719052853696654,,,,,,,,,,,,,,,,,,,,52.623916666666666,39.597519999999996,1.5,0.6,2.784862463395444,,0,0,,0,0,0,0,0,,,,True,False,True,True,False
2025-12-01,73.52,76.11,70.86,72.31,20297.6,-2.978666308868916,2.8914408246099312,,,,,,,,,,,,,,,,,,,,52.905750000000005,39.789159999999995,1.5,0.6,2.8594420380760317,,0,0,,0,0,0,0,0,,,,False,False,False,False,False
2025-12-02,71.59,72.38,68.36,70.41,11889.8,-2.627575715668662,1.6937299541052715,,,,,,,,,,,,,,,,,,,,53.174083333333336,39.97208,1.5,0.6,2.8386254761327354,,0,0,,0,0,0,0,0,,,,False,False,False,False,False
2025-12-03,70.41,75.86,69.69,74.42,21583.2,5.6952137480471565,3.074577566102449,,,,,,,,,,,,,,,,,,,,53.48358333333333,40.17496,1.5,0.6,2.8611795293921363,,0,0,,0,0,0,0,0,,,,True,False,False,False,False
2025-12-04,75.08,75.08,70.19,70.89,16932.8,-4.7433485622144556,2.4121171564596326,,,,,,,,,,,,,,,,,,,,53.75916666666667,40.36136,1.2222222222222223,0.55,2.8097200423847024,,0,0,,0,0,0,0,0,,,,False,False,False,False,False
2025-12-05,70.54,71.55,67.21,67.44,14147.8,-4.866694879390609,2.0153873609892985,,,,,,,,,,,,,,,,,,,,53.98524999999999,40.534600000000005,1.0,0.5,2.746903612979073,,0,0,,0,0,0,0,0,,,,False,False,False,False,False
2025-12-08,67.44,67.7,63.22,65.58,22224.39,-2.758007117437722,3.1659165885647913,,,,,,,,,,,,,,,,,,,,54.188333333333325,40.69936,1.0,0.5,2.8182117694359707,,0,0,,0,0,0,0,0,,,,False,False,False,False,False
2025-12-09,64.66,64.87,63.56,63.61,8410.59,-3.0039646233607775,1.1981083125618812,,,,,,,,,,,,,,,,,,,,54.392,40.855599999999995,0.8181818181818182,0.45,2.732908096923212,,0,0,,0,0,0,0,0,,,,False,False,False,False,False
2025-12-10,63.73,63.73,61.98,62.28,9655.03,-2.0908662160037728,1.3753817153177532,,,,,,,,,,,,,,,,,,,,54.60158333333334,41.0058,0.8181818181818182,0.45,2.70005737410859,,0,0,,0,0,0,0,0,,,,False,False,False,False,False
2025-12-11,63.03,64.06,61.75,62.39,9819.0,0.17662170841361569,1.3987396271896637,,,,,,,,,,,,,,,,,,,,54.80949999999999,41.155559999999994,0.6666666666666666,0.45,2.706043649223509,,0,0,,0,0,0,0,0,,,,False,False,False,False,False
2025-12-12,62.42,63.09,60.51,60.89,6822.0,-2.404231447347327,0.9718099334644958,,,,,,,,,,,,,,,,,,,,55.02375,41.299200000000006,0.5384615384615384,0.45,2.6814065152462763,,0,0,,0,0,0,0,0,,,,False,False,False,False,False
2025-12-15,60.97,60.97,58.7,59.05,8328.0,-3.021842667104624,1.1863431729540197,,,,,,,,,,,,,,,,,,,,55.22591666666666,41.43636,0.42857142857142855,0.4,2.5260292495701355,,0,0,,0,0,0,0,0,,,,False,False,False,False,False
2025-12-16,58.84,60.18,57.99,58.77,6782.4,-0.4741744284504579,0.9661688203942534,,,,,,,,,,,,,,,,,,,,55.425916666666666,41.57068,0.42857142857142855,0.4,2.4244549545155345,,0,0,,0,0,0,0,0,,,,False,False,False,False,False
2025-12-17,58.77,59.48,57.21,59.19,10479.0,0.7146503318019359,1.4927581783603712,,,,,,,,,,,,,,,,,,,,55.617,41.706799999999994,0.5384615384615384,0.4,2.3356166118358073,,0,0,,0,0,0,0,0,,,,True,False,False,False,False
2025-12-18,59.45,59.64,57.42,57.78,6729.63,-2.3821591485048144,0.9586516098711046,,,,,,,,,,,,,,,,,,,,55.78725,41.835800000000006,0.5384615384615384,0.4,2.2767369243557503,,0,0,,0,0,0,0,0,,,,False,False,False,False,False
2025-12-19,57.69,58.28,57.51,58.13,4872.0,0.6057459328487447,0.6940278504601325,,,,,,,,,,,,,,,,,,,,55.96125,41.96571999999999,0.5384615384615384,0.4,2.0396670107935577,,0,0,,0,0,0,0,0,,,,True,False,False,False,False
2025-12-22,58.41,58.62,57.14,58.11,7097.0,-0.034405642525381364,1.010984329785624,,,,,,,,,,,,,,,,,,,,56.139916666666664,42.09568,0.42857142857142855,0.35,1.8986168902446807,,0,0,,0,0,0,0,0,,,,False,False,False,False,False
2025-12-23,58.11,58.56,57.5,58.23,4507.0,0.20650490449147796,0.6420327426157261,,,,,,,,,,,,,,,,,,,,56.31733333333333,42.225559999999994,0.42857142857142855,0.35,1.797925799761683,,0,0,,0,0,0,0,0,,,,True,False,False,False,False
2025-12-24,58.47,59.12,57.88,58.63,5743.6,0.6869311351537011,0.81818931894557,,,,,,,,,,,,,,,,,,,,56.50391666666667,42.356480000000005,0.42857142857142855,0.35,1.6766205008989314,,0,0,,0,0,0,0,0,,,,True,False,False,False,False
2025-12-25,58.49,61.1,58.23,60.65,8333.4,3.445335152652218,1.1871124156454163,,,,,,,,,,,,,,,,,,,,56.708,42.495239999999995,0.5384615384615384,0.4,1.6162691381883527,,0,0,,0,0,0,0,0,,,,True,False,True,False,False
2025-12-26,62.29,62.29,59.13,60.51,7904.0,-0.23083264633141365,1.125943376444353,,,,,,,,,,,,,,,,,,,,56.91125,42.63808,0.42857142857142855,0.35,1.513971042742087,,0,0,,0,0,0,0,0,,,,False,False,False,False,False
2025-12-29,60.51,63.86,60.05,62.32,13073.2,2.9912411171707287,1.8623080654013555,,,,,,,,,,,,,,,,,,,,57.1335,42.787639999999996,0.5384615384615384,0.4,1.462514404781658,,0,0,,0,0,0,0,0,,,,True,False,True,True,False
2025-12-30,61.61,65.12,60.89,64.66,11942.0,3.754813863928108,1.701165966788773,,,,,,,,,,,,,,,,,,,,57.37508333333333,42.945479999999996,0.6666666666666666,0.45,1.4628862054158334,,0,0,,0,0,0,0,0,,,,True,False,True,True,False
2025-12-31,64.19,64.19,59.06,63.66,14997.2,-1.546551190844414,2.136386387298994,,,,,,,,,,,,,,,,,,,,57.61133333333333,43.09936,0.5384615384615384,0.4,1.4159766464756605,,0,0,,0,0,0,0,0,,,,False,False,False,False,False
2026-01-05,63.08,63.52,60.26,61.71,7356.0,-3.063147973609792,1.047879488502614,,,,,,,,,,,,,,,,,,,,57.833999999999996,43.24872,0.5384615384615384,0.4,1.3477647630778096,,0,0,,0,0,0,0,0,,,,False,False,False,False,False
2026-01-06,61.66,63.03,60.51,62.19,12070.7,0.7778317938745616,1.719499584267061,,,,,,,,,,,,,,,,,,,,58.06166666666666,43.399719999999995,0.6666666666666666,0.45,1.3329703742416976,,0,0,,0,0,0,0,0,,,,True,False,False,False,False
2026-01-07,61.67,68.41,61.18,68.41,19700.68,10.00160797555878,2.8064081676935393,,,,,,,,,,,,,,,,,,,,58.338166666666666,43.577160000000006,0.8181818181818182,0.5,1.314994953198135,,0,0,,0,0,0,0,0,,,,True,False,True,True,False
2026-01-08,70.19,72.94,68.77,69.57,24702.48,1.6956585294547466,3.518926333217244,,,,,,,,,,,,,,,,,,,,58.605,43.7582,0.8181818181818182,0.55,1.4310358542309032,,0,0,,0,0,0,0,0,,,,False,False,True,True,False
2026-01-09,70.26,76.52,69.19,76.52,22789.7,9.989938191749314,3.2464463266895076,,,,,,,,,,,,,,,,,,,,58.92866666666667,43.966359999999995,1.0,0.6,1.524589084799491,,0,0,,0,0,0,0,0,,,,True,False,True,True,True
2026-01-12,81.53,84.17,77.98,78.12,23644.6,2.0909566126503076,3.368228840925626,,,,,,,,,,,,,,,,,,,,59.25241666666667,44.18208,1.0,0.6,1.6230635454862892,,0,0,,0,0,0,0,0,,,,False,False,True,True,True
2026-01-13,78.9,81.39,75.15,77.47,13409.4,-0.8320532514080936,1.9102005455583129,,,,,,,,,,,,,,,,,,,,59.5695,44.39636,1.0,0.6,1.6699830760909797,,0,0,,0,0,0,0,0,,,,False,False,False,False,False
2026-01-14,77.93,85.22,77.93,82.1,19592.4,5.976507034981271,2.790983427207533,,,,,,,,,,,,,,,,,,,,59.92166666666666,44.631119999999996,1.2222222222222223,0.65,1.7502150888036556,,0,0,,0,0,0,0,0,,,,True,False,False,False,True
2026-01-15,80.87,82.95,75.76,77.6,16055.0,-5.4811205846528654,2.2870724834025915,,,,,,,,,,,,,,,,,,,,60.23983333333333,44.8506,1.2222222222222223,0.65,1.8162602719540726,,0,0,,0,0,0,0,0,,,,False,False,False,False,False
2026-01-16,77.91,84.99,77.47,81.51,19469.6,5.038659793814437,2.7734902785957707,,,,,,,,,,,,,,,,,,,,60.60058333333334,45.08612,1.2222222222222223,0.65,1.8802968769658424,,0,0,,0,0,0,0,0,,,,True,False,False,False,False
2026-01-19,82.71,89.67,80.68,87.77,31640.05,7.680039258986615,4.507199484801132,,,,,,,,,,,,,,,,,,,,61.018499999999996,45.345200000000006,1.5,0.7,2.057724270712344,,0,0,,0,0,0,0,0,,,,True,False,True,True,True
2026-01-20,86.9,94.28,85.14,86.99,32137.5,-0.8886863392958855,4.578062406437296,,,,,,,,,,,,,,,,,,,,61.42733333333333,45.601440000000004,1.5,0.65,2.251925998511202,,0,0,,0,0,0,0,0,,,,True,False,False,False,False
2026-01-21,86.45,91.45,86.45,88.19,18862.6,1.3794689044717812,2.6870217019887717,,,,,,,,,,,,,,,,,,,,61.849583333333335,45.862759999999994,1.8571428571428572,0.7,2.3357278671213595,,0,0,,0,0,0,0,0,,,,True,False,False,False,True
2026-01-22,89.96,90.52,86.05,88.3,16870.8,0.12473069509013612,2.403285110743597,,,,,,,,,,,,,,,,,,,,62.27108333333334,46.12592,1.5,0.7,2.4237904855277526,,0,0,,0,0,0,0,0,,,,False,False,False,False,True
2026-01-23,90.06,90.39,84.44,86.35,11083.2,-2.208380520951303,1.5788278883866462,,,,,,,,,,,,,,,,,,,,62.68383333333333,46.3814,1.2222222222222223,0.65,2.461822413999807,,0,0,,0,0,0,0,0,,,,False,False,False,False,False
2026-01-26,87.21,90.74,84.24,84.7,12885.2,-1.9108280254776955,1.8355270235527295,,,,,,,,,,,,,,,,,,,,63.0845,46.62704,1.0,0.6,2.4942431443951727,,0,0,,0,0,0,0,0,,,,False,False,False,False,False
2026-01-27,86.77,93.17,84.03,93.17,12187.6,10.000000000000009,1.7361522640122968,,,,,,,,,,,,,,,,,,,,63.55191666666666,46.90656,1.2222222222222223,0.65,2.52475358877357,,0,0,,0,0,0,0,0,,,,True,False,False,False,True
2026-01-28,92.87,97.37,89.33,95.25,14058.6,2.2324782655361197,2.002680611346227,,,,,,,,,,,,,,,,,,,,64.04166666666667,47.19428,1.2222222222222223,0.65,2.5317722160708134,,0,0,,0,0,0,0,0,,,,True,False,True,True,True
2026-01-29,95.31,95.35,85.73,85.73,11573.0,-9.994750656167973,1.6486010495433319,,,,,,,,,,,,,,,,,,,,64.43933333333334,47.44335999999999,1.0,0.6,2.5291439702085414,,0,0,,0,0,0,0,0,,,,False,False,False,False,False
2026-01-30,82.89,94.3,82.01,91.45,28752.81,6.672110113145924,4.095905361040353,,,,,,,,,,,,,,,,,,,,64.88533333333334,47.714760000000005,1.2222222222222223,0.65,2.627119918895609,,0,0,,0,0,0,0,0,,,,True,False,False,False,False
2026-02-02,94.3,97.22,89.09,90.96,19069.4,-0.5358119190814747,2.71648084802226,,,,,,,,,,,,,,,,,,,,65.32041666666666,47.983999999999995,1.2222222222222223,0.65,2.710549986871592,,0,0,,0,0,0,0,0,,,,False,False,False,False,False
2026-02-03,92.79,99.96,91.17,99.67,21128.6,9.575637642919975,3.009818727674868,,,,,,,,,,,,,,,,,,,,65.81675,48.287879999999994,1.2222222222222223,0.65,2.7750659440419816,,0,0,,0,0,0,0,0,,,,True,False,True,True,True
2026-02-04,99.32,100.62,94.53,96.83,12368.75,-2.849403029998998,1.761957507261651,,,,,,,,,,,,,,,,,,,,66.30366666666666,48.57964,1.0,0.6,2.7228434110203876,,0,0,,0,0,0,0,0,,,,False,False,False,False,False
2026-02-05,96.63,101.95,94.76,95.71,18133.2,-1.1566663224207407,2.583116957710114,,,,,,,,,,,,,,,,,,,,66.78166666666667,48.8656,1.0,0.55,2.6760529422450308,,0,0,,0,0,0,0,0,,,,False,False,False,False,False
2026-02-06,97.15,100.57,93.79,94.01,13809.87,-1.7761989342806261,1.9672484382663935,,,,,,,,,,,,,,,,,,,,67.25016666666667,49.14436,0.8181818181818182,0.5,2.6120930478238753,,0,0,,0,0,0,0,0,,,,False,False,False,False,False
2026-02-09,95.03,97.33,90.74,95.35,12083.8,1.4253802786937442,1.7213657100554491,,,,,,,,,,,,,,,,,,,,67.70766666666667,49.426520000000004,1.0,0.5,2.5297498912803666,,0,0,,0,0,0,0,0,,,,True,False,False,False,False
2026-02-10,96.3,101.88,92.79,101.38,11727.96,6.32406921866806,1.6706754657394118,,,,,,,,,,,,,,,,,,,,68.21991666666666,49.730799999999995,1.2222222222222223,0.55,2.5177736372894213,,0,0,,0,0,0,0,0,,,,True,False,False,False,True
2026-02-11,102.39,104.92,98.54,101.73,10116.88,0.34523574669560464,1.4411733332847096,,,,,,,,,,,,,,,,,,,,68.72616666666666,50.03715999999999,1.0,0.55,2.45028313259328,,0,0,,0,0,0,0,0,,,,False,False,False,False,True
2026-02-12,104.21,104.83,98.6,98.68,6258.9,-2.9981323110193636,0.8915950150338513,,,,,,,,,,,,,,,,,,,,69.21025,50.32984,1.0,0.55,2.3805092591748434,,0,0,,0,0,0,0,0,,,,False,False,False,False,False
2026-02-13,98.68,98.68,94.29,94.29,5093.2,-4.448723145520872,0.7255383103373454,,,,,,,,,,,,,,,,,,,,69.64758333333334,50.60432,0.8181818181818182,0.5,2.2781116607619216,,0,0,,0,0,0,0,0,,,,False,False,False,False,False
2026-02-24,95.7,96.03,89.33,91.24,4997.8,-3.2347014529642726,0.7119483561226704,,,,,,,,,,,,,,,,,,,,70.02458333333334,50.86688,0.6666666666666666,0.45,2.0883491043279987,,0,0,,0,0,0,0,0,,,,False,False,False,False,False
2026-02-25,90.74,92.52,89.38,90.89,5310.31,-0.38360368259534594,0.7564661401020005,,,,,,,,,,,,,,,,,,,,70.40541666666667,51.13052,0.6666666666666666,0.45,1.8972692910112336,,0,0,,0,0,0,0,0,,,,True,False,False,False,False
2026-02-26,90.04,92.16,88.7,90.3,5137.1,-0.6491363186269195,0.7317919685137,,,,,,,,,,,,,,,,,,,,70.77358333333333,51.391400000000004,0.6666666666666666,0.4,1.7995078043374804,,0,0,,0,0,0,0,0,,,,True,False,False,False,False
2026-02-27,90.79,90.79,87.92,90.23,5165.0,-0.07751937984495916,0.7357663890859163,,,,,,,,,,,,,,,,,,,,71.10275,51.6506,0.6666666666666666,0.35,1.7161318682545965,,0,0,,0,0,0,0,0,,,,False,False,False,False,False
2026-03-02,86.77,88.83,85.79,86.92,4887.61,-3.668402970187301,0.69625153164767,,,,,,,,,,,,,,,,,,,,71.39733333333334,51.8956,0.8181818181818182,0.35,1.6720030504176475,,0,0,,0,0,0,0,0,,,,True,False,False,False,False
2026-03-03,86.49,87.91,81.95,82.29,7037.0,-5.326737229636446,1.0024371887701051,,,,,,,,,,,,,,,,,,,,71.67325,52.11864,0.8181818181818182,0.35,1.630348558678516,,0,0,,0,0,0,0,0,,,,False,False,False,False,False
2026-03-04,80.81,82.15,74.43,75.62,18342.4,-8.105480617328965,2.612917989384223,,,,,,,,,,,,,,,,,,,,71.87958333333334,52.3044,0.6666666666666666,0.3,1.6741868449471127,,0,0,,0,0,0,0,0,,,,False,False,False,False,False
2026-03-05,79.9,82.41,76.57,82.35,15278.0,8.899761967733388,2.1763870072516225,,,,,,,,,,,,,,,,,,,,72.09966666666668,52.521440000000005,0.6666666666666666,0.3,1.6828721647423823,,0,0,,0,0,0,0,0,,,,True,False,False,False,False
2026-03-06,82.35,86.12,81.54,83.55,9294.05,1.4571948998178597,1.3239592659213864,,,,,,,,,,,,,,,,,,,,72.28308333333332,52.74404,0.8181818181818182,0.35,1.6666400755612851,,0,0,,0,0,0,0,0,,,,True,False,False,False,False
2026-03-09,83.51,84.72,79.12,81.14,10095.4,-2.884500299222015,1.438113456801154,,,,,,,,,,,,,,,,,,,,72.39516666666667,52.95871999999999,0.6666666666666666,0.3,1.5337504803493252,,0,0,,0,0,0,0,0,,,,False,False,False,False,False
2026-03-10,80.82,84.38,79.67,83.7,9830.8,3.155040670446141,1.4004205649227157,,,,,,,,,,,,,,,,,,,,72.521,53.18096,0.8181818181818182,0.35,1.467947466194348,,0,0,,0,0,0,0,0,,,,True,False,False,False,False
2026-03-11,83.73,83.73,79.42,79.61,10062.4,-4.886499402628441,1.4334125292426185,,,,,,,,,,,,,,,,,,,,72.61616666666667,53.386720000000004,0.6666666666666666,0.3,1.3891271562727354,,0,0,,0,0,0,0,0,,,,False,False,False,False,False
2026-03-12,79.61,80.54,76.99,77.77,5414.0,-2.3112674287149915,0.7712370243003196,,,,,,,,,,,,,,,,,,,,72.66116666666667,53.58971999999999,0.6666666666666666,0.3,1.3395911321246687,,0,0,,0,0,0,0,0,,,,False,False,False,False,False
2026-03-13,77.15,78.86,76.16,76.43,4593.4,-1.7230294458017048,0.6543406256780732,,,,,,,,,,,,,,,,,,,,72.70141666666667,53.78744,0.6666666666666666,0.3,1.2431523155230668,,0,0,,0,0,0,0,0,,,,False,False,False,False,False
2026-03-16,76.25,77.13,72.31,73.67,6735.1,-3.6111474551877576,0.9594308242270193,,,,,,,,,,,,,,,,,,,,72.729,53.97372,0.6666666666666666,0.3,1.192761434821098,,0,0,,0,0,0,0,0,,,,False,False,False,False,False
2026-03-17,75.13,75.13,70.88,70.88,5663.97,-3.7871589520836246,0.8068458382944739,,,,,,,,,,,,,,,,,,,,72.74508333333333,54.146280000000004,0.5384615384615384,0.25,1.1470354412330495,,0,0,,0,0,0,0,0,,,,False,False,False,False,False
2026-03-18,71.23,71.87,70.11,71.32,6170.82,0.6207674943566666,0.8790478120230696,,,,,,,,,,,,,,,,,,,,72.72383333333333,54.31624,0.5384615384615384,0.25,1.1074540585472321,,0,0,,0,0,0,0,0,,,,True,False,False,False,False
2026-03-19,71.31,71.31,66.07,66.36,12992.11,-6.95457094784071,1.8507566043188817,,,,,,,,,,,,,,,,,,,,72.68541666666667,54.467119999999994,0.5384615384615384,0.2,1.1279332220989409,,0,0,,0,0,0,0,0,,,,False,False,False,False,False
2026-03-20,68.19,69.12,63.72,64.46,12846.0,-2.8631705846895783,1.8299428914225906,,,,,,,,,,,,,,,,,,,,72.65833333333333,54.61128,0.5384615384615384,0.2,1.1748506159183778,,0,0,,0,0,0,0,0,,,,False,False,False,False,False
2026-03-23,65.82,65.82,60.78,60.98,11595.76,-5.398696866273656,1.6518432650352188,,,,,,,,,,,,,,,,,,,,72.54583333333333,54.743199999999995,0.5384615384615384,0.2,1.2211658636532714,,0,0,,0,0,0,0,0,,,,False,False,False,False,False
2026-03-24,63.8,64.09,61.11,63.39,10971.96,3.952115447687765,1.5629814889438745,,,,,,,,,,,,,,,,,,,,72.41358333333332,54.88271999999999,0.5384615384615384,0.25,1.2637175202943316,,0,0,,0,0,0,0,0,,,,False,False,False,False,False
2026-03-25,64.44,68.72,63.45,68.51,14505.4,8.07698375138035,2.0663283214417913,,,,,,,,,,,,,,,,,,,,72.25791666666666,55.044799999999995,0.5384615384615384,0.3,1.3292106293613213,,0,0,,0,0,0,0,0,,,,True,False,False,False,False
2026-03-26,69.48,70.19,64.51,64.77,9963.8,-5.459057071960316,1.4193667275071158,,,,,,,,,,,,,,,,,,,,72.14375,55.191919999999996,0.42857142857142855,0.3,1.363589367310992,,0,0,,0,0,0,0,0,,,,False,False,False,False,False
2026-03-27,64.77,65.56,62.39,64.41,12911.0,-0.5558128763316295,1.8392022941894028,,,,,,,,,,,,,,,,,,,,72.06458333333333,55.338519999999995,0.42857142857142855,0.3,1.4187611625661662,,0,0,,0,0,0,0,0,,,,False,False,False,False,False
2026-03-30,62.17,64.88,62.17,63.72,8330.2,-1.0712622263623572,1.1866565681245884,,,,,,,,,,,,,,,,,,,,71.99725,55.482,0.42857142857142855,0.3,1.4432814143900123,,0,0,,0,0,0,0,0,,,,True,False,False,False,False
2026-03-31,63.76,64.64,62.32,62.53,8667.0,-1.8675455116133,1.2346345196917012,,,,,,,,,,,,,,,,,,,,71.91699999999999,55.61808,0.42857142857142855,0.3,1.454891280936092,,0,0,,0,0,0,0,0,,,,False,False,False,False,False
2026-04-01,64.51,65.14,63.39,64.05,6495.0,2.4308332000639643,0.925228014929918,,,,,,,,,,,,,,,,,,,,71.82275000000001,55.75920000000001,0.42857142857142855,0.35,1.370506782213377,,0,0,,0,0,0,0,0,,,,False,False,False,False,False
2026-04-02,64.5,64.51,61.42,61.96,4740.0,-3.2630757220921125,0.675224140225991,,,,,,,,,,,,,,,,,,,,71.76083333333332,55.89524,0.3333333333333333,0.3,1.2954486388620952,,0,0,,0,0,0,0,0,,,,False,False,False,False,False
2026-04-03,62.17,62.23,60.26,61.3,4893.6,-1.0652033570045294,0.6971048212257194,,,,,,,,,,,,,,,,,,,,71.70366666666665,56.031639999999996,0.25,0.25,1.264105916627312,,0,0,,0,0,0,0,0,,,,False,False,False,False,False
2026-04-07,61.48,62.03,59.55,60.05,7426.0,-2.0391517128874437,1.057851153020719,,,,,,,,,,,,,,,,,,,,71.64816666666667,56.15996,0.25,0.25,1.24509280143829,,0,0,,0,0,0,0,0,,,,False,False,False,False,False
2026-04-08,60.97,62.88,60.97,61.81,9325.0,2.930890924229823,1.3283681661618914,,,,,,,,,,,,,,,,,,,,71.62258333333332,56.2914,0.25,0.25,1.2414901815002488,,0,0,,0,0,0,0,0,,,,True,False,False,False,False
2026-04-09,62.07,62.07,58.84,59.64,10120.8,-3.5107587768969495,1.4417317464977235,,,,,,,,,,,,,,,,,,,,71.59174999999999,56.41712,0.25,0.25,1.241906142363004,,0,0,,0,0,0,0,0,,,,False,False,False,False,False
2026-04-10,59.63,61.3,59.41,60.08,8669.0,0.7377598926894713,1.2349194243922186,,,,,,,,,,,,,,,,,,,,71.5725,56.54648,0.3333333333333333,0.3,1.265090262367599,,0,0,,0,0,0,0,0,,,,True,False,False,False,False
2026-04-13,60.08,60.12,58.01,58.37,10053.2,-2.846205059920104,1.432101967620239,,,,,,,,,,,,,,,,,,,,71.57249999999999,56.6684,0.3333333333333333,0.3,1.3039783294647074,,0,0,,0,0,0,0,0,,,,False,False,False,False,False
2026-04-14,58.37,59.88,57.76,59.32,8418.63,1.6275483981497363,1.199253629457961,,,,,,,,,,,,,,,,,,,,71.56208333333332,56.79411999999999,0.42857142857142855,0.35,1.3159694697262545,,0,0,,0,0,0,0,0,,,,True,False,False,False,False
2026-04-15,59.62,61.14,58.77,58.81,8205.6,-0.8597437626432836,1.1689070052823611,,,,,,,,,,,,,,,,,,,,71.54291666666668,56.916160000000005,0.42857142857142855,0.35,1.334072528075649,,0,0,,0,0,0,0,0,,,,False,False,False,False,False
2026-04-16,58.81,61.5,58.81,60.0,10098.48,2.023465397041324,1.4385522100399504,,,,,,,,,,,,,,,,,,,,71.55725000000001,57.0464,0.42857142857142855,0.35,1.3620477479764928,,0,0,,0,0,0,0,0,,,,True,False,False,False,False
2026-04-17,59.86,61.68,58.49,60.69,8633.5,1.1500000000000066,1.2298623659580366,,,,,,,,,,,,,,,,,,,,71.56750000000001,57.19036,0.5384615384615384,0.4,1.3310030360584506,,0,0,,0,0,0,0,0,,,,True,False,False,False,False
2026-04-20,60.69,64.51,58.68,61.42,20601.27,1.2028340748063915,2.934699329812975,,,,,,,,,,,,,,,,,,,,71.57616666666667,57.33924,0.6666666666666666,0.45,1.38624085797797,,0,0,,0,0,0,0,0,,,,True,False,False,False,False
2026-04-21,61.1,62.53,60.06,60.4,13791.7,-1.6606968414197398,1.964660079062194,,,,,,,,,,,,,,,,,,,,71.57999999999998,57.48356,0.6666666666666666,0.45,1.4018816986793188,,0,0,,0,0,0,0,0,,,,False,False,False,False,False
2026-04-22,59.91,60.93,58.77,60.84,9906.0,0.7284768211920589,1.411132981662166,,,,,,,,,,,,,,,,,,,,71.60533333333333,57.62404,0.8181818181818182,0.45,1.394289273315233,,0,0,,0,0,0,0,0,,,,True,False,False,False,False
2026-04-23,60.4,60.74,58.51,59.37,9487.19,-2.4161735700197307,1.3514725128503415,,,,,,,,,,,,,,,,,,,,71.57025,57.759440000000005,0.6666666666666666,0.4,1.3585464828856606,,0,0,,0,0,0,0,0,,,,False,False,False,False,False
2026-04-24,58.93,59.86,58.17,58.6,7267.5,-1.2969513222165996,1.0352724555047235,,,,,,,,,,,,,,,,,,,,71.52475000000001,57.883840000000006,0.6666666666666666,0.4,1.3393417692855412,,0,0,,0,0,0,0,0,,,,False,False,False,False,False
2026-04-27,59.04,59.16,57.3,58.47,10481.0,-0.22184300341296925,1.4930430830608885,,,,,,,,,,,,,,,,,,,,71.47158333333333,58.010479999999994,0.6666666666666666,0.4,1.3220338087291155,,0,0,,0,0,0,0,0,,,,False,False,False,False,False
2026-04-28,57.81,58.48,55.99,56.38,10477.55,-3.5744826406704178,1.4925516224524962,,,,,,,,,,,,,,,,,,,,71.45433333333332,58.129239999999996,0.5384615384615384,0.4,1.3373285614455106,,0,0,,0,0,0,0,0,,,,False,False,False,False,False
2026-04-29,55.94,58.12,55.94,56.86,13897.4,0.8513657325292634,1.979717292484533,,,,,,,,,,,,,,,,,,,,71.43541666666667,58.250119999999995,0.6666666666666666,0.45,1.3745827000851523,,0,0,,0,0,0,0,0,,,,True,False,False,False,False
2026-04-30,56.86,59.11,56.2,58.84,21042.0,3.482237073513894,2.997482354142469,,,,,,,,,,,,,,,,,,,,71.43033333333332,58.37968,0.8181818181818182,0.45,1.4781954170457798,,0,0,,0,0,0,0,0,,,,True,False,False,False,False
2026-05-06,58.7,59.34,57.87,58.25,10061.79,-1.0027192386131922,1.4333256333089608,,,,,,,,,,,,,,,,,,,,71.42891666666667,58.503879999999995,0.8181818181818182,0.45,1.5161004916999283,,0,0,,0,0,0,0,0,,,,False,False,False,False,False
2026-05-07,58.45,61.59,58.29,60.97,14204.0,4.669527896995707,2.0233931830738348,,,,,,,,,,,,,,,,,,,,71.45224999999999,58.6386,1.0,0.5,1.5824149097923341,,0,0,,0,0,0,0,0,,,,True,False,True,False,False
2026-05-08,60.3,63.73,60.3,61.82,17097.0,1.3941282597998983,2.4355078323721027,,,,,,,,,,,,,,,,,,,,71.46675,58.7734,1.2222222222222223,0.55,1.6512977437599035,,0,0,,0,0,0,0,0,,,,True,False,True,False,False
2026-05-11,62.66,62.66,59.04,59.96,18750.3,-3.0087350372047905,2.6710243030547254,,,,,,,,,,,,,,,,,,,,71.42791666666668,58.902680000000004,1.0,0.5,1.7184305506045452,,0,0,,0,0,0,0,0,,,,False,False,False,False,False
2026-05-12,60.26,60.31,58.15,58.56,11123.0,-2.3348899266177447,1.5844974919269406,,,,,,,,,,,,,,,,,,,,71.35166666666666,59.026360000000004,1.0,0.5,1.725568837876006,,0,0,,0,0,0,0,0,,,,False,False,False,False,False
2026-05-13,59.09,59.09,57.55,58.13,7668.99,-0.7342896174863389,1.0924656496100682,,,,,,,,,,,,,,,,,,,,71.28308333333334,59.14936,0.8181818181818182,0.45,1.7184461491368985,,0,0,,0,0,0,0,0,,,,False,False,False,False,False
2026-05-14,58.66,58.81,55.32,55.97,9907.59,-3.71580939274041,1.4113594808990773,,,,,,,,,,,,,,,,,,,,71.18166666666666,59.26204,0.8181818181818182,0.45,1.7174090248008405,,0,0,,0,0,0,0,0,,,,False,False,False,False,False
2026-05-15,55.65,59.55,55.33,57.5,15594.61,2.733607289619444,2.221488845867013,,,,,,,,,,,,,,,,,,,,71.13574999999999,59.38156,0.8181818181818182,0.45,1.7685207856212926,,0,0,,0,0,0,0,0,,,,True,False,False,False,False
2026-05-18,56.94,62.3,56.13,61.29,18766.59,6.591304347826088,2.673344851840439,,,,,,,,,,,,,,,,,,,,71.1135,59.505160000000004,1.0,0.5,1.8437426779491968,,0,0,,0,0,0,0,0,,,,True,False,False,False,False
2026-05-19,62.51,67.42,61.54,67.42,18932.7,10.001631587534664,2.6970076117419026,,,,,,,,,,,,,,,,,,,,71.14550000000001,59.64136,1.0,0.5,1.9066654480342944,,0,0,,0,0,0,0,0,,,,True,False,True,True,False
2026-05-20,68.77,74.16,66.56,74.16,48221.91,9.997033521210309,6.869324413460995,,,,,,,,,,,,,,,,,,,,71.20116666666668,59.803599999999996,1.0,0.5,2.188638550409442,,0,0,,0,0,0,0,0,,,,True,False,True,True,True
2026-05-21,71.2,81.53,71.2,80.57,45743.18,8.643473570658022,6.5162234993043775,,,,,,,,,,,,,,,,,,,,71.35225,59.99264,1.0,0.5,2.3677147588840124,,0,0,,0,0,0,0,0,,,,True,False,True,True,True
2026-05-22,77.13,81.03,74.55,76.4,35299.37,-5.175623681270924,5.028478219149608,,,,,,,,,,,,,,,,,,,,71.46166666666666,60.15932,1.0,0.5,2.520905665888383,,0,0,,0,0,0,0,0,,,,False,False,False,False,False
2026-05-25,76.21,80.39,71.19,77.91,27793.15,1.9764397905759123,3.959199538591139,,,,,,,,,,,,,,,,,,,,71.59508333333333,60.33264,1.0,0.5,2.648308993734832,,0,0,,0,0,0,0,0,,,,True,False,False,False,False
2026-05-26,77.72,77.9,72.58,73.62,20350.2,-5.506353484790127,2.898933818233536,,,,,,,,,,,,,,,,,,,,71.66183333333333,60.49204,1.0,0.5,2.7256820590039914,,0,0,,0,0,0,0,0,,,,False,False,False,False,False
2026-05-27,73.01,74.44,68.97,70.09,21629.6,-4.794892692203212,3.08118735515445,,,,,,,,,,,,,,,,,,,,71.68583333333335,60.638760000000005,1.0,0.5,2.827977803986478,,0,0,,0,0,0,0,0,,,,False,False,False,False,False
2026-05-28,68.75,70.09,65.85,66.01,15750.6,-5.821087173633899,2.243709987983859,,,,,,,,,,,,,,,,,,,,71.66450000000002,60.7558,1.0,0.5,2.8655111492326264,,0,0,,0,0,0,0,0,,,,False,False,False,False,False
2026-05-29,66.78,67.1,63.38,64.09,15114.81,-2.9086502045144735,2.1531402082129136,,,,,,,,,,,,,,,,,,,,71.61008333333332,60.864079999999994,1.0,0.5,2.8985405785206475,,0,0,,0,0,0,0,0,,,,False,False,False,False,False
2026-06-01,64.85,65.44,60.97,61.2,13135.0,-4.509283819628651,1.8711116206473402,,,,,,,,,,,,,,,,,,,,71.53641666666665,60.961479999999995,0.8181818181818182,0.45,2.8931102949287877,,0,0,,0,0,0,0,0,,,,False,False,False,False,False
2026-06-02,61.2,67.32,60.26,67.32,14570.21,9.999999999999986,2.075560658262054,,,,,,,,,,,,,,,,,,,,71.47633333333333,61.08548,0.8181818181818182,0.45,2.8470142101347666,,0,0,,0,0,0,0,0,,,,True,False,False,False,False
2026-06-03,67.99,72.06,67.99,69.48,29456.6,3.208556149732633,4.196161900628887,,,,,,,,,,,,,,,,,,,,71.45275,61.21324,1.0,0.5,2.985156023500763,,0,0,,0,0,0,0,0,,,,True,False,False,False,False
2026-06-04,69.19,73.73,69.02,70.24,21161.0,1.093839953943565,3.014434183823248,,,,,,,,,,,,,,,,,,,,71.45133333333334,61.34208,1.0,0.5,3.034708073538234,,0,0,,0,0,0,0,0,,,,True,False,False,False,False
2026-06-05,69.89,73.79,68.34,70.65,18601.0,0.5837129840546851,2.6497561671611094,,,,,,,,,,,,,,,,,,,,71.41991666666668,61.47296,1.0,0.5,3.0454204902776842,,0,0,,0,0,0,0,0,,,,True,False,False,False,False
2026-06-08,67.7,75.42,66.65,73.29,21551.8,3.7367303609341818,3.0701045623043273,,,,,,,,,,,,,,,,,,,,71.43991666666666,61.61632,1.2222222222222223,0.55,3.065374503240164,,0,0,,0,0,0,0,0,,,,True,False,False,False,False
2026-06-09,73.31,74.52,68.91,70.15,18075.4,-4.284349843089097,2.574883211865164,,,,,,,,,,,,,,,,,,,,71.46249999999999,61.737359999999995,1.2222222222222223,0.55,3.114893789237075,,0,0,,0,0,0,0,0,,,,False,False,False,False,False
2026-06-10,69.45,70.14,65.13,66.24,16419.6,-5.573770491803298,1.67072186110495,,,,,,,,,,,,,,,,,,,,71.468,61.84496,1.2222222222222223,0.55,3.1438065998118194,,0,0,,0,0,0,0,0,,,,False,False,False,False,False
2026-06-11,65.26,68.58,63.59,66.44,23000.8,0.3019323671497709,2.3403700079723455,,,,,,,,,,,,,,,,,,,,71.49158333333334,61.963519999999995,1.5,0.6,3.190257126165483,,0,0,,0,0,0,0,0,,,,True,False,False,False,False
2026-06-12,66.01,68.39,63.51,63.78,18158.6,-4.003612281757974,1.8476680301018504,,,,,,,,,,,,,,,,,,,,71.50408333333333,62.069720000000004,1.2222222222222223,0.55,3.1715660853772247,,0,0,,0,0,0,0,0,,,,False,False,False,False,False
2026-06-15,64.74,70.16,63.54,70.16,15352.24,10.003135779241124,1.5621161894887727,,,,,,,,,,,,,,,,,,,,71.56883333333333,62.2026,1.2222222222222223,0.55,3.116004652259641,,0,0,,0,0,0,0,0,,,,True,False,False,False,False
2026-06-16,72.25,74.89,71.2,73.5,26481.8,4.760547320410491,2.694567601001794,,,,,,,,,,,,,,,,,,,,71.67391666666666,62.34383999999999,1.2222222222222223,0.55,3.115882651722636,,0,0,,0,0,0,0,0,,,,True,False,False,False,False
2026-06-17,74.22,79.57,71.3,78.99,46080.83,7.469387755102042,4.688801801436138,,,,,,,,,,,,,,,,,,,,71.84008333333333,62.50584,1.2222222222222223,0.55,3.006856521121393,,0,0,,0,0,0,0,0,,,,True,False,True,True,False
2026-06-18,78.31,81.28,74.82,80.0,33890.98,1.2786428661855975,3.448464102674281,,,,,,,,,,,,,,,,,,,,72.017,62.673,1.2222222222222223,0.55,2.8534685512898883,,0,0,,0,0,0,0,0,,,,True,False,True,True,False
2026-06-22,79.2,82.95,77.6,82.51,30030.86,3.1375000000000153,3.055690413273295,,,,,,,,,,,,,,,,,,,,72.21133333333334,62.853919999999995,1.5,0.6,2.754829160996073,,0,0,,0,0,0,0,0,,,,True,False,True,True,True
2026-06-23,81.29,90.76,79.36,87.66,37117.26,6.241667676645246,3.7767435081437006,,,,,,,,,,,,,,,,,,,,72.46033333333334,63.05328,1.5,0.6,2.7457063594737003,,0,0,,0,0,0,0,0,,,,True,False,True,True,True
2026-06-24,84.53,90.0,84.53,86.0,21390.99,-1.8936801277663617,2.1765691383272046,,,,,,,,,,,,,,,,,,,,72.69258333333333,63.23604,1.8571428571428572,0.6,2.7095881254783842,,0,0,,0,0,0,0,0,,,,True,False,False,False,False
2026-06-25,85.14,87.44,79.4,79.85,24095.46,-7.1511627906976845,2.4517535004129134,,,,,,,,,,,,,,,,,,,,72.87375,63.3906,1.8571428571428572,0.6,2.6781164327413074,,0,0,,0,0,0,0,0,,,,False,False,False,False,False
2026-06-26,80.51,82.71,77.2,77.86,22346.9,-2.4921728240450802,2.2738345853690833,,,,,,,,,,,,,,,,,,,,73.03733333333335,63.54536,1.8571428571428572,0.6,2.6796226626105684,,0,0,,0,0,0,0,0,,,,False,False,False,False,False
2026-06-29,77.0,84.33,77.0,81.1,25506.8,4.161315181094261,2.595359714416413,,,,,,,,,,,,,,,,,,,,73.22458333333333,63.721239999999995,2.3333333333333335,0.65,2.7017336379207437,,0,0,,0,0,0,0,0,,,,True,False,False,False,False
2026-06-30,80.38,85.0,79.1,84.85,24418.69,4.62392108508014,2.4846426954703418,,,,,,,,,,,,,,,,,,,,73.42625,63.91088,3.0,0.7,2.7324101916618937,,0,0,,0,0,0,0,0,,,,True,False,False,False,False
2026-07-01,84.25,87.75,82.5,86.25,18039.51,1.6499705362404304,1.835550422703437,,,,,,,,,,,,,,,,,,,,73.64075,64.11516,3.0,0.7,2.720409679883963,,0,0,,0,0,0,0,0,,,,True,False,False,False,False
2026-07-02,86.25,93.0,85.84,89.4,23159.2,3.6521739130434883,2.3564874738545245,,,,,,,,,,,,,,,,,,,,73.86641666666667,64.3336,3.0,0.7,2.6284259585452445,,0,0,,0,0,0,0,0,,,,True,False,True,False,True
2026-07-03,88.1,95.59,87.02,95.18,33213.74,6.465324384787463,3.3795537958936825,,,,,,,,,,,,,,,,,,,,74.12075,64.57524,3.0,0.7,2.6466819391487664,,0,0,,0,0,0,0,0,,,,True,False,True,True,True
2026-07-06,94.01,95.17,86.65,86.68,22723.04,-8.93044757301954,2.3121074617385453,,,,,,,,,,,,,,,,,,,,74.31258333333334,64.77692,2.3333333333333335,0.65,2.629799503877638,,0,0,,0,0,0,0,0,,,,False,False,False,False,False
2026-07-07,86.6,89.49,81.61,82.0,20539.2,-5.399169358560229,2.0898980760558588,,,,,,,,,,,,,,,,,,,,74.48166666666665,64.95551999999999,1.8571428571428572,0.6,2.5807891795652145,,0,0,,0,0,0,0,0,,,,False,False,False,False,False
2026-07-08,84.06,84.06,73.94,74.69,25915.96,-8.914634146341472,2.6369924312115662,,,,,,,,,,,,,,,,,,,,74.58583333333334,65.10528,1.8571428571428572,0.6,2.583894640532535,,0,0,,0,0,0,0,0,,,,False,False,False,False,False
2026-07-09,76.18,77.0,71.61,75.01,12173.6,0.42843754183961025,1.2386842339854331,,,,,,,,,,,,,,,,,,,,74.64083333333333,65.25864,1.8571428571428572,0.65,2.5622927591765587,,0,0,,0,0,0,0,0,,,,False,False,False,False,False
2026-07-10,75.01,78.6,72.72,72.72,16369.0,-3.0529262764964704,1.6655732261703649,,,,,,,,,,,,,,,,,,,,74.66708333333332,65.40176,1.5,0.6,2.52855292008646,,0,0,,0,0,0,0,0,,,,False,False,False,False,False
2026-07-13,72.35,73.39,66.24,66.93,12272.2,-7.962046204620455,1.2487169494903754,,,,,,,,,,,,,,,,,,,,74.58716666666668,65.52452000000001,1.5,0.6,2.4986053660558865,,0,0,,0,0,0,0,0,,,,False,False,False,False,False
2026-07-14,67.31,69.18,65.0,67.85,9699.23,1.374570446735368,0.9869129331338742,,,,,,,,,,,,,,,,,,,,74.50158333333334,65.65128,1.5,0.6,2.4698452032381413,,0,0,,0,0,0,0,0,,,,True,False,False,False,False
2026-07-15,68.23,72.22,67.91,69.05,17416.43,1.7686072218128235,1.772150986833058,,,,,,,,,,,,,,,,,,,,74.43141666666666,65.783,1.5,0.6,2.4237243725297044,,0,0,,0,0,0,0,0,,,,True,False,False,False,False
2026-07-16,68.36,70.36,65.0,65.7,11474.89,-4.851556842867478,1.167589318666385,,,,,,,,,,,,,,,,,,,,74.29475000000001,65.9032,1.2222222222222223,0.55,2.2476637483912167,,0,0,,0,0,0,0,0,,,,False,False,False,False,False
2026-07-17,66.03,66.03,60.6,61.35,17217.65,-6.6210045662100425,1.751924788171066,,,,,,,,,,,,,,,,,,,,74.15933333333332,66.00592,1.0,0.5,2.162836782666056,,0,0,,0,0,0,0,0,,,,False,False,False,False,False
2026-07-20,62.34,62.9,55.22,55.22,11271.72,-9.991850040749807,1.1469164301355628,,,,,,,,,,,,,,,,,,,,73.94025,66.08556,0.8181818181818182,0.45,2.067398083509169,,0,0,,0,0,0,0,0,,,,False,False,False,False,False
2026-07-21,58.31,60.74,53.75,60.74,14646.0,9.996378123868176,1.49025508403025,,,,,,,,,,,,,,,,,,,,73.71499999999999,66.18856,0.8181818181818182,0.45,1.9530736623034972,,0,0,,0,0,0,0,0,,,,True,False,False,False,False
2026-07-22,63.13,66.0,59.95,61.38,18000.53,1.053671386236421,1.8315841422735926,,,,,,,,,,,,,,,,,,,,73.50158333333333,66.29459999999999,0.6666666666666666,0.5,1.9358244125008164,,0,0,,0,0,0,0,0,,,,False,False,False,False,False
2026-07-23,62.91,67.52,58.64,67.52,18296.18,10.003258390355164,1.8616670260366366,,,,,,,,,,,,,,,,,,,,73.32933333333334,66.42376,0.8181818181818182,0.55,1.9063200887820024,,0,0,,0,0,0,0,0,,,,True,False,False,False,False
2026-07-24,66.33,74.27,63.2,69.24,18656.53,2.547393364928907,1.898333243401808,,,,,,,,,,,,,,,,,,,,73.17049999999999,66.55052,1.0,0.6,1.8875450216836387,,0,0,,0,0,0,0,0,,,,True,False,True,False,False
2026-07-27,66.18,69.18,65.38,67.41,11853.8,-2.6429809358752165,1.206144047185428,,,,,,,,,,,,,,,,,,,,73.01266666666666,66.66944000000001,1.0,0.55,1.8180842383220899,,0,0,,0,0,0,0,0,,,,True,False,False,False,False
2026-07-28,68.07,68.68,65.0,65.0,8226.0,-3.5751372199970266,0.8370093077449705,,,,,,,,,,,,,,,,,,,,72.8485,66.77236,0.8181818181818182,0.5,1.735702568935821,,0,0,,0,0,0,0,0,,,,False,False,False,False,False
2026-07-29,65.0,66.0,58.5,58.92,12778.96,-9.353846153846145,1.3002806301119216,,,,,,,,,,,,,,,,,,,,72.56308333333332,66.85036,0.6666666666666666,0.45,1.7089390793062453,,0,0,,0,0,0,0,0,,,,False,False,False,False,False
2026-07-30,58.5,59.34,53.03,53.04,12438.6,-9.979633401222,1.2656484288009469,,,,,,,,,,,,,,,,,,,,72.21133333333334,66.90316,0.5384615384615384,0.4,1.6543971270535665,,0,0,,0,0,0,0,0,,,,False,False,False,False,False
2026-07-31,54.1,57.99,54.1,54.6,15798.85,2.941176470588247,1.6075595066455906,,,,,,,,,,,,,,,,,,,,71.95191666666668,66.96387999999999,0.5384615384615384,0.4,1.5657974125911616,,0,0,,0,0,0,0,0,,,,True,False,False,False,False
2026-08-03,54.6,60.06,53.29,60.06,23755.56,10.000000000000009,2.4171681048740714,,,,,,,,,,,,,,,,,,,,71.69033333333333,67.05124,0.6666666666666666,0.45,1.571050444747938,,0,0,,0,0,0,0,0,,,,True,False,False,False,False
2026-08-04,60.06,60.07,56.53,59.14,29225.32,-1.5318015318015354,2.9737253661348455,,,,,,,,,,,,,,,,,,,,71.42516666666667,67.13731999999999,0.6666666666666666,0.45,1.6152418092518872,,0,0,,0,0,0,0,0,,,,False,False,False,False,False
2026-08-05,58.46,59.2,57.3,58.59,26966.78,-0.9299966181941066,2.743915130064541,,,,,,,,,,,,,,,,,,,,71.08283333333334,67.21995999999999,0.8181818181818182,0.45,1.620587944194536,,0,0,,0,0,0,0,0,,,,True,False,False,False,False
2026-08-06,58.06,60.61,56.5,59.6,27577.08,1.7238436593275175,2.806014179483062,,,,,,,,,,,,,,,,,,,,70.77258333333334,67.30828,1.0,0.45,1.6989544414694175,,0,0,,0,0,0,0,0,,,,True,False,False,False,False
2026-08-07,59.65,61.5,55.33,58.42,30122.82,-1.9798657718120838,3.065047497632671,,,,,,,,,,,,,,,,,,,,70.46183333333333,67.39108,1.0,0.45,1.7689281550425329,,0,0,,0,0,0,0,0,,,,False,False,False,False,False
2026-08-10,58.27,62.0,56.44,57.63,29838.56,-1.352276617596715,3.0361235654883014,,,,,,,,,,,,,,,,,,,,70.15866666666666,67.47432,1.0,0.45,1.8582984858424294,,0,0,,0,0,0,0,0,,,,False,False,False,False,False
2026-08-11,57.05,63.39,55.0,63.39,36949.45,9.994794377928162,3.7596685589663745,,,,,,,,,,,,,,,,,,,,69.89233333333333,67.5814,1.0,0.45,1.9969362671340545,,0,0,,0,0,0,0,0,,,,True,False,True,False,False
2026-08-12,64.1,68.98,63.63,64.6,58630.97,1.9088184256191632,5.965799612462452,,,,,,,,,,,,,,,,,,,,69.58583333333333,67.69148,1.0,0.45,2.206618698415524,,0,0,,0,0,0,0,0,,,,True,False,True,False,False
2026-08-13,64.38,67.48,62.28,65.55,43944.89,1.4705882352941124,4.471466321155954,,,,,,,,,,,,,,,,,,,,69.28433333333334,67.80776,1.2222222222222223,0.5,2.371812548540002,,0,0,,0,0,0,0,0,,,,True,False,False,False,False
2026-08-14,64.83,66.0,61.71,63.01,27319.4,-3.8749046529366837,2.779794806954528,,,,,,,,,,,,,,,,,,,,68.98708333333335,67.90776,1.2222222222222223,0.5,2.423206049479176,,0,0,,0,0,0,0,0,,,,False,False,False,False,False
2026-08-17,62.38,63.31,61.75,62.93,16520.38,-0.12696397397238268,1.6809763952691288,,,,,,,,,,,,,,,,,,,,68.72575,68.00776,1.5,0.5,2.4499090477358534,,0,0,,0,0,0,0,0,,,,True,False,False,False,False
2026-08-18,63.12,63.2,60.98,61.8,17171.0,-1.7956459558239324,1.7471780723667503,,,,,,,,,,,,,,,,,,,,68.48041666666667,68.09996000000001,1.2222222222222223,0.45,2.4627551971526787,,0,0,,0,0,0,0,0,,,,False,False,False,False,False
2026-08-19,61.0,61.0,55.62,55.62,21569.0,-9.999999999999998,2.1946819546257315,,,,,,,,,,,,,,,,,,,,68.1865,68.162,1.2222222222222223,0.4,2.480910087770286,,0,0,,0,0,0,0,0,,,,False,False,False,False,False
2026-08-20,55.51,55.87,53.0,54.92,16388.18,-1.2585400934915447,1.6675248233649367,,,,,,,,,,,,,,,,,,,,67.89166666666667,68.22808,1.0,0.35,2.4712029776367004,,0,0,,0,0,0,0,0,,,,False,False,False,False,False
2026-08-21,54.92,57.65,53.53,57.11,15850.2,3.987618353969413,1.612784455339087,,,,,,,,,,,,,,,,,,,,67.61566666666666,68.30312,1.0,0.35,2.4569255382335644,,0,0,,0,0,0,0,0,,,,True,False,False,False,False
2026-08-24,57.8,58.69,55.66,56.77,15832.39,-0.5953423218350462,1.6109722579441277,57.24400000000001,60.57000000000001,59.53499999999999,61.205333333333336,68.7715,66.288,69.99615,41.72487610430118,-2.5229498229396867,-2.4758718032389626,17362.154,27017.586,37.867535663819304,27.07519654099434,35.270967356919286,10.683654909144451,66.91296862643385,59.53499999999999,52.15703137356613,67.36441666666667,68.37903999999999,0.8181818181818182,0.35,2.4771669487714996,0.9118908863497006,0,0,-0.17451269784721868,0,0,1,0,0,0.31261779901763775,0.24785314945608006,37.867535663819304,False,False,False,False,False
2026-08-25,56.1,56.56,54.5,55.99,12926.76,-1.3739651224238147,1.31531952820148,56.081999999999994,59.83,59.08449999999999,60.809999999999995,68.68466666666667,66.2226,69.98045,40.70826088446457,-2.595926725121359,-2.4998827876154417,16513.305999999997,24615.317,34.98669951542854,24.933188117568974,31.825040943802517,11.14948246510189,66.1511793363019,59.08449999999999,52.017820663698096,67.14525,68.4412,0.8181818181818182,0.35,2.501082459794325,0.7828087240677307,0,0,-0.1848253370475701,0,0,1,0,0,0.2810499208515529,0.2392058606335638,34.98669951542854,False,False,False,False,False
2026-08-26,55.84,58.6,55.81,57.4,18424.69,2.518306840507223,1.8747431342469825,56.438,59.11,59.008500000000005,60.42166666666667,68.51933333333334,66.15610000000001,69.97019999999999,43.39322896678466,-2.511040517712466,-2.5021143336348466,15884.443999999994,20594.689000000002,44.19592641721316,27.90417669376393,30.518086193789657,22.676357693712475,66.11520928363588,59.008500000000005,51.90179071636413,66.99341666666666,68.51116,1.0,0.4,2.5298055850010783,1.159920359818701,0,0,-0.162280232343183,0,0,1,0,0,0.38683229214794335,0.24087069773459321,44.19592641721316,True,True,False,False,False
2026-08-27,56.81,63.14,56.81,63.14,30032.08,10.000000000000009,3.055814550321125,58.081999999999994,58.86899999999999,59.5135,60.33633333333333,68.41366666666666,66.1679,69.99380000000001,52.76976645907365,-1.9580266456090527,-2.393296796029688,18613.224,19203.408000000003,67.01852399802434,51.38648960314943,37.47422066357625,79.2110274822958,66.26075761055324,59.5135,52.76624238944676,66.83333333333333,68.5998,1.2222222222222223,0.45,2.6193138910770872,1.6134808241710306,0,0,-0.07708498789228257,1,1,1,1,1,0.7687388128124728,0.22674712831721344,67.01852399802434,True,True,True,False,False
2026-08-28,63.71,67.71,61.8,66.7,44329.36,5.638264174849539,4.510586789007729,60.0,59.238,60.1185,60.51466666666667,68.35466666666666,66.22189999999999,70.03645,57.47461020027375,-1.218451370934197,-2.15832771101059,24309.055999999993,20904.404000000002,74.71485815968741,65.30230056933281,46.750247298828434,102.40640711034156,67.17360423661367,60.1185,53.06339576338633,66.69291666666666,68.70424,1.2222222222222223,0.45,2.764465255195194,1.823573897727662,0,0,-0.02420707681504297,0,1,1,0,1,0.9664353480310173,0.23470659569396007,74.71485815968741,True,True,True,True,False
2026-08-31,65.13,69.36,65.13,68.76,24059.16,3.0884557721139405,2.448059914481581,62.398,59.821000000000005,60.55350000000001,60.966,68.32316666666667,66.309,70.07985,59.96014319381516,-0.460796083129857,-1.8188213854344435,25954.409999999996,21658.282,78.24066080271783,75.64570649202466,56.38206702989384,114.1729854162863,68.59701919576511,60.55350000000001,52.5099808042349,66.58975,68.81204,1.2222222222222223,0.45,2.7660098456755695,0.9269777274844623,0,0,0.006393634174840734,0,1,1,0,1,1.010131187622496,0.2656665327607853,78.24066080271783,True,True,True,True,False
2026-09-01,69.0,69.45,66.36,66.59,17183.4,-3.1559045956951692,1.7484397931807591,64.518,60.3,60.926,61.160999999999994,68.2115,66.3568,70.08970000000001,56.231683021268886,-0.03504568860361701,-1.4620662460682783,26805.737999999994,21659.522,66.51617898265951,77.96846491565576,63.57753299181448,106.7503287633383,69.37376744097826,60.926,52.478232559021755,66.44716666666666,68.89439999999999,1.2222222222222223,0.45,2.704745567027865,0.6410343934571026,0,0,-0.023771651407753835,0,0,1,0,0,0.835236501216001,0.2773123934273791,66.51617898265951,False,True,False,False,False
2026-09-02,66.61,69.36,63.82,65.76,33151.2,-1.2464333984081644,3.3731902459172214,66.19000000000001,61.314,61.2845,61.306999999999995,68.13833333333334,66.418,70.07995,54.827359343808894,0.2327079901688336,-1.123111398820856,29751.039999999997,22817.742,62.235626574055594,77.58617929050418,68.24708175804437,96.2643743554238,69.9212988099886,61.2845,52.647701190011404,66.33175,68.97667999999999,1.0,0.45,2.736209322820499,1.114287097190552,1,1,-0.034904483526159935,0,0,0,0,0,0.7590948393300545,0.28185915884077045,62.235626574055594,False,False,False,False,False
2026-09-03,66.1,72.34,64.0,72.34,37992.33,10.006082725060828,3.8657833494916694,68.03,63.056000000000004,61.921499999999995,61.467666666666666,68.24,66.5406,70.10985000000001,62.76618338387985,0.9647348554159834,-0.7055421479734882,31343.090000000004,24978.157,76.57604447488306,85.05745286033613,73.85053879214163,107.47128099672511,71.82199499028413,61.921499999999995,52.021005009715864,66.2865,69.08156,1.0,0.45,2.7891977813209294,1.2121437292876993,1,1,0.060082063305979094,0,0,0,0,0,1.026160561175185,0.3197756834147794,76.57604447488306,True,True,True,True,False
2026-09-04,73.5,73.54,65.16,65.61,34246.12,-9.30329001935306,3.484600193794212,67.812,63.90599999999999,62.281000000000006,61.346666666666664,68.22616666666667,66.613,70.0972,52.58660708100097,0.9903999509182739,-0.36635372819513584,29326.442,26817.749,52.23223462171663,76.15524868560223,74.61877542329518,79.22819521021634,72.16829945568178,62.281000000000006,52.39370054431823,66.19633333333334,69.14108,1.0,0.45,2.8101754161290065,1.1677557066077093,1,1,-0.03834550282516247,0,0,0,0,0,0.6683472830433478,0.3175061240404545,52.23223462171663,False,False,False,False,False
