date,open,high,low,close,volume,change_rate,turnover,MA5,MA10,MA20,MA30,MA60,MA100,MA200,RSI14,DIF,DEA,VOL_MA5,VOL_MA10,RSI6,K,D,J,BOLL_UPPER,BOLL_MIDDLE,BOLL_LOWER,MA120,MA250,updown_ratio_20,up_days_ratio_20,turnover_ma20,vol_ratio,ma_bull,dif_above_zero,bias60,macd_gold,macd_gold3,dif_below0,kdj_gold,kdj_gold3,boll_pos,boll_width,rsi6,is_yang,above_ma5,break_high5,break_high10,break_close40
2024-08-14,12.27,12.48,12.17,12.28,2578.38,0.49099836333876823,0.6025836230317548,,,,,,,,,,,,,,,,,,,,,,,,,,0,0,,0,0,0,0,0,,,,True,False,False,False,False
2024-08-15,12.37,12.4,12.13,12.26,3039.58,-0.16286644951140072,0.7103689638047384,,,,,,,,,,,,,,,,,,,,,,,,,,0,0,,0,0,0,0,0,,,,False,False,False,False,False
2024-08-16,12.31,12.34,11.88,11.98,6180.34,-2.2838499184339223,1.4443843299932808,,,,,,,,,,,,,,,,,,,,,,,,,,0,0,,0,0,0,0,0,,,,False,False,False,False,False
2024-08-19,12.0,12.07,11.8,11.85,4090.46,-1.08514190317196,0.9559662294411498,,,,,,,,,,,,,,,,,,,,,,,,,,0,0,,0,0,0,0,0,,,,False,False,False,False,False
2024-08-20,11.86,12.16,11.77,11.89,5592.48,0.33755274261604296,1.3069977505769623,,,,,,,,,,,,,,,,,,,,,,,,,,0,0,,0,0,0,0,0,,,,True,False,False,False,False
2024-08-21,11.79,12.1,11.76,11.95,3901.24,0.5046257359125228,0.9117443253191552,,,,,,,,,,,,,,,,,,,,,,,,,,0,0,,0,0,0,0,0,,,,True,False,False,False,False
2024-08-22,11.86,12.35,11.75,11.92,5415.46,-0.2510460251045954,1.2656270631883382,,,,,,,,,,,,,,,,,,,,,,,,,,0,0,,0,0,0,0,0,,,,True,False,False,False,False
2024-08-23,11.99,12.15,11.76,12.1,6360.02,1.5100671140939603,1.4863766761122958,,,,,,,,,,,,,,,,,,,,,,,,,,0,0,,0,0,0,0,0,,,,True,False,False,False,False
2024-08-26,12.08,12.29,12.0,12.15,7096.42,0.4132231404958775,1.6584779877888465,,,,,,,,,,,,,,,,,,,,,,,,,,0,0,,0,0,0,0,0,,,,True,False,False,False,False
2024-08-27,12.2,12.26,11.59,11.71,7028.79,-3.6213991769547316,1.6426724314218106,,,,,,,,,,,,,,,,,,,,,,,,,,0,0,,0,0,0,0,0,,,,False,False,False,False,False
2024-08-28,11.61,11.85,11.56,11.75,3772.8,0.3415883859948732,0.8817270894802955,,,,,,,,,,,,,,,,,,,,,,,,,,0,0,,0,0,0,0,0,,,,True,False,False,False,False
2024-08-29,11.79,11.86,11.56,11.72,5466.64,-0.2553191489361617,1.2775881510911162,,,,,,,,,,,,,,,,,,,,,,,,,,0,0,,0,0,0,0,0,,,,False,False,False,False,False
2024-08-30,11.75,12.09,11.7,11.89,8833.1,1.4505119453924964,2.06435102684701,,,,,,,,,,,,,,,,,,,,,,,,,,0,0,,0,0,0,0,0,,,,True,False,False,False,False
2024-09-02,11.79,11.8,11.59,11.61,5071.55,-2.354920100925162,1.1852531331249452,,,,,,,,,,,,,,,,,,,,,,,,,,0,0,,0,0,0,0,0,,,,False,False,False,False,False
2024-09-03,11.69,11.73,11.32,11.33,7978.06,-2.4117140396210157,1.864522800969881,,,,,,,,,,,,,,,,,,,,,,,,,,0,0,,0,0,0,0,0,,,,False,False,False,False,False
2024-09-04,11.31,11.31,11.05,11.11,4616.69,-1.9417475728155442,1.0789494902281558,,,,,,,,,,,,,,,,,,,,,,,,,,0,0,,0,0,0,0,0,,,,False,False,False,False,False
2024-09-05,11.05,11.51,11.05,11.32,8761.35,1.8901890189019,2.047582600566738,,,,,,,,,,,,,,,,,,,,,,,,,,0,0,,0,0,0,0,0,,,,True,False,False,False,False
2024-09-06,11.2,11.3,11.0,11.0,4347.19,-2.8268551236749095,1.0159656451754258,,,,,,,,,,,,,,,,,,,,,,,,,,0,0,,0,0,0,0,0,,,,False,False,False,False,False
2024-09-09,10.95,11.19,10.9,11.02,4579.4,0.1818181818181719,1.0702345826882067,,,,,,,,,,,,,,,,,,,,,,,,,,0,0,,0,0,0,0,0,,,,True,False,False,False,False
2024-09-10,11.04,11.09,10.94,11.04,2707.32,0.1814882032667775,0.6327177120154246,,,,,,,,,,,,,,,,,,,,,,1.1111111111111112,0.45,1.2552045806432766,,0,0,,0,0,0,0,0,,,,False,False,False,False,False
2024-09-11,10.95,11.15,10.95,11.09,2432.85,0.45289855072463414,0.5685723467032807,,,,,,,,,,,,,,,,,,,,,,1.1111111111111112,0.5,1.2535040168268528,,0,0,,0,0,0,0,0,,,,True,False,False,False,False
2024-09-12,11.03,11.17,11.03,11.07,2373.25,-0.18034265103696878,0.5546434518418977,,,,,,,,,,,,,,,,,,,,,,1.375,0.5,1.2457177412287108,,0,0,,0,0,0,0,0,,,,True,False,False,False,False
2024-09-13,11.02,11.46,10.92,11.19,6433.84,1.0840108401083848,1.5036288744120825,,,,,,,,,,,,,,,,,,,,,,1.7142857142857142,0.55,1.2486799684496508,,0,0,,0,0,0,0,0,,,,True,False,False,False,False
2024-09-18,11.1,11.25,10.94,11.02,4324.34,-1.5192135835567444,1.010625456457597,,,,,,,,,,,,,,,,,,,,,,1.7142857142857142,0.55,1.2514129298004733,,0,0,,0,0,0,0,0,,,,False,False,False,False,False
2024-09-19,11.16,11.33,11.05,11.25,5143.41,2.0871143375680523,1.2020472670970757,,,,,,,,,,,,,,,,,,,,,,1.7142857142857142,0.55,1.246165405626479,,0,0,,0,0,0,0,0,,,,True,False,False,False,False
2024-09-20,11.25,11.3,11.17,11.2,2448.68,-0.4444444444444473,0.5722719172679734,,,,,,,,,,,,,,,,,,,,,,1.375,0.5,1.2291917852239198,,0,0,,0,0,0,0,0,,,,False,False,False,False,False
2024-09-23,11.25,11.42,11.09,11.28,3801.89,0.7142857142857117,0.8885256054453566,,,,,,,,,,,,,,,,,,,,,,1.375,0.55,1.2103367123367708,,0,0,,0,0,0,0,0,,,,True,False,False,False,False
2024-09-24,11.29,11.66,11.28,11.59,6987.99,2.7482269503546153,1.6331372148052934,,,,,,,,,,,,,,,,,,,,,,1.375,0.55,1.2176747392714207,,0,0,,0,0,0,0,0,,,,True,False,True,True,False
2024-09-25,11.61,12.17,11.61,11.8,8560.19,1.8119068162208984,2.000570243346674,,,,,,,,,,,,,,,,,,,,,,1.375,0.55,1.2347793520493122,,0,0,,0,0,0,0,0,,,,True,False,True,True,False
2024-09-26,11.89,12.18,11.58,12.07,8360.96,2.2881355932203418,1.954008939265578,,,,,,,,,,,,,,,,,,,,,,1.7142857142857142,0.6,1.2503461774415006,,0,0,,0,0,0,0,0,,,,True,False,False,False,False
2024-09-27,12.29,13.36,12.27,13.08,28699.32,8.367854183927093,6.707211591831966,,,,,,,,,,,,,,,,,,,,,,1.7142857142857142,0.6,1.541620402559084,,0,0,,0,0,0,0,0,,,,True,False,True,True,False
2024-09-30,13.89,15.96,13.68,15.46,41607.41,18.195718654434256,9.723913411819696,,,,,,,,,,,,,,,,,,,,,,2.1666666666666665,0.65,1.9639366655955128,,0,0,,0,0,0,0,0,,,,True,False,True,True,False
2024-10-08,19.81,19.81,15.88,18.51,80955.1,19.72833117723156,18.919716046858113,,,,,,,,,,,,,,,,,,,,,,1.7142857142857142,0.65,2.8067049165960682,,0,0,,0,0,0,0,0,,,,False,False,True,True,False
2024-10-09,17.55,17.66,14.97,15.44,53973.07,-16.585629389519184,12.613845929128567,,,,,,,,,,,,,,,,,,,,,,1.7142857142857142,0.65,3.3781345563962497,,0,0,,0,0,0,0,0,,,,False,False,False,False,False
2024-10-10,15.61,16.4,15.07,15.25,32660.57,-1.2305699481865218,7.632980631591248,,,,,,,,,,,,,,,,,,,,,,1.7142857142857142,0.65,3.6665574479273175,,0,0,,0,0,0,0,0,,,,False,False,False,False,False
2024-10-11,15.06,15.17,14.04,14.3,25675.01,-6.229508196721312,6.0004113230697325,,,,,,,,,,,,,,,,,,,,,,1.7142857142857142,0.65,3.9126305395693968,,0,0,,0,0,0,0,0,,,,False,False,False,False,False
2024-10-14,14.47,15.22,13.98,15.04,19168.7,5.174825174825171,4.47984575384885,,,,,,,,,,,,,,,,,,,,,,1.7142857142857142,0.65,4.034243697233502,,0,0,,0,0,0,0,0,,,,True,False,False,False,False
2024-10-15,14.98,15.94,14.78,15.44,25831.22,2.659574468085113,6.036918582571353,,,,,,,,,,,,,,,,,,,,,,2.1666666666666665,0.7,4.285291344103298,,0,0,,0,0,0,0,0,,,,True,False,False,False,False
2024-10-16,15.09,16.06,14.93,15.72,29599.54,1.81347150259068,6.917598667874149,,,,,,,,,,,,,,,,,,,,,,2.1666666666666665,0.7,4.577659548362595,,0,0,,0,0,0,0,0,,,,True,False,False,False,False
2024-10-17,15.88,17.03,15.86,16.07,41541.36,2.2264631043257044,9.70847711139026,,,,,,,,,,,,,,,,,,,,,,2.3333333333333335,0.7,5.031447518331337,,0,0,,0,0,0,0,0,,,,True,False,False,False,False
2024-10-18,15.91,17.82,15.91,17.21,48243.82,7.093963907902934,11.274884169320206,,,,,,,,,,,,,,,,,,,,,,2.3333333333333335,0.7,5.566763109462183,,0,0,,0,0,0,0,0,,,,True,False,True,False,False
2024-10-21,17.84,22.36,17.84,22.36,135777.05,29.924462521789643,31.731950571119743,,,,,,,,,,,,,,,,,,,,,,2.3333333333333335,0.75,7.125628465426075,,0,0,,0,0,0,0,0,,,,True,False,True,True,True
2024-10-22,22.8,25.7,19.27,21.48,169737.72,-3.935599284436486,39.66877274984663,,,,,,,,,,,,,,,,,,,,,,1.8571428571428572,0.7,9.033885659197804,,0,0,,0,0,0,0,0,,,,False,False,False,False,False
2024-10-23,19.99,24.7,19.57,22.13,116785.87,3.026070763500921,27.29359235780433,,,,,,,,,,,,,,,,,,,,,,2.3333333333333335,0.75,10.34803400426514,,0,0,,0,0,0,0,0,,,,True,False,False,False,False
2024-10-24,22.13,25.28,21.31,23.69,114258.4,7.049254405784011,26.702906721977154,,,,,,,,,,,,,,,,,,,,,,2.3333333333333335,0.75,11.623076977009145,,0,0,,0,0,0,0,0,,,,True,False,False,False,True
2024-10-25,25.77,30.8,23.4,30.24,225663.98,27.648796960742917,52.7390914667991,,,,,,,,,,,,,,,,,,,,,,3.0,0.8,14.231417954485698,,0,0,,0,0,0,0,0,,,,True,False,True,True,True
2024-10-28,29.21,29.33,25.26,27.75,205223.09,-8.234126984126977,42.796046190339645,,,,,,,,,,,,,,,,,,,,,,2.3333333333333335,0.75,16.326793983730415,,0,0,,0,0,0,0,0,,,,False,False,False,False,False
2024-10-29,26.07,27.42,25.43,26.38,147799.69,-4.936936936936942,30.821299689805283,,,,,,,,,,,,,,,,,,,,,,2.3333333333333335,0.7,17.786202107480413,,0,0,,0,0,0,0,0,,,,True,False,False,False,False
2024-10-30,25.97,27.4,24.71,25.11,107817.97,-4.814253222137976,22.483741104710266,,,,,,,,,,,,,,,,,,,,,,1.8571428571428572,0.65,18.810360650548596,,0,0,,0,0,0,0,0,,,,False,False,False,False,False
2024-10-31,25.59,26.03,24.12,24.77,92001.55,-1.3540422142572672,19.185475588457628,,,,,,,,,,,,,,,,,,,,,,1.5,0.6,19.671933983008195,,0,0,,0,0,0,0,0,,,,False,False,False,False,False
2024-11-01,24.15,24.87,21.61,21.8,80792.05,-11.99031085991118,16.847910747334673,,,,,,,,,,,,,,,,,,,,,,1.2222222222222223,0.55,20.17896894078333,,0,0,,0,0,0,0,0,,,,False,False,False,False,False
2024-11-04,21.61,22.79,21.58,22.65,58218.19,3.8990825688073327,12.140487448843938,,,,,,,,,,,,,,,,,,,,,,1.2222222222222223,0.55,20.299797642634545,,0,0,,0,0,0,0,0,,,,True,False,False,False,False
2024-11-05,22.8,24.84,22.8,24.73,89610.03,9.183222958057403,18.6867617235357,,,,,,,,,,,,,,,,,,,,,,1.5,0.55,20.28814992646842,,0,0,,0,0,0,0,0,,,,True,False,False,False,False
2024-11-06,27.16,29.51,24.96,25.61,139541.94,3.5584310553983034,29.099275864765527,,,,,,,,,,,,,,,,,,,,,,1.5,0.6,21.11242142325027,,0,0,,0,0,0,0,0,,,,False,False,False,False,False
2024-11-07,24.89,26.87,23.96,26.3,100526.45,2.6942600546661533,20.963209342335063,,,,,,,,,,,,,,,,,,,,,,1.8571428571428572,0.65,21.778932858787464,,0,0,,0,0,0,0,0,,,,True,False,False,False,False
2024-11-08,26.77,27.74,25.64,26.3,81515.89,0.0,16.998856189557646,,,,,,,,,,,,,,,,,,,,,,1.8571428571428572,0.65,22.328855102111856,,0,0,,0,0,0,0,0,,,,False,False,False,False,False
2024-11-11,26.17,26.55,24.51,25.27,68006.46,-3.916349809885933,14.181677136824543,,,,,,,,,,,,,,,,,,,,,,1.5,0.6,22.813946671260645,,0,0,,0,0,0,0,0,,,,False,False,False,False,False
2024-11-12,25.75,26.27,24.59,25.18,47020.38,-0.35615354174910463,9.805360373276335,,,,,,,,,,,,,,,,,,,,,,1.2222222222222223,0.55,23.00236876079589,,0,0,,0,0,0,0,0,,,,False,False,False,False,False
2024-11-13,25.06,25.4,24.09,25.33,40563.07,0.5957108816520895,8.458789979928577,,,,,,,,,,,,,,,,,,,,,,1.2222222222222223,0.55,23.079428326398613,,0,0,,0,0,0,0,0,,,,True,False,False,False,False
2024-11-14,25.23,26.04,24.8,25.04,42933.86,-1.1448874851954116,8.953180929541485,,,,,,,,,,,,,,,,,,,,,,1.0,0.5,23.041663517306173,,0,0,,0,0,0,0,0,,,,False,False,False,False,False
2024-11-15,24.72,25.17,23.79,23.99,57713.55,-4.193290734824284,12.035252717462138,,,,,,,,,,,,,,,,,,,,,,0.8181818181818182,0.45,23.07968194471327,,0,0,,0,0,0,0,0,,,,False,False,False,False,False
2024-11-18,24.19,24.66,22.8,24.41,59362.13,1.7507294706127663,12.379038135703672,,,,,,,,,,,,,,,,,,,,,,0.8181818181818182,0.45,22.112036322942465,,0,0,,0,0,0,0,0,,,,True,False,False,False,False
2024-11-19,24.56,24.73,22.33,23.63,56431.2,-3.195411716509633,11.76783880301332,,,,,,,,,,,,,,,,,,,,,,0.8181818181818182,0.45,20.716989625600803,,0,0,,0,0,0,0,0,,,,False,False,False,False,False
2024-11-20,23.29,25.75,23.25,25.1,84029.38,6.2209056284384445,17.523004978755573,,,,,,,,,,,,,,,,,,,,,,0.8181818181818182,0.45,20.22846025664836,,0,0,,0,0,0,0,0,,,,True,False,False,False,False
2024-11-21,24.98,25.63,23.8,25.46,74599.76,1.4342629482071656,15.5566061048406,,,,,,,,,,,,,,,,,,,,,,0.8181818181818182,0.45,19.671145225791538,,0,0,,0,0,0,0,0,,,,True,False,False,False,False
2024-11-22,25.56,26.43,24.98,25.22,76307.51,-0.9426551453260101,15.912730495529548,,,,,,,,,,,,,,,,,,,,,,0.6666666666666666,0.4,17.82982717722806,,0,0,,0,0,0,0,0,,,,False,False,False,False,False
2024-11-25,24.79,24.92,23.3,24.12,46649.98,-4.3616177636796145,9.728119281599458,,,,,,,,,,,,,,,,,,,,,,0.6666666666666666,0.4,16.17643083179105,,0,0,,0,0,0,0,0,,,,False,False,False,False,False
2024-11-26,24.18,24.49,22.81,23.01,29070.45,-4.601990049751237,6.062184917759299,,,,,,,,,,,,,,,,,,,,,,0.5384615384615384,0.4,14.938475093188748,,0,0,,0,0,0,0,0,,,,False,False,False,False,False
2024-11-27,22.34,23.39,21.89,23.25,29276.02,1.04302477183833,6.1050533065714365,,,,,,,,,,,,,,,,,,,,,,0.6666666666666666,0.45,14.119540703281809,,0,0,,0,0,0,0,0,,,,True,False,False,False,False
2024-11-28,23.46,25.16,23.46,24.17,53266.66,3.956989247311826,11.10792378072622,,,,,,,,,,,,,,,,,,,,,,0.8181818181818182,0.5,13.715663112895237,,0,0,,0,0,0,0,0,,,,True,False,False,False,False
2024-11-29,24.11,26.27,23.29,24.63,66380.94,1.903185767480342,13.842700518728984,,,,,,,,,,,,,,,,,,,,,,1.0,0.55,13.565402601464953,,0,0,,0,0,0,0,0,,,,True,False,False,False,False
2024-12-02,25.66,26.16,24.79,25.52,60684.08,3.6134794965489325,12.65471000703803,,,,,,,,,,,,,,,,,,,,,,0.8181818181818182,0.55,13.591113729374658,,0,0,,0,0,0,0,0,,,,False,False,False,False,False
2024-12-03,25.11,26.13,24.89,25.69,48882.66,0.6661442006269613,10.193709563902718,,,,,,,,,,,,,,,,,,,,,,0.8181818181818182,0.55,13.166461121393008,,0,0,,0,0,0,0,0,,,,True,False,False,False,False
2024-12-04,25.38,25.52,23.79,23.99,44297.79,-6.617360840794095,9.237607069311576,,,,,,,,,,,,,,,,,,,,,,0.8181818181818182,0.5,12.17337768162031,,0,0,,0,0,0,0,0,,,,False,False,False,False,False
2024-12-05,23.79,24.24,23.59,24.09,26309.13,0.41684035014590837,5.486355081719365,,,,,,,,,,,,,,,,,,,,,,0.8181818181818182,0.5,11.399534968589526,,0,0,,0,0,0,0,0,,,,True,False,False,False,False
2024-12-06,24.0,24.47,23.84,23.93,22242.0,-0.664176006641759,4.638219117378725,,,,,,,,,,,,,,,,,,,,,,0.8181818181818182,0.5,10.78150311498058,,0,0,,0,0,0,0,0,,,,False,False,False,False,False
2024-12-09,23.92,23.92,22.4,22.6,33165.19,-5.557877141663181,6.916078513150692,,,,,,,,,,,,,,,,,,,,,,0.8181818181818182,0.5,10.418223183796886,,0,0,,0,0,0,0,0,,,,False,False,False,False,False
2024-12-10,23.78,24.38,22.18,22.21,30581.77,-1.725663716814163,6.377346922816256,,,,,,,,,,,,,,,,,,,,,,0.8181818181818182,0.5,10.246822511273884,,0,0,,0,0,0,0,0,,,,False,False,False,False,False
2024-12-11,22.21,22.42,21.81,22.11,22833.99,-0.4502476361999186,4.761669316789615,,,,,,,,,,,,,,,,,,,,,,0.6666666666666666,0.45,10.061966478116936,,0,0,,0,0,0,0,0,,,,False,False,False,False,False
2024-12-12,22.21,22.29,21.47,21.9,24487.85,-0.9497964721845387,5.106555795949222,,,,,,,,,,,,,,,,,,,,,,0.6666666666666666,0.45,9.869635221437322,,0,0,,0,0,0,0,0,,,,False,False,False,False,False
2024-12-13,21.9,22.62,21.62,22.1,24580.57,0.9132420091324311,5.125891092980215,,,,,,,,,,,,,,,,,,,,,,0.8181818181818182,0.5,9.524167140213226,,0,0,,0,0,0,0,0,,,,True,False,False,False,False
2024-12-16,22.09,22.29,21.1,21.17,19588.32,-4.208144796380086,4.084835909600396,,,,,,,,,,,,,,,,,,,,,,0.6666666666666666,0.45,9.109457028908063,,0,0,,0,0,0,0,0,,,,False,False,False,False,False
2024-12-17,21.21,21.37,19.83,19.92,27482.23,-5.904581955597543,5.730986627740271,,,,,,,,,,,,,,,,,,,,,,0.6666666666666666,0.45,8.807614420144409,,0,0,,0,0,0,0,0,,,,False,False,False,False,False
2024-12-18,19.83,20.59,19.83,20.01,21854.74,0.45180722891566827,4.5574621379975495,,,,,,,,,,,,,,,,,,,,,,0.6666666666666666,0.45,8.15933727810651,,0,0,,0,0,0,0,0,,,,True,False,False,False,False
2024-12-19,19.71,20.48,18.96,20.07,32105.36,0.2998500749625155,6.695067643302139,,,,,,,,,,,,,,,,,,,,,,0.6666666666666666,0.45,7.716260355029585,,0,0,,0,0,0,0,0,,,,True,False,False,False,False
2024-12-20,20.07,20.67,20.01,20.15,23518.29,0.39860488290981433,4.9043693141829365,,,,,,,,,,,,,,,,,,,,,,0.8181818181818182,0.5,7.165842295962255,,0,0,,0,0,0,0,0,,,,True,False,False,False,False
2024-12-23,20.22,20.22,19.21,19.22,19067.8,-4.61538461538461,3.9762896540937884,,,,,,,,,,,,,,,,,,,,,,0.8181818181818182,0.5,6.878250814586972,,0,0,,0,0,0,0,0,,,,False,False,False,False,False
2024-12-24,19.33,19.82,18.91,19.53,18475.05,1.6129032258064724,3.85268096864166,,,,,,,,,,,,,,,,,,,,,,1.0,0.55,6.7677756171310905,,0,0,,0,0,0,0,0,,,,True,False,False,False,False
2024-12-25,19.53,19.63,18.84,18.89,18083.7,-3.2770097286226374,3.771071084117509,,,,,,,,,,,,,,,,,,,,,,0.8181818181818182,0.5,6.651076506008394,,0,0,,0,0,0,0,0,,,,False,False,False,False,False
2024-12-26,19.07,19.38,18.88,18.93,15303.09,0.21175224986764718,3.1912186221098455,,,,,,,,,,,,,,,,,,,,,,0.6666666666666666,0.5,6.255241248077574,,0,0,,0,0,0,0,0,,,,False,False,False,False,False
2024-12-27,18.96,20.01,18.92,19.66,31151.26,3.8563127311146417,6.4961051012694515,,,,,,,,,,,,,,,,,,,,,,0.6666666666666666,0.5,5.887911477204598,,0,0,,0,0,0,0,0,,,,True,False,False,False,False
2024-12-30,20.01,20.4,19.1,19.12,27381.93,-2.746693794506605,5.710070640982196,,,,,,,,,,,,,,,,,,,,,,0.6666666666666666,0.45,5.540679508901806,,0,0,,0,0,0,0,0,,,,False,False,False,False,False
2024-12-31,19.22,19.8,18.85,19.23,22779.36,0.5753138075313746,4.750277089904334,,,,,,,,,,,,,,,,,,,,,,0.6666666666666666,0.45,5.268507885201887,,0,0,,0,0,0,0,0,,,,True,False,False,False,False
2025-01-02,19.4,20.59,19.0,20.21,47136.4,5.096203848153924,9.82955451867685,,,,,,,,,,,,,,,,,,,,,,0.8181818181818182,0.5,5.298105257670151,,0,0,,0,0,0,0,0,,,,True,False,False,False,False
2025-01-03,20.4,20.51,19.79,20.31,32602.99,0.49480455220187736,6.798840549487788,,,,,,,,,,,,,,,,,,,,,,0.6666666666666666,0.5,5.363729531058572,,0,0,,0,0,0,0,0,,,,False,False,False,False,False
2025-01-06,20.12,20.22,18.92,19.15,31905.09,-5.711472181191535,6.653304486093371,,,,,,,,,,,,,,,,,,,,,,0.6666666666666666,0.5,5.464483799494305,,0,0,,0,0,0,0,0,,,,False,False,False,False,False
2025-01-07,19.17,19.57,18.86,19.48,18941.88,1.7232375979112424,3.950031019471887,,,,,,,,,,,,,,,,,,,,,,0.8181818181818182,0.55,5.316181424810364,,0,0,,0,0,0,0,0,,,,True,False,False,False,False
2025-01-08,19.33,20.31,19.16,20.08,29009.4,3.0800821355235986,6.049453900894091,,,,,,,,,,,,,,,,,,,,,,1.0,0.6,5.299786773714255,,0,0,,0,0,0,0,0,,,,True,False,False,False,False
2025-01-09,20.13,20.75,20.0,20.58,30715.32,2.490039840637448,6.405196673878477,,,,,,,,,,,,,,,,,,,,,,1.2222222222222223,0.65,5.381963141568699,,0,0,,0,0,0,0,0,,,,True,False,False,False,False
2025-01-10,20.4,20.76,20.1,20.15,26231.16,-2.0894071914480117,5.470095665093971,,,,,,,,,,,,,,,,,,,,,,1.2222222222222223,0.65,5.400140135025937,,0,0,,0,0,0,0,0,,,,False,False,False,False,False
2025-01-13,19.94,20.52,19.19,20.49,21254.82,1.6873449131513674,4.432358261866903,,,,,,,,,,,,,,,,,,,,,,1.2222222222222223,0.65,5.365463493470271,,0,0,,0,0,0,0,0,,,,True,False,False,False,False
2025-01-14,21.41,24.7,21.32,23.43,84547.28,14.3484626647145,17.63100487448844,,,,,,,,,,,,,,,,,,,,,,1.5,0.7,6.0427719417146735,,0,0,,0,0,0,0,0,,,,True,False,True,True,False
2025-01-15,23.03,23.62,22.23,22.6,57474.07,-3.5424669227486105,11.985312931731094,,,,,,,,,,,,,,,,,,,,,,1.5,0.7,6.355488256914214,,0,0,,0,0,0,0,0,,,,False,False,False,False,False
2025-01-16,22.76,23.48,22.27,22.82,40087.74,0.9734513274336276,8.359667387847667,,,,,,,,,,,,,,,,,,,,,,1.5,0.7,6.545598519406719,,0,0,,0,0,0,0,0,,,,True,False,False,False,False
2025-01-17,22.8,23.96,22.65,23.02,46112.23,0.876424189307623,9.61597998071058,,,,,,,,,,,,,,,,,,,,,,1.5,0.7,6.691644136277143,,0,0,,0,0,0,0,0,,,,True,False,False,False,False
2025-01-20,23.3,23.99,22.84,23.5,39738.68,2.0851433536055675,8.28687641738133,,,,,,,,,,,,,,,,,,,,,,1.5,0.7,6.860769491437063,,0,0,,0,0,0,0,0,,,,True,False,False,False,False
2025-01-21,23.69,23.74,22.7,22.86,33129.86,-2.7234042553191506,6.908710997575788,,,,,,,,,,,,,,,,,,,,,,1.5,0.7,7.007390558611162,,0,0,,0,0,0,0,0,,,,False,False,False,False,False
2025-01-22,22.67,22.76,22.09,22.09,25822.94,-3.36832895888014,5.384967807522874,,,,,,,,,,,,,,,,,,,,,,1.2222222222222223,0.65,7.0840049005552235,,0,0,,0,0,0,0,0,,,,False,False,False,False,False
2025-01-23,22.42,23.1,21.87,21.87,24206.1,-0.995925758261651,5.047801266845658,,,,,,,,,,,,,,,,,,,,,,1.2222222222222223,0.65,7.14784140969163,,0,0,,0,0,0,0,0,,,,False,False,False,False,False
2025-01-24,21.76,22.71,21.65,22.49,24120.28,2.8349336991312146,5.029904856241691,,,,,,,,,,,,,,,,,,,,,,1.5,0.65,7.239775721398223,,0,0,,0,0,0,0,0,,,,True,False,False,False,False
2025-01-27,22.68,23.44,22.58,22.9,26428.07,1.8230324588706104,5.511158147173057,,,,,,,,,,,,,,,,,,,,,,1.5,0.65,7.190528373693402,,0,0,,0,0,0,0,0,,,,True,False,False,False,False
2025-02-05,23.14,23.28,22.32,22.7,24255.26,-0.8733624454148492,5.058052811302558,,,,,,,,,,,,,,,,,,,,,,1.5,0.65,7.157927482209421,,0,0,,0,0,0,0,0,,,,False,False,False,False,False
2025-02-06,22.5,23.67,22.08,23.6,35327.8,3.96475770925111,7.3670567995203715,,,,,,,,,,,,,,,,,,,,,,1.5,0.65,7.288766467690223,,0,0,,0,0,0,0,0,,,,True,False,True,False,False
2025-02-07,23.55,25.18,23.41,24.19,61562.84,2.499999999999991,12.837961577561712,,,,,,,,,,,,,,,,,,,,,,1.5,0.65,7.439186820634466,,0,0,,0,0,0,0,0,,,,True,False,True,True,True
2025-02-10,24.02,24.67,23.52,24.39,41281.55,0.8267879288962332,8.608617678492298,,,,,,,,,,,,,,,,,,,,,,1.8571428571428572,0.65,7.5296756770846915,,0,0,,0,0,0,0,0,,,,True,False,False,False,True
2025-02-11,24.49,25.28,23.94,24.53,53196.88,0.5740057400573928,11.093372259729426,,,,,,,,,,,,,,,,,,,,,,2.3333333333333335,0.7,7.751679065766494,,0,0,,0,0,0,0,0,,,,True,False,False,False,True
2025-02-12,24.3,25.2,23.98,24.7,44684.69,0.6930289441500204,9.318288976357428,,,,,,,,,,,,,,,,,,,,,,2.3333333333333335,0.7,8.02009196361077,,0,0,,0,0,0,0,0,,,,True,False,False,False,True
2025-02-13,25.18,26.02,24.15,24.15,66255.33,-2.2267206477732837,13.816506529729168,,,,,,,,,,,,,,,,,,,,,,1.8571428571428572,0.65,8.408444595052524,,0,0,,0,0,0,0,0,,,,False,False,False,False,False
2025-02-14,23.8,23.97,23.11,23.6,48721.81,-2.2774327122153104,10.160166827411828,,,,,,,,,,,,,,,,,,,,,,1.5,0.6,8.596193102729192,,0,0,,0,0,0,0,0,,,,False,False,False,False,False
2025-02-17,23.28,24.02,23.18,23.67,36731.74,0.29661016949151797,7.659826395224566,,,,,,,,,,,,,,,,,,,,19.430583333333335,,1.8571428571428572,0.65,8.705679639235722,,0,0,,0,0,0,0,0,,,,True,False,False,False,False
2025-02-18,23.64,23.75,22.55,22.55,31410.9,-4.731727925644281,6.550248937778588,,,,,,,,,,,,,,,,,,,,19.516166666666663,,1.5,0.6,8.811574173031307,,0,0,,0,0,0,0,0,,,,False,False,False,False,False
2025-02-19,22.57,23.43,22.35,23.24,30217.93,3.0598669623059793,6.301473815916378,,,,,,,,,,,,,,,,,,,,19.607666666666667,,1.5,0.6,8.245097620102703,,0,0,,0,0,0,0,0,,,,True,False,False,False,False
2025-02-20,23.25,24.49,23.2,23.99,39441.51,3.2271944922547258,8.224906289914761,,,,,,,,,,,,,,,,,,,,19.707749999999997,,1.8571428571428572,0.65,8.057077288011886,,0,0,,0,0,0,0,0,,,,True,False,False,False,False
2025-02-21,23.99,24.91,23.65,24.59,41004.25,2.5010421008753614,8.550791126867033,,,,,,,,,,,,,,,,,,,,19.813916666666668,,1.8571428571428572,0.65,8.066633474962854,,0,0,,0,0,0,0,0,,,,True,False,True,False,False
2025-02-24,24.76,25.97,24.45,25.17,57545.74,2.3586823912159494,12.000258582488335,,,,,,,,,,,,,,,,,,,,19.92458333333333,,1.8571428571428572,0.65,8.185847405051742,,0,0,,0,0,0,0,0,,,,True,False,True,False,True
2025-02-25,24.79,24.98,24.23,24.54,37037.15,-2.5029797377830842,7.723514845032975,,,,,,,,,,,,,,,,,,,,20.0295,,1.5,0.6,8.157679326434323,,0,0,,0,0,0,0,0,,,,False,False,False,False,False
2025-02-26,24.63,24.93,24.24,24.46,35602.22,-0.32599837000814036,7.424282772463051,,,,,,,,,,,,,,,,,,,,20.134,,1.5,0.6,8.183457915178689,,0,0,,0,0,0,0,0,,,,False,False,False,False,False
2025-02-27,24.59,25.65,24.53,25.65,51489.75,4.865085854456241,10.737377160284648,,,,,,,,,,,,,,,,,,,,20.246916666666667,,1.8571428571428572,0.65,8.451078382816776,,0,0,,0,0,0,0,0,,,,True,False,False,False,True
2025-02-28,25.8,25.84,24.59,24.65,40619.7,-3.898635477582846,8.47059927534343,,,,,,,,,,,,,,,,,,,,20.351083333333335,,1.8571428571428572,0.65,8.622218283241665,,0,0,,0,0,0,0,0,,,,False,False,False,False,False
2025-03-03,24.81,25.58,24.8,25.28,39049.04,2.555780933062901,8.14306284701405,,,,,,,,,,,,,,,,,,,,20.464166666666664,,1.8571428571428572,0.65,8.777876182780282,,0,0,,0,0,0,0,0,,,,True,False,False,False,False
2025-03-04,24.97,26.35,24.89,26.27,52659.68,3.9161392405063333,10.981347652686182,,,,,,,,,,,,,,,,,,,,20.585166666666666,,1.8571428571428572,0.65,9.051385658055938,,0,0,,0,0,0,0,0,,,,True,False,True,True,True
2025-03-05,26.03,27.71,25.77,26.27,61815.96,0.0,12.890745770664441,,,,,,,,,,,,,,,,,,,,20.706416666666666,,2.3333333333333335,0.65,9.443020306024035,,0,0,,0,0,0,0,0,,,,True,False,False,False,False
2025-03-06,26.29,26.53,25.4,25.68,41408.3,-2.2459078797106957,8.635049396553972,,,,,,,,,,,,,,,,,,,,20.821333333333335,,1.8571428571428572,0.6,9.506419935875714,,0,0,,0,0,0,0,0,,,,False,False,False,False,False
2025-03-07,25.72,26.57,25.45,25.97,36442.67,1.1292834890965775,7.5995453953027665,,,,,,,,,,,,,,,,,,,,20.941,,1.8571428571428572,0.6,9.244499126762765,,0,0,,0,0,0,0,0,,,,True,False,False,False,False
2025-03-10,26.23,26.36,25.58,25.84,26398.6,-0.5005775895263742,5.5050126423898025,,,,,,,,,,,,,,,,,,,,21.06191666666667,,1.5,0.55,9.089318874957641,,0,0,,0,0,0,0,0,,,,False,False,False,False,False
2025-03-11,25.6,26.24,25.54,26.1,28442.83,1.006191950464408,5.931304642494069,,,,,,,,,,,,,,,,,,,,21.186833333333333,,1.5,0.55,8.831215494095874,,0,0,,0,0,0,0,0,,,,True,False,False,False,False
2025-03-12,26.36,28.23,26.36,27.64,85968.44,5.900383141762444,17.927365430232257,,,,,,,,,,,,,,,,,,,,21.32283333333333,,1.5,0.55,9.261669316789616,,0,0,,0,0,0,0,0,,,,True,False,False,False,True
2025-03-13,27.75,27.85,26.45,27.21,42733.13,-1.555716353111436,8.911321846570914,,,,,,,,,,,,,,,,,,,,21.457916666666666,,1.5,0.55,9.016410082631703,,0,0,,0,0,0,0,0,,,,False,False,False,False,False
2025-03-14,27.34,28.05,26.87,28.01,39416.71,2.9400955531054818,8.21973464014806,,,,,,,,,,,,,,,,,,,,21.5995,,1.8571428571428572,0.6,8.919388473268514,,0,0,,0,0,0,0,0,,,,True,False,False,False,True
2025-03-17,28.43,30.23,28.43,28.6,56152.11,2.1063905747947143,11.709638975054089,,,,,,,,,,,,,,,,,,,,21.745833333333334,,1.8571428571428572,0.6,9.12187910225999,,0,0,,0,0,0,0,0,,,,True,False,True,True,True
2025-03-18,28.75,31.52,28.38,30.68,65694.59,7.272727272727275,13.699573026092851,,,,,,,,,,,,,,,,,,,,21.909083333333335,,2.3333333333333335,0.65,9.479345306675704,,0,0,,0,0,0,0,0,,,,True,False,True,True,True
2025-03-19,30.11,31.6,28.25,29.17,53573.15,-4.921773142112118,11.171837447540598,,,,,,,,,,,,,,,,,,,,22.059916666666666,,1.8571428571428572,0.6,9.722863488256914,,0,0,,0,0,0,0,0,,,,False,False,False,False,False
2025-03-20,28.37,28.37,26.88,26.88,59208.72,-7.850531367843683,12.347046894142794,,,,,,,,,,,,,,,,,,,,22.19066666666667,,1.5,0.55,9.928970518468315,,0,0,,0,0,0,0,0,,,,False,False,False,False,False
2025-03-21,26.8,27.74,26.63,27.16,42700.24,1.041666666666674,8.904463154602091,,,,,,,,,,,,,,,,,,,,22.325166666666668,,1.5,0.55,9.94665411985507,,0,0,,0,0,0,0,0,,,,True,False,False,False,False
2025-03-24,27.6,28.16,26.66,27.74,33297.36,2.135493372606767,6.943640486927509,,,,,,,,,,,,,,,,,,,,22.462583333333335,,1.5,0.55,9.693823215077028,,0,0,,0,0,0,0,0,,,,True,False,False,False,False
2025-03-25,27.86,29.1,27.48,28.89,36521.77,4.145638067772173,7.616040455647369,,,,,,,,,,,,,,,,,,,,22.610000000000003,,1.8571428571428572,0.6,9.688449495607747,,0,0,,0,0,0,0,0,,,,True,False,False,False,False
2025-03-26,28.89,28.93,28.03,28.45,27294.59,-1.523018345448257,5.691857258295753,,,,,,,,,,,,,,,,,,,,22.753083333333333,,1.8571428571428572,0.6,9.601828219899382,,0,0,,0,0,0,0,0,,,,False,False,False,False,False
2025-03-27,28.45,30.04,27.84,30.0,44361.65,5.448154657293491,9.250924067460835,,,,,,,,,,,,,,,,,,,,22.906499999999998,,1.8571428571428572,0.6,9.527505565258192,,0,0,,0,0,0,0,0,,,,True,False,True,False,False
2025-03-28,29.4,29.63,28.46,28.75,31184.69,-4.1666666666666625,6.503076401741262,,,,,,,,,,,,,,,,,,,,23.04775,,1.8571428571428572,0.6,9.429129421578084,,0,0,,0,0,0,0,0,,,,False,False,False,False,False
2025-03-31,29.02,29.04,26.76,27.36,26860.54,-4.834782608695654,5.6013429606652245,,,,,,,,,,,,,,,,,,,,23.175166666666666,,1.5,0.55,9.302043427260642,,0,0,,0,0,0,0,0,,,,False,False,False,False,False
2025-04-01,27.45,29.2,27.45,28.21,26445.89,3.10672514619883,5.514874227771551,,,,,,,,,,,,,,,,,,,,23.30125,,1.5,0.55,9.028719756014912,,0,0,,0,0,0,0,0,,,,True,False,False,False,False
2025-04-02,28.43,29.0,27.82,28.1,20981.21,-0.3899326479971599,4.375301201678701,,,,,,,,,,,,,,,,,,,,23.406583333333334,,1.2222222222222223,0.55,8.602947527565622,,0,0,,0,0,0,0,0,,,,False,False,False,False,False
2025-04-03,27.86,29.15,27.77,28.85,28641.48,2.6690391459074814,5.972729974193885,,,,,,,,,,,,,,,,,,,,23.49275,,1.5,0.6,8.46983155644762,,0,0,,0,0,0,0,0,,,,True,False,False,False,False
2025-04-07,34.67,34.67,27.82,29.84,152168.74,3.431542461005188,31.732396319370228,,,,,,,,,,,,,,,,,,,,23.612750000000002,,1.2222222222222223,0.6,9.676474102650992,,0,0,,0,0,0,0,0,,,,False,False,True,False,False
2025-04-08,29.96,33.43,28.57,32.45,108477.88,8.746648793565704,22.62135495138545,,,,,,,,,,,,,,,,,,,,23.756083333333333,,1.5,0.65,10.532291218100776,,0,0,,0,0,0,0,0,,,,True,False,False,False,True
2025-04-09,33.19,37.44,31.99,37.1,129541.5,14.329738058551623,27.013841461825194,,,,,,,,,,,,,,,,,,,,23.946083333333334,,1.5,0.65,11.58641805906733,,0,0,,0,0,0,0,0,,,,True,False,True,True,True
2025-04-10,34.7,40.03,34.28,37.17,122030.98,0.18867924528302993,25.44764069546177,,,,,,,,,,,,,,,,,,,,24.130499999999998,,1.5,0.65,11.962431822328806,,0,0,,0,0,0,0,0,,,,True,False,False,False,True
2025-04-11,36.81,39.49,35.81,37.23,98761.58,0.16142050040353073,20.59517347444152,,,,,,,,,,,,,,,,,,,,24.31208333333333,,1.8571428571428572,0.7,12.546624403722337,,0,0,,0,0,0,0,0,,,,True,False,False,False,True
2025-04-14,38.98,39.59,37.17,37.42,81207.86,0.5103411227504795,16.934621379975496,,,,,,,,,,,,,,,,,,,,24.492916666666666,,1.5,0.7,12.98236874071371,,0,0,,0,0,0,0,0,,,,False,False,False,False,True
2025-04-15,36.68,37.49,35.37,35.39,75966.47,-5.424906467129875,15.841611969866797,,,,,,,,,,,,,,,,,,,,24.653916666666664,,1.2222222222222223,0.65,13.188967390454343,,0,0,,0,0,0,0,0,,,,False,False,False,False,False
2025-04-16,35.12,37.87,35.1,37.77,78823.66,6.725063577281731,16.437433985871806,,,,,,,,,,,,,,,,,,,,24.825249999999997,,1.2222222222222223,0.65,13.325860438443291,,0,0,,0,0,0,0,0,,,,True,False,False,False,True
2025-04-17,38.52,46.98,38.3,43.71,130052.67,15.72676727561555,27.120437921956054,,,,,,,,,,,,,,,,,,,,25.003166666666665,,1.5,0.7,14.123290462164064,,0,0,,0,0,0,0,0,,,,True,False,True,True,True
2025-04-18,45.6,56.35,45.6,51.55,154322.44,17.936398993365344,32.18151656544066,,,,,,,,,,,,,,,,,,,,25.25375,,1.8571428571428572,0.75,15.115013945728958,,0,0,,0,0,0,0,0,,,,True,False,True,True,True
2025-04-21,48.58,52.14,47.17,50.96,128443.41,-1.1445198836081416,26.784852071005915,,,,,,,,,,,,,,,,,,,,25.494000000000003,,1.8571428571428572,0.7,16.00903339154915,,0,0,,0,0,0,0,0,,,,True,False,False,False,False
2025-04-22,50.54,50.54,47.23,47.48,94009.15,-6.828885400313977,19.60412897844277,,,,,,,,,,,,,,,,,,,,25.69225,,1.5,0.65,16.64205781612491,,0,0,,0,0,0,0,0,,,,False,False,False,False,False
2025-04-23,46.55,46.56,43.13,44.02,105912.74,-7.287278854254408,22.08643536741131,,,,,,,,,,,,,,,,,,,,25.80708333333333,,1.2222222222222223,0.6,17.365577561713106,,0,0,,0,0,0,0,0,,,,False,False,False,False,False
2025-04-24,43.64,45.55,43.1,44.13,80196.03,0.24988641526577648,16.72362015483669,,,,,,,,,,,,,,,,,,,,25.943583333333333,,1.5,0.65,17.917165706540157,,0,0,,0,0,0,0,0,,,,True,False,False,False,False
2025-04-25,43.26,43.62,40.53,40.56,89923.92,-8.08973487423521,18.752218543909496,,,,,,,,,,,,,,,,,,,,26.061750000000004,,1.2222222222222223,0.6,18.392230430362588,,0,0,,0,0,0,0,0,,,,False,False,False,False,False
2025-04-28,40.31,41.54,39.33,40.33,46140.39,-0.5670611439842266,9.621852305606964,,,,,,,,,,,,,,,,,,,,26.188583333333334,,1.5,0.6,18.548169225555874,,0,0,,0,0,0,0,0,,,,True,False,False,False,False
2025-04-29,40.54,41.88,39.93,40.75,44249.5,1.0414083808579333,9.227536949665042,,,,,,,,,,,,,,,,,,,,26.32175,,1.8571428571428572,0.65,18.729478925005864,,0,0,,0,0,0,0,0,,,,True,False,False,False,False
2025-04-30,41.04,43.22,41.04,42.34,49636.11,3.901840490797559,10.350829705706019,,,,,,,,,,,,,,,,,,,,26.492916666666666,,1.8571428571428572,0.65,18.97127669890259,,0,0,,0,0,0,0,0,,,,True,False,False,False,False
2025-05-06,42.71,44.02,40.65,43.93,71287.15,3.755314123760023,14.865813413966583,,,,,,,,,,,,,,,,,,,,26.67025,,2.3333333333333335,0.7,19.495802309516982,,0,0,,0,0,0,0,0,,,,True,False,False,False,False
2025-05-07,44.36,47.46,43.42,44.95,73845.11,2.3218757113589783,15.399235721919558,,,,,,,,,,,,,,,,,,,,26.838749999999997,,2.3333333333333335,0.7,19.967127596903268,,0,0,,0,0,0,0,0,,,,True,False,True,False,False
2025-05-08,44.32,44.93,43.32,44.43,45246.72,-1.156840934371528,9.43549148919532,,,,,,,,,,,,,,,,,,,,26.995583333333336,,3.0,0.65,18.85228235539452,,0,0,,0,0,0,0,0,,,,True,False,False,False,False
2025-05-09,44.0,44.02,42.31,42.62,41278.38,-4.073823992797665,8.607956624872925,,,,,,,,,,,,,,,,,,,,27.13158333333333,,2.3333333333333335,0.6,18.15161243906889,,0,0,,0,0,0,0,0,,,,False,False,False,False,False
2025-05-12,42.21,44.19,41.44,43.13,46616.4,1.1966213045518703,9.721116700987931,,,,,,,,,,,,,,,,,,,,27.271833333333333,,2.3333333333333335,0.6,17.286976201027034,,0,0,,0,0,0,0,0,,,,True,False,False,False,False
2025-05-13,42.71,43.02,40.56,40.7,51877.32,-5.634129376304198,10.818198785287908,,,,,,,,,,,,,,,,,,,,27.400416666666665,,1.8571428571428572,0.55,16.555504105518338,,0,0,,0,0,0,0,0,,,,False,False,False,False,False
2025-05-14,40.65,41.93,40.15,41.37,33525.24,1.6461916461916415,6.991161275187029,,,,,,,,,,,,,,,,,,,,27.53533333333333,,1.8571428571428572,0.55,15.875303495555617,,0,0,,0,0,0,0,0,,,,True,False,False,False,False
2025-05-15,40.97,42.31,40.73,41.65,33532.69,0.6768189509306355,6.992714855459687,,,,,,,,,,,,,,,,,,,,27.671333333333333,,2.3333333333333335,0.55,15.378208169329824,,0,0,,0,0,0,0,0,,,,True,False,False,False,False
2025-05-16,41.6,41.64,40.41,40.65,27986.86,-2.400960384153661,5.836219273779423,,,,,,,,,,,,,,,,,,,,27.801416666666668,,2.3333333333333335,0.55,14.877938534525455,,0,0,,0,0,0,0,0,,,,False,False,False,False,False
2025-05-19,40.43,41.27,40.42,41.2,22253.69,1.3530135301353052,4.640656882934077,,,,,,,,,,,,,,,,,,,,27.94483333333333,,2.3333333333333335,0.55,14.28809967937857,,0,0,,0,0,0,0,0,,,,True,False,False,False,False
2025-05-20,41.7,45.67,41.25,44.97,72778.05,9.150485436893184,15.1767171493366,,,,,,,,,,,,,,,,,,,,28.11616666666667,,2.3333333333333335,0.55,13.690913640747596,,0,0,,0,0,0,0,0,,,,True,False,True,False,False
2025-05-21,44.39,44.97,43.39,43.43,45201.52,-3.4245052257060205,9.426065740426974,,,,,,,,,,,,,,,,,,,,28.281166666666664,,1.8571428571428572,0.5,12.55314109949691,,0,0,,0,0,0,0,0,,,,False,False,False,False,False
2025-05-22,43.53,43.53,39.95,40.32,53777.79,-7.160948653004839,11.214511899486485,,,,,,,,,,,,,,,,,,,,28.408,,1.5,0.5,11.77462409092094,,0,0,,0,0,0,0,0,,,,False,False,False,False,False
2025-05-23,40.24,41.03,38.87,39.17,31201.85,-2.852182539682535,6.506654849724995,,,,,,,,,,,,,,,,,,,,28.52225,,1.5,0.5,11.119750384485052,,0,0,,0,0,0,0,0,,,,False,False,False,False,False
2025-05-26,39.25,40.5,38.47,40.45,22607.14,3.267806995149347,4.714363318822825,,,,,,,,,,,,,,,,,,,,28.649166666666666,,1.8571428571428572,0.55,10.251146782055626,,0,0,,0,0,0,0,0,,,,True,False,False,False,False
2025-05-27,40.61,41.1,39.78,39.95,19081.19,-1.2360939431396822,3.9790819278992777,,,,,,,,,,,,,,,,,,,,28.781083333333335,,1.5,0.5,9.613919870708756,,0,0,,0,0,0,0,0,,,,False,False,False,False,False
2025-05-28,40.12,40.72,39.26,39.39,18896.92,-1.4017521902378038,3.9406553189270914,,,,,,,,,,,,,,,,,,,,28.917583333333333,,1.5,0.5,8.873341709459636,,0,0,,0,0,0,0,0,,,,False,False,False,False,False
2025-05-29,39.23,40.81,39.22,40.14,20178.69,1.9040365575019091,4.207948283502333,,,,,,,,,,,,,,,,,,,,29.058333333333334,,1.5,0.55,8.602646508354404,,0,0,,0,0,0,0,0,,,,True,False,False,False,False
2025-05-30,40.44,41.83,39.88,41.7,36693.18,3.8863976083707064,7.651785313974402,,,,,,,,,,,,,,,,,,,,29.204416666666663,,1.5,0.55,8.523858926569872,,0,0,,0,0,0,0,0,,,,True,False,True,False,False
2025-06-03,42.08,43.68,41.11,41.46,34636.19,-0.575539568345329,7.22283241665146,,,,,,,,,,,,,,,,,,,,29.344666666666665,,1.2222222222222223,0.5,8.367459062117145,,0,0,,0,0,0,0,0,,,,False,False,False,False,False
2025-06-04,41.2,41.44,40.79,40.99,26910.86,-1.1336227689339062,5.611836404869274,,,,,,,,,,,,,,,,,,,,29.473583333333334,,1.0,0.45,7.904760211662278,,0,0,,0,0,0,0,0,,,,False,False,False,False,False
2025-06-05,41.33,41.33,39.96,40.59,18914.55,-0.975847767748228,3.9443317780152753,,,,,,,,,,,,,,,,,,,,29.59775,,0.8181818181818182,0.4,7.332015014467065,,0,0,,0,0,0,0,0,,,,False,False,False,False,False
2025-06-06,40.49,41.31,40.22,40.49,15554.76,-0.246366100024642,3.2437004405286345,,,,,,,,,,,,,,,,,,,,29.73525,,0.7272727272727273,0.4,7.0224254620337305,,0,0,,0,0,0,0,0,,,,False,False,False,False,False
2025-06-09,40.62,41.61,40.39,41.13,23070.66,1.5806371943689834,4.811023121236608,,,,,,,,,,,,,,,,,,,,29.87725,,0.9,0.45,6.832578786851914,,0,0,,0,0,0,0,0,,,,True,False,False,False,False
2025-06-10,40.98,41.33,39.72,40.2,24609.28,-2.2611232676878146,5.131878111722232,,,,,,,,,,,,,,,,,,,,30.012833333333333,,0.7272727272727273,0.4,6.603116857388629,,0,0,,0,0,0,0,0,,,,False,False,False,False,False
2025-06-11,40.46,41.43,39.97,40.64,22239.13,1.0945273631840724,4.637620624038787,,,,,,,,,,,,,,,,,,,,30.16316666666667,,0.9,0.45,6.294087949326173,,0,0,,0,0,0,0,0,,,,True,False,False,False,False
2025-06-12,40.63,41.26,39.88,41.02,19477.11,0.9350393700787496,4.061644814013503,,,,,,,,,,,,,,,,,,,,30.319916666666668,,0.9,0.45,6.147612126267497,,0,0,,0,0,0,0,0,,,,True,False,False,False,False
2025-06-13,41.42,43.81,41.17,42.65,62816.47,3.9736713798147028,13.099386387925865,,,,,,,,,,,,,,,,,,,,30.491083333333332,,0.9,0.45,6.452945702890806,,0,0,,0,0,0,0,0,,,,True,False,True,False,False
2025-06-16,41.85,45.61,41.56,45.37,57869.51,6.377491207502928,12.067775721398222,,,,,,,,,,,,,,,,,,,,30.686666666666667,,1.1111111111111112,0.5,6.764523525271746,,0,0,,0,0,0,0,0,,,,True,False,True,True,False
2025-06-17,44.91,45.05,43.53,43.82,42936.45,-3.416354419219747,8.953721033287282,,,,,,,,,,,,,,,,,,,,30.867666666666665,,0.9,0.45,6.980176732789405,,0,0,,0,0,0,0,0,,,,False,False,False,False,False
2025-06-18,43.58,43.63,42.06,42.44,28909.79,-3.1492469192149763,6.028681802778719,,,,,,,,,,,,,,,,,,,,31.044916666666666,,0.7272727272727273,0.4,6.522774965461513,,0,0,,0,0,0,0,0,,,,False,False,False,False,False
2025-06-19,42.59,43.82,41.84,42.0,25113.55,-1.0367577756833168,5.237035685426061,,,,,,,,,,,,,,,,,,,,31.228916666666667,,0.7272727272727273,0.4,6.313323462711467,,0,0,,0,0,0,0,0,,,,False,False,False,False,False
2025-06-20,41.66,42.89,41.46,41.61,18693.07,-0.9285714285714342,3.8981456090503874,,,,,,,,,,,,,,,,,,,,31.408916666666666,,0.7272727272727273,0.4,5.947505148189661,,0,0,,0,0,0,0,0,,,,False,False,False,False,False
2025-06-23,41.18,43.21,41.18,43.19,20156.26,3.797164143234788,4.203270859943174,,,,,,,,,,,,,,,,,,,,31.601583333333334,,0.9,0.45,5.83233594870057,,0,0,,0,0,0,0,0,,,,True,False,False,False,False
2025-06-24,43.23,45.0,42.93,44.52,31562.25,3.0794165316045508,6.581810598754008,,,,,,,,,,,,,,,,,,,,31.804666666666666,,0.9,0.45,5.925708312697131,,0,0,,0,0,0,0,0,,,,True,False,False,False,False
2025-06-25,44.38,45.12,44.15,44.94,28483.5,0.943396226415083,5.939785731042932,,,,,,,,,,,,,,,,,,,,32.019,,1.1111111111111112,0.5,6.023743502854313,,0,0,,0,0,0,0,0,,,,True,False,False,False,False
2025-06-26,45.09,45.77,43.71,43.81,37974.48,-2.5144637294169936,7.918980267445194,,,,,,,,,,,,,,,,,,,,32.221333333333334,,1.1111111111111112,0.5,6.222659750280218,,0,0,,0,0,0,0,0,,,,False,False,False,False,False
2025-06-27,43.8,43.93,42.71,43.18,25781.81,-1.4380278475234043,5.3763907932122095,,,,,,,,,,,,,,,,,,,,32.42375,,0.9,0.45,6.281081875765712,,0,0,,0,0,0,0,0,,,,False,False,False,False,False
2025-06-30,42.75,44.82,42.75,44.78,32123.52,3.7054191755442334,6.698854625550661,,,,,,,,,,,,,,,,,,,,32.63916666666667,,0.9,0.45,6.233435341344524,,0,0,,0,0,0,0,0,,,,True,False,False,False,False
2025-07-01,44.39,45.25,44.1,44.56,20226.13,-0.4912907548012435,4.217841149023799,,,,,,,,,,,,,,,,,,,,32.846666666666664,,1.1111111111111112,0.45,6.083185777963141,,0,0,,0,0,0,0,0,,,,True,False,False,False,False
2025-07-02,44.52,47.31,43.83,46.72,53369.15,4.847396768402157,11.129296457524177,,,,,,,,,,,,,,,,,,,,33.07666666666667,,1.375,0.5,6.359058780595886,,0,0,,0,0,0,0,0,,,,True,False,True,True,True
2025-07-03,46.42,47.28,45.6,46.82,30749.09,0.21404109589040488,6.4122388760003135,,,,,,,,,,,,,,,,,,,,33.306583333333336,,1.7142857142857142,0.55,6.482454135495139,,0,0,,0,0,0,0,0,,,,True,False,False,False,True
2025-07-04,46.95,50.76,46.04,46.27,67022.54,-1.1747116616830366,13.976496103015926,,,,,,,,,,,,,,,,,,,,33.52375,,1.5,0.55,7.019093918619502,,0,0,,0,0,0,0,0,,,,False,False,False,False,False
2025-07-07,45.81,46.35,44.22,44.99,36325.64,-2.766371298897774,7.575140630294816,,,,,,,,,,,,,,,,,,,,33.729416666666665,,1.2222222222222223,0.5,7.157299794072413,,0,0,,0,0,0,0,0,,,,False,False,False,False,False
2025-07-08,45.45,45.45,44.34,45.27,25593.77,0.6223605245610164,5.337178010061779,,,,,,,,,,,,,,,,,,,,33.94708333333333,,1.2222222222222223,0.55,7.167564788989391,,0,0,,0,0,0,0,0,,,,False,False,False,False,False
2025-07-09,45.21,45.64,44.38,44.57,20721.86,-1.5462778882261996,4.321217840106352,,,,,,,,,,,,,,,,,,,,34.156166666666664,,1.0,0.5,7.15174464979277,,0,0,,0,0,0,0,0,,,,False,False,False,False,False
2025-07-10,44.4,44.73,43.13,44.23,23145.32,-0.7628449629795919,4.82659228944556,,,,,,,,,,,,,,,,,,,,34.35741666666667,,0.8181818181818182,0.45,7.189992023564372,,0,0,,0,0,0,0,0,,,,False,False,False,False,False
2025-07-11,44.38,44.75,43.84,44.13,19458.81,-0.22609088853717818,4.057828636967912,,,,,,,,,,,,,,,,,,,,34.553666666666665,,0.6666666666666666,0.4,6.737914136016474,,0,0,,0,0,0,0,0,,,,False,False,False,False,False
2025-07-14,43.87,45.04,43.83,44.96,16734.27,1.8808067074552515,3.489668691186821,,,,,,,,,,,,,,,,,,,,34.760416666666664,,0.6666666666666666,0.4,6.309008784505904,,0,0,,0,0,0,0,0,,,,True,False,False,False,False
2025-07-15,44.94,45.29,43.28,43.54,26433.01,-3.1583629893238485,5.512188306441102,,,,,,,,,,,,,,,,,,,,34.95249999999999,,0.6666666666666666,0.4,6.136932148163595,,0,0,,0,0,0,0,0,,,,False,False,False,False,False
2025-07-16,43.54,43.77,42.93,42.99,18129.61,-1.2632062471290673,3.780644892213852,,,,,,,,,,,,,,,,,,,,35.115500000000004,,0.6666666666666666,0.4,6.024530302635351,,0,0,,0,0,0,0,0,,,,False,False,False,False,False
2025-07-17,43.13,43.13,41.94,42.27,28993.66,-1.6748080949057886,6.046171571566353,,,,,,,,,,,,,,,,,,,,35.27941666666666,,0.6666666666666666,0.4,6.0649870969423665,,0,0,,0,0,0,0,0,,,,False,False,False,False,False
2025-07-18,42.4,42.4,41.76,41.92,19139.17,-0.8280104092737162,3.9911727445715925,,,,,,,,,,,,,,,,,,,,35.438583333333334,,0.6666666666666666,0.4,6.069638453718427,,0,0,,0,0,0,0,0,,,,False,False,False,False,False
2025-07-21,41.92,42.79,41.83,42.79,27708.35,2.0753816793892987,5.778140395693768,,,,,,,,,,,,,,,,,,,,35.60333333333333,,0.6666666666666666,0.4,6.148381930505956,,0,0,,0,0,0,0,0,,,,True,False,False,False,False
2025-07-22,42.85,43.41,42.13,42.83,23332.84,0.09347978499649745,4.865696634778302,,,,,,,,,,,,,,,,,,,,35.76441666666666,,0.5384615384615384,0.4,6.062576232307171,,0,0,,0,0,0,0,0,,,,False,False,False,False,False
2025-07-23,42.47,42.48,41.93,41.93,22045.03,-2.101330842867144,4.59714412324375,,,,,,,,,,,,,,,,,,,,35.92333333333333,,0.42857142857142855,0.35,5.995444151917211,,0,0,,0,0,0,0,0,,,,False,False,False,False,False
2025-07-24,42.79,43.82,42.56,42.65,30153.36,1.717147626997373,6.288008758439122,,,,,,,,,,,,,,,,,,,,36.09466666666666,,0.42857142857142855,0.4,5.913895576466908,,0,0,,0,0,0,0,0,,,,False,False,False,False,False
2025-07-25,42.53,43.43,42.53,43.15,17667.99,1.172332942555676,3.6843813049031624,,,,,,,,,,,,,,,,,,,,36.272000000000006,,0.5384615384615384,0.45,5.829295102051455,,0,0,,0,0,0,0,0,,,,True,False,False,False,False
2025-07-28,43.15,43.74,42.53,43.29,20917.91,0.32444959443800325,4.362100982717722,,,,,,,,,,,,,,,,,,,,36.44533333333334,,0.5384615384615384,0.45,5.712457419909809,,0,0,,0,0,0,0,0,,,,True,False,False,False,False
2025-07-29,43.73,44.16,42.66,42.83,17774.15,-1.0626010626010651,3.706519302452884,,,,,,,,,,,,,,,,,,,,36.61141666666666,,0.42857142857142855,0.45,5.686891327581264,,0,0,,0,0,0,0,0,,,,False,False,False,False,False
2025-07-30,43.16,43.16,42.06,42.17,20876.77,-1.5409759514358967,4.353521883064411,,,,,,,,,,,,,,,,,,,,36.77366666666667,,0.3333333333333333,0.4,5.348102598858275,,0,0,,0,0,0,0,0,,,,False,False,False,False,False
2025-07-31,42.11,42.49,41.44,41.63,14306.82,-1.2805311833056665,2.983462190131116,,,,,,,,,,,,,,,,,,,,36.92391666666667,,0.25,0.35,5.1766637645648155,,0,0,,0,0,0,0,0,,,,False,False,False,False,False
2025-08-01,41.84,42.68,40.84,42.33,15698.24,1.681479702137878,3.2736209368401847,,,,,,,,,,,,,,,,,,,,37.07508333333333,,0.3333333333333333,0.4,4.6415200062560285,,0,0,,0,0,0,0,0,,,,True,False,False,False,False
2025-08-04,42.3,43.11,41.98,43.03,16318.68,1.6536735175998185,3.403003936084248,,,,,,,,,,,,,,,,,,,,37.23041666666666,,0.42857142857142855,0.45,4.4329131715455,,0,0,,0,0,0,0,0,,,,True,False,False,False,False
2025-08-05,43.03,43.96,43.03,43.52,22770.48,1.1387404136648849,4.748425305633032,,,,,,,,,,,,,,,,,,,,37.38866666666666,,0.5384615384615384,0.45,4.403475536324062,,0,0,,0,0,0,0,0,,,,True,False,False,False,False
2025-08-06,43.31,45.4,43.31,44.48,34004.72,2.2058823529411686,7.091149284466804,,,,,,,,,,,,,,,,,,,,37.5535,,0.6666666666666666,0.5,4.541972108542085,,0,0,,0,0,0,0,0,,,,True,False,True,True,False
2025-08-07,44.47,44.72,43.69,43.98,25115.93,-1.124100719424459,5.237531996976253,,,,,,,,,,,,,,,,,,,,37.71875,,0.6666666666666666,0.5,4.5625190939186195,,0,0,,0,0,0,0,0,,,,False,False,False,False,False
2025-08-08,44.13,44.33,42.85,43.2,19967.56,-1.7735334242837464,4.163920444177984,,,,,,,,,,,,,,,,,,,,37.882083333333334,,0.6666666666666666,0.5,4.567823684279123,,0,0,,0,0,0,0,0,,,,False,False,False,False,False
2025-08-11,43.46,44.33,43.06,43.65,17860.67,1.0416666666666519,3.7245616870422023,,,,,,,,,,,,,,,,,,,,38.04858333333333,,0.6666666666666666,0.5,4.579568334071892,,0,0,,0,0,0,0,0,,,,True,False,False,False,False
2025-08-12,43.93,44.04,42.99,43.11,16482.19,-1.2371134020618513,3.4371013737194693,,,,,,,,,,,,,,,,,,,,38.21991666666666,,0.6666666666666666,0.5,4.475813987435811,,0,0,,0,0,0,0,0,,,,False,False,False,False,False
2025-08-13,43.45,43.46,42.53,42.73,19461.99,-0.8814660171653999,4.058491775929932,,,,,,,,,,,,,,,,,,,,38.382333333333335,,0.6666666666666666,0.5,4.489706331621615,,0,0,,0,0,0,0,0,,,,False,False,False,False,False
2025-08-14,42.74,43.19,41.94,42.2,23267.9,-1.24034636087057,4.852154419623074,,,,,,,,,,,,,,,,,,,,38.534083333333335,,0.6666666666666666,0.5,4.43000547402445,,0,0,,0,0,0,0,0,,,,False,False,False,False,False
2025-08-15,42.04,43.32,41.96,43.28,20614.66,2.5592417061611306,4.298862966921252,,,,,,,,,,,,,,,,,,,,38.68983333333333,,0.8181818181818182,0.55,4.445389985141934,,0,0,,0,0,0,0,0,,,,True,False,False,False,False
2025-08-18,43.56,44.82,42.93,44.43,36032.7,2.657116451016628,7.514052602768293,,,,,,,,,,,,,,,,,,,,38.85033333333333,,0.8181818181818182,0.55,4.53218559549566,,0,0,,0,0,0,0,0,,,,True,False,True,False,False
2025-08-19,44.78,50.87,44.78,47.82,78597.79,7.629979743416615,16.390332351484503,,,,,,,,,,,,,,,,,,,,39.044333333333334,,1.0,0.55,5.108417381330971,,0,0,,0,0,0,0,0,,,,True,False,True,True,True
2025-08-20,47.71,49.13,46.93,48.26,36207.2,0.9201171058134561,7.550441831973516,,,,,,,,,,,,,,,,,,,,39.242666666666665,,1.2222222222222223,0.6,5.256082266767459,,0,0,,0,0,0,0,0,,,,True,False,False,False,True
2025-08-21,48.47,49.63,46.66,47.15,30563.92,-2.30004144218815,6.373624586189819,,,,,,,,,,,,,,,,,,,,39.42183333333334,,1.2222222222222223,0.55,5.260363058154994,,0,0,,0,0,0,0,0,,,,False,False,False,False,False
2025-08-22,47.11,48.01,46.22,47.54,27453.7,0.8271474019088121,5.725037145165915,,,,,,,,,,,,,,,,,,,,39.61258333333333,,1.2222222222222223,0.55,5.362395850168131,,0,0,,0,0,0,0,0,,,,True,False,False,False,False
2025-08-25,47.47,48.75,46.42,46.79,30905.89,-1.5776188472864994,6.444937048718817,,,,,,,,,,,,,,,,,,,,39.79183333333334,29.40324,1.0,0.5,5.466537653468185,,0,0,,0,0,0,0,0,,,,False,False,False,False,False
2025-08-26,46.85,47.21,45.97,46.07,26137.81,-1.5387903398161984,5.450628991476162,,,,,,,,,,,,,,,,,,,,39.95683333333333,29.538400000000003,1.0,0.5,5.55374313791935,,0,0,,0,0,0,0,0,,,,False,False,False,False,False
2025-08-27,46.74,47.0,45.07,45.38,23379.02,-1.4977208595615354,4.875326747126137,,,,,,,,,,,,,,,,,,,,40.116083333333336,29.67088,1.0,0.5,5.579833381122436,,0,0,,0,0,0,0,0,,,,False,False,False,False,False
2025-08-28,45.28,45.7,43.97,44.52,21421.36,-1.8951079770824109,4.467087558324427,,,,,,,,,,,,,,,,,,,,40.27308333333333,29.801039999999997,1.0,0.5,5.654014649532101,,0,0,,0,0,0,0,0,,,,False,False,False,False,False
2025-08-29,44.72,47.29,44.53,46.23,31426.92,3.8409703504042936,6.553589656700466,,,,,,,,,,,,,,,,,,,,40.44191666666667,29.938560000000003,1.0,0.5,5.818013085525115,,0,0,,0,0,0,0,0,,,,True,False,False,False,False
2025-09-01,45.99,46.43,44.45,44.53,24201.76,-3.677265844689581,5.046896228136485,,,,,,,,,,,,,,,,,,,,40.59766666666667,30.069119999999998,0.8181818181818182,0.45,5.900207700127727,,0,0,,0,0,0,0,0,,,,False,False,False,False,False
2025-09-02,44.52,44.52,42.6,43.64,28951.69,-1.998652593757022,6.0374193884732685,,,,,,,,,,,,,,,,,,,,40.743833333333335,30.195880000000002,0.6666666666666666,0.4,5.964657404269739,,0,0,,0,0,0,0,0,,,,False,False,False,False,False
2025-09-03,43.74,44.04,42.46,42.63,12032.39,-2.314390467461036,2.5091656022730233,,,,,,,,,,,,,,,,,,,,40.86875,30.318720000000003,0.5384615384615384,0.35,5.7355582201600495,,0,0,,0,0,0,0,0,,,,False,False,False,False,False
2025-09-04,42.93,44.01,42.54,43.64,20860.57,2.369223551489563,4.350143627974871,,,,,,,,,,,,,,,,,,,,41.00566666666666,30.44488,0.6666666666666666,0.4,5.6911888017099805,,0,0,,0,0,0,0,0,,,,True,False,False,False,False
2025-09-05,43.21,44.82,42.83,44.13,24964.29,1.1228230980751652,5.205909861064046,,,,,,,,,,,,,,,,,,,,41.14,30.5728,0.8181818181818182,0.45,5.743288272554284,,0,0,,0,0,0,0,0,,,,True,False,False,False,False
2025-09-08,44.53,44.53,42.88,43.59,23108.46,-1.2236573759347391,4.818905716445533,,,,,,,,,,,,,,,,,,,,41.264916666666664,30.70032,0.6666666666666666,0.4,5.798005474024451,,0,0,,0,0,0,0,0,,,,False,False,False,False,False
2025-09-09,43.33,43.66,42.0,42.07,19099.1,-3.4870383115393477,3.982816776581602,,,,,,,,,,,,,,,,,,,,41.35983333333333,30.8216,0.6666666666666666,0.4,5.825291244167557,,0,0,,0,0,0,0,0,,,,False,False,False,False,False
2025-09-10,41.97,43.01,41.85,42.73,12920.75,1.5688138816258634,0.8922322638561601,,,,,,,,,,,,,,,,,,,,41.47283333333334,30.94564,0.8181818181818182,0.45,5.666978268563868,,0,0,,0,0,0,0,0,,,,True,False,False,False,False
2025-09-11,42.73,42.98,41.93,42.42,22027.69,-0.7254856073016458,1.521104867459064,,,,,,,,,,,,,,,,,,,,41.60233333333334,31.067760000000003,0.8181818181818182,0.45,5.500425790955668,,0,0,,0,0,0,0,0,,,,False,False,False,False,False
2025-09-12,42.35,42.82,41.85,41.93,15215.39,-1.1551155115511635,1.0506868304977945,,,,,,,,,,,,,,,,,,,,41.72541666666666,31.18904,0.6666666666666666,0.4,5.338016984134495,,0,0,,0,0,0,0,0,,,,False,False,False,False,False
2025-09-15,41.93,42.8,41.64,42.46,13727.26,1.264011447650848,0.9479251797567565,,,,,,,,,,,,,,,,,,,,41.84808333333333,31.31356,0.6666666666666666,0.4,5.009710612983918,,0,0,,0,0,0,0,0,,,,True,False,False,False,False
2025-09-16,42.2,42.55,41.85,41.99,13679.34,-1.1069241639189764,0.9446161017168605,,,,,,,,,,,,,,,,,,,,41.95725000000001,31.43708,0.5384615384615384,0.35,4.237424800495536,,0,0,,0,0,0,0,0,,,,False,False,False,False,False
2025-09-17,41.99,42.6,41.93,42.23,12146.44,0.571564658251944,0.8387628937169295,,,,,,,,,,,,,,,,,,,,42.07208333333333,31.56072,0.5384615384615384,0.35,3.9018408535827063,,0,0,,0,0,0,0,0,,,,True,False,False,False,False
2025-09-18,42.25,42.25,40.91,41.01,21530.92,-2.8889415107743233,1.4868008044816186,,,,,,,,,,,,,,,,,,,,42.16383333333333,31.680760000000003,0.5384615384615384,0.35,3.657499664497297,,0,0,,0,0,0,0,0,,,,False,False,False,False,False
2025-09-19,41.17,41.17,40.22,40.96,13139.42,-0.12192148256522373,0.9073323493107527,,,,,,,,,,,,,,,,,,,,42.26558333333333,31.80052,0.42857142857142855,0.3,3.4166144247045382,,0,0,,0,0,0,0,0,,,,False,False,False,False,False
2025-09-22,40.96,41.13,39.76,39.84,11950.34,-2.734374999999989,0.8252213619217788,,,,,,,,,,,,,,,,,,,,42.36958333333334,31.91572,0.42857142857142855,0.3,3.1356286403646867,,0,0,,0,0,0,0,0,,,,False,False,False,False,False
2025-09-23,40.14,40.14,38.5,38.65,15142.05,-2.9869477911646736,1.0456223942823109,,,,,,,,,,,,,,,,,,,,42.456583333333334,32.02596,0.42857142857142855,0.3,2.915378310504994,,0,0,,0,0,0,0,0,,,,False,False,False,False,False
2025-09-24,38.67,40.1,38.67,39.58,12732.89,2.4062095730918553,0.8792597388024274,,,,,,,,,,,,,,,,,,,,42.552249999999994,32.14,0.5384615384615384,0.35,2.7155749600888086,,0,0,,0,0,0,0,0,,,,True,False,False,False,False
2025-09-25,39.58,42.13,39.42,41.74,29433.1,5.457301667508863,2.032479650585666,,,,,,,,,,,,,,,,,,,,42.659666666666666,32.2622,0.6666666666666666,0.4,2.593844564701871,,0,0,,0,0,0,0,0,,,,True,False,False,False,False
2025-09-26,41.42,42.73,40.94,41.56,17942.46,-0.4312410158121671,1.239002511847114,,,,,,,,,,,,,,,,,,,,42.757333333333335,32.38436,0.6666666666666666,0.35,2.328115207459203,,0,0,,0,0,0,0,0,,,,True,False,False,False,False
2025-09-29,41.15,41.52,39.82,39.94,22821.2,-3.897978825794046,1.5759000785491708,,,,,,,,,,,,,,,,,,,,42.81975,32.49912,0.6666666666666666,0.35,2.1545653999798375,,0,0,,0,0,0,0,0,,,,False,False,False,False,False
2025-09-30,39.84,40.7,39.44,39.86,13812.81,-0.20030045067600533,0.9538327679519383,,,,,,,,,,,,,,,,,,,,42.84275,32.61376,0.8181818181818182,0.35,1.900386068953771,,0,0,,0,0,0,0,0,,,,True,False,False,False,False
2025-10-09,40.24,42.78,39.64,41.85,23006.96,4.99247365780231,1.5887275897489017,,,,,,,,,,,,,,,,,,,,42.88175,32.73604,1.0,0.4,1.854364168327565,,0,0,,0,0,0,0,0,,,,True,False,False,False,False
2025-10-10,41.73,42.73,41.45,42.47,17922.67,1.4814814814814836,1.2376359289086845,,,,,,,,,,,,,,,,,,,,42.92541666666667,32.85956,1.0,0.4,1.6987387833742555,,0,0,,0,0,0,0,0,,,,True,False,False,False,False
2025-10-13,42.83,43.33,42.06,42.94,22184.47,1.1066635271956615,1.5319311874735653,,,,,,,,,,,,,,,,,,,,42.97141666666666,32.98412,1.0,0.4,1.5150398496947315,,0,0,,0,0,0,0,0,,,,True,False,True,True,False
2025-10-14,42.87,43.51,42.23,43.1,20417.91,0.37261294829995517,1.4099427713183312,,,,,,,,,,,,,,,,,,,,43.035666666666664,33.108239999999995,1.2222222222222223,0.45,1.3445917024383713,,0,0,,0,0,0,0,0,,,,True,False,False,False,False
2025-10-15,43.23,43.33,41.94,42.43,21405.6,-1.5545243619489613,1.4781469301085015,,,,,,,,,,,,,,,,,,,,43.07450000000001,33.22564,1.2222222222222223,0.45,1.2193582101147162,,0,0,,0,0,0,0,0,,,,False,False,False,False,False
2025-10-16,42.03,42.81,40.98,41.14,15347.28,-3.0403016733443256,1.0597943910712897,,,,,,,,,,,,,,,,,,,,43.05308333333333,33.32836,1.0,0.4,1.2277363164754729,,0,0,,0,0,0,0,0,,,,False,False,False,False,False
2025-10-17,39.9,40.76,38.77,39.04,25755.34,-5.104521147301899,1.7785148164452615,,,,,,,,,,,,,,,,,,,,42.94883333333333,33.41048,1.0,0.4,1.2406068139247828,,0,0,,0,0,0,0,0,,,,False,False,False,False,False
2025-10-20,39.32,39.83,38.63,38.8,12187.35,-0.6147540983606592,0.8415879017013232,,,,,,,,,,,,,,,,,,,,42.8475,33.50392,1.0,0.4,1.2301518674849592,,0,0,,0,0,0,0,0,,,,False,False,False,False,False
2025-10-21,38.91,39.84,38.46,39.25,13853.89,1.1597938144330078,0.9566695151530845,,,,,,,,,,,,,,,,,,,,42.77891666666667,33.59992,1.0,0.4,1.2305890842547753,,0,0,,0,0,0,0,0,,,,True,False,False,False,False
2025-10-22,39.61,41.13,39.28,41.01,19772.68,4.484076433121009,1.3653869194050978,,,,,,,,,,,,,,,,,,,,42.75383333333333,33.70676,1.2222222222222223,0.45,1.2516276251391873,,0,0,,0,0,0,0,0,,,,True,False,False,False,False
2025-10-23,40.84,41.1,39.66,39.74,12111.64,-3.096805657156787,0.8363598069934657,,,,,,,,,,,,,,,,,,,,42.71725,33.80556,1.0,0.4,1.251507470803014,,0,0,,0,0,0,0,0,,,,False,False,False,False,False
2025-10-24,40.14,40.45,39.5,39.59,12906.28,-0.37745344740814923,0.8912330493478693,,,,,,,,,,,,,,,,,,,,42.70916666666667,33.90216,1.0,0.4,1.2217290830463268,,0,0,,0,0,0,0,0,,,,False,False,False,False,False
2025-10-27,39.84,40.4,39.35,39.69,13604.85,0.25258903763574203,0.9394722531527566,,,,,,,,,,,,,,,,,,,,42.70383333333334,33.99804,1.0,0.45,1.2233360782384268,,0,0,,0,0,0,0,0,,,,False,False,False,False,False
2025-10-28,39.72,39.73,38.75,38.76,16076.11,-2.3431594860166327,1.1101231754581316,,,,,,,,,,,,,,,,,,,,42.68725,34.088800000000006,1.0,0.45,1.2375811689152445,,0,0,,0,0,0,0,0,,,,False,False,False,False,False
2025-10-29,38.79,42.11,37.87,41.47,29153.84,6.991744066047478,2.0131955701720314,,,,,,,,,,,,,,,,,,,,42.68,34.185840000000006,1.2222222222222223,0.5,1.2859598277097306,,0,0,,0,0,0,0,0,,,,True,False,True,False,False
2025-10-30,41.08,42.33,40.49,40.66,33016.4,-1.95321919459851,2.2799216234646225,,,,,,,,,,,,,,,,,,,,42.65275,34.25904,1.0,0.45,1.3559929219428404,,0,0,,0,0,0,0,0,,,,False,False,False,False,False
2025-10-31,40.26,42.97,40.26,42.12,29307.7,3.590752582390566,2.0238202518752533,,,,,,,,,,,,,,,,,,,,42.62916666666667,34.34160000000001,1.0,0.45,1.3555599520073196,,0,0,,0,0,0,0,0,,,,True,False,False,False,False
2025-11-03,42.49,44.3,41.37,41.65,30513.21,-1.1158594491927798,2.1070658000362537,,,,,,,,,,,,,,,,,,,,42.606,34.41968,0.8181818181818182,0.45,1.3989631164167768,,0,0,,0,0,0,0,0,,,,False,False,False,False,False
2025-11-04,41.85,42.02,40.7,41.19,16640.19,-1.104441776710685,1.1490752777274258,,,,,,,,,,,,,,,,,,,,42.59408333333333,34.48968,0.8181818181818182,0.45,1.3776218763756893,,0,0,,0,0,0,0,0,,,,False,False,False,False,False
2025-11-05,40.86,42.23,40.85,41.98,14399.82,1.9179412478756985,0.9943682833985032,,,,,,,,,,,,,,,,,,,,42.584500000000006,34.53664,0.8181818181818182,0.5,1.3796486521480178,,0,0,,0,0,0,0,0,,,,True,False,False,False,False
2025-11-06,42.77,43.99,41.98,42.43,33190.5,1.0719390185802924,2.2919439625035607,,,,,,,,,,,,,,,,,,,,42.59891666666667,34.59536,0.6666666666666666,0.5,1.4148094707857506,,0,0,,0,0,0,0,0,,,,False,False,False,False,False
2025-11-07,42.01,42.61,41.46,41.64,15697.32,-1.8618901720480752,1.0839661289069582,,,,,,,,,,,,,,,,,,,,42.60116666666667,34.656400000000005,0.5384615384615384,0.45,1.4071259807856644,,0,0,,0,0,0,0,0,,,,False,False,False,False,False
2025-11-10,41.45,41.75,40.12,40.29,16420.94,-3.2420749279538974,1.1339351408274423,,,,,,,,,,,,,,,,,,,,42.58983333333333,34.717119999999994,0.42857142857142855,0.4,1.3872261784533582,,0,0,,0,0,0,0,0,,,,False,False,False,False,False
2025-11-11,40.29,40.69,39.88,40.04,10493.55,-0.6205013651029989,0.724623870316182,,,,,,,,,,,,,,,,,,,,42.58475,34.7782,0.3333333333333333,0.35,1.3529602334032507,,0,0,,0,0,0,0,0,,,,False,False,False,False,False
2025-11-12,39.94,40.38,39.34,39.53,10997.62,-1.2737262737262722,0.759432029071825,,,,,,,,,,,,,,,,,,,,42.57083333333333,34.84912,0.3333333333333333,0.35,1.3170244883514168,,0,0,,0,0,0,0,0,,,,False,False,False,False,False
2025-11-13,39.93,40.54,39.33,40.33,12571.04,2.0237794080445237,0.8680833139118349,,,,,,,,,,,,,,,,,,,,42.53216666666666,34.91984,0.42857142857142855,0.4,1.3074389344934443,,0,0,,0,0,0,0,0,,,,True,False,False,False,False
2025-11-14,39.97,40.32,39.5,39.5,9632.53,-2.0580213240763645,0.6651668090909876,,,,,,,,,,,,,,,,,,,,42.49941666666666,34.97892,0.42857142857142855,0.4,1.2517715341257305,,0,0,,0,0,0,0,0,,,,False,False,False,False,False
2025-11-17,39.86,40.24,39.54,40.03,9525.42,1.3417721518987458,0.6577704119947174,,,,,,,,,,,,,,,,,,,,42.497,35.0366,0.5384615384615384,0.45,1.2425806596404003,,0,0,,0,0,0,0,0,,,,True,False,False,False,False
2025-11-18,40.04,40.11,38.75,39.24,13479.86,-1.973519860104922,0.9285388782026209,,,,,,,,,,,,,,,,,,,,42.49758333333333,35.08836,0.42857142857142855,0.4,1.2411741277928772,,0,0,,0,0,0,0,0,,,,False,False,False,False,False
2025-11-19,39.09,39.53,38.37,38.5,8868.94,-1.885830784913356,0.6109229323187595,,,,,,,,,,,,,,,,,,,,42.48133333333333,35.137159999999994,0.3333333333333333,0.35,1.20345092843856,,0,0,,0,0,0,0,0,,,,False,False,False,False,False
2025-11-20,38.67,39.47,38.5,38.95,9838.82,1.1688311688311748,0.6777315851676139,,,,,,,,,,,,,,,,,,,,42.473,35.19188,0.42857142857142855,0.4,1.1955195173472675,,0,0,,0,0,0,0,0,,,,True,False,False,False,False
2025-11-21,38.56,38.66,37.25,37.25,11450.98,-4.364569961489096,0.7887826819804248,,,,,,,,,,,,,,,,,,,,42.45516666666666,35.24016,0.42857142857142855,0.4,1.1903969989788952,,0,0,,0,0,0,0,0,,,,False,False,False,False,False
2025-11-24,37.4,37.78,36.49,36.65,13296.49,-1.6107382550335614,0.9159077252013277,,,,,,,,,,,,,,,,,,,,42.426083333333324,35.285439999999994,0.42857142857142855,0.35,1.189218772581324,,0,0,,0,0,0,0,0,,,,False,False,False,False,False
2025-11-25,36.48,37.01,35.07,36.08,17569.13,-1.5552523874488466,1.2102217872586225,,,,,,,,,,,,,,,,,,,,42.37925,35.3296,0.42857142857142855,0.35,1.1942237031713483,,0,0,,0,0,0,0,0,,,,False,False,False,False,False
2025-11-26,36.08,36.84,35.86,36.52,12314.16,1.2195121951219745,0.8482414737547412,,,,,,,,,,,,,,,,,,,,42.33808333333333,35.37972,0.42857142857142855,0.35,1.1359759983504838,,0,0,,0,0,0,0,0,,,,True,False,False,False,False
2025-11-27,36.52,36.75,35.75,35.82,9005.36,-1.91675794085433,0.6203200086804133,,,,,,,,,,,,,,,,,,,,42.294999999999995,35.42536,0.42857142857142855,0.35,1.0529959176112735,,0,0,,0,0,0,0,0,,,,False,False,False,False,False
2025-11-28,36.17,36.18,35.74,36.04,8379.25,0.6141820212171911,0.5771914096421856,,,,,,,,,,,,,,,,,,,,42.25708333333333,35.475,0.3333333333333333,0.35,0.9806644754996201,,0,0,,0,0,0,0,0,,,,False,False,False,False,False
2025-12-01,36.34,36.84,35.91,36.3,10896.65,0.7214206437291759,0.7505985349377954,,,,,,,,,,,,,,,,,,,,42.222166666666666,35.519800000000004,0.3333333333333333,0.4,0.912841112244697,,0,0,,0,0,0,0,0,,,,False,False,False,False,False
2025-12-02,36.66,36.76,35.91,36.24,8625.56,-0.165289256198331,0.5941580851929767,,,,,,,,,,,,,,,,,,,,42.181416666666664,35.56292,0.3333333333333333,0.4,0.8850952526179746,,0,0,,0,0,0,0,0,,,,False,False,False,False,False
2025-12-03,36.16,36.36,35.66,35.76,7377.83,-1.324503311258285,0.5082101736790771,,,,,,,,,,,,,,,,,,,,42.144416666666665,35.60508,0.25,0.35,0.8607873471320033,,0,0,,0,0,0,0,0,,,,False,False,False,False,False
2025-12-04,35.89,35.89,34.91,35.14,7990.66,-1.733780760626391,0.550424000879724,,,,,,,,,,,,,,,,,,,,42.09858333333333,35.649159999999995,0.25,0.3,0.7737113490508116,,0,0,,0,0,0,0,0,,,,False,False,False,False,False
2025-12-05,35.49,35.96,34.99,35.78,7442.56,1.821286283437673,0.5126689975530679,,,,,,,,,,,,,,,,,,,,42.05491666666667,35.70024,0.3333333333333333,0.35,0.7451464924831169,,0,0,,0,0,0,0,0,,,,True,False,False,False,False
2025-12-08,35.95,36.84,35.66,36.62,11082.62,2.347680268306296,0.7634087848350007,,,,,,,,,,,,,,,,,,,,42.004666666666665,35.75372,0.42857142857142855,0.4,0.7266201746834949,,0,0,,0,0,0,0,0,,,,True,False,False,False,False
2025-12-09,36.62,36.85,35.94,36.12,8132.5,-1.365374112506823,0.5601944253859324,,,,,,,,,,,,,,,,,,,,41.92758333333333,35.80152,0.42857142857142855,0.4,0.7183987024369825,,0,0,,0,0,0,0,0,,,,False,False,False,False,False
2025-12-10,36.44,36.45,35.17,35.57,11441.82,-1.5227021040974398,0.7881517098394429,,,,,,,,,,,,,,,,,,,,41.85883333333334,35.845279999999995,0.42857142857142855,0.4,0.7198346864753633,,0,0,,0,0,0,0,0,,,,False,False,False,False,False
2025-12-11,35.92,37.98,34.91,36.85,27629.94,3.5985380938993616,1.9032448031660363,,,,,,,,,,,,,,,,,,,,41.81224999999999,35.8906,0.42857142857142855,0.4,0.7715927609380733,,0,0,,0,0,0,0,0,,,,True,False,False,False,False
2025-12-12,36.87,37.5,35.74,36.73,24788.51,-0.32564450474898976,1.7075173828003003,,,,,,,,,,,,,,,,,,,,41.76833333333333,35.93476,0.42857142857142855,0.4,0.823710289623539,,0,0,,0,0,0,0,0,,,,False,False,False,False,False
2025-12-15,36.56,37.76,35.86,37.6,22080.16,2.368635992376822,1.5209569681683923,,,,,,,,,,,,,,,,,,,,41.73491666666666,35.9892,0.42857142857142855,0.4,0.8668696174322228,,0,0,,0,0,0,0,0,,,,True,False,False,False,False
2025-12-16,38.16,38.79,37.4,37.6,21748.94,0.0,1.498141401297648,,,,,,,,,,,,,,,,,,,,41.68833333333334,36.04324,0.42857142857142855,0.4,0.8953497435869743,,0,0,,0,0,0,0,0,,,,False,False,False,False,False
2025-12-17,37.23,37.33,36.54,37.11,14052.19,-1.3031914893617103,0.9679629268323328,,,,,,,,,,,,,,,,,,,,41.62658333333333,36.09596,0.42857142857142855,0.4,0.9132017433126528,,0,0,,0,0,0,0,0,,,,False,False,False,False,False
2025-12-18,36.75,37.75,36.75,37.18,11639.99,0.18862840204796338,0.801802337479004,,,,,,,,,,,,,,,,,,,,41.56191666666667,36.15428,0.42857142857142855,0.4,0.9194052809282223,,0,0,,0,0,0,0,0,,,,True,False,False,False,False
2025-12-19,37.23,37.58,36.95,37.2,11399.98,0.05379236148468358,0.7852696274836917,,,,,,,,,,,,,,,,,,,,41.50683333333333,36.21424,0.42857142857142855,0.45,0.9192296282033856,,0,0,,0,0,0,0,0,,,,False,False,False,False,False
2025-12-22,37.24,37.34,36.41,36.73,10655.78,-1.2634408602150704,0.7340065851999892,,,,,,,,,,,,,,,,,,,,41.45308333333333,36.27272,0.42857142857142855,0.45,0.9101345712033189,,0,0,,0,0,0,0,0,,,,False,False,False,False,False
2025-12-23,36.58,36.71,35.89,36.06,11352.81,-1.8241219711407464,0.7820203964913209,,,,,,,,,,,,,,,,,,,,41.38041666666666,36.32936,0.42857142857142855,0.45,0.8887245016649535,,0,0,,0,0,0,0,0,,,,False,False,False,False,False
2025-12-24,36.31,38.55,35.79,38.25,31899.5,6.073211314475868,2.1973467042850974,,,,,,,,,,,,,,,,,,,,41.32783333333334,36.39396000000001,0.42857142857142855,0.45,0.9561797631914715,,0,0,,0,0,0,0,0,,,,True,False,True,False,False
2025-12-25,37.87,41.39,37.37,39.64,53214.04,3.633986928104571,3.6655651472811592,,,,,,,,,,,,,,,,,,,,41.26883333333333,36.46784,0.5384615384615384,0.5,1.1084420201215088,,0,0,,0,0,0,0,0,,,,True,False,True,True,False
2025-12-26,38.47,39.52,38.35,38.63,31139.91,-2.5479313824419703,2.145023546144439,,,,,,,,,,,,,,,,,,,,41.20058333333334,36.54268,0.6666666666666666,0.45,1.1868336269466213,,0,0,,0,0,0,0,0,,,,True,False,False,False,False
2025-12-29,38.25,40.59,37.75,39.53,34302.23,2.329795495728715,2.362854967636778,,,,,,,,,,,,,,,,,,,,41.144416666666665,36.620760000000004,0.8181818181818182,0.45,1.2674464485815704,,0,0,,0,0,0,0,0,,,,True,False,False,False,False
2025-12-30,39.92,40.26,38.73,38.95,19390.96,-1.4672400708322764,1.3357156710582971,,,,,,,,,,,,,,,,,,,,41.09408333333333,36.69628000000001,0.8181818181818182,0.45,1.3045243278748366,,0,0,,0,0,0,0,0,,,,False,False,False,False,False
2025-12-31,39.25,41.31,38.15,40.76,39531.58,4.64698331193838,2.723070487881712,,,,,,,,,,,,,,,,,,,,41.0565,36.77872,1.0,0.5,1.4152673435849683,,0,0,,0,0,0,0,0,,,,True,False,False,False,False
2026-01-05,41.48,46.39,41.48,44.32,72837.86,8.734052993130526,5.017321011871011,,,,,,,,,,,,,,,,,,,,41.05441666666666,36.87912,1.2222222222222223,0.55,1.6386121941345326,,0,0,,0,0,0,0,0,,,,True,False,True,True,True
2026-01-06,44.27,45.81,43.23,43.35,41255.18,-2.188628158844763,2.841797953186992,,,,,,,,,,,,,,,,,,,,41.04708333333333,36.974399999999996,1.0,0.5,1.7550686419162287,,0,0,,0,0,0,0,0,,,,False,False,False,False,False
2026-01-07,42.94,44.93,42.9,44.02,27658.66,1.5455594002306894,1.9052231350316478,,,,,,,,,,,,,,,,,,,,41.046166666666664,37.07492,1.0,0.5,1.812159359426061,,0,0,,0,0,0,0,0,,,,True,False,False,False,False
2026-01-08,43.68,46.7,43.25,44.92,34093.66,2.0445252158109994,2.348487952413569,,,,,,,,,,,,,,,,,,,,41.045833333333334,37.17888,1.2222222222222223,0.55,1.9015740357774429,,0,0,,0,0,0,0,0,,,,True,False,False,False,True
2026-01-09,45.82,48.67,44.53,47.13,55660.16,4.9198575244879805,3.8340622622919227,,,,,,,,,,,,,,,,,,,,41.07575,37.28876,1.5,0.6,2.053869563400067,,0,0,,0,0,0,0,0,,,,True,False,True,True,True
2026-01-12,47.86,48.54,45.02,47.03,54730.26,-0.21217907914280465,3.7700075686348216,,,,,,,,,,,,,,,,,,,,41.10941666666667,37.400400000000005,1.2222222222222223,0.55,2.1472077016735063,,0,0,,0,0,0,0,0,,,,False,False,False,False,False
2026-01-13,46.85,52.69,45.82,50.54,72044.59,7.463321284286617,4.962677860094079,,,,,,,,,,,,,,,,,,,,41.178333333333335,37.52564,1.5,0.6,2.3099657255381953,,0,0,,0,0,0,0,0,,,,True,False,True,True,True
2026-01-14,48.81,59.07,48.81,57.19,85736.65,13.157894736842103,5.90583380033997,,,,,,,,,,,,,,,,,,,,41.30558333333333,37.67356,1.5,0.6,2.5292095671467743,,0,0,,0,0,0,0,0,,,,True,False,True,True,True
2026-01-15,56.78,59.86,52.54,52.79,62519.44,-7.693652736492396,4.306552937749804,,,,,,,,,,,,,,,,,,,,41.38891666666667,37.80348,1.5,0.6,2.669630143969382,,0,0,,0,0,0,0,0,,,,False,False,False,False,False
2026-01-16,53.07,55.7,52.19,54.29,47271.07,2.84144724379618,3.256193039782132,,,,,,,,,,,,,,,,,,,,41.48441666666667,37.94404,1.8571428571428572,0.65,2.7840416496168716,,0,0,,0,0,0,0,0,,,,True,False,False,False,False
2026-01-19,53.75,58.76,52.29,57.84,56298.98,6.538957450727589,3.8780663696174735,,,,,,,,,,,,,,,,,,,,41.617,38.09748,1.8571428571428572,0.65,2.937854851223795,,0,0,,0,0,0,0,0,,,,True,False,False,False,True
2026-01-20,57.57,59.07,55.23,56.28,28039.34,-2.697095435684649,1.9314456759300083,,,,,,,,,,,,,,,,,,,,41.730583333333335,38.24228,1.8571428571428572,0.6,2.9951636536461113,,0,0,,0,0,0,0,0,,,,False,False,False,False,False
2026-01-21,55.87,56.28,52.81,52.84,33085.64,-6.112295664534462,2.27905208586853,,,,,,,,,,,,,,,,,,,,41.81133333333333,38.37132,1.8571428571428572,0.6,3.072415928679538,,0,0,,0,0,0,0,0,,,,False,False,False,False,False
2026-01-22,52.26,56.58,51.8,56.58,37710.4,7.0779712339136935,2.597621378306015,,,,,,,,,,,,,,,,,,,,41.92208333333333,38.51704,2.3333333333333335,0.65,3.1631959777702727,,0,0,,0,0,0,0,0,,,,True,False,False,False,False
2026-01-23,57.27,67.31,57.27,62.85,69993.02,11.081654294803833,4.821358699037944,,,,,,,,,,,,,,,,,,,,42.08891666666667,38.68648,2.3333333333333335,0.65,3.294396577507915,,0,0,,0,0,0,0,0,,,,True,False,True,True,True
2026-01-26,62.22,62.75,58.77,60.39,43869.27,-3.9140811455847246,3.021865416507879,,,,,,,,,,,,,,,,,,,,42.24075,38.83432,1.8571428571428572,0.6,3.262211590969251,,0,0,,0,0,0,0,0,,,,False,False,False,False,False
2026-01-27,60.06,62.3,58.57,59.48,26324.68,-1.5068719986752854,1.8133340284129786,,,,,,,,,,,,,,,,,,,,42.3895,38.98184,1.5,0.6,3.245627115082678,,0,0,,0,0,0,0,0,,,,False,False,False,False,False
2026-01-28,58.97,59.28,55.66,58.35,31352.04,-1.8997982515131073,2.159635786348204,,,,,,,,,,,,,,,,,,,,42.522999999999996,39.12396,1.2222222222222223,0.55,3.235466156018249,,0,0,,0,0,0,0,0,,,,False,False,False,False,False
2026-01-29,58.65,58.9,55.31,55.36,22844.96,-5.124250214224513,1.5736390089350891,,,,,,,,,,,,,,,,,,,,42.625750000000004,39.25332,1.2222222222222223,0.55,3.247362322912089,,0,0,,0,0,0,0,0,,,,False,False,False,False,False
2026-01-30,54.81,60.02,53.79,59.04,40278.63,6.647398843930641,2.7745298479167024,,,,,,,,,,,,,,,,,,,,42.75508333333333,39.39548,1.2222222222222223,0.55,3.2499352909138386,,0,0,,0,0,0,0,0,,,,True,False,False,False,False
2026-02-02,59.26,60.56,56.72,57.27,23710.66,-2.99796747967479,1.6332713869315971,,,,,,,,,,,,,,,,,,,,42.861666666666665,39.53312,1.0,0.5,3.080732809666868,,0,0,,0,0,0,0,0,,,,False,False,False,False,False
2026-02-03,57.84,60.56,55.41,59.88,29943.97,4.557359874279721,2.062643107030261,,,,,,,,,,,,,,,,,,,,42.994166666666665,39.68428000000001,1.2222222222222223,0.55,3.0417750673590316,,0,0,,0,0,0,0,0,,,,True,False,False,False,False
2026-02-04,59.29,60.14,57.35,57.78,18055.36,-3.50701402805611,1.2437149732967907,,,,,,,,,,,,,,,,,,,,43.11566666666667,39.82792,1.0,0.5,3.0086996592722888,,0,0,,0,0,0,0,0,,,,False,False,False,False,False
2026-02-05,58.36,59.28,56.14,56.29,16056.88,-2.5787469712703404,1.1060528330883332,,,,,,,,,,,,,,,,,,,,43.221000000000004,39.96312,0.8181818181818182,0.45,2.946577903306027,,0,0,,0,0,0,0,0,,,,False,False,False,False,False
2026-02-06,55.73,58.97,55.19,57.36,16169.08,1.9008704920945085,1.1137815529811463,,,,,,,,,,,,,,,,,,,,43.33975,40.10096,0.8181818181818182,0.45,2.810563867840488,,0,0,,0,0,0,0,0,,,,True,False,False,False,False
2026-02-09,57.06,58.08,54.23,54.79,26186.42,-4.480474198047424,1.8038102065557564,,,,,,,,,,,,,,,,,,,,43.44025,40.22932,0.8181818181818182,0.45,2.712253999736535,,0,0,,0,0,0,0,0,,,,False,False,False,False,False
2026-02-10,55.35,55.35,53.0,54.19,18876.45,-1.0950903449534644,1.3002744618599797,,,,,,,,,,,,,,,,,,,,43.540166666666664,40.35168,0.6666666666666666,0.4,2.52913382982483,,0,0,,0,0,0,0,0,,,,False,False,False,False,False
2026-02-11,54.19,61.26,52.87,58.76,42434.98,8.433290274958471,2.923066613878086,,,,,,,,,,,,,,,,,,,,43.66916666666667,40.48996,0.6666666666666666,0.4,2.3799954705017354,,0,0,,0,0,0,0,0,,,,True,False,False,False,False
2026-02-12,58.46,61.22,56.9,57.16,22760.72,-2.7229407760381186,1.5678362695075438,,,,,,,,,,,,,,,,,,,,43.77525,40.62104,0.6666666666666666,0.4,2.2430596370896225,,0,0,,0,0,0,0,0,,,,False,False,False,False,False
2026-02-13,57.48,59.75,56.53,56.78,16997.43,-0.6648005598320461,1.1708411351844588,,,,,,,,,,,,,,,,,,,,43.84991666666667,40.75004,0.5384615384615384,0.35,2.138792041859739,,0,0,,0,0,0,0,0,,,,False,False,False,False,False
2026-02-24,56.78,58.96,55.99,57.35,16411.87,1.003874603733701,1.1305057588882415,,,,,,,,,,,,,,,,,,,,43.925666666666665,40.88064,0.5384615384615384,0.35,2.0014140113232775,,0,0,,0,0,0,0,0,,,,True,False,False,False,False
2026-02-25,56.94,59.26,56.43,58.57,21677.72,2.127288578901476,1.4932355240180923,,,,,,,,,,,,,,,,,,,,44.020833333333336,41.01832,0.6666666666666666,0.4,1.9795035037276816,,0,0,,0,0,0,0,0,,,,True,False,False,False,False
2026-02-26,59.12,59.12,56.33,56.88,18962.31,-2.88543623015195,1.3061887924303623,,,,,,,,,,,,,,,,,,,,44.09866666666666,41.15144,0.6666666666666666,0.4,1.9308603390557733,,0,0,,0,0,0,0,0,,,,False,False,False,False,False
2026-02-27,56.88,57.25,54.82,55.22,15680.97,-2.9184247538677988,1.0801588661105497,,,,,,,,,,,,,,,,,,,,44.16891666666666,41.27764,0.5384615384615384,0.35,1.854987213446,,0,0,,0,0,0,0,0,,,,False,False,False,False,False
2026-03-02,54.37,56.76,52.41,53.49,23578.63,-3.132922854038389,1.6241767087903485,,,,,,,,,,,,,,,,,,,,44.23074999999999,41.4014,0.42857142857142855,0.3,1.6951281139336203,,0,0,,0,0,0,0,0,,,,False,False,False,False,False
2026-03-03,53.47,54.03,48.16,48.72,28057.45,-8.917554683118345,1.9326931546934558,,,,,,,,,,,,,,,,,,,,44.258583333333334,41.50332000000001,0.42857142857142855,0.3,1.640669500842899,,0,0,,0,0,0,0,0,,,,False,False,False,False,False
2026-03-04,48.24,52.13,48.11,50.14,19811.52,2.9146141215106836,1.36468528280626,,,,,,,,,,,,,,,,,,,,44.30541666666667,41.60792,0.5384615384615384,0.35,1.6182370635625627,,0,0,,0,0,0,0,0,,,,True,False,False,False,False
2026-03-05,50.64,50.98,48.19,48.91,20422.56,-2.4531312325488663,1.4067758086824136,,,,,,,,,,,,,,,,,,,,44.32775,41.7052,0.5384615384615384,0.35,1.5805940646792735,,0,0,,0,0,0,0,0,,,,False,False,False,False,False
2026-03-06,48.78,53.49,48.44,51.61,27401.38,5.52034348803927,1.8875008083469516,,,,,,,,,,,,,,,,,,,,44.38675,41.81096000000001,0.6666666666666666,0.4,1.5962871546498665,,0,0,,0,0,0,0,0,,,,True,False,False,False,False
2026-03-09,50.89,53.29,49.9,52.1,16555.54,0.9494284053477964,1.1404022400558034,,,,,,,,,,,,,,,,,,,,44.45725,41.9212,0.6666666666666666,0.4,1.5145807742568214,,0,0,,0,0,0,0,0,,,,True,False,False,False,False
2026-03-10,51.82,54.63,51.77,53.45,18205.41,2.5911708253358867,1.2540509306935517,,,,,,,,,,,,,,,,,,,,44.54741666666666,42.03716,0.8181818181818182,0.45,1.4956197514449192,,0,0,,0,0,0,0,0,,,,True,False,False,False,False
2026-03-11,53.43,54.1,52.74,52.98,7896.91,-0.8793264733395811,0.5439661801136703,,,,,,,,,,,,,,,,,,,,44.62525000000001,42.14648,0.6666666666666666,0.4,1.4196859050990898,,0,0,,0,0,0,0,0,,,,False,False,False,False,False
2026-03-12,54.76,56.66,52.15,53.67,17577.97,1.3023782559456576,1.210830716704723,,,,,,,,,,,,,,,,,,,,44.70475,42.26256,0.6666666666666666,0.45,1.4180416922694863,,0,0,,0,0,0,0,0,,,,False,False,False,False,False
2026-03-13,52.59,54.08,51.33,51.88,14295.78,-3.3351965716415077,0.9847422394766315,,,,,,,,,,,,,,,,,,,,44.77383333333333,42.36896,0.6666666666666666,0.45,1.4119761625889011,,0,0,,0,0,0,0,0,,,,False,False,False,False,False
2026-03-16,51.36,52.67,50.02,50.94,16550.7,-1.8118735543562137,1.1400688442957212,,,,,,,,,,,,,,,,,,,,44.847750000000005,42.46764,0.5384615384615384,0.4,1.41329052715463,,0,0,,0,0,0,0,0,,,,False,False,False,False,False
2026-03-17,51.19,52.28,48.81,48.81,15697.07,-4.181389870435803,1.0812678891967733,,,,,,,,,,,,,,,,,,,,44.89841666666666,42.5578,0.5384615384615384,0.4,1.377163411286681,,0,0,,0,0,0,0,0,,,,False,False,False,False,False
2026-03-18,48.81,49.78,48.32,49.13,15330.41,0.6556033599672162,1.056011093867907,,,,,,,,,,,,,,,,,,,,44.95433333333333,42.6516,0.6666666666666666,0.45,1.3649502428870772,,0,0,,0,0,0,0,0,,,,True,False,False,False,False
2026-03-19,49.13,49.49,45.93,46.58,17797.6,-5.190311418685134,1.225959582569772,,,,,,,,,,,,,,,,,,,,44.99308333333333,42.73404,0.5384615384615384,0.4,1.2800948913216614,,0,0,,0,0,0,0,0,,,,False,False,False,False,False
2026-03-20,46.6,48.18,45.08,45.08,15962.07,-3.2202662086732503,1.099521995895485,,,,,,,,,,,,,,,,,,,,45.014916666666664,42.811,0.5384615384615384,0.4,1.2566791776410586,,0,0,,0,0,0,0,0,,,,False,False,False,False,False
2026-03-23,44.82,46.28,44.06,44.34,13569.29,-1.6415261756876576,0.934699122587775,,,,,,,,,,,,,,,,,,,,45.034499999999994,42.88396,0.5384615384615384,0.4,1.2448720770112245,,0,0,,0,0,0,0,0,,,,False,False,False,False,False
2026-03-24,45.08,46.72,44.34,46.39,16280.33,4.623364907532701,1.12144483362353,,,,,,,,,,,,,,,,,,,,45.06916666666667,42.95896,0.5384615384615384,0.4,1.2444190307479888,,0,0,,0,0,0,0,0,,,,True,False,False,False,False
2026-03-25,46.39,48.49,46.03,47.31,19217.38,1.9831860314722949,1.3237588867535335,,,,,,,,,,,,,,,,,,,,45.12166666666666,43.03936,0.5384615384615384,0.4,1.235945198884761,,0,0,,0,0,0,0,0,,,,True,False,False,False,False
2026-03-26,48.31,49.51,45.92,46.42,21404.99,-1.8812090467131726,1.4744489484711503,,,,,,,,,,,,,,,,,,,,45.16716666666666,43.113,0.5384615384615384,0.4,1.2443582066868004,,0,0,,0,0,0,0,0,,,,False,False,False,False,False
2026-03-27,45.96,47.7,45.4,47.21,13277.75,1.701852649719937,0.9146168498823319,,,,,,,,,,,,,,,,,,,,45.228583333333326,43.18744,0.6666666666666666,0.45,1.2360811058753893,,0,0,,0,0,0,0,0,,,,True,False,False,False,False
2026-03-30,46.74,48.05,46.07,47.77,10498.85,1.186189366659618,0.7231967098632766,,,,,,,,,,,,,,,,,,,,45.30458333333333,43.2558,0.8181818181818182,0.5,1.1910321059290359,,0,0,,0,0,0,0,0,,,,True,False,False,False,False
2026-03-31,47.81,48.24,45.94,46.22,10192.75,-3.244714255809089,0.7021114945407271,,,,,,,,,,,,,,,,,,,,45.35991666666667,43.324,0.8181818181818182,0.5,1.1295030229213994,,0,0,,0,0,0,0,0,,,,False,False,False,False,False
2026-04-01,46.91,48.54,46.87,47.27,13591.84,2.271743833838169,0.9362524437427031,,,,,,,,,,,,,,,,,,,,45.406,43.405559999999994,0.8181818181818182,0.5,1.1080813809682215,,0,0,,0,0,0,0,0,,,,True,False,False,False,False
2026-04-02,47.73,47.96,45.45,46.02,11074.29,-2.644383329807487,0.7628349859338676,,,,,,,,,,,,,,,,,,,,45.44316666666667,43.481,0.8181818181818182,0.5,1.0758843398307942,,0,0,,0,0,0,0,0,,,,False,False,False,False,False
2026-04-03,45.81,46.43,44.09,44.2,11865.2,-3.9548022598870025,0.8173155728360486,,,,,,,,,,,,,,,,,,,,45.47866666666667,43.546839999999996,0.6666666666666666,0.45,1.0223750780552492,,0,0,,0,0,0,0,0,,,,False,False,False,False,False
2026-04-07,44.23,44.85,42.71,43.05,10837.7,-2.601809954751144,0.7465378572401008,,,,,,,,,,,,,,,,,,,,45.505250000000004,43.603480000000005,0.5384615384615384,0.4,1.0026818589144642,,0,0,,0,0,0,0,0,,,,False,False,False,False,False
2026-04-08,43.89,45.72,43.89,45.72,18078.65,6.202090592334497,1.245319268183632,,,,,,,,,,,,,,,,,,,,45.5375,43.67256,0.5384615384615384,0.4,1.0022452757889682,,0,0,,0,0,0,0,0,,,,True,False,False,False,False
2026-04-09,45.27,46.28,44.82,45.02,10194.82,-1.531058617672787,0.7022540832232416,,,,,,,,,,,,,,,,,,,,45.55875,43.732639999999996,0.5384615384615384,0.4,1.0101596709444465,,0,0,,0,0,0,0,0,,,,False,False,False,False,False
2026-04-10,45.47,46.91,45.23,45.88,11865.89,1.9102621057307756,0.8173631023968867,,,,,,,,,,,,,,,,,,,,45.58325000000001,43.801159999999996,0.6666666666666666,0.4,0.9904862902290548,,0,0,,0,0,0,0,0,,,,True,False,False,False,False
2026-04-13,45.42,47.97,44.92,47.71,20071.56,3.9886660854402844,1.3825977277343087,,,,,,,,,,,,,,,,,,,,45.62166666666667,43.882560000000005,0.8181818181818182,0.45,1.0103790646419386,,0,0,,0,0,0,0,0,,,,True,False,True,False,False
2026-04-14,46.43,47.89,45.92,47.5,15379.2,-0.4401592957451239,1.059371916003115,,,,,,,,,,,,,,,,,,,,45.663916666666665,43.959720000000004,1.0,0.45,1.0063442182273081,,0,0,,0,0,0,0,0,,,,True,False,False,False,False
2026-04-15,47.91,48.34,46.27,46.71,12060.99,-1.6631578947368442,0.8308022579324288,,,,,,,,,,,,,,,,,,,,45.71033333333334,44.03415999999999,1.0,0.45,0.993820936664091,,0,0,,0,0,0,0,0,,,,False,False,False,False,False
2026-04-16,47.16,47.16,45.86,46.19,10413.06,-1.1132519803040086,0.7172872011323993,,,,,,,,,,,,,,,,,,,,45.76991666666667,44.103519999999996,0.8181818181818182,0.4,0.9768847420273156,,0,0,,0,0,0,0,0,,,,False,False,False,False,False
2026-04-17,45.73,49.74,45.73,49.53,25019.53,7.231002381467855,1.7234308308362862,,,,,,,,,,,,,,,,,,,,45.85933333333333,44.182280000000006,1.0,0.45,1.0017583044406415,,0,0,,0,0,0,0,0,,,,True,False,True,True,False
2026-04-20,49.8,51.3,48.34,48.74,26914.31,-1.594992933575612,1.8539497602347195,,,,,,,,,,,,,,,,,,,,45.93841666666667,44.247440000000005,1.0,0.45,1.039479692657603,,0,0,,0,0,0,0,0,,,,False,False,False,False,False
2026-04-21,48.26,49.29,47.87,48.89,10908.52,0.30775543701271335,0.7514161811510547,,,,,,,,,,,,,,,,,,,,46.004083333333334,44.294599999999996,1.2222222222222223,0.5,1.030315545585767,,0,0,,0,0,0,0,0,,,,True,False,False,False,False
2026-04-22,48.89,50.36,48.54,49.51,17233.34,1.2681529965228089,1.1870914231516023,,,,,,,,,,,,,,,,,,,,46.0855,44.343959999999996,1.2222222222222223,0.5,1.0335978750621706,,0,0,,0,0,0,0,0,,,,True,False,False,False,False
2026-04-23,49.49,49.52,47.72,48.0,12270.4,-3.0498889113310446,0.8452271352297014,,,,,,,,,,,,,,,,,,,,46.15558333333333,44.38704,1.0,0.45,1.009671287485979,,0,0,,0,0,0,0,0,,,,False,False,False,False,False
2026-04-24,47.86,48.08,46.15,46.91,9750.35,-2.270833333333344,0.6716374688671044,,,,,,,,,,,,,,,,,,,,46.21574999999999,44.425,1.0,0.45,0.9695307135057767,,0,0,,0,0,0,0,0,,,,False,False,False,False,False
2026-04-27,46.71,51.09,46.0,50.73,27920.9,8.143253037731824,1.9232871234870066,,,,,,,,,,,,,,,,,,,,46.31550000000001,44.48636,1.0,0.45,1.0199642271860105,,0,0,,0,0,0,0,0,,,,True,False,False,False,False
2026-04-28,50.68,50.9,49.3,49.34,8804.52,-2.7399960575596127,0.606485462305435,,,,,,,,,,,,,,,,,,,,46.38108333333333,44.53264,0.8181818181818182,0.4,1.0141286648081185,,0,0,,0,0,0,0,0,,,,False,False,False,False,False
2026-04-29,49.68,50.28,48.94,49.18,7955.41,-0.32428050263478836,0.5479958602716878,,,,,,,,,,,,,,,,,,,,46.452083333333334,44.55452,0.8181818181818182,0.4,1.0064228830946664,,0,0,,0,0,0,0,0,,,,False,False,False,False,False
2026-04-30,49.09,49.82,48.5,48.6,8743.76,-1.1793411956079636,0.6023001056148172,,,,,,,,,,,,,,,,,,,,46.506083333333336,44.54272,0.6666666666666666,0.35,0.9897252661882721,,0,0,,0,0,0,0,0,,,,False,False,False,False,False
2026-05-06,48.79,50.19,48.68,49.1,14452.47,1.0288065843621297,0.9955355827921829,,,,,,,,,,,,,,,,,,,,46.56816666666666,44.53528000000001,0.8181818181818182,0.4,1.0013602960311878,,0,0,,0,0,0,0,0,,,,True,False,False,False,False
2026-05-07,50.0,51.75,49.36,50.9,20075.09,3.665987780040725,1.3828408862122201,,,,,,,,,,,,,,,,,,,,46.64908333333334,44.54896,1.0,0.45,1.0296365616999965,,0,0,,0,0,0,0,0,,,,True,False,False,False,False
2026-05-08,50.92,52.39,50.0,51.5,14037.17,1.1787819253438192,0.9669282978413342,,,,,,,,,,,,,,,,,,,,46.72841666666667,44.578880000000005,1.2222222222222223,0.5,1.0406560837300582,,0,0,,0,0,0,0,0,,,,True,False,False,False,False
2026-05-11,50.99,52.5,49.99,50.62,18311.89,-1.7087378640776696,1.2613856374153585,,,,,,,,,,,,,,,,,,,,46.79666666666667,44.604839999999996,1.0,0.45,1.0414594021916446,,0,0,,0,0,0,0,0,,,,False,False,False,False,False
2026-05-12,50.86,52.5,50.39,52.4,21131.05,3.5163966811536884,1.455579023984188,,,,,,,,,,,,,,,,,,,,46.88633333333333,44.65220000000001,1.2222222222222223,0.5,1.0791256492296917,,0,0,,0,0,0,0,0,,,,True,False,False,False,False
2026-05-13,51.88,55.48,51.88,53.97,23799.84,2.9961832061068616,1.6394144104613748,,,,,,,,,,,,,,,,,,,,47.00033333333333,44.70676,1.2222222222222223,0.5,1.1202282146329163,,0,0,,0,0,0,0,0,,,,True,False,True,True,True
2026-05-14,54.45,55.38,51.82,51.82,21311.06,-3.9836946451732413,1.4679787286892259,,,,,,,,,,,,,,,,,,,,47.098499999999994,44.75104,1.0,0.45,1.1244972646806621,,0,0,,0,0,0,0,0,,,,False,False,False,False,False
2026-05-15,51.5,52.32,48.48,49.2,28216.92,-5.055962948668458,1.94367799392079,,,,,,,,,,,,,,,,,,,,47.17908333333334,44.77848,0.8181818181818182,0.45,1.1687125685765458,,0,0,,0,0,0,0,0,,,,False,False,False,False,False
2026-05-18,48.71,48.94,47.2,47.89,16061.68,-2.66260162601627,1.1063834735115554,,,,,,,,,,,,,,,,,,,,47.24208333333333,44.79432,0.8181818181818182,0.45,1.1824916293555021,,0,0,,0,0,0,0,0,,,,False,False,False,False,False
2026-05-19,47.54,49.13,47.1,47.56,14984.22,-0.6890791396951257,1.032164342177239,,,,,,,,,,,,,,,,,,,,47.309250000000006,44.804759999999995,1.0,0.45,1.1982354864077442,,0,0,,0,0,0,0,0,,,,True,False,False,False,False
2026-05-20,47.15,48.05,46.9,47.56,11201.32,0.0,0.7715852469675933,,,,,,,,,,,,,,,,,,,,47.37199999999999,44.817280000000004,1.0,0.4,1.1506432072143096,,0,0,,0,0,0,0,0,,,,True,False,False,False,False
2026-05-21,47.66,50.5,47.66,47.86,22642.01,0.6307821698906535,1.559659118540736,,,,,,,,,,,,,,,,,,,,47.44383333333334,44.83824,1.2222222222222223,0.45,1.1359286751296103,,0,0,,0,0,0,0,0,,,,True,False,False,False,False
2026-05-22,47.8,49.8,47.39,49.24,19420.69,2.8834099456748863,1.337763575179628,,,,,,,,,,,,,,,,,,,,47.53333333333333,44.86268,1.2222222222222223,0.45,1.1652460448310389,,0,0,,0,0,0,0,0,,,,True,False,False,False,False
2026-05-25,48.94,52.22,48.75,49.97,23317.94,1.482534524776602,1.6062194896383215,,,,,,,,,,,,,,,,,,,,47.62516666666667,44.89976,1.2222222222222223,0.45,1.1862024481553752,,0,0,,0,0,0,0,0,,,,True,False,False,False,False
2026-05-26,52.2,52.8,47.18,47.8,23855.47,-4.342605563338009,1.6432463951996743,,,,,,,,,,,,,,,,,,,,47.71308333333333,44.92547999999999,1.2222222222222223,0.45,1.2261034111538736,,0,0,,0,0,0,0,0,,,,False,False,False,False,False
2026-05-27,48.26,48.27,43.27,44.4,30848.53,-7.1129707112970735,2.124952294786437,,,,,,,,,,,,,,,,,,,,47.77766666666667,44.936479999999996,1.2222222222222223,0.45,1.2987691524498404,,0,0,,0,0,0,0,0,,,,False,False,False,False,False
2026-05-28,44.84,46.34,43.29,45.2,20501.56,1.8018018018018056,1.4122175989812749,,,,,,,,,,,,,,,,,,,,47.85366666666666,44.95468,1.2222222222222223,0.45,1.2732156762245537,,0,0,,0,0,0,0,0,,,,True,False,False,False,False
2026-05-29,44.87,46.45,44.35,45.53,14506.5,0.7300884955752096,0.9992573540560749,,,,,,,,,,,,,,,,,,,,47.92875,44.972,1.5,0.5,1.2928542708120856,,0,0,,0,0,0,0,0,,,,True,False,False,False,False
2026-06-01,45.39,46.38,44.49,44.6,11000.65,-2.042609268614104,0.7577624107742709,,,,,,,,,,,,,,,,,,,,48.00191666666667,44.97051999999999,1.5,0.5,1.3033425983372147,,0,0,,0,0,0,0,0,,,,False,False,False,False,False
2026-06-02,45.04,46.37,43.53,45.99,14245.67,3.116591928251111,0.9812904912250373,,,,,,,,,,,,,,,,,,,,48.084833333333336,44.980760000000004,1.8571428571428572,0.55,1.3222921176177258,,0,0,,0,0,0,0,0,,,,True,False,False,False,False
2026-06-03,45.89,46.15,45.0,45.26,14036.32,-1.5873015873015928,0.9668697469330553,,,,,,,,,,,,,,,,,,,,48.1595,45.000519999999995,1.5,0.5,1.3208588258247695,,0,0,,0,0,0,0,0,,,,False,False,False,False,False
2026-06-04,45.87,45.96,44.18,45.3,14408.33,0.0883782589482962,0.992495068566971,,,,,,,,,,,,,,,,,,,,48.23500000000001,45.025040000000004,1.2222222222222223,0.5,1.301341534942507,,0,0,,0,0,0,0,0,,,,False,False,False,False,False
2026-06-05,45.71,52.9,45.5,49.96,51263.75,10.286975717439306,3.5312224991550067,,,,,,,,,,,,,,,,,,,,48.35333333333334,45.06307999999999,1.2222222222222223,0.5,1.4295562450081907,,0,0,,0,0,0,0,0,,,,True,False,True,False,False
2026-06-08,49.51,62.98,49.51,59.01,92294.47,18.114491593274607,6.357558879551083,,,,,,,,,,,,,,,,,,,,48.552249999999994,45.13932,1.5,0.55,1.6843649071149769,,0,0,,0,0,0,0,0,,,,True,False,True,True,True
2026-06-09,63.0,76.71,58.5,76.71,116898.32,29.994916115912538,8.052356249736349,,,,,,,,,,,,,,,,,,,,48.89333333333333,45.2886,1.5,0.55,2.0142037684025853,,0,0,,0,0,0,0,0,,,,True,False,True,True,True
2026-06-10,75.0,75.39,58.83,61.17,110562.99,-20.258114978490404,7.615957042975788,,,,,,,,,,,,,,,,,,,,49.09791666666667,45.37272,1.2222222222222223,0.5,2.3130309000283056,,0,0,,0,0,0,0,0,,,,False,False,False,False,False
2026-06-11,62.44,73.47,62.18,69.29,91816.15,13.274480954716372,6.324610561377016,,,,,,,,,,,,,,,,,,,,49.37433333333333,45.48308,1.5,0.55,2.555862491662695,,0,0,,0,0,0,0,0,,,,True,False,False,False,False
2026-06-12,69.6,69.8,62.79,63.99,65347.89,-7.649011401356621,4.501386251304411,,,,,,,,,,,,,,,,,,,,49.61116666666667,45.5732,1.5,0.55,2.6837479045318764,,0,0,,0,0,0,0,0,,,,False,False,False,False,False
2026-06-15,64.97,70.66,61.7,65.7,57225.06,2.672292545710264,3.9418579286044273,,,,,,,,,,,,,,,,,,,,49.85158333333334,45.67204,1.8571428571428572,0.6,2.82552162728652,,0,0,,0,0,0,0,0,,,,True,False,False,False,False
2026-06-16,65.05,69.49,62.41,63.34,53525.46,-3.59208523592085,3.6870168224061124,,,,,,,,,,,,,,,,,,,,50.07333333333334,45.763040000000004,1.5,0.6,2.9582642512979636,,0,0,,0,0,0,0,0,,,,False,False,False,False,False
2026-06-17,62.7,69.58,60.23,69.14,52200.8,9.15693084938427,3.5957697092758667,,,,,,,,,,,,,,,,,,,,50.33616666666667,45.87764,1.5,0.65,3.0994734744133767,,0,0,,0,0,0,0,0,,,,True,False,False,False,False
2026-06-18,67.68,68.88,64.68,66.67,40115.98,-3.5724616719699176,2.763325959408984,,,,,,,,,,,,,,,,,,,,50.57841666666666,45.979800000000004,1.2222222222222223,0.6,3.1596568164567893,,0,0,,0,0,0,0,0,,,,False,False,False,False,False
2026-06-22,67.02,68.66,61.1,62.99,39629.46,-5.51972401379931,2.729812797178579,,,,,,,,,,,,,,,,,,,,50.79408333333333,46.07096,1.0,0.55,3.229259277556737,,0,0,,0,0,0,0,0,,,,False,False,False,False,False
2026-06-23,63.3,64.88,60.11,61.03,29239.83,-3.1116050166693165,2.014139534612032,,,,,,,,,,,,,,,,,,,,50.99283333333334,46.15252,0.8181818181818182,0.5,3.2496552798054226,,0,0,,0,0,0,0,0,,,,False,False,False,False,False
2026-06-24,61.8,66.0,60.73,62.33,34676.17,2.1300999508438334,2.3886132342741973,,,,,,,,,,,,,,,,,,,,51.20225000000001,46.23776,1.0,0.55,3.2869236217591484,,0,0,,0,0,0,0,0,,,,True,False,False,False,False
2026-06-25,62.05,78.6,62.05,73.31,71358.26,17.61591528958768,4.915401101412846,,,,,,,,,,,,,,,,,,,,51.50708333333333,46.3604,1.2222222222222223,0.6,3.426446062090469,,0,0,,0,0,0,0,0,,,,True,False,True,False,False
2026-06-26,73.31,75.48,68.21,69.8,45725.33,-4.78788705497204,3.1497171798256547,,,,,,,,,,,,,,,,,,,,51.78825,46.45812,1.0,0.55,3.5133210411326887,,0,0,,0,0,0,0,0,,,,False,False,False,False,False
2026-06-29,69.42,69.7,63.01,64.54,31727.83,-7.535816618911162,2.185521487315407,,,,,,,,,,,,,,,,,,,,52.007333333333335,46.541,0.8181818181818182,0.5,3.572634247795654,,0,0,,0,0,0,0,0,,,,False,False,False,False,False
2026-06-30,65.16,69.68,64.08,68.95,31446.73,6.832971800433829,2.1661583575304717,,,,,,,,,,,,,,,,,,,,52.25158333333333,46.647040000000004,1.0,0.55,3.643054045133465,,0,0,,0,0,0,0,0,,,,True,False,False,False,False
2026-07-01,68.27,69.5,65.0,66.88,24939.9,-3.0021754894851482,1.7179456439818774,,,,,,,,,,,,,,,,,,,,52.486999999999995,46.746559999999995,0.8181818181818182,0.5,3.679886802771307,,0,0,,0,0,0,0,0,,,,False,False,False,False,False
2026-07-02,65.99,66.88,63.51,63.88,21376.13,-4.485645933014348,1.4724609729265286,,,,,,,,,,,,,,,,,,,,52.68991666666667,46.835640000000005,0.8181818181818182,0.5,3.7051663640709807,,0,0,,0,0,0,0,0,,,,False,False,False,False,False
2026-07-03,64.55,65.16,60.6,61.31,33419.1,-4.023168440826552,2.302021951603445,,,,,,,,,,,,,,,,,,,,52.876250000000006,46.908120000000004,0.8181818181818182,0.45,3.7706427082228045,,0,0,,0,0,0,0,0,,,,False,False,False,False,False
2026-07-06,61.92,61.93,57.31,57.57,27142.49,-6.100146794976357,1.8696675793536326,,,,,,,,,,,,,,,,,,,,53.016333333333336,46.96032,0.6666666666666666,0.4,3.6875649622327358,,0,0,,0,0,0,0,0,,,,False,False,False,False,False
2026-07-07,57.51,58.63,53.61,55.68,25504.55,-3.2829598749348654,1.756840667934434,,,,,,,,,,,,,,,,,,,,53.111000000000004,47.00328,0.5384615384615384,0.35,3.4575290516519024,,0,0,,0,0,0,0,0,,,,False,False,False,False,False
2026-07-08,55.45,56.79,51.6,51.89,19446.5,-6.806752873563216,1.339541456288661,,,,,,,,,,,,,,,,,,,,53.18216666666667,47.035599999999995,0.42857142857142855,0.3,3.1218883119795184,,0,0,,0,0,0,0,0,,,,False,False,False,False,False
2026-07-09,52.02,53.5,49.5,53.07,22985.76,2.2740412410869215,1.583337794682933,,,,,,,,,,,,,,,,,,,,53.257583333333336,47.07516,0.5384615384615384,0.35,2.8202573495648755,,0,0,,0,0,0,0,0,,,,True,False,False,False,False
2026-07-10,53.0,56.0,52.06,52.52,27519.42,-1.0363670623704468,1.895631807421351,,,,,,,,,,,,,,,,,,,,53.32091666666667,47.106120000000004,0.42857142857142855,0.3,2.5988084118670924,,0,0,,0,0,0,0,0,,,,False,False,False,False,False
2026-07-13,51.84,52.0,48.28,48.33,22478.43,-7.977913175932983,1.5483911684510183,,,,,,,,,,,,,,,,,,,,53.33091666666667,47.121199999999995,0.42857142857142855,0.3,2.451158657724423,,0,0,,0,0,0,0,0,,,,False,False,False,False,False
2026-07-14,48.17,51.08,48.16,49.9,18666.73,3.2484998965445877,1.2858282307020408,,,,,,,,,,,,,,,,,,,,53.35483333333333,47.133919999999996,0.42857142857142855,0.3,2.3183571728293035,,0,0,,0,0,0,0,0,,,,True,False,False,False,False
2026-07-15,50.39,51.12,49.11,49.26,10168.75,-1.2825651302605268,0.7004582924246173,,,,,,,,,,,,,,,,,,,,53.34416666666666,47.14368,0.42857142857142855,0.3,2.1690292463302288,,0,0,,0,0,0,0,0,,,,False,False,False,False,False
2026-07-16,49.03,51.4,48.87,49.63,14421.77,0.7511165245635443,0.9934208617519926,,,,,,,,,,,,,,,,,,,,53.281166666666664,47.157120000000006,0.42857142857142855,0.3,2.0389118039540355,,0,0,,0,0,0,0,0,,,,True,False,False,False,False
2026-07-17,50.0,51.3,48.18,50.25,16784.11,1.2492444086238175,1.1561469237091033,,,,,,,,,,,,,,,,,,,,53.26,47.178160000000005,0.5384615384615384,0.35,1.958552852169041,,0,0,,0,0,0,0,0,,,,True,False,False,False,False
2026-07-20,50.25,50.93,43.8,44.25,28630.89,-11.940298507462687,1.9721936639210378,,,,,,,,,,,,,,,,,,,,53.17633333333333,47.174080000000004,0.5384615384615384,0.35,1.9206718955061644,,0,0,,0,0,0,0,0,,,,False,False,False,False,False
2026-07-21,44.03,48.28,44.03,47.5,26084.57,7.344632768361592,1.7967944300755156,,,,,,,,,,,,,,,,,,,,53.09016666666666,47.1858,0.6666666666666666,0.4,1.9098046402793383,,0,0,,0,0,0,0,0,,,,True,False,False,False,False
2026-07-22,47.03,49.64,47.03,48.02,15350.77,1.0947368421052595,1.05741356032974,,,,,,,,,,,,,,,,,,,,53.02133333333334,47.20096,0.6666666666666666,0.4,1.8432446565821157,,0,0,,0,0,0,0,0,,,,True,False,False,False,False
2026-07-23,48.5,49.31,47.2,48.26,8958.32,0.49979175343606297,0.6170797325328382,,,,,,,,,,,,,,,,,,,,52.98316666666667,47.217479999999995,0.5384615384615384,0.4,1.628328588138115,,0,0,,0,0,0,0,0,,,,False,False,False,False,False
2026-07-24,47.78,48.36,46.6,46.78,6098.59,-3.0667219229175258,0.4200917455535682,,,,,,,,,,,,,,,,,,,,52.901500000000006,47.22476,0.5384615384615384,0.4,1.4918473164245107,,0,0,,0,0,0,0,0,,,,False,False,False,False,False
2026-07-27,47.24,48.88,46.85,48.6,9438.34,3.890551517742624,0.6501451525234628,,,,,,,,,,,,,,,,,,,,52.78274999999999,47.245,0.6666666666666666,0.45,1.4150784996849135,,0,0,,0,0,0,0,0,,,,True,False,False,False,False
2026-07-28,48.6,48.88,45.11,45.53,14870.6,-6.316872427983544,1.0243378078258898,,,,,,,,,,,,,,,,,,,,52.65891666666667,47.25516,0.5384615384615384,0.4,1.3579874721996843,,0,0,,0,0,0,0,0,,,,False,False,False,False,False
2026-07-29,45.81,46.7,44.59,45.16,12928.25,-0.8126509993411024,0.890542094066484,,,,,,,,,,,,,,,,,,,,52.53958333333333,47.26671999999999,0.5384615384615384,0.4,1.3166172947039148,,0,0,,0,0,0,0,0,,,,False,False,False,False,False
2026-07-30,44.76,45.56,41.67,42.22,20644.76,-6.510186005314433,1.4220817049407297,,,,,,,,,,,,,,,,,,,,52.40516666666667,47.26792,0.5384615384615384,0.4,1.3140983313046248,,0,0,,0,0,0,0,0,,,,False,False,False,False,False
2026-07-31,43.29,45.17,42.97,43.71,14991.28,3.5291331122690783,1.0326506591330613,,,,,,,,,,,,,,,,,,,,52.308083333333336,47.2716,0.6666666666666666,0.45,1.2506297666811057,,0,0,,0,0,0,0,0,,,,True,False,False,False,False
2026-08-03,43.77,45.68,43.53,44.84,9748.69,2.5852207732784294,0.6715231223874069,,,,,,,,,,,,,,,,,,,,52.18975,47.27964,0.8181818181818182,0.5,1.1907225438327944,,0,0,,0,0,0,0,0,,,,True,False,False,False,False
2026-08-04,44.85,46.3,44.47,45.91,9157.11,2.3862622658340715,0.630773067893732,,,,,,,,,,,,,,,,,,,,52.09508333333334,47.295559999999995,1.0,0.55,1.1344191638307592,,0,0,,0,0,0,0,0,,,,True,False,False,False,False
2026-08-05,46.3,48.36,45.16,47.6,16325.6,3.6811152254411006,1.1245631861150418,,,,,,,,,,,,,,,,,,,,51.99275,47.31536,1.2222222222222223,0.6,1.1236702503220781,,0,0,,0,0,0,0,0,,,,True,False,True,False,False
2026-08-06,47.67,47.9,46.23,46.88,11678.98,-1.5126050420168013,0.8044881020834673,,,,,,,,,,,,,,,,,,,,51.901916666666665,47.33028000000001,1.0,0.55,1.084727765692105,,0,0,,0,0,0,0,0,,,,False,False,False,False,False
2026-08-07,46.87,47.77,46.04,47.18,12094.24,0.639931740614319,0.8330926316974558,,,,,,,,,,,,,,,,,,,,51.826,47.345839999999995,1.2222222222222223,0.6,1.0316008069059102,,0,0,,0,0,0,0,0,,,,True,False,False,False,False
2026-08-10,47.33,47.65,45.9,46.05,10935.75,-2.395082662144987,0.7532918767186241,,,,,,,,,,,,,,,,,,,,51.731750000000005,47.35872,1.2222222222222223,0.6,0.9918458423192904,,0,0,,0,0,0,0,0,,,,False,False,False,False,False
2026-08-11,45.99,45.99,44.77,45.0,8222.64,-2.280130293159599,0.5664035770003546,,,,,,,,,,,,,,,,,,,,51.65016666666667,47.37004,1.0,0.55,0.9558746096342061,,0,0,,0,0,0,0,0,,,,False,False,False,False,False
2026-08-12,45.26,46.48,44.6,46.15,10221.9,2.5555555555555554,0.7041194462775854,,,,,,,,,,,,,,,,,,,,51.58316666666667,47.38812,1.2222222222222223,0.6,0.9560576673268546,,0,0,,0,0,0,0,0,,,,True,False,False,False,False
2026-08-13,46.38,46.38,44.0,44.09,14719.91,-4.463705308775722,1.0139577650393656,,,,,,,,,,,,,,,,,,,,51.46091666666667,47.395160000000004,1.0,0.55,0.9570845124912232,,0,0,,0,0,0,0,0,,,,False,False,False,False,False
2026-08-14,44.1,45.5,43.6,44.56,8356.88,1.0660013608527974,0.5756504875031283,,,,,,,,,,,,,,,,,,,,51.355916666666666,47.40128,1.0,0.55,0.9280596906809245,,0,0,,0,0,0,0,0,,,,True,False,False,False,False
2026-08-17,44.94,45.68,44.33,45.39,10808.68,1.8626570915619256,0.7445388603480382,,,,,,,,,,,,,,,,,,,,51.260999999999996,47.408759999999994,1.2222222222222223,0.6,0.8666769505022744,,0,0,,0,0,0,0,0,,,,True,False,False,False,False
2026-08-18,45.38,47.08,45.01,46.9,15441.4,3.3267239480061717,1.0636564648206992,,,,,,,,,,,,,,,,,,,,51.17391666666666,47.418440000000004,1.2222222222222223,0.6,0.8300200522395336,,0,0,,0,0,0,0,0,,,,True,False,True,False,False
2026-08-19,48.0,48.87,43.0,43.5,25878.97,-7.249466950959482,1.7826319986141759,,,,,,,,,,,,,,,,,,,,51.048333333333325,47.416520000000006,1.0,0.55,0.8662809741537554,,0,0,,0,0,0,0,0,,,,False,False,False,False,False
2026-08-20,43.16,45.5,42.51,44.7,13617.55,2.758620689655178,0.9380234365095855,,,,,,,,,,,,,,,,,,,,50.94683333333334,47.42252,1.2222222222222223,0.55,0.8823281593525929,,0,0,,0,0,0,0,0,,,,True,False,False,False,False
2026-08-21,43.67,43.67,41.91,42.87,14174.2,-4.09395973154364,0.9763673930901057,,,,,,,,,,,,,,,,,,,,50.84391666666667,47.4194,1.2222222222222223,0.55,0.9101419417294198,,0,0,,0,0,0,0,0,,,,False,False,False,False,False
2026-08-24,42.45,43.21,41.7,42.3,10963.43,-1.3296011196641033,0.7551985698258706,44.053999999999995,44.54600000000001,45.027,46.099666666666664,53.05333333333333,51.0664,48.64615,39.74620829342907,-1.9153447173285159,-2.010689815362652,16015.11,13240.556,34.42078648412814,21.64528562387197,31.379634128420314,2.1765886147752838,48.17127198502114,45.027,41.88272801497886,50.750666666666675,47.41616,1.0,0.5,0.9153946125945401,0.6845678862024676,0,0,-0.20268911786881127,0,0,1,0,0,0.06635430824829427,0.13966162458174614,34.42078648412814,False,False,False,False,False
2026-08-25,42.1,43.37,42.1,42.28,8516.3,-0.047281323877057524,0.5866318825593873,43.129999999999995,44.274,44.8645,45.845666666666666,53.01466666666667,51.027,48.654250000000005,39.70878353946231,-1.9585219696556422,-2.00025624622125,14630.09,13269.922,34.32263767919392,17.12661068555667,26.628626314132436,-1.877420571594861,48.227628086516354,44.8645,41.501371913483645,50.697,47.41436,1.2222222222222223,0.5,0.893509316331215,0.582108517445894,0,0,-0.20248484696058955,0,0,1,0,0,0.11575950521154345,0.14992379661052077,34.32263767919392,True,False,False,False,False
2026-08-26,42.15,45.54,42.15,44.54,22068.3,5.345316934720912,1.5201400107893481,43.338,44.113,44.8335,45.688333333333325,52.990500000000004,50.99969999999999,48.666349999999994,45.90700903597396,-1.7897460622805355,-1.9581542094331073,13867.956,14454.562,52.636127746899014,24.620901777353904,25.959384801872925,21.943935728315857,48.1965892753068,44.8335,41.4704107246932,50.650333333333336,47.423719999999996,1.5,0.55,0.9249892121673582,1.591315980523734,0,0,-0.15947198082675207,0,0,1,0,0,0.456364524403946,0.15002572965781383,52.636127746899014,True,True,False,False,False
2026-08-27,44.1,44.22,42.91,43.92,12846.34,-1.3920071845532012,0.8848998530110446,43.182,44.096000000000004,44.9185,45.498000000000005,52.96816666666666,50.978699999999996,48.677699999999994,44.553796609052156,-1.6865769489549578,-1.9038387573374773,13713.713999999998,14267.204999999998,48.21062445867026,26.734715550314043,26.21782838468663,27.768489881568875,48.08356772189947,44.9185,41.75343227810053,50.60875,47.42628,1.5,0.55,0.8981301195708739,0.9367513424882568,0,0,-0.1708227268579554,0,0,1,1,1,0.3422624588581054,0.14092490719411685,48.21062445867026,False,True,False,False,False
2026-08-28,43.83,44.76,43.41,43.6,10532.6,-0.7285974499089298,0.7255215253390559,43.327999999999996,44.0,44.913000000000004,45.27633333333333,52.93983333333334,50.9727,48.68975,43.83557794273395,-1.6120532624582253,-1.845481658361627,12985.394,14484.776999999998,45.82438033849727,26.656244583519452,26.363967117630907,27.240799515296544,48.087278865473046,44.913000000000004,41.73872113452696,50.542,47.422959999999996,1.2222222222222223,0.5,0.8827736628811736,0.8111113147587204,0,0,-0.17642355000487986,0,0,1,0,1,0.293181371951652,0.14135234188199594,45.82438033849727,False,True,False,False,False
2026-08-31,43.18,44.96,42.72,44.7,13231.57,2.5229357798165264,0.9114358134772509,43.808,43.931000000000004,44.906,45.291333333333334,52.85216666666667,50.989200000000004,48.70335,46.99849334239064,-1.447545493693454,-1.7658944254279925,13439.022,14727.066,55.01006325703252,31.71783111704645,28.148588450769424,38.85631644960051,48.08157388099908,44.906,41.73042611900092,50.480333333333334,47.41048,1.2222222222222223,0.5,0.8947692974356659,0.9845634600493993,0,0,-0.15424470141558366,0,0,1,0,1,0.46756491775666303,0.14143205277687088,55.01006325703252,True,True,False,False,False
2026-09-01,44.72,45.46,44.2,45.2,9956.6,1.118568232662187,0.6858446745524224,44.391999999999996,43.761,44.87050000000001,45.214666666666666,52.62199999999999,50.983999999999995,48.71719999999999,48.42038459856887,-1.2622753558442028,-1.6651706115112348,13727.082,14178.586000000001,58.818672923667414,51.5271651891421,35.941447363560314,82.69860084030569,48.01453344698954,44.87050000000001,41.726466553010475,50.41158333333333,47.39824,1.2222222222222223,0.5,0.8975228777686004,0.7253253094867503,0,0,-0.14104366994793038,0,0,1,0,0,0.5524008420323101,0.14013810619402642,58.818672923667414,True,True,False,False,False
2026-09-02,45.48,47.95,44.82,46.15,22832.38,2.101769911504414,1.5727724554925615,44.714,44.025999999999996,44.798,45.15233333333334,52.11266666666666,50.99530000000001,48.73975,51.104407198571906,-1.0269523093145168,-1.5375269510718914,13879.898000000001,13873.927000000001,65.48123385110861,58.08477679276138,43.322557173294,87.60921603169615,47.737220089894855,44.798,41.85877991010515,50.35466666666666,47.39424,1.2222222222222223,0.5,0.9199333412374763,1.6449962384449799,0,0,-0.11441875935473134,0,0,1,0,0,0.7299929843035952,0.13122104066676427,65.48123385110861,True,True,True,False,False
2026-09-03,46.05,46.6,45.09,46.15,10454.63,0.0,0.7201506849643444,45.160000000000004,44.17100000000001,44.7615,45.082,51.86233333333333,50.998000000000005,48.76905000000001,51.104407198571906,-0.8308792408446521,-1.3961974090264435,13401.556,13557.635,65.48123385110861,62.4565178618409,49.700544069476294,87.96846544657012,47.60854297196406,44.7615,41.91445702803593,50.29200000000001,47.38868,1.5,0.5,0.9157164703815202,0.780105683250512,0,0,-0.11014416371547753,0,0,1,0,0,0.7438494981763707,0.12720945330089764,65.48123385110861,True,True,False,False,False
2026-09-04,46.38,46.59,44.66,44.96,12842.82,-2.5785482123510284,0.8846573833673484,45.432,44.38,44.6505,45.02133333333334,51.45683333333333,50.9705,48.79365,47.51262635969394,-0.7627208055381232,-1.2695020883287795,13863.6,13424.497,50.688824307814976,57.933974870856886,52.44502100326982,68.911882606031,47.26405555356653,44.6505,42.03694444643347,50.23433333333334,47.38136,1.2222222222222223,0.45,0.9182947079650148,0.9263697740846533,0,0,-0.12625793140528785,0,0,1,0,0,0.5592105263608512,0.11706724688711335,50.688824307814976,False,False,False,False,False
